regime,seed,task,cc_gain,cc_mode,limb_condition,always_late_path_error,disrupted_late_path_error,retention_ratio
capacity,9101,straight,0.0,dropout,intact,0.6180160406307385,0.6180160406307385,1.0
capacity,9101,straight,0.0,dropout,L4 failure,2.2984508413244233,2.2984508413244233,1.0
capacity,9101,straight,0.0,dropout,L4 slip,1.0883668621862346,1.0883668621862346,1.0
capacity,9101,straight,0.0,intermittent,intact,0.6180160406307385,0.6180160406307385,1.0
capacity,9101,straight,0.0,intermittent,L4 failure,2.2984508413244233,2.2984508413244233,1.0
capacity,9101,straight,0.0,intermittent,L4 slip,1.0883668621862346,1.0883668621862346,1.0
capacity,9101,straight,0.0,delayed,intact,0.6180160406307385,0.6180160406307385,1.0
capacity,9101,straight,0.0,delayed,L4 failure,2.2984508413244233,2.2984508413244233,1.0
capacity,9101,straight,0.0,delayed,L4 slip,1.0883668621862346,1.0883668621862346,1.0
capacity,9101,straight,0.0,noisy,intact,0.6180160406307385,0.6180160406307385,1.0
capacity,9101,straight,0.0,noisy,L4 failure,2.2984508413244233,2.2984508413244233,1.0
capacity,9101,straight,0.0,noisy,L4 slip,1.0883668621862346,1.0883668621862346,1.0
capacity,9101,straight,0.0,stuck,intact,0.6180160406307385,0.6180160406307385,1.0
capacity,9101,straight,0.0,stuck,L4 failure,2.2984508413244233,2.2984508413244233,1.0
capacity,9101,straight,0.0,stuck,L4 slip,1.0883668621862346,1.0883668621862346,1.0
capacity,9101,straight,0.025,dropout,intact,0.5250708118223477,0.5550415512028308,0.9460027103997286
capacity,9101,straight,0.025,dropout,L4 failure,2.134684591867773,2.2212910460860655,0.9610107579684825
capacity,9101,straight,0.025,dropout,L4 slip,0.9651206821617603,1.0151511685375265,0.9507162204739985
capacity,9101,straight,0.025,intermittent,intact,0.5250708118223477,0.5856001247856085,0.8966371242058376
capacity,9101,straight,0.025,intermittent,L4 failure,2.134684591867773,2.243207762640746,0.9516214357937057
capacity,9101,straight,0.025,intermittent,L4 slip,0.9651206821617603,1.0460367010929648,0.9226451434766502
capacity,9101,straight,0.025,delayed,intact,0.5250708118223477,0.532111959182993,0.9867675453649711
capacity,9101,straight,0.025,delayed,L4 failure,2.134684591867773,2.151351557601854,0.9922527930522616
capacity,9101,straight,0.025,delayed,L4 slip,0.9651206821617603,0.975748313396797,0.9891082248474101
capacity,9101,straight,0.025,noisy,intact,0.5250708118223477,0.5181316282353154,1.0133927041100852
capacity,9101,straight,0.025,noisy,L4 failure,2.134684591867773,2.1291426379196254,1.0026029040278686
capacity,9101,straight,0.025,noisy,L4 slip,0.9651206821617603,0.9594180692879736,1.0059438247582921
capacity,9101,straight,0.025,stuck,intact,0.5250708118223477,0.5312634943998491,0.9883434818262884
capacity,9101,straight,0.025,stuck,L4 failure,2.134684591867773,2.1724955868170555,0.9825955941274525
capacity,9101,straight,0.025,stuck,L4 slip,0.9651206821617603,0.9807461454990098,0.9840677800173263
capacity,9101,straight,0.05,dropout,intact,0.44684972406260953,0.4979080199364768,0.8974543613891149
capacity,9101,straight,0.05,dropout,L4 failure,1.98480738300721,2.1501181138050938,0.9231155117774758
capacity,9101,straight,0.05,dropout,L4 slip,0.8589451282871472,0.9479742862471665,0.9060848387433933
capacity,9101,straight,0.05,intermittent,intact,0.44684972406260953,0.5548278730372311,0.805384418804468
capacity,9101,straight,0.05,intermittent,L4 failure,1.98480738300721,2.1894667069304967,0.9065254916754559
capacity,9101,straight,0.05,intermittent,L4 slip,0.8589451282871472,1.0056035965749341,0.8541587671451228
capacity,9101,straight,0.05,delayed,intact,0.44684972406260953,0.4579249815682376,0.9758142535318797
capacity,9101,straight,0.05,delayed,L4 failure,1.98480738300721,2.014902168970038,0.9850638971825556
capacity,9101,straight,0.05,delayed,L4 slip,0.8589451282871472,0.8764653018300239,0.9800104196865577
capacity,9101,straight,0.05,noisy,intact,0.44684972406260953,0.43458573609406353,1.028219950518329
capacity,9101,straight,0.05,noisy,L4 failure,1.98480738300721,1.9748354787864977,1.0050494860598918
capacity,9101,straight,0.05,noisy,L4 slip,0.8589451282871472,0.8489470351154429,1.0117770517572333
capacity,9101,straight,0.05,stuck,intact,0.44684972406260953,0.45550371262226347,0.9810012776628443
capacity,9101,straight,0.05,stuck,L4 failure,1.98480738300721,2.057401231109524,0.9647157554857857
capacity,9101,straight,0.05,stuck,L4 slip,0.8589451282871472,0.8847254774785845,0.9708606230433086
capacity,9101,straight,0.1,dropout,intact,0.3299987560722152,0.4002679928349517,0.8244445271153329
capacity,9101,straight,0.1,dropout,L4 failure,1.727705307494967,2.0242825825557307,0.853490180858878
capacity,9101,straight,0.1,dropout,L4 slip,0.6913500252368308,0.8304011120685676,0.8325494934786947
capacity,9101,straight,0.1,intermittent,intact,0.3299987560722152,0.4980459054265912,0.6625870275744188
capacity,9101,straight,0.1,intermittent,L4 failure,1.727705307494967,2.086505895158429,0.8280375873866304
capacity,9101,straight,0.1,intermittent,L4 slip,0.6913500252368308,0.9302137411873177,0.7432163110753416
capacity,9101,straight,0.1,delayed,intact,0.3299987560722152,0.3424931256045153,0.9635193567454909
capacity,9101,straight,0.1,delayed,L4 failure,1.727705307494967,1.7752317368680288,0.9732280420713351
capacity,9101,straight,0.1,delayed,L4 slip,0.6913500252368308,0.7142209993690353,0.967977734969415
capacity,9101,straight,0.1,noisy,intact,0.3299987560722152,0.31215443616332034,1.0571650370509507
capacity,9101,straight,0.1,noisy,L4 failure,1.727705307494967,1.7109930703890073,1.0097675656290999
capacity,9101,straight,0.1,noisy,L4 slip,0.6913500252368308,0.6767941691265394,1.0215070648866211
capacity,9101,straight,0.1,stuck,intact,0.3299987560722152,0.33599002082580737,0.9821683253006543
capacity,9101,straight,0.1,stuck,L4 failure,1.727705307494967,1.8573262993187591,0.9302109748452196
capacity,9101,straight,0.1,stuck,L4 slip,0.6913500252368308,0.7247539747119669,0.9539099464912744
capacity,9101,straight,0.2,dropout,intact,0.22578932701473514,0.2666366045699897,0.8468054391064205
capacity,9101,straight,0.2,dropout,L4 failure,1.375449325722824,1.8290633873175566,0.7519965329031117
capacity,9101,straight,0.2,dropout,L4 slip,0.4941104753605977,0.6535159570060595,0.7560801998229039
capacity,9101,straight,0.2,intermittent,intact,0.22578932701473514,0.4024909235749359,0.5609799222533216
capacity,9101,straight,0.2,intermittent,L4 failure,1.375449325722824,1.8985864558145695,0.7244596744648646
capacity,9101,straight,0.2,intermittent,L4 slip,0.4941104753605977,0.7998575284645115,0.6177481086027193
capacity,9101,straight,0.2,delayed,intact,0.22578932701473514,0.2312327128352672,0.9764592744954301
capacity,9101,straight,0.2,delayed,L4 failure,1.375449325722824,1.4272965245701064,0.9636745427773682
capacity,9101,straight,0.2,delayed,L4 slip,0.4941104753605977,0.5100176078021061,0.9688106210488313
capacity,9101,straight,0.2,noisy,intact,0.22578932701473514,0.2139102431825426,1.0555330294400882
capacity,9101,straight,0.2,noisy,L4 failure,1.375449325722824,1.3588863232201966,1.012188659359951
capacity,9101,straight,0.2,noisy,L4 slip,0.4941104753605977,0.4829046217833913,1.0232051073270383
capacity,9101,straight,0.2,stuck,intact,0.22578932701473514,0.22751689226896143,0.9924068703778529
capacity,9101,straight,0.2,stuck,L4 failure,1.375449325722824,1.559325929425404,0.8820794291733886
capacity,9101,straight,0.2,stuck,L4 slip,0.4941104753605977,0.5150688603725287,0.9593095474714338
capacity,9101,straight,0.4,dropout,intact,0.2076953479947663,0.19882496381993917,1.0446140364087297
capacity,9101,straight,0.4,dropout,L4 failure,1.0651131659682402,1.5991379833982935,0.6660545725421338
capacity,9101,straight,0.4,dropout,L4 slip,0.3803376847589416,0.46802467624512883,0.812644512272979
capacity,9101,straight,0.4,intermittent,intact,0.2076953479947663,0.276946958593299,0.7499463039771822
capacity,9101,straight,0.4,intermittent,L4 failure,1.0651131659682402,1.5947242137969706,0.6678980332481759
capacity,9101,straight,0.4,intermittent,L4 slip,0.3803376847589416,0.6096806360785169,0.623831006353235
capacity,9101,straight,0.4,delayed,intact,0.2076953479947663,0.21693148775773477,0.9574237015638632
capacity,9101,straight,0.4,delayed,L4 failure,1.0651131659682402,1.0926773912465229,0.9747736838895903
capacity,9101,straight,0.4,delayed,L4 slip,0.3803376847589416,0.3821401670615324,0.9952831906772559
capacity,9101,straight,0.4,noisy,intact,0.2076953479947663,0.2040516517424173,1.0178567349062608
capacity,9101,straight,0.4,noisy,L4 failure,1.0651131659682402,1.075047099858897,0.9907595361245469
capacity,9101,straight,0.4,noisy,L4 slip,0.3803376847589416,0.3898038693257872,0.9757155192347923
capacity,9101,straight,0.4,stuck,intact,0.2076953479947663,0.24721180577502228,0.8401514132532233
capacity,9101,straight,0.4,stuck,L4 failure,1.0651131659682402,1.2376519176526783,0.8605918600993453
capacity,9101,straight,0.4,stuck,L4 slip,0.3803376847589416,0.38144838767851097,0.9970881960562762
capacity,9101,straight,1.0,dropout,intact,0.18714511611089696,0.20355635434467328,0.9193774211244328
capacity,9101,straight,1.0,dropout,L4 failure,0.9029405347142712,1.4179972388375641,0.636771715757696
capacity,9101,straight,1.0,dropout,L4 slip,0.3567950669070826,0.384438943171782,0.9280929345070354
capacity,9101,straight,1.0,intermittent,intact,0.18714511611089696,0.21080768253741883,0.8877528269287733
capacity,9101,straight,1.0,intermittent,L4 failure,0.9029405347142712,1.1496133472446677,0.7854297593868331
capacity,9101,straight,1.0,intermittent,L4 slip,0.3567950669070826,0.39753982136659033,0.8975077406850896
capacity,9101,straight,1.0,delayed,intact,0.18714511611089696,0.187912416853761,0.9959167107969178
capacity,9101,straight,1.0,delayed,L4 failure,0.9029405347142712,0.9096386451438313,0.9926365150982552
capacity,9101,straight,1.0,delayed,L4 slip,0.3567950669070826,0.3551292517111046,1.0046907293272849
capacity,9101,straight,1.0,noisy,intact,0.18714511611089696,0.24413206644507862,0.7665732684608157
capacity,9101,straight,1.0,noisy,L4 failure,0.9029405347142712,0.9887806159700645,0.9131859182215277
capacity,9101,straight,1.0,noisy,L4 slip,0.3567950669070826,0.440632042872532,0.8097347269188453
capacity,9101,straight,1.0,stuck,intact,0.18714511611089696,0.18700128979906988,1.0007691193573136
capacity,9101,straight,1.0,stuck,L4 failure,0.9029405347142712,0.974878624623242,0.9262081575162523
capacity,9101,straight,1.0,stuck,L4 slip,0.3567950669070826,0.3569801561119989,0.9994815140232663
capacity,9101,s_lr,0.0,dropout,intact,0.9474562887962612,0.9474562887962612,1.0
capacity,9101,s_lr,0.0,dropout,L4 failure,2.387243911226972,2.387243911226972,1.0
capacity,9101,s_lr,0.0,dropout,L4 slip,1.3957138513536171,1.3957138513536171,1.0
capacity,9101,s_lr,0.0,intermittent,intact,0.9474562887962612,0.9474562887962612,1.0
capacity,9101,s_lr,0.0,intermittent,L4 failure,2.387243911226972,2.387243911226972,1.0
capacity,9101,s_lr,0.0,intermittent,L4 slip,1.3957138513536171,1.3957138513536171,1.0
capacity,9101,s_lr,0.0,delayed,intact,0.9474562887962612,0.9474562887962612,1.0
capacity,9101,s_lr,0.0,delayed,L4 failure,2.387243911226972,2.387243911226972,1.0
capacity,9101,s_lr,0.0,delayed,L4 slip,1.3957138513536171,1.3957138513536171,1.0
capacity,9101,s_lr,0.0,noisy,intact,0.9474562887962612,0.9474562887962612,1.0
capacity,9101,s_lr,0.0,noisy,L4 failure,2.387243911226972,2.387243911226972,1.0
capacity,9101,s_lr,0.0,noisy,L4 slip,1.3957138513536171,1.3957138513536171,1.0
capacity,9101,s_lr,0.0,stuck,intact,0.9474562887962612,0.9474562887962612,1.0
capacity,9101,s_lr,0.0,stuck,L4 failure,2.387243911226972,2.387243911226972,1.0
capacity,9101,s_lr,0.0,stuck,L4 slip,1.3957138513536171,1.3957138513536171,1.0
capacity,9101,s_lr,0.025,dropout,intact,0.7733808019741357,0.84824287733963,0.9117445281706502
capacity,9101,s_lr,0.025,dropout,L4 failure,2.1502860116426965,2.270478499732252,0.9470629261172352
capacity,9101,s_lr,0.025,dropout,L4 slip,1.1906965759072565,1.2861115622516528,0.9258112677430961
capacity,9101,s_lr,0.025,intermittent,intact,0.7733808019741357,0.8869495960800279,0.8719557519301863
capacity,9101,s_lr,0.025,intermittent,L4 failure,2.1502860116426965,2.3077732467542416,0.9317579249464641
capacity,9101,s_lr,0.025,intermittent,L4 slip,1.1906965759072565,1.3250158477602625,0.898628177104408
capacity,9101,s_lr,0.025,delayed,intact,0.7733808019741357,0.7877719853447376,0.9817317908756249
capacity,9101,s_lr,0.025,delayed,L4 failure,2.1502860116426965,2.1733974622205383,0.9893662107462714
capacity,9101,s_lr,0.025,delayed,L4 slip,1.1906965759072565,1.2087483434298776,0.9850657354603702
capacity,9101,s_lr,0.025,noisy,intact,0.7733808019741357,0.7662811108375539,1.009265126121694
capacity,9101,s_lr,0.025,noisy,L4 failure,2.1502860116426965,2.1456845603667634,1.0021445143246717
capacity,9101,s_lr,0.025,noisy,L4 slip,1.1906965759072565,1.1850566651184429,1.0047591908090319
capacity,9101,s_lr,0.025,stuck,intact,0.7733808019741357,0.7853567784797292,0.9847509096072536
capacity,9101,s_lr,0.025,stuck,L4 failure,2.1502860116426965,2.1823685713121206,0.985299201935384
capacity,9101,s_lr,0.025,stuck,L4 slip,1.1906965759072565,1.2118894542516734,0.9825125317576897
capacity,9101,s_lr,0.05,dropout,intact,0.6225642181731722,0.7558370276260279,0.8236752043341329
capacity,9101,s_lr,0.05,dropout,L4 failure,1.9284927191169632,2.161054344671025,0.8923851100146838
capacity,9101,s_lr,0.05,dropout,L4 slip,1.0114415648005177,1.1837654394453812,0.8544273477644349
capacity,9101,s_lr,0.05,intermittent,intact,0.6225642181731722,0.8289805214527911,0.7509998149077451
capacity,9101,s_lr,0.05,intermittent,L4 failure,1.9284927191169632,2.229562375665545,0.8649646855209827
capacity,9101,s_lr,0.05,intermittent,L4 slip,1.0114415648005177,1.2571045665518015,0.8045802964306067
capacity,9101,s_lr,0.05,delayed,intact,0.6225642181731722,0.6461877134281909,0.963441744923174
capacity,9101,s_lr,0.05,delayed,L4 failure,1.9284927191169632,1.9707333565704175,0.9785660311108937
capacity,9101,s_lr,0.05,delayed,L4 slip,1.0114415648005177,1.0416265656960741,0.9710212835485958
capacity,9101,s_lr,0.05,noisy,intact,0.6225642181731722,0.610010120587603,1.0205801463973685
capacity,9101,s_lr,0.05,noisy,L4 failure,1.9284927191169632,1.9197463364746028,1.0045560095498982
capacity,9101,s_lr,0.05,noisy,L4 slip,1.0114415648005177,1.0014272685493926,1.0100000235320448
capacity,9101,s_lr,0.05,stuck,intact,0.6225642181731722,0.6389913268174983,0.9742921258006092
capacity,9101,s_lr,0.05,stuck,L4 failure,1.9284927191169632,1.9919079622484035,0.9681635676279645
capacity,9101,s_lr,0.05,stuck,L4 slip,1.0114415648005177,1.0447444709752545,0.9681233956245311
capacity,9101,s_lr,0.1,dropout,intact,0.40507582758476907,0.5906958718371621,0.6857603834692734
capacity,9101,s_lr,0.1,dropout,L4 failure,1.5463079374553084,1.962973751255938,0.7877374501141235
capacity,9101,s_lr,0.1,dropout,L4 slip,0.7290947255795581,0.9997473894337234,0.7292789491478759
capacity,9101,s_lr,0.1,intermittent,intact,0.40507582758476907,0.7205761953292381,0.562155439231081
capacity,9101,s_lr,0.1,intermittent,L4 failure,1.5463079374553084,2.0772251668739985,0.7444103615316467
capacity,9101,s_lr,0.1,intermittent,L4 slip,0.7290947255795581,1.1296058464506926,0.6454417068311298
capacity,9101,s_lr,0.1,delayed,intact,0.40507582758476907,0.42929741629203083,0.9435785360264434
capacity,9101,s_lr,0.1,delayed,L4 failure,1.5463079374553084,1.6103002297496587,0.9602606451193895
capacity,9101,s_lr,0.1,delayed,L4 slip,0.7290947255795581,0.7681714285202966,0.9491302312349593
capacity,9101,s_lr,0.1,noisy,intact,0.40507582758476907,0.39052522995766303,1.0372590463071578
capacity,9101,s_lr,0.1,noisy,L4 failure,1.5463079374553084,1.5320708364003615,1.0092927172273558
capacity,9101,s_lr,0.1,noisy,L4 slip,0.7290947255795581,0.7153069024049012,1.0192753951182374
capacity,9101,s_lr,0.1,stuck,intact,0.40507582758476907,0.41315367669193687,0.9804483184759579
capacity,9101,s_lr,0.1,stuck,L4 failure,1.5463079374553084,1.6547529294242913,0.9344645414788827
capacity,9101,s_lr,0.1,stuck,L4 slip,0.7290947255795581,0.7624529436448141,0.9562488172636713
capacity,9101,s_lr,0.2,dropout,intact,0.4227743644000637,0.34376326101346744,1.2298416158656957
capacity,9101,s_lr,0.2,dropout,L4 failure,1.072959397557834,1.6410012497088224,0.6538443512753076
capacity,9101,s_lr,0.2,dropout,L4 slip,0.5058121854786136,0.708353128473978,0.7140678358664087
capacity,9101,s_lr,0.2,intermittent,intact,0.4227743644000637,0.5343073747494597,0.7912568390026536
capacity,9101,s_lr,0.2,intermittent,L4 failure,1.072959397557834,1.7961916874361363,0.5973523900944916
capacity,9101,s_lr,0.2,intermittent,L4 slip,0.5058121854786136,0.9075646321305818,0.557329106458433
capacity,9101,s_lr,0.2,delayed,intact,0.4227743644000637,0.4314993559303769,0.9797798272224513
capacity,9101,s_lr,0.2,delayed,L4 failure,1.072959397557834,1.1258851405152532,0.9529918807408736
capacity,9101,s_lr,0.2,delayed,L4 slip,0.5058121854786136,0.5247580278483588,0.9638960409096972
capacity,9101,s_lr,0.2,noisy,intact,0.4227743644000637,0.41962013814371285,1.0075168610122105
capacity,9101,s_lr,0.2,noisy,L4 failure,1.072959397557834,1.05847933789464,1.0136800588776682
capacity,9101,s_lr,0.2,noisy,L4 slip,0.5058121854786136,0.49757879360610435,1.0165469107170733
capacity,9101,s_lr,0.2,stuck,intact,0.4227743644000637,0.47509618154386946,0.8898711057331989
capacity,9101,s_lr,0.2,stuck,L4 failure,1.072959397557834,1.1561910952768975,0.9280121616062695
capacity,9101,s_lr,0.2,stuck,L4 slip,0.5058121854786136,0.5212903229713304,0.970308028346868
capacity,9101,s_lr,0.4,dropout,intact,0.5756605454030529,0.37878710459079157,1.5197469460449193
capacity,9101,s_lr,0.4,dropout,L4 failure,0.8329048676619714,1.227101997948864,0.6787576493675307
capacity,9101,s_lr,0.4,dropout,L4 slip,0.5904590193478818,0.42346440052099316,1.3943533827670833
capacity,9101,s_lr,0.4,intermittent,intact,0.5756605454030529,0.3748070660056894,1.53588498620865
capacity,9101,s_lr,0.4,intermittent,L4 failure,0.8329048676619714,1.3622663239316484,0.6114111851918336
capacity,9101,s_lr,0.4,intermittent,L4 slip,0.5904590193478818,0.6015521247383637,0.9815591950650882
capacity,9101,s_lr,0.4,delayed,intact,0.5756605454030529,0.6141294008526224,0.9373603423054465
capacity,9101,s_lr,0.4,delayed,L4 failure,0.8329048676619714,0.8469796071815393,0.9833824340040442
capacity,9101,s_lr,0.4,delayed,L4 slip,0.5904590193478818,0.6236864444923302,0.9467241505120494
capacity,9101,s_lr,0.4,noisy,intact,0.5756605454030529,0.5612537118992968,1.0256690213326214
capacity,9101,s_lr,0.4,noisy,L4 failure,0.8329048676619714,0.8318009448312285,1.0013271478442078
capacity,9101,s_lr,0.4,noisy,L4 slip,0.5904590193478818,0.5761596601504431,1.0248183970285336
capacity,9101,s_lr,0.4,stuck,intact,0.5756605454030529,0.8176654216235985,0.7040294601916659
capacity,9101,s_lr,0.4,stuck,L4 failure,0.8329048676619714,0.8527138250684534,0.976769513025203
capacity,9101,s_lr,0.4,stuck,L4 slip,0.5904590193478818,0.7790434444019695,0.7579282305637601
capacity,9101,s_lr,1.0,dropout,intact,0.5325191852504204,0.7044416147134995,0.7559450976884706
capacity,9101,s_lr,1.0,dropout,L4 failure,0.8715863099996731,0.8596149292533427,1.0139264458293304
capacity,9101,s_lr,1.0,dropout,L4 slip,0.5978584764494214,0.6138505852702014,0.9739478804703905
capacity,9101,s_lr,1.0,intermittent,intact,0.5325191852504204,0.5557193915115661,0.95825194042979
capacity,9101,s_lr,1.0,intermittent,L4 failure,0.8715863099996731,0.8839962609403147,0.9859615345799755
capacity,9101,s_lr,1.0,intermittent,L4 slip,0.5978584764494214,0.5761640615598342,1.0376531900147579
capacity,9101,s_lr,1.0,delayed,intact,0.5325191852504204,0.5859233155555612,0.9088547444907461
capacity,9101,s_lr,1.0,delayed,L4 failure,0.8715863099996731,0.894143278318505,0.9747725349328222
capacity,9101,s_lr,1.0,delayed,L4 slip,0.5978584764494214,0.6432040175509146,0.9295005319242992
capacity,9101,s_lr,1.0,noisy,intact,0.5325191852504204,0.48618678817967564,1.0952975239089018
capacity,9101,s_lr,1.0,noisy,L4 failure,0.8715863099996731,0.8918365187002086,0.9772938108320023
capacity,9101,s_lr,1.0,noisy,L4 slip,0.5978584764494214,0.5886564556532063,1.015632243064427
capacity,9101,s_lr,1.0,stuck,intact,0.5325191852504204,1.168439733762288,0.45575237632132615
capacity,9101,s_lr,1.0,stuck,L4 failure,0.8715863099996731,1.229785029522937,0.7087306228941349
capacity,9101,s_lr,1.0,stuck,L4 slip,0.5978584764494214,1.158783153116887,0.5159364587250908
capacity,9101,s_rl,0.0,dropout,intact,0.35122009874634486,0.35122009874634486,1.0
capacity,9101,s_rl,0.0,dropout,L4 failure,2.218157124271256,2.218157124271256,1.0
capacity,9101,s_rl,0.0,dropout,L4 slip,0.8178591450753065,0.8178591450753065,1.0
capacity,9101,s_rl,0.0,intermittent,intact,0.35122009874634486,0.35122009874634486,1.0
capacity,9101,s_rl,0.0,intermittent,L4 failure,2.218157124271256,2.218157124271256,1.0
capacity,9101,s_rl,0.0,intermittent,L4 slip,0.8178591450753065,0.8178591450753065,1.0
capacity,9101,s_rl,0.0,delayed,intact,0.35122009874634486,0.35122009874634486,1.0
capacity,9101,s_rl,0.0,delayed,L4 failure,2.218157124271256,2.218157124271256,1.0
capacity,9101,s_rl,0.0,delayed,L4 slip,0.8178591450753065,0.8178591450753065,1.0
capacity,9101,s_rl,0.0,noisy,intact,0.35122009874634486,0.35122009874634486,1.0
capacity,9101,s_rl,0.0,noisy,L4 failure,2.218157124271256,2.218157124271256,1.0
capacity,9101,s_rl,0.0,noisy,L4 slip,0.8178591450753065,0.8178591450753065,1.0
capacity,9101,s_rl,0.0,stuck,intact,0.35122009874634486,0.35122009874634486,1.0
capacity,9101,s_rl,0.0,stuck,L4 failure,2.218157124271256,2.218157124271256,1.0
capacity,9101,s_rl,0.0,stuck,L4 slip,0.8178591450753065,0.8178591450753065,1.0
capacity,9101,s_rl,0.025,dropout,intact,0.335093929375318,0.32749479041803353,1.0232038468385543
capacity,9101,s_rl,0.025,dropout,L4 failure,2.1253508707729267,2.1806074893324063,0.9746599886362876
capacity,9101,s_rl,0.025,dropout,L4 slip,0.7716662710702532,0.7819568081341586,0.986840018583047
capacity,9101,s_rl,0.025,intermittent,intact,0.335093929375318,0.34541349278671374,0.9701240292377118
capacity,9101,s_rl,0.025,intermittent,L4 failure,2.1253508707729267,2.187164260791372,0.9717381126207322
capacity,9101,s_rl,0.025,intermittent,L4 slip,0.7716662710702532,0.8020627970721849,0.9621020621915268
capacity,9101,s_rl,0.025,delayed,intact,0.335093929375318,0.33512544395429444,0.9999059618434083
capacity,9101,s_rl,0.025,delayed,L4 failure,2.1253508707729267,2.1355356180116383,0.995230823053097
capacity,9101,s_rl,0.025,delayed,L4 slip,0.7716662710702532,0.7749029728133697,0.9958230877197886
capacity,9101,s_rl,0.025,noisy,intact,0.335093929375318,0.3292996630248653,1.0175957251131933
capacity,9101,s_rl,0.025,noisy,L4 failure,2.1253508707729267,2.119294452682383,1.0028577520612476
capacity,9101,s_rl,0.025,noisy,L4 slip,0.7716662710702532,0.7660544752533021,1.0073255832296986
capacity,9101,s_rl,0.025,stuck,intact,0.335093929375318,0.33883132777193514,0.9889697377713175
capacity,9101,s_rl,0.025,stuck,L4 failure,2.1253508707729267,2.167294395800007,0.9806470569441962
capacity,9101,s_rl,0.025,stuck,L4 slip,0.7716662710702532,0.7843367610879947,0.9838455996883717
capacity,9101,s_rl,0.05,dropout,intact,0.32531867033895906,0.3082076447105654,1.0555178494824893
capacity,9101,s_rl,0.05,dropout,L4 failure,2.041517438034898,2.147700441262148,0.9505596771378185
capacity,9101,s_rl,0.05,dropout,L4 slip,0.7341904342305601,0.7508191488526827,0.977852569893119
capacity,9101,s_rl,0.05,intermittent,intact,0.32531867033895906,0.3403449881004653,0.9558497457377845
capacity,9101,s_rl,0.05,intermittent,L4 failure,2.041517438034898,2.157099131876609,0.9464179962183016
capacity,9101,s_rl,0.05,intermittent,L4 slip,0.7341904342305601,0.7872255398557481,0.9326303544027469
capacity,9101,s_rl,0.05,delayed,intact,0.32531867033895906,0.32457451751620775,1.0022927025462316
capacity,9101,s_rl,0.05,delayed,L4 failure,2.041517438034898,2.060131629292113,0.9909645621704226
capacity,9101,s_rl,0.05,delayed,L4 slip,0.7341904342305601,0.7391045379260397,0.993351273814028
capacity,9101,s_rl,0.05,noisy,intact,0.32531867033895906,0.31530661372385593,1.031753398689796
capacity,9101,s_rl,0.05,noisy,L4 failure,2.041517438034898,2.030450724971289,1.0054503726327886
capacity,9101,s_rl,0.05,noisy,L4 slip,0.7341904342305601,0.724309347913842,1.0136420803420219
capacity,9101,s_rl,0.05,stuck,intact,0.32531867033895906,0.3326763376074903,0.9778834066725471
capacity,9101,s_rl,0.05,stuck,L4 failure,2.041517438034898,2.123809521407293,0.9612526064400229
capacity,9101,s_rl,0.05,stuck,L4 slip,0.7341904342305601,0.758126722869213,0.9684270611804008
capacity,9101,s_rl,0.1,dropout,intact,0.32022356433315724,0.2808204683647287,1.1403141879147212
capacity,9101,s_rl,0.1,dropout,L4 failure,1.8978956097567476,2.0943927314785453,0.9061794291163913
capacity,9101,s_rl,0.1,dropout,L4 slip,0.6803937946636399,0.7013349947441285,0.9701409451440125
capacity,9101,s_rl,0.1,intermittent,intact,0.32022356433315724,0.3322546709939537,0.9637895033204351
capacity,9101,s_rl,0.1,intermittent,L4 failure,1.8978956097567476,2.0996738649460944,0.9039001920450502
capacity,9101,s_rl,0.1,intermittent,L4 slip,0.6803937946636399,0.7602578756036337,0.8949513270394169
capacity,9101,s_rl,0.1,delayed,intact,0.32022356433315724,0.3168775858548154,1.0105592147494928
capacity,9101,s_rl,0.1,delayed,L4 failure,1.8978956097567476,1.9291816109680202,0.9837827599882761
capacity,9101,s_rl,0.1,delayed,L4 slip,0.6803937946636399,0.6857254393702299,0.9922248112721521
capacity,9101,s_rl,0.1,noisy,intact,0.32022356433315724,0.30561965193353624,1.047784598625212
capacity,9101,s_rl,0.1,noisy,L4 failure,1.8978956097567476,1.880790144301674,1.0090948293763125
capacity,9101,s_rl,0.1,noisy,L4 slip,0.6803937946636399,0.6656186587179079,1.02219759880859
capacity,9101,s_rl,0.1,stuck,intact,0.32022356433315724,0.33585312289896496,0.9534631137834929
capacity,9101,s_rl,0.1,stuck,L4 failure,1.8978956097567476,2.056144822862644,0.9230359596530873
capacity,9101,s_rl,0.1,stuck,L4 slip,0.6803937946636399,0.724726997247631,0.9388277202969397
capacity,9101,s_rl,0.2,dropout,intact,0.3449696759124925,0.258910212275861,1.332391151666655
capacity,9101,s_rl,0.2,dropout,L4 failure,1.6876159057945401,2.0289017713246515,0.8317878813288783
capacity,9101,s_rl,0.2,dropout,L4 slip,0.6302091180434244,0.6438463631507096,0.978819100506291
capacity,9101,s_rl,0.2,intermittent,intact,0.3449696759124925,0.3231860848137956,1.0674026269146073
capacity,9101,s_rl,0.2,intermittent,L4 failure,1.6876159057945401,1.9950898499423342,0.8458846632111926
capacity,9101,s_rl,0.2,intermittent,L4 slip,0.6302091180434244,0.7160341128431904,0.8801383994695774
capacity,9101,s_rl,0.2,delayed,intact,0.3449696759124925,0.3375762070150428,1.0219016291545695
capacity,9101,s_rl,0.2,delayed,L4 failure,1.6876159057945401,1.7333171361791542,0.973633659166749
capacity,9101,s_rl,0.2,delayed,L4 slip,0.6302091180434244,0.6326937293524415,0.9960729635939966
capacity,9101,s_rl,0.2,noisy,intact,0.3449696759124925,0.33140045735512874,1.0409450809623446
capacity,9101,s_rl,0.2,noisy,L4 failure,1.6876159057945401,1.671641200809583,1.009556300106279
capacity,9101,s_rl,0.2,noisy,L4 slip,0.6302091180434244,0.6168700083967822,1.0216238582927868
capacity,9101,s_rl,0.2,stuck,intact,0.3449696759124925,0.387409215766447,0.8904529419363645
capacity,9101,s_rl,0.2,stuck,L4 failure,1.6876159057945401,1.9804903545775325,0.8521202347155754
capacity,9101,s_rl,0.2,stuck,L4 slip,0.6302091180434244,0.7164751579684557,0.8795966071320097
capacity,9101,s_rl,0.4,dropout,intact,0.43635110596660037,0.2908117013330004,1.500459245506586
capacity,9101,s_rl,0.4,dropout,L4 failure,1.4617458632840372,2.006106972929137,0.7286480147914183
capacity,9101,s_rl,0.4,dropout,L4 slip,0.6284064240997982,0.6353914932134288,0.9890066688203452
capacity,9101,s_rl,0.4,intermittent,intact,0.43635110596660037,0.3263156270838983,1.3372056676109205
capacity,9101,s_rl,0.4,intermittent,L4 failure,1.4617458632840372,1.8228487894091163,0.8019018756667512
capacity,9101,s_rl,0.4,intermittent,L4 slip,0.6284064240997982,0.658607960639136,0.9541433776323791
capacity,9101,s_rl,0.4,delayed,intact,0.43635110596660037,0.4382044619523759,0.9957705679729547
capacity,9101,s_rl,0.4,delayed,L4 failure,1.4617458632840372,1.5149878490907862,0.9648564931799936
capacity,9101,s_rl,0.4,delayed,L4 slip,0.6284064240997982,0.6359026065574624,0.9882117444080851
capacity,9101,s_rl,0.4,noisy,intact,0.43635110596660037,0.44293211541909294,0.9851421713996381
capacity,9101,s_rl,0.4,noisy,L4 failure,1.4617458632840372,1.4684594116956884,0.9954281688971581
capacity,9101,s_rl,0.4,noisy,L4 slip,0.6284064240997982,0.6397762528517501,0.9822284295466238
capacity,9101,s_rl,0.4,stuck,intact,0.43635110596660037,0.5903891667470982,0.7390906380799459
capacity,9101,s_rl,0.4,stuck,L4 failure,1.4617458632840372,1.9609738551720213,0.7454183335635596
capacity,9101,s_rl,0.4,stuck,L4 slip,0.6284064240997982,0.8334428977999888,0.7539885764922606
capacity,9101,s_rl,1.0,dropout,intact,0.5592736320810321,0.6045742391350272,0.9250702326999455
capacity,9101,s_rl,1.0,dropout,L4 failure,1.2188255986059295,2.178732497256563,0.5594195708471149
capacity,9101,s_rl,1.0,dropout,L4 slip,0.6493322425693706,0.8858276150135383,0.7330232559519457
capacity,9101,s_rl,1.0,intermittent,intact,0.5592736320810321,0.4129312848433074,1.3543987888765958
capacity,9101,s_rl,1.0,intermittent,L4 failure,1.2188255986059295,1.543582573230545,0.7896082916089577
capacity,9101,s_rl,1.0,intermittent,L4 slip,0.6493322425693706,0.6218035509607314,1.0442723293652882
capacity,9101,s_rl,1.0,delayed,intact,0.5592736320810321,0.6368708549205756,0.87815862157922
capacity,9101,s_rl,1.0,delayed,L4 failure,1.2188255986059295,1.2721123872074098,0.9581115716367974
capacity,9101,s_rl,1.0,delayed,L4 slip,0.6493322425693706,0.7116310063947537,0.9124563667609152
capacity,9101,s_rl,1.0,noisy,intact,0.5592736320810321,0.6210659781555451,0.9005059876922815
capacity,9101,s_rl,1.0,noisy,L4 failure,1.2188255986059295,1.303737100089866,0.934870687136169
capacity,9101,s_rl,1.0,noisy,L4 slip,0.6493322425693706,0.7302242798202829,0.8892230243688681
capacity,9101,s_rl,1.0,stuck,intact,0.5592736320810321,1.231850408412311,0.4540109970023555
capacity,9101,s_rl,1.0,stuck,L4 failure,1.2188255986059295,1.9414857995274146,0.6277798163152206
capacity,9101,s_rl,1.0,stuck,L4 slip,0.6493322425693706,1.293318023599311,0.5020669554749384
capacity,9101,sine,0.0,dropout,intact,1.0274493228875183,1.0274493228875183,1.0
capacity,9101,sine,0.0,dropout,L4 failure,2.6908417096921147,2.6908417096921147,1.0
capacity,9101,sine,0.0,dropout,L4 slip,1.4438939856961357,1.4438939856961357,1.0
capacity,9101,sine,0.0,intermittent,intact,1.0274493228875183,1.0274493228875183,1.0
capacity,9101,sine,0.0,intermittent,L4 failure,2.6908417096921147,2.6908417096921147,1.0
capacity,9101,sine,0.0,intermittent,L4 slip,1.4438939856961357,1.4438939856961357,1.0
capacity,9101,sine,0.0,delayed,intact,1.0274493228875183,1.0274493228875183,1.0
capacity,9101,sine,0.0,delayed,L4 failure,2.6908417096921147,2.6908417096921147,1.0
capacity,9101,sine,0.0,delayed,L4 slip,1.4438939856961357,1.4438939856961357,1.0
capacity,9101,sine,0.0,noisy,intact,1.0274493228875183,1.0274493228875183,1.0
capacity,9101,sine,0.0,noisy,L4 failure,2.6908417096921147,2.6908417096921147,1.0
capacity,9101,sine,0.0,noisy,L4 slip,1.4438939856961357,1.4438939856961357,1.0
capacity,9101,sine,0.0,stuck,intact,1.0274493228875183,1.0274493228875183,1.0
capacity,9101,sine,0.0,stuck,L4 failure,2.6908417096921147,2.6908417096921147,1.0
capacity,9101,sine,0.0,stuck,L4 slip,1.4438939856961357,1.4438939856961357,1.0
capacity,9101,sine,0.025,dropout,intact,0.825350815429766,0.8711768003564557,0.9473976064239321
capacity,9101,sine,0.025,dropout,L4 failure,2.4250633053076207,2.5214247724811787,0.9617829299429248
capacity,9101,sine,0.025,dropout,L4 slip,1.2150215777312607,1.2780246451109334,0.9507027758653246
capacity,9101,sine,0.025,intermittent,intact,0.825350815429766,0.9567910355966358,0.8626239008553144
capacity,9101,sine,0.025,intermittent,L4 failure,2.4250633053076207,2.6010649325448645,0.9323347814062277
capacity,9101,sine,0.025,intermittent,L4 slip,1.2150215777312607,1.3656853939802798,0.8896789722485715
capacity,9101,sine,0.025,delayed,intact,0.825350815429766,0.838770501735425,0.9840007650747212
capacity,9101,sine,0.025,delayed,L4 failure,2.4250633053076207,2.4458052372330052,0.9915193852684483
capacity,9101,sine,0.025,delayed,L4 slip,1.2150215777312607,1.2314774019584196,0.9866373315490896
capacity,9101,sine,0.025,noisy,intact,0.825350815429766,0.8181152459135912,1.0088441934706824
capacity,9101,sine,0.025,noisy,L4 failure,2.4250633053076207,2.4195284280696923,1.0022875851234962
capacity,9101,sine,0.025,noisy,L4 slip,1.2150215777312607,1.209166907218656,1.0048419043538594
capacity,9101,sine,0.025,stuck,intact,0.825350815429766,0.8313320999423564,0.9928051803689463
capacity,9101,sine,0.025,stuck,L4 failure,2.4250633053076207,2.459148709548608,0.9861393480969095
capacity,9101,sine,0.025,stuck,L4 slip,1.2150215777312607,1.229559702204503,0.9881761540759862
capacity,9101,sine,0.05,dropout,intact,0.6552536467315798,0.7283827972368868,0.899600662203004
capacity,9101,sine,0.05,dropout,L4 failure,2.1857187834199614,2.3660221185287655,0.9237947381400983
capacity,9101,sine,0.05,dropout,L4 slip,1.0209055057185885,1.1261975918040483,0.9065065607920604
capacity,9101,sine,0.05,intermittent,intact,0.6552536467315798,0.8897329385005588,0.736461041709729
capacity,9101,sine,0.05,intermittent,L4 failure,2.1857187834199614,2.5140637283352896,0.8693967295997127
capacity,9101,sine,0.05,intermittent,L4 slip,1.0209055057185885,1.2912548601331757,0.7906305232518511
capacity,9101,sine,0.05,delayed,intact,0.6552536467315798,0.6756422567703128,0.9698233646068941
capacity,9101,sine,0.05,delayed,L4 failure,2.1857187834199614,2.2214356574438487,0.9839217157137984
capacity,9101,sine,0.05,delayed,L4 slip,1.0209055057185885,1.0465728283424929,0.975474881509627
capacity,9101,sine,0.05,noisy,intact,0.6552536467315798,0.6422337067956324,1.0202729003448125
capacity,9101,sine,0.05,noisy,L4 failure,2.1857187834199614,2.1758924900589753,1.00451598293844
capacity,9101,sine,0.05,noisy,L4 slip,1.0209055057185885,1.0104514428510747,1.0103459329406437
capacity,9101,sine,0.05,stuck,intact,0.6552536467315798,0.6598095307886063,0.9930951527002326
capacity,9101,sine,0.05,stuck,L4 failure,2.1857187834199614,2.251314442567273,0.9708633952205673
capacity,9101,sine,0.05,stuck,L4 slip,1.0209055057185885,1.0406668812445636,0.9810108538264022
capacity,9101,sine,0.1,dropout,intact,0.40545604644388733,0.4836002921058869,0.8384115002873294
capacity,9101,sine,0.1,dropout,L4 failure,1.7928059758973354,2.0954730728368087,0.8555614477404242
capacity,9101,sine,0.1,dropout,L4 slip,0.725282781125172,0.8633809558100886,0.8400495473572931
capacity,9101,sine,0.1,intermittent,intact,0.40545604644388733,0.7660643571755564,0.5292715196132931
capacity,9101,sine,0.1,intermittent,L4 failure,1.7928059758973354,2.34912156497269,0.7631814388107998
capacity,9101,sine,0.1,intermittent,L4 slip,0.725282781125172,1.153597632444613,0.6287138259708542
capacity,9101,sine,0.1,delayed,intact,0.40545604644388733,0.4254760910230691,0.952946722503154
capacity,9101,sine,0.1,delayed,L4 failure,1.7928059758973354,1.841701686119091,0.9734507979276543
capacity,9101,sine,0.1,delayed,L4 slip,0.725282781125172,0.7534488993982518,0.9626170821995029
capacity,9101,sine,0.1,noisy,intact,0.40545604644388733,0.38643677358494744,1.049217036677176
capacity,9101,sine,0.1,noisy,L4 failure,1.7928059758973354,1.7762350806313847,1.0093292241813288
capacity,9101,sine,0.1,noisy,L4 slip,0.725282781125172,0.7100235567199944,1.0214911523156622
capacity,9101,sine,0.1,stuck,intact,0.40545604644388733,0.3972032697940235,1.020777212267521
capacity,9101,sine,0.1,stuck,L4 failure,1.7928059758973354,1.9050874543775116,0.9410622970498411
capacity,9101,sine,0.1,stuck,L4 slip,0.725282781125172,0.7368011787524555,0.9843670206299256
capacity,9101,sine,0.2,dropout,intact,0.24045491807631744,0.23343976095379318,1.030051252168275
capacity,9101,sine,0.2,dropout,L4 failure,1.3254321150861959,1.6989279373898492,0.7801579372004005
capacity,9101,sine,0.2,dropout,L4 slip,0.42722520753457094,0.49697856986943767,0.8596451304667084
capacity,9101,sine,0.2,intermittent,intact,0.24045491807631744,0.5586224772700714,0.4304426117104973
capacity,9101,sine,0.2,intermittent,L4 failure,1.3254321150861959,2.055572517077086,0.644799492148732
capacity,9101,sine,0.2,intermittent,L4 slip,0.42722520753457094,0.9202477438655091,0.4642502091230428
capacity,9101,sine,0.2,delayed,intact,0.24045491807631744,0.25287482258293636,0.9508851676898536
capacity,9101,sine,0.2,delayed,L4 failure,1.3254321150861959,1.3563372232801967,0.9772142888482709
capacity,9101,sine,0.2,delayed,L4 slip,0.42722520753457094,0.4352901083972179,0.9814723543975242
capacity,9101,sine,0.2,noisy,intact,0.24045491807631744,0.23429553860280058,1.026288931962801
capacity,9101,sine,0.2,noisy,L4 failure,1.3254321150861959,1.3104578240986853,1.0114267630076608
capacity,9101,sine,0.2,noisy,L4 slip,0.42722520753457094,0.41782096625649673,1.0225078252111959
capacity,9101,sine,0.2,stuck,intact,0.24045491807631744,0.28220701056630915,0.8520515404411565
capacity,9101,sine,0.2,stuck,L4 failure,1.3254321150861959,1.4567763845808213,0.9098391003006141
capacity,9101,sine,0.2,stuck,L4 slip,0.42722520753457094,0.4167023262699063,1.025252753827558
capacity,9101,sine,0.4,dropout,intact,0.23489998463742995,0.45518233177697986,0.5160569034400067
capacity,9101,sine,0.4,dropout,L4 failure,1.0469419743601456,1.3280983016813037,0.7883015685170075
capacity,9101,sine,0.4,dropout,L4 slip,0.33490093196220233,0.36136777330374714,0.9267592649461353
capacity,9101,sine,0.4,intermittent,intact,0.23489998463742995,0.30706543626575644,0.7649834754899951
capacity,9101,sine,0.4,intermittent,L4 failure,1.0469419743601456,1.6101699626544979,0.6502058780392198
capacity,9101,sine,0.4,intermittent,L4 slip,0.33490093196220233,0.6011016598807999,0.55714524566213
capacity,9101,sine,0.4,delayed,intact,0.23489998463742995,0.2833967400381877,0.8288732771088939
capacity,9101,sine,0.4,delayed,L4 failure,1.0469419743601456,1.0393910676577893,1.0072647408057602
capacity,9101,sine,0.4,delayed,L4 slip,0.33490093196220233,0.33816243571520455,0.9903552156935934
capacity,9101,sine,0.4,noisy,intact,0.23489998463742995,0.239207662000201,0.9819918922046593
capacity,9101,sine,0.4,noisy,L4 failure,1.0469419743601456,1.065100173481473,0.9829516513343773
capacity,9101,sine,0.4,noisy,L4 slip,0.33490093196220233,0.35286196099448797,0.9490989933240035
capacity,9101,sine,0.4,stuck,intact,0.23489998463742995,0.37451181083836316,0.6272164931503622
capacity,9101,sine,0.4,stuck,L4 failure,1.0469419743601456,1.1871355630638896,0.881905998720216
capacity,9101,sine,0.4,stuck,L4 slip,0.33490093196220233,0.3575417152244972,0.936676526687022
capacity,9101,sine,1.0,dropout,intact,0.2841507837926476,0.43104329529605695,0.6592163406636031
capacity,9101,sine,1.0,dropout,L4 failure,1.0302870777157982,1.3945226177501282,0.7388098727133058
capacity,9101,sine,1.0,dropout,L4 slip,0.4239757898491301,0.3671783307709511,1.1546863044965738
capacity,9101,sine,1.0,intermittent,intact,0.2841507837926476,0.24948996497834885,1.1389267051975684
capacity,9101,sine,1.0,intermittent,L4 failure,1.0302870777157982,1.10574783202207,0.9317559102347256
capacity,9101,sine,1.0,intermittent,L4 slip,0.4239757898491301,0.358883167194514,1.1813755244177724
capacity,9101,sine,1.0,delayed,intact,0.2841507837926476,0.3396730259534698,0.836542092193014
capacity,9101,sine,1.0,delayed,L4 failure,1.0302870777157982,1.0622395937080467,0.969919671436169
capacity,9101,sine,1.0,delayed,L4 slip,0.4239757898491301,0.46249268541994154,0.9167189086767107
capacity,9101,sine,1.0,noisy,intact,0.2841507837926476,0.35831649804072824,0.7930161891690218
capacity,9101,sine,1.0,noisy,L4 failure,1.0302870777157982,1.1251775025065978,0.9156662619192005
capacity,9101,sine,1.0,noisy,L4 slip,0.4239757898491301,0.5217128115013377,0.812661258267841
capacity,9101,sine,1.0,stuck,intact,0.2841507837926476,0.5676519973732599,0.5005721553126221
capacity,9101,sine,1.0,stuck,L4 failure,1.0302870777157982,1.6096157004442617,0.6400826467034547
capacity,9101,sine,1.0,stuck,L4 slip,0.4239757898491301,0.7434374840742173,0.570291112476116
capacity,9101,chirp,0.0,dropout,intact,1.189615469732019,1.189615469732019,1.0
capacity,9101,chirp,0.0,dropout,L4 failure,2.6172891188398197,2.6172891188398197,1.0
capacity,9101,chirp,0.0,dropout,L4 slip,1.5982755661525843,1.5982755661525843,1.0
capacity,9101,chirp,0.0,intermittent,intact,1.189615469732019,1.189615469732019,1.0
capacity,9101,chirp,0.0,intermittent,L4 failure,2.6172891188398197,2.6172891188398197,1.0
capacity,9101,chirp,0.0,intermittent,L4 slip,1.5982755661525843,1.5982755661525843,1.0
capacity,9101,chirp,0.0,delayed,intact,1.189615469732019,1.189615469732019,1.0
capacity,9101,chirp,0.0,delayed,L4 failure,2.6172891188398197,2.6172891188398197,1.0
capacity,9101,chirp,0.0,delayed,L4 slip,1.5982755661525843,1.5982755661525843,1.0
capacity,9101,chirp,0.0,noisy,intact,1.189615469732019,1.189615469732019,1.0
capacity,9101,chirp,0.0,noisy,L4 failure,2.6172891188398197,2.6172891188398197,1.0
capacity,9101,chirp,0.0,noisy,L4 slip,1.5982755661525843,1.5982755661525843,1.0
capacity,9101,chirp,0.0,stuck,intact,1.189615469732019,1.189615469732019,1.0
capacity,9101,chirp,0.0,stuck,L4 failure,2.6172891188398197,2.6172891188398197,1.0
capacity,9101,chirp,0.0,stuck,L4 slip,1.5982755661525843,1.5982755661525843,1.0
capacity,9101,chirp,0.025,dropout,intact,0.9686394683827849,1.0338149333479254,0.9369563517968588
capacity,9101,chirp,0.025,dropout,L4 failure,2.340776026362096,2.4473384849058535,0.956457817665603
capacity,9101,chirp,0.025,dropout,L4 slip,1.348427860182592,1.4318234708875666,0.9417556616436251
capacity,9101,chirp,0.025,intermittent,intact,0.9686394683827849,1.1124473271022863,0.87072838846753
capacity,9101,chirp,0.025,intermittent,L4 failure,2.340776026362096,2.5240789306096985,0.9273782994562199
capacity,9101,chirp,0.025,intermittent,L4 slip,1.348427860182592,1.512942215604145,0.891261970401256
capacity,9101,chirp,0.025,delayed,intact,0.9686394683827849,0.9849081316288227,0.9834820500272111
capacity,9101,chirp,0.025,delayed,L4 failure,2.340776026362096,2.3638098572266157,0.990255632958759
capacity,9101,chirp,0.025,delayed,L4 slip,1.348427860182592,1.3679505892696675,0.9857284837331015
capacity,9101,chirp,0.025,noisy,intact,0.9686394683827849,0.9616435108899122,1.0072750009890865
capacity,9101,chirp,0.025,noisy,L4 failure,2.340776026362096,2.3355827511088783,1.0022235458156008
capacity,9101,chirp,0.025,noisy,L4 slip,1.348427860182592,1.3429320098152915,1.0040924263679265
capacity,9101,chirp,0.025,stuck,intact,0.9686394683827849,0.9749135036597802,0.9935645211052643
capacity,9101,chirp,0.025,stuck,L4 failure,2.340776026362096,2.3705007146075294,0.9874605866759443
capacity,9101,chirp,0.025,stuck,L4 slip,1.348427860182592,1.3633372959550574,0.9890640153271676
capacity,9101,chirp,0.05,dropout,intact,0.7816337950408953,0.890473014935354,0.8777737022133566
capacity,9101,chirp,0.05,dropout,L4 failure,2.0896171473978904,2.2901311784851126,0.9124443032036884
capacity,9101,chirp,0.05,dropout,L4 slip,1.1348310215123243,1.2782173945726565,0.8878231718100893
capacity,9101,chirp,0.05,intermittent,intact,0.7816337950408953,1.03904618530843,0.752260877420839
capacity,9101,chirp,0.05,intermittent,L4 failure,2.0896171473978904,2.433201317881295,0.8587933649556874
capacity,9101,chirp,0.05,intermittent,L4 slip,1.1348310215123243,1.4314896637490846,0.7927622883005605
capacity,9101,chirp,0.05,delayed,intact,0.7816337950408953,0.8071638579063981,0.9683706565706224
capacity,9101,chirp,0.05,delayed,L4 failure,2.0896171473978904,2.129750895741207,0.9811556607753654
capacity,9101,chirp,0.05,delayed,L4 slip,1.1348310215123243,1.1660736909492413,0.9732069510877276
capacity,9101,chirp,0.05,noisy,intact,0.7816337950408953,0.7692255741353043,1.0161307961186017
capacity,9101,chirp,0.05,noisy,L4 failure,2.0896171473978904,2.080365443228301,1.0044471533593793
capacity,9101,chirp,0.05,noisy,L4 slip,1.1348310215123243,1.1250406948036418,1.0087021978439557
capacity,9101,chirp,0.05,stuck,intact,0.7816337950408953,0.7855852030119695,0.9949701089634524
capacity,9101,chirp,0.05,stuck,L4 failure,2.0896171473978904,2.14656064000797,0.9734722180455763
capacity,9101,chirp,0.05,stuck,L4 slip,1.1348310215123243,1.15397443296424,0.9834108877068085
capacity,9101,chirp,0.1,dropout,intact,0.5078384070664577,0.6416432748314367,0.7914653312619379
capacity,9101,chirp,0.1,dropout,L4 failure,1.6773416248934019,2.012562053205596,0.8334359788915542
capacity,9101,chirp,0.1,dropout,L4 slip,0.8085975638921937,1.0086759186233016,0.8016425781194556
capacity,9101,chirp,0.1,intermittent,intact,0.5078384070664577,0.9033233501542661,0.5621889514753836
capacity,9101,chirp,0.1,intermittent,L4 failure,1.6773416248934019,2.259752038751448,0.7422679993775609
capacity,9101,chirp,0.1,intermittent,L4 slip,0.8085975638921937,1.2801611918965543,0.6316373039665882
capacity,9101,chirp,0.1,delayed,intact,0.5078384070664577,0.5354895681905496,0.9483628388550559
capacity,9101,chirp,0.1,delayed,L4 failure,1.6773416248934019,1.7322221546827894,0.9683178455828967
capacity,9101,chirp,0.1,delayed,L4 slip,0.8085975638921937,0.8452981760389271,0.9565826436314903
capacity,9101,chirp,0.1,noisy,intact,0.5078384070664577,0.4905785663760325,1.035182622873082
capacity,9101,chirp,0.1,noisy,L4 failure,1.6773416248934019,1.6617237014124218,1.009398628344595
capacity,9101,chirp,0.1,noisy,L4 slip,0.8085975638921937,0.7950110149326604,1.0170897619081218
capacity,9101,chirp,0.1,stuck,intact,0.5078384070664577,0.49779271655221624,1.0201804690591283
capacity,9101,chirp,0.1,stuck,L4 failure,1.6773416248934019,1.7671923467887822,0.9491562296211554
capacity,9101,chirp,0.1,stuck,L4 slip,0.8085975638921937,0.814394773909029,0.9928815726689783
capacity,9101,chirp,0.2,dropout,intact,0.3627453749437731,0.337040249716586,1.0762672269819473
capacity,9101,chirp,0.2,dropout,L4 failure,1.1973332214196764,1.5920352124404304,0.7520770973302057
capacity,9101,chirp,0.2,dropout,L4 slip,0.5043810010631017,0.6193803267936135,0.8143316460730415
capacity,9101,chirp,0.2,intermittent,intact,0.3627453749437731,0.675246792013581,0.5372041440760779
capacity,9101,chirp,0.2,intermittent,L4 failure,1.1973332214196764,1.9511691358997372,0.6136491190793428
capacity,9101,chirp,0.2,intermittent,L4 slip,0.5043810010631017,1.0224725449286214,0.49329539806695977
capacity,9101,chirp,0.2,delayed,intact,0.3627453749437731,0.3804787722104599,0.9533918879004434
capacity,9101,chirp,0.2,delayed,L4 failure,1.1973332214196764,1.2317740721197965,0.972039636586237
capacity,9101,chirp,0.2,delayed,L4 slip,0.5043810010631017,0.5229795181473238,0.9644373891541526
capacity,9101,chirp,0.2,noisy,intact,0.3627453749437731,0.3591959413172036,1.0098816083877602
capacity,9101,chirp,0.2,noisy,L4 failure,1.1973332214196764,1.1852343593744703,1.0102079913137108
capacity,9101,chirp,0.2,noisy,L4 slip,0.5043810010631017,0.49819241277848236,1.0124220845719123
capacity,9101,chirp,0.2,stuck,intact,0.3627453749437731,0.44605292778234984,0.8132339288685795
capacity,9101,chirp,0.2,stuck,L4 failure,1.1973332214196764,1.2624855869254088,0.9483935767818141
capacity,9101,chirp,0.2,stuck,L4 slip,0.5043810010631017,0.5150024081900652,0.979376004931139
capacity,9101,chirp,0.4,dropout,intact,0.4290652648835726,0.5240355417209386,0.8187713059967602
capacity,9101,chirp,0.4,dropout,L4 failure,0.9356082119129846,1.1628110088392067,0.8046090076554825
capacity,9101,chirp,0.4,dropout,L4 slip,0.4706239798182576,0.4617513749060759,1.0192151131417562
capacity,9101,chirp,0.4,intermittent,intact,0.4290652648835726,0.4049655538924529,1.0595105207331286
capacity,9101,chirp,0.4,intermittent,L4 failure,0.9356082119129846,1.4907997901012613,0.6275881027924174
capacity,9101,chirp,0.4,intermittent,L4 slip,0.4706239798182576,0.6734320796428463,0.6988440171544134
capacity,9101,chirp,0.4,delayed,intact,0.4290652648835726,0.4858399819187532,0.8831411181703135
capacity,9101,chirp,0.4,delayed,L4 failure,0.9356082119129846,0.9305214778529365,1.0054665412686499
capacity,9101,chirp,0.4,delayed,L4 slip,0.4706239798182576,0.5051664233298485,0.9316216559210302
capacity,9101,chirp,0.4,noisy,intact,0.4290652648835726,0.42628057989191354,1.0065325166639427
capacity,9101,chirp,0.4,noisy,L4 failure,0.9356082119129846,0.9537615350472162,0.9809666017477494
capacity,9101,chirp,0.4,noisy,L4 slip,0.4706239798182576,0.4757846437177286,0.989153361783293
capacity,9101,chirp,0.4,stuck,intact,0.4290652648835726,0.7150162559839437,0.6000776364072031
capacity,9101,chirp,0.4,stuck,L4 failure,0.9356082119129846,0.9386080171557699,0.9968039850630346
capacity,9101,chirp,0.4,stuck,L4 slip,0.4706239798182576,0.661431709065302,0.7115231600905811
capacity,9101,chirp,1.0,dropout,intact,0.3034262622702907,0.7769316365172394,0.3905443516632469
capacity,9101,chirp,1.0,dropout,L4 failure,0.933906519966383,1.0395249436987408,0.8983974128061264
capacity,9101,chirp,1.0,dropout,L4 slip,0.4317484619880402,0.657775861499847,0.6563762631902852
capacity,9101,chirp,1.0,intermittent,intact,0.3034262622702907,0.43065081848019426,0.7045760724224546
capacity,9101,chirp,1.0,intermittent,L4 failure,0.933906519966383,0.9899160256833136,0.9434199424357549
capacity,9101,chirp,1.0,intermittent,L4 slip,0.4317484619880402,0.4857576252440216,0.8888145847862917
capacity,9101,chirp,1.0,delayed,intact,0.3034262622702907,0.3476665865644173,0.872750715761034
capacity,9101,chirp,1.0,delayed,L4 failure,0.933906519966383,0.9523342622296619,0.980649921992584
capacity,9101,chirp,1.0,delayed,L4 slip,0.4317484619880402,0.4624607490454288,0.9335894189489978
capacity,9101,chirp,1.0,noisy,intact,0.3034262622702907,0.34154741499077435,0.8883869382483444
capacity,9101,chirp,1.0,noisy,L4 failure,0.933906519966383,1.0173625685762473,0.9179682335603744
capacity,9101,chirp,1.0,noisy,L4 slip,0.4317484619880402,0.5048026651319919,0.8552816611519868
capacity,9101,chirp,1.0,stuck,intact,0.3034262622702907,0.39972640858356406,0.7590848534263367
capacity,9101,chirp,1.0,stuck,L4 failure,0.933906519966383,1.0994945677066386,0.8493962111284965
capacity,9101,chirp,1.0,stuck,L4 slip,0.4317484619880402,0.45718966486191137,0.9443530665078455
capacity,9102,straight,0.0,dropout,intact,0.3029222899014603,0.3029222899014603,1.0
capacity,9102,straight,0.0,dropout,L4 failure,1.1378580631792286,1.1378580631792286,1.0
capacity,9102,straight,0.0,dropout,L4 slip,0.29678101823835534,0.29678101823835534,1.0
capacity,9102,straight,0.0,intermittent,intact,0.3029222899014603,0.3029222899014603,1.0
capacity,9102,straight,0.0,intermittent,L4 failure,1.1378580631792286,1.1378580631792286,1.0
capacity,9102,straight,0.0,intermittent,L4 slip,0.29678101823835534,0.29678101823835534,1.0
capacity,9102,straight,0.0,delayed,intact,0.3029222899014603,0.3029222899014603,1.0
capacity,9102,straight,0.0,delayed,L4 failure,1.1378580631792286,1.1378580631792286,1.0
capacity,9102,straight,0.0,delayed,L4 slip,0.29678101823835534,0.29678101823835534,1.0
capacity,9102,straight,0.0,noisy,intact,0.3029222899014603,0.3029222899014603,1.0
capacity,9102,straight,0.0,noisy,L4 failure,1.1378580631792286,1.1378580631792286,1.0
capacity,9102,straight,0.0,noisy,L4 slip,0.29678101823835534,0.29678101823835534,1.0
capacity,9102,straight,0.0,stuck,intact,0.3029222899014603,0.3029222899014603,1.0
capacity,9102,straight,0.0,stuck,L4 failure,1.1378580631792286,1.1378580631792286,1.0
capacity,9102,straight,0.0,stuck,L4 slip,0.29678101823835534,0.29678101823835534,1.0
capacity,9102,straight,0.025,dropout,intact,0.29972293804113603,0.31159380629532973,0.9619027464142132
capacity,9102,straight,0.025,dropout,L4 failure,1.0927645864717597,1.1221040391748092,0.9738531796707321
capacity,9102,straight,0.025,dropout,L4 slip,0.28645560849422486,0.28871931621376845,0.9921594864201343
capacity,9102,straight,0.025,intermittent,intact,0.29972293804113603,0.301775172088638,0.9931994602693849
capacity,9102,straight,0.025,intermittent,L4 failure,1.0927645864717597,1.122351992771814,0.9736380329071419
capacity,9102,straight,0.025,intermittent,L4 slip,0.28645560849422486,0.29323328259124,0.9768864092195734
capacity,9102,straight,0.025,delayed,intact,0.29972293804113603,0.30136598055180075,0.994548015978259
capacity,9102,straight,0.025,delayed,L4 failure,1.0927645864717597,1.0978829933497227,0.9953379304452595
capacity,9102,straight,0.025,delayed,L4 slip,0.28645560849422486,0.28714590989764605,0.9975959908199032
capacity,9102,straight,0.025,noisy,intact,0.29972293804113603,0.30595541849211577,0.9796294490168006
capacity,9102,straight,0.025,noisy,L4 failure,1.0927645864717597,1.0877022982815756,1.0046541118816994
capacity,9102,straight,0.025,noisy,L4 slip,0.28645560849422486,0.2847631084658547,1.0059435368488863
capacity,9102,straight,0.025,stuck,intact,0.29972293804113603,0.3067271237598396,0.977164765760371
capacity,9102,straight,0.025,stuck,L4 failure,1.0927645864717597,1.108238492173269,0.986037386527547
capacity,9102,straight,0.025,stuck,L4 slip,0.28645560849422486,0.2871019805666453,0.997748632485416
capacity,9102,straight,0.05,dropout,intact,0.2941667535963627,0.31848411270042815,0.9236465552461048
capacity,9102,straight,0.05,dropout,L4 failure,1.0541811160516974,1.108034380026337,0.9513974792250042
capacity,9102,straight,0.05,dropout,L4 slip,0.2795631326055813,0.28243124241209683,0.9898449272749696
capacity,9102,straight,0.05,intermittent,intact,0.2941667535963627,0.30037086763547094,0.9793451539160664
capacity,9102,straight,0.05,intermittent,L4 failure,1.0541811160516974,1.107667475308451,0.9517126209362974
capacity,9102,straight,0.05,intermittent,L4 slip,0.2795631326055813,0.29008946818205833,0.9637134859033533
capacity,9102,straight,0.05,delayed,intact,0.2941667535963627,0.29765280731859783,0.988288187994465
capacity,9102,straight,0.05,delayed,L4 failure,1.0541811160516974,1.0629860367572497,0.9917168049239737
capacity,9102,straight,0.05,delayed,L4 slip,0.2795631326055813,0.28047543175131506,0.9967473117340893
capacity,9102,straight,0.05,noisy,intact,0.2941667535963627,0.3051216186804318,0.9640967259827542
capacity,9102,straight,0.05,noisy,L4 failure,1.0541811160516974,1.0454926402381777,1.008310413176644
capacity,9102,straight,0.05,noisy,L4 slip,0.2795631326055813,0.277472440706425,1.0075347731610156
capacity,9102,straight,0.05,stuck,intact,0.2941667535963627,0.3078259866406268,0.955626770847613
capacity,9102,straight,0.05,stuck,L4 failure,1.0541811160516974,1.0818444728680805,0.9744294512657214
capacity,9102,straight,0.05,stuck,L4 slip,0.2795631326055813,0.28027005551211354,0.9974777080439773
capacity,9102,straight,0.1,dropout,intact,0.27796940093438166,0.32758582885271165,0.8485391505117933
capacity,9102,straight,0.1,dropout,L4 failure,0.9930054091165313,1.08421874816642,0.9158718301042622
capacity,9102,straight,0.1,dropout,L4 slip,0.27215672283214953,0.27389190279510356,0.9936647270501746
capacity,9102,straight,0.1,intermittent,intact,0.27796940093438166,0.2968518334979535,0.9363910529334762
capacity,9102,straight,0.1,intermittent,L4 failure,0.9930054091165313,1.0806501208671095,0.9188963106021286
capacity,9102,straight,0.1,intermittent,L4 slip,0.27215672283214953,0.2848659610727816,0.9553851987342744
capacity,9102,straight,0.1,delayed,intact,0.27796940093438166,0.2851678282664927,0.9747572249791656
capacity,9102,straight,0.1,delayed,L4 failure,0.9930054091165313,1.0060686909452925,0.9870155169857369
capacity,9102,straight,0.1,delayed,L4 slip,0.27215672283214953,0.27299732211479194,0.9969208515448773
capacity,9102,straight,0.1,noisy,intact,0.27796940093438166,0.2944878396197822,0.94390790904396
capacity,9102,straight,0.1,noisy,L4 failure,0.9930054091165313,0.9804357287878801,1.0128205041488965
capacity,9102,straight,0.1,noisy,L4 slip,0.27215672283214953,0.27133070264144454,1.0030443299732155
capacity,9102,straight,0.1,stuck,intact,0.27796940093438166,0.30334256971951684,0.9163547377850848
capacity,9102,straight,0.1,stuck,L4 failure,0.9930054091165313,1.0371586262074215,0.9574286748668859
capacity,9102,straight,0.1,stuck,L4 slip,0.27215672283214953,0.27236355110076377,0.9992406169335862
capacity,9102,straight,0.2,dropout,intact,0.23538167541040095,0.33123438459416876,0.7106196891327953
capacity,9102,straight,0.2,dropout,L4 failure,0.915507254796022,1.0497625790393483,0.8721088683060267
capacity,9102,straight,0.2,dropout,L4 slip,0.26760532723828706,0.2663169138904382,1.0048378953068633
capacity,9102,straight,0.2,intermittent,intact,0.23538167541040095,0.2873726534192776,0.8190816788227179
capacity,9102,straight,0.2,intermittent,L4 failure,0.915507254796022,1.0351478349500591,0.8844217452671297
capacity,9102,straight,0.2,intermittent,L4 slip,0.26760532723828706,0.2777608655934613,0.9634378358755614
capacity,9102,straight,0.2,delayed,intact,0.23538167541040095,0.24787817062881395,0.9495861406968106
capacity,9102,straight,0.2,delayed,L4 failure,0.915507254796022,0.9303142079881876,0.9840839223296548
capacity,9102,straight,0.2,delayed,L4 slip,0.26760532723828706,0.2683248103017305,0.9973186114894319
capacity,9102,straight,0.2,noisy,intact,0.23538167541040095,0.251772813309918,0.9348971094852068
capacity,9102,straight,0.2,noisy,L4 failure,0.915507254796022,0.9035470976327504,1.0132368940087424
capacity,9102,straight,0.2,noisy,L4 slip,0.26760532723828706,0.2716599972350223,0.9850744679452108
capacity,9102,straight,0.2,stuck,intact,0.23538167541040095,0.2759871312534503,0.8528719231993476
capacity,9102,straight,0.2,stuck,L4 failure,0.915507254796022,0.9716342500509889,0.9422344413527811
capacity,9102,straight,0.2,stuck,L4 slip,0.26760532723828706,0.2669891476031274,1.0023078827011935
capacity,9102,straight,0.4,dropout,intact,0.152627941853053,0.3055472582453195,0.49952319235183656
capacity,9102,straight,0.4,dropout,L4 failure,0.8499702407005663,1.01139273177038,0.840395836356018
capacity,9102,straight,0.4,dropout,L4 slip,0.26482515272263235,0.26296474141571374,1.0070747557140276
capacity,9102,straight,0.4,intermittent,intact,0.152627941853053,0.2614652525122276,0.5837408236335927
capacity,9102,straight,0.4,intermittent,L4 failure,0.8499702407005663,0.9716510853149746,0.8747689922304118
capacity,9102,straight,0.4,intermittent,L4 slip,0.26482515272263235,0.27142677968942197,0.9756780558854823
capacity,9102,straight,0.4,delayed,intact,0.152627941853053,0.1640879760765989,0.9301592078983523
capacity,9102,straight,0.4,delayed,L4 failure,0.8499702407005663,0.8616860580003392,0.9864036127879786
capacity,9102,straight,0.4,delayed,L4 slip,0.26482515272263235,0.2655769688293,0.9971691215922007
capacity,9102,straight,0.4,noisy,intact,0.152627941853053,0.15024852421306623,1.0158365458326402
capacity,9102,straight,0.4,noisy,L4 failure,0.8499702407005663,0.852876683580352,0.9965921886062302
capacity,9102,straight,0.4,noisy,L4 slip,0.26482515272263235,0.28494388493634454,0.9293940551901767
capacity,9102,straight,0.4,stuck,intact,0.152627941853053,0.19288932691397348,0.7912720952213359
capacity,9102,straight,0.4,stuck,L4 failure,0.8499702407005663,0.8938214102215412,0.950939674280004
capacity,9102,straight,0.4,stuck,L4 slip,0.26482515272263235,0.2630240235873208,1.0068477742479427
capacity,9102,straight,1.0,dropout,intact,0.065441268195108,0.19829102079264496,0.3300263820999773
capacity,9102,straight,1.0,dropout,L4 failure,0.81648508535596,0.9597855652390447,0.8506953166696206
capacity,9102,straight,1.0,dropout,L4 slip,0.2644543804573166,0.2611349311852209,1.0127116248179806
capacity,9102,straight,1.0,intermittent,intact,0.065441268195108,0.16861614423798305,0.38810796256107527
capacity,9102,straight,1.0,intermittent,L4 failure,0.81648508535596,0.901115502426889,0.9060826088964157
capacity,9102,straight,1.0,intermittent,L4 slip,0.2644543804573166,0.26791136752285916,0.9870965271182546
capacity,9102,straight,1.0,delayed,intact,0.065441268195108,0.06565663231185896,0.9967198421672312
capacity,9102,straight,1.0,delayed,L4 failure,0.81648508535596,0.8253670840001156,0.9892387292680618
capacity,9102,straight,1.0,delayed,L4 slip,0.2644543804573166,0.26709054689262385,0.9901300646317257
capacity,9102,straight,1.0,noisy,intact,0.065441268195108,0.17609335188336,0.37162827270421156
capacity,9102,straight,1.0,noisy,L4 failure,0.81648508535596,0.9165774773934456,0.8907976744943292
capacity,9102,straight,1.0,noisy,L4 slip,0.2644543804573166,0.41414741474228156,0.638551325068353
capacity,9102,straight,1.0,stuck,intact,0.065441268195108,0.07899959517290128,0.8283747284005816
capacity,9102,straight,1.0,stuck,L4 failure,0.81648508535596,0.8113873648402354,1.0062827210979903
capacity,9102,straight,1.0,stuck,L4 slip,0.2644543804573166,0.26130706453043934,1.0120445114353602
capacity,9102,s_lr,0.0,dropout,intact,0.6664706285571678,0.6664706285571678,1.0
capacity,9102,s_lr,0.0,dropout,L4 failure,1.85022827972142,1.85022827972142,1.0
capacity,9102,s_lr,0.0,dropout,L4 slip,1.0625337215724007,1.0625337215724007,1.0
capacity,9102,s_lr,0.0,intermittent,intact,0.6664706285571678,0.6664706285571678,1.0
capacity,9102,s_lr,0.0,intermittent,L4 failure,1.85022827972142,1.85022827972142,1.0
capacity,9102,s_lr,0.0,intermittent,L4 slip,1.0625337215724007,1.0625337215724007,1.0
capacity,9102,s_lr,0.0,delayed,intact,0.6664706285571678,0.6664706285571678,1.0
capacity,9102,s_lr,0.0,delayed,L4 failure,1.85022827972142,1.85022827972142,1.0
capacity,9102,s_lr,0.0,delayed,L4 slip,1.0625337215724007,1.0625337215724007,1.0
capacity,9102,s_lr,0.0,noisy,intact,0.6664706285571678,0.6664706285571678,1.0
capacity,9102,s_lr,0.0,noisy,L4 failure,1.85022827972142,1.85022827972142,1.0
capacity,9102,s_lr,0.0,noisy,L4 slip,1.0625337215724007,1.0625337215724007,1.0
capacity,9102,s_lr,0.0,stuck,intact,0.6664706285571678,0.6664706285571678,1.0
capacity,9102,s_lr,0.0,stuck,L4 failure,1.85022827972142,1.85022827972142,1.0
capacity,9102,s_lr,0.0,stuck,L4 slip,1.0625337215724007,1.0625337215724007,1.0
capacity,9102,s_lr,0.025,dropout,intact,0.5559414199407078,0.6202108630914968,0.8963748509169411
capacity,9102,s_lr,0.025,dropout,L4 failure,1.7042620101481591,1.8024226006220716,0.945539636242891
capacity,9102,s_lr,0.025,dropout,L4 slip,0.9329468334064324,1.0123754505927507,0.9215423318099896
capacity,9102,s_lr,0.025,intermittent,intact,0.5559414199407078,0.6279461002704523,0.8853330241262227
capacity,9102,s_lr,0.025,intermittent,L4 failure,1.7042620101481591,1.7999715495459725,0.9468271932287178
capacity,9102,s_lr,0.025,intermittent,L4 slip,0.9329468334064324,1.0170100385251981,0.9173427970871667
capacity,9102,s_lr,0.025,delayed,intact,0.5559414199407078,0.5650071758839198,0.9839546180470554
capacity,9102,s_lr,0.025,delayed,L4 failure,1.7042620101481591,1.7183665556535686,0.9917918877907602
capacity,9102,s_lr,0.025,delayed,L4 slip,0.9329468334064324,0.9443934410032255,0.9878794079884402
capacity,9102,s_lr,0.025,noisy,intact,0.5559414199407078,0.54780369323421,1.0148551877378793
capacity,9102,s_lr,0.025,noisy,L4 failure,1.7042620101481591,1.6986014087917414,1.003332507159784
capacity,9102,s_lr,0.025,noisy,L4 slip,0.9329468334064324,0.9262525435682047,1.0072272836222822
capacity,9102,s_lr,0.025,stuck,intact,0.5559414199407078,0.5696071705783388,0.9760084645287106
capacity,9102,s_lr,0.025,stuck,L4 failure,1.7042620101481591,1.737503604442604,0.9808681868575986
capacity,9102,s_lr,0.025,stuck,L4 slip,0.9329468334064324,0.9548950691793046,0.9770150286860986
capacity,9102,s_lr,0.05,dropout,intact,0.4591364342967007,0.5770585934185687,0.7956495917974602
capacity,9102,s_lr,0.05,dropout,L4 failure,1.572570128652614,1.7576651971904127,0.8946926474770799
capacity,9102,s_lr,0.05,dropout,L4 slip,0.8198839391627665,0.9655327868844706,0.8491518364781003
capacity,9102,s_lr,0.05,intermittent,intact,0.4591364342967007,0.5911298623735972,0.7767099304594496
capacity,9102,s_lr,0.05,intermittent,L4 failure,1.572570128652614,1.7516383179713735,0.8977710252844069
capacity,9102,s_lr,0.05,intermittent,L4 slip,0.8198839391627665,0.9736700719201424,0.8420551918021888
capacity,9102,s_lr,0.05,delayed,intact,0.4591364342967007,0.4743137742730763,0.9680014775037135
capacity,9102,s_lr,0.05,delayed,L4 failure,1.572570128652614,1.597787131121263,0.9842175456432968
capacity,9102,s_lr,0.05,delayed,L4 slip,0.8198839391627665,0.8392344492268732,0.9769426647322057
capacity,9102,s_lr,0.05,noisy,intact,0.4591364342967007,0.44487610191884486,1.0320546154678751
capacity,9102,s_lr,0.05,noisy,L4 failure,1.572570128652614,1.5621101058323148,1.006696085494387
capacity,9102,s_lr,0.05,noisy,L4 slip,0.8198839391627665,0.8083387799788724,1.014282574917655
capacity,9102,s_lr,0.05,stuck,intact,0.4591364342967007,0.4808080352053527,0.9549267081208489
capacity,9102,s_lr,0.05,stuck,L4 failure,1.572570128652614,1.6334066526625115,0.9627548204785796
capacity,9102,s_lr,0.05,stuck,L4 slip,0.8198839391627665,0.8565922492218357,0.9571461099578982
capacity,9102,s_lr,0.1,dropout,intact,0.3435966436702018,0.49919456833227754,0.688302047873034
capacity,9102,s_lr,0.1,dropout,L4 failure,1.358509316108751,1.6763937914529479,0.8103760125067732
capacity,9102,s_lr,0.1,dropout,L4 slip,0.6430663420802801,0.8808721094752221,0.730033719041673
capacity,9102,s_lr,0.1,intermittent,intact,0.3435966436702018,0.5224991629275899,0.6576022854180512
capacity,9102,s_lr,0.1,intermittent,L4 failure,1.358509316108751,1.6608421614065165,0.8179641314971622
capacity,9102,s_lr,0.1,intermittent,L4 slip,0.6430663420802801,0.8934077115143204,0.7197904537786972
capacity,9102,s_lr,0.1,delayed,intact,0.3435966436702018,0.35652131479533195,0.9637478305257856
capacity,9102,s_lr,0.1,delayed,L4 failure,1.358509316108751,1.395694062754042,0.9733575232297568
capacity,9102,s_lr,0.1,delayed,L4 slip,0.6430663420802801,0.6690756530519117,0.9611265021332145
capacity,9102,s_lr,0.1,noisy,intact,0.3435966436702018,0.3296428538657171,1.0423300236630304
capacity,9102,s_lr,0.1,noisy,L4 failure,1.358509316108751,1.3398820018697029,1.013902204980032
capacity,9102,s_lr,0.1,noisy,L4 slip,0.6430663420802801,0.6266916716241248,1.0261287507040249
capacity,9102,s_lr,0.1,stuck,intact,0.3435966436702018,0.35481573122707505,0.9683805238339525
capacity,9102,s_lr,0.1,stuck,L4 failure,1.358509316108751,1.4499939409660694,0.9369068916271704
capacity,9102,s_lr,0.1,stuck,L4 slip,0.6430663420802801,0.6887661867158106,0.9336496977973942
capacity,9102,s_lr,0.2,dropout,intact,0.37456395933730263,0.37218185606518117,1.0064003745300907
capacity,9102,s_lr,0.2,dropout,L4 failure,1.0996006473053088,1.5414140684406157,0.7133713580399126
capacity,9102,s_lr,0.2,dropout,L4 slip,0.5034170244741158,0.742184073959322,0.6782913324837895
capacity,9102,s_lr,0.2,intermittent,intact,0.37456395933730263,0.4057385671703389,0.9231657763015947
capacity,9102,s_lr,0.2,intermittent,L4 failure,1.0996006473053088,1.5040527997754674,0.7310917857866843
capacity,9102,s_lr,0.2,intermittent,L4 slip,0.5034170244741158,0.7578334441255451,0.6642845184208025
capacity,9102,s_lr,0.2,delayed,intact,0.37456395933730263,0.38223293473963094,0.9799363824900326
capacity,9102,s_lr,0.2,delayed,L4 failure,1.0996006473053088,1.1356237405875755,0.968279024121468
capacity,9102,s_lr,0.2,delayed,L4 slip,0.5034170244741158,0.5210530822506542,0.9661530497039562
capacity,9102,s_lr,0.2,noisy,intact,0.37456395933730263,0.36506974440219847,1.0260065784159982
capacity,9102,s_lr,0.2,noisy,L4 failure,1.0996006473053088,1.0773111556138346,1.020689929344298
capacity,9102,s_lr,0.2,noisy,L4 slip,0.5034170244741158,0.4892451479906308,1.028966820706736
capacity,9102,s_lr,0.2,stuck,intact,0.37456395933730263,0.3903889541088493,0.9594635181016564
capacity,9102,s_lr,0.2,stuck,L4 failure,1.0996006473053088,1.177132310211428,0.934135133125185
capacity,9102,s_lr,0.2,stuck,L4 slip,0.5034170244741158,0.5139553241029164,0.9794956893438264
capacity,9102,s_lr,0.4,dropout,intact,0.4978004091619922,0.26946316410331433,1.8473783265275232
capacity,9102,s_lr,0.4,dropout,L4 failure,0.9631561144305973,1.3494204931356784,0.7137553633800907
capacity,9102,s_lr,0.4,dropout,L4 slip,0.5611946945988487,0.5557029518262327,1.0098825150281607
capacity,9102,s_lr,0.4,intermittent,intact,0.4978004091619922,0.3461666533451308,1.438036865629808
capacity,9102,s_lr,0.4,intermittent,L4 failure,0.9631561144305973,1.294031692575204,0.7443064338817362
capacity,9102,s_lr,0.4,intermittent,L4 slip,0.5611946945988487,0.58702929888824,0.9559909457018266
capacity,9102,s_lr,0.4,delayed,intact,0.4978004091619922,0.5236386230718073,0.9506564016262951
capacity,9102,s_lr,0.4,delayed,L4 failure,0.9631561144305973,0.9854504550583897,0.9773764977088865
capacity,9102,s_lr,0.4,delayed,L4 slip,0.5611946945988487,0.5868108745291281,0.9563467872833229
capacity,9102,s_lr,0.4,noisy,intact,0.4978004091619922,0.47648270448644875,1.044739723970715
capacity,9102,s_lr,0.4,noisy,L4 failure,0.9631561144305973,0.9442769564689394,1.019993242271055
capacity,9102,s_lr,0.4,noisy,L4 slip,0.5611946945988487,0.5455951362625664,1.0285918207466849
capacity,9102,s_lr,0.4,stuck,intact,0.4978004091619922,0.6353147773484793,0.7835492371822189
capacity,9102,s_lr,0.4,stuck,L4 failure,0.9631561144305973,0.9771988795346445,0.985629573060159
capacity,9102,s_lr,0.4,stuck,L4 slip,0.5611946945988487,0.6428214008673322,0.8730180635580148
capacity,9102,s_lr,1.0,dropout,intact,0.5353472733687032,0.3977734849625775,1.345859625155932
capacity,9102,s_lr,1.0,dropout,L4 failure,0.9887093805032512,1.0689914428360159,0.9248992469764045
capacity,9102,s_lr,1.0,dropout,L4 slip,0.6153911711677231,0.41982801316768387,1.4658173153441507
capacity,9102,s_lr,1.0,intermittent,intact,0.5353472733687032,0.4922154165584316,1.0876280087118144
capacity,9102,s_lr,1.0,intermittent,L4 failure,0.9887093805032512,1.1488613554682106,0.8605993889491648
capacity,9102,s_lr,1.0,intermittent,L4 slip,0.6153911711677231,0.5991093669813671,1.0271766810597411
capacity,9102,s_lr,1.0,delayed,intact,0.5353472733687032,0.5895696258315583,0.9080306208340073
capacity,9102,s_lr,1.0,delayed,L4 failure,0.9887093805032512,1.0136864995974384,0.9753601146862405
capacity,9102,s_lr,1.0,delayed,L4 slip,0.6153911711677231,0.6638427178151008,0.9270135148776719
capacity,9102,s_lr,1.0,noisy,intact,0.5353472733687032,0.5161659024392445,1.0371612515255528
capacity,9102,s_lr,1.0,noisy,L4 failure,0.9887093805032512,1.0261366700071837,0.9635260189038265
capacity,9102,s_lr,1.0,noisy,L4 slip,0.6153911711677231,0.6496899962850309,0.9472073984308969
capacity,9102,s_lr,1.0,stuck,intact,0.5353472733687032,1.1103947401409286,0.4821233873106768
capacity,9102,s_lr,1.0,stuck,L4 failure,0.9887093805032512,1.3069364272777295,0.7565091613236872
capacity,9102,s_lr,1.0,stuck,L4 slip,0.6153911711677231,1.0876585972366464,0.5657944255037501
capacity,9102,s_rl,0.0,dropout,intact,1.0248851005397803,1.0248851005397803,1.0
capacity,9102,s_rl,0.0,dropout,L4 failure,0.7123760317706005,0.7123760317706005,1.0
capacity,9102,s_rl,0.0,dropout,L4 slip,0.569803285610209,0.569803285610209,1.0
capacity,9102,s_rl,0.0,intermittent,intact,1.0248851005397803,1.0248851005397803,1.0
capacity,9102,s_rl,0.0,intermittent,L4 failure,0.7123760317706005,0.7123760317706005,1.0
capacity,9102,s_rl,0.0,intermittent,L4 slip,0.569803285610209,0.569803285610209,1.0
capacity,9102,s_rl,0.0,delayed,intact,1.0248851005397803,1.0248851005397803,1.0
capacity,9102,s_rl,0.0,delayed,L4 failure,0.7123760317706005,0.7123760317706005,1.0
capacity,9102,s_rl,0.0,delayed,L4 slip,0.569803285610209,0.569803285610209,1.0
capacity,9102,s_rl,0.0,noisy,intact,1.0248851005397803,1.0248851005397803,1.0
capacity,9102,s_rl,0.0,noisy,L4 failure,0.7123760317706005,0.7123760317706005,1.0
capacity,9102,s_rl,0.0,noisy,L4 slip,0.569803285610209,0.569803285610209,1.0
capacity,9102,s_rl,0.0,stuck,intact,1.0248851005397803,1.0248851005397803,1.0
capacity,9102,s_rl,0.0,stuck,L4 failure,0.7123760317706005,0.7123760317706005,1.0
capacity,9102,s_rl,0.0,stuck,L4 slip,0.569803285610209,0.569803285610209,1.0
capacity,9102,s_rl,0.025,dropout,intact,0.9257816109738004,0.9940257165307486,0.931345734398978
capacity,9102,s_rl,0.025,dropout,L4 failure,0.724922550635862,0.7190142954364132,1.0082171595710245
capacity,9102,s_rl,0.025,dropout,L4 slip,0.49900174670816994,0.5516591979815286,0.9045471344155458
capacity,9102,s_rl,0.025,intermittent,intact,0.9257816109738004,0.991024760149944,0.9341659746561002
capacity,9102,s_rl,0.025,intermittent,L4 failure,0.724922550635862,0.716515331768122,1.0117334807714355
capacity,9102,s_rl,0.025,intermittent,L4 slip,0.49900174670816994,0.545105670266534,0.915422043700589
capacity,9102,s_rl,0.025,delayed,intact,0.9257816109738004,0.937375518394532,0.9876315231268373
capacity,9102,s_rl,0.025,delayed,L4 failure,0.724922550635862,0.7241040989183333,1.0011302956560408
capacity,9102,s_rl,0.025,delayed,L4 slip,0.49900174670816994,0.5070136948469706,0.9841977677916198
capacity,9102,s_rl,0.025,noisy,intact,0.9257816109738004,0.9310189717679187,0.9943745928354467
capacity,9102,s_rl,0.025,noisy,L4 failure,0.724922550635862,0.7235183816481634,1.0019407509516205
capacity,9102,s_rl,0.025,noisy,L4 slip,0.49900174670816994,0.5026707151111907,0.9927010500259417
capacity,9102,s_rl,0.025,stuck,intact,0.9257816109738004,0.9448185350973526,0.9798512376542331
capacity,9102,s_rl,0.025,stuck,L4 failure,0.724922550635862,0.7279598648590124,0.9958276350527392
capacity,9102,s_rl,0.025,stuck,L4 slip,0.49900174670816994,0.5116965372809714,0.9751907827239589
capacity,9102,s_rl,0.05,dropout,intact,0.8312594665214312,0.9622328424820005,0.8638859845786034
capacity,9102,s_rl,0.05,dropout,L4 failure,0.7376124523512373,0.7261800608187834,1.0157431911853427
capacity,9102,s_rl,0.05,dropout,L4 slip,0.430964719890243,0.53233571758725,0.8095731803297752
capacity,9102,s_rl,0.05,intermittent,intact,0.8312594665214312,0.9571977159492789,0.8684302654201893
capacity,9102,s_rl,0.05,intermittent,L4 failure,0.7376124523512373,0.7207316304525915,1.0234217858428738
capacity,9102,s_rl,0.05,intermittent,L4 slip,0.430964719890243,0.5205941983669191,0.8278323524199082
capacity,9102,s_rl,0.05,delayed,intact,0.8312594665214312,0.852603537922677,0.9749660065295419
capacity,9102,s_rl,0.05,delayed,L4 failure,0.7376124523512373,0.7361843729380706,1.0019398393468573
capacity,9102,s_rl,0.05,delayed,L4 slip,0.430964719890243,0.44562349128156536,0.9671050299678652
capacity,9102,s_rl,0.05,noisy,intact,0.8312594665214312,0.84035380746006,0.9891779618799894
capacity,9102,s_rl,0.05,noisy,L4 failure,0.7376124523512373,0.7351666792090288,1.0033268280668541
capacity,9102,s_rl,0.05,noisy,L4 slip,0.430964719890243,0.43725336882652305,0.9856178376551856
capacity,9102,s_rl,0.05,stuck,intact,0.8312594665214312,0.8652609225973007,0.9607038117776018
capacity,9102,s_rl,0.05,stuck,L4 failure,0.7376124523512373,0.7450607090449808,0.9900031546378406
capacity,9102,s_rl,0.05,stuck,L4 slip,0.430964719890243,0.45292218894464076,0.951520438630836
capacity,9102,s_rl,0.1,dropout,intact,0.6589946057053088,0.8965802143914594,0.7350090880073588
capacity,9102,s_rl,0.1,dropout,L4 failure,0.7626335632507326,0.7419568347876994,1.0278678320538008
capacity,9102,s_rl,0.1,dropout,L4 slip,0.3121046118142176,0.49092807217234463,0.6357440723101501
capacity,9102,s_rl,0.1,intermittent,intact,0.6589946057053088,0.8898499805273115,0.7405682082667447
capacity,9102,s_rl,0.1,intermittent,L4 failure,0.7626335632507326,0.7293579804782679,1.0456231146612596
capacity,9102,s_rl,0.1,intermittent,L4 slip,0.3121046118142176,0.4722220076796687,0.66092771352989
capacity,9102,s_rl,0.1,delayed,intact,0.6589946057053088,0.6941194459906864,0.9493965476860463
capacity,9102,s_rl,0.1,delayed,L4 failure,0.7626335632507326,0.7607379693481091,1.0024917829515567
capacity,9102,s_rl,0.1,delayed,L4 slip,0.3121046118142176,0.3316026430622716,0.9412006156887222
capacity,9102,s_rl,0.1,noisy,intact,0.6589946057053088,0.6721793712939098,0.9803850487657467
capacity,9102,s_rl,0.1,noisy,L4 failure,0.7626335632507326,0.759252849400144,1.0044526851012276
capacity,9102,s_rl,0.1,noisy,L4 slip,0.3121046118142176,0.320914133971893,0.9725486626324568
capacity,9102,s_rl,0.1,stuck,intact,0.6589946057053088,0.7100231575496165,0.9281311443130756
capacity,9102,s_rl,0.1,stuck,L4 failure,0.7626335632507326,0.7829499548932792,0.9740514811763213
capacity,9102,s_rl,0.1,stuck,L4 slip,0.3121046118142176,0.33634062242530466,0.9279420652898701
capacity,9102,s_rl,0.2,dropout,intact,0.42265857268352425,0.761294697788539,0.5551839174912052
capacity,9102,s_rl,0.2,dropout,L4 failure,0.8078208661213819,0.7781848187874748,1.0380835588389972
capacity,9102,s_rl,0.2,dropout,L4 slip,0.26758133816155477,0.40185986483568403,0.6658573338020849
capacity,9102,s_rl,0.2,intermittent,intact,0.42265857268352425,0.7578279814882067,0.5577236299107301
capacity,9102,s_rl,0.2,intermittent,L4 failure,0.8078208661213819,0.7471602117175945,1.081188282583114
capacity,9102,s_rl,0.2,intermittent,L4 slip,0.26758133816155477,0.3788630062026039,0.7062746527922042
capacity,9102,s_rl,0.2,delayed,intact,0.42265857268352425,0.4614220654619207,0.9159912460198645
capacity,9102,s_rl,0.2,delayed,L4 failure,0.8078208661213819,0.8079967459259478,0.9997823260979048
capacity,9102,s_rl,0.2,delayed,L4 slip,0.26758133816155477,0.27882055483391666,0.9596901430776626
capacity,9102,s_rl,0.2,noisy,intact,0.42265857268352425,0.43379074828552955,0.9743374526865707
capacity,9102,s_rl,0.2,noisy,L4 failure,0.8078208661213819,0.8067287668006063,1.0013537379175244
capacity,9102,s_rl,0.2,noisy,L4 slip,0.26758133816155477,0.2792715260780405,0.9581404231191869
capacity,9102,s_rl,0.2,stuck,intact,0.42265857268352425,0.4563969043104,0.9260767737286624
capacity,9102,s_rl,0.2,stuck,L4 failure,0.8078208661213819,0.8673735385177709,0.9313413774437288
capacity,9102,s_rl,0.2,stuck,L4 slip,0.26758133816155477,0.28414236744607957,0.9417157341463078
capacity,9102,s_rl,0.4,dropout,intact,0.3903550550860757,0.49896657955990165,0.7823270557125821
capacity,9102,s_rl,0.4,dropout,L4 failure,0.8706764580495128,0.8596982802940442,1.012769803089188
capacity,9102,s_rl,0.4,dropout,L4 slip,0.35867083973788816,0.2529293041661027,1.4180675541745187
capacity,9102,s_rl,0.4,intermittent,intact,0.3903550550860757,0.5182513102419367,0.7532157611021671
capacity,9102,s_rl,0.4,intermittent,L4 failure,0.8706764580495128,0.7836459193478413,1.111058497917145
capacity,9102,s_rl,0.4,intermittent,L4 slip,0.35867083973788816,0.2808292551461973,1.2771847418502293
capacity,9102,s_rl,0.4,delayed,intact,0.3903550550860757,0.4278367846719683,0.9123924568229199
capacity,9102,s_rl,0.4,delayed,L4 failure,0.8706764580495128,0.8821010691775693,0.9870484102930425
capacity,9102,s_rl,0.4,delayed,L4 slip,0.35867083973788816,0.3781949344028628,0.948375578599958
capacity,9102,s_rl,0.4,noisy,intact,0.3903550550860757,0.39673086299813953,0.9839291355759894
capacity,9102,s_rl,0.4,noisy,L4 failure,0.8706764580495128,0.8845385312819927,0.9843284687526397
capacity,9102,s_rl,0.4,noisy,L4 slip,0.35867083973788816,0.38180543787550597,0.9394073634300587
capacity,9102,s_rl,0.4,stuck,intact,0.3903550550860757,0.4873016777511433,0.8010541988846248
capacity,9102,s_rl,0.4,stuck,L4 failure,0.8706764580495128,1.0328708045670791,0.8429674400705429
capacity,9102,s_rl,0.4,stuck,L4 slip,0.35867083973788816,0.4785223646194158,0.7495383001025472
capacity,9102,s_rl,1.0,dropout,intact,0.49943390366076895,0.226338214673539,2.206582323630731
capacity,9102,s_rl,1.0,dropout,L4 failure,0.9196843334221182,1.051968294022441,0.8742510003847123
capacity,9102,s_rl,1.0,dropout,L4 slip,0.4982595299670747,0.3564132222560047,1.3979827314296003
capacity,9102,s_rl,1.0,intermittent,intact,0.49943390366076895,0.3617158053770855,1.3807356389641685
capacity,9102,s_rl,1.0,intermittent,L4 failure,0.9196843334221182,0.88952893861051,1.033900408972318
capacity,9102,s_rl,1.0,intermittent,L4 slip,0.4982595299670747,0.3859670849710671,1.2909378788204835
capacity,9102,s_rl,1.0,delayed,intact,0.49943390366076895,0.5937399909115004,0.841166017626749
capacity,9102,s_rl,1.0,delayed,L4 failure,0.9196843334221182,0.9549516684208156,0.9630689843633466
capacity,9102,s_rl,1.0,delayed,L4 slip,0.4982595299670747,0.5634628238783514,0.8842811075582977
capacity,9102,s_rl,1.0,noisy,intact,0.49943390366076895,0.49642955208189965,1.0060519192829471
capacity,9102,s_rl,1.0,noisy,L4 failure,0.9196843334221182,1.0110725691487592,0.9096125851741953
capacity,9102,s_rl,1.0,noisy,L4 slip,0.4982595299670747,0.5787934247355017,0.8608590019742717
capacity,9102,s_rl,1.0,stuck,intact,0.49943390366076895,1.1572825938917792,0.43155743143188796
capacity,9102,s_rl,1.0,stuck,L4 failure,0.9196843334221182,1.2775451612612745,0.7198840098256463
capacity,9102,s_rl,1.0,stuck,L4 slip,0.4982595299670747,1.0770197671125128,0.4626280270629639
capacity,9102,sine,0.0,dropout,intact,0.7078849283480159,0.7078849283480159,1.0
capacity,9102,sine,0.0,dropout,L4 failure,2.0733502061752476,2.0733502061752476,1.0
capacity,9102,sine,0.0,dropout,L4 slip,1.1584124706841756,1.1584124706841756,1.0
capacity,9102,sine,0.0,intermittent,intact,0.7078849283480159,0.7078849283480159,1.0
capacity,9102,sine,0.0,intermittent,L4 failure,2.0733502061752476,2.0733502061752476,1.0
capacity,9102,sine,0.0,intermittent,L4 slip,1.1584124706841756,1.1584124706841756,1.0
capacity,9102,sine,0.0,delayed,intact,0.7078849283480159,0.7078849283480159,1.0
capacity,9102,sine,0.0,delayed,L4 failure,2.0733502061752476,2.0733502061752476,1.0
capacity,9102,sine,0.0,delayed,L4 slip,1.1584124706841756,1.1584124706841756,1.0
capacity,9102,sine,0.0,noisy,intact,0.7078849283480159,0.7078849283480159,1.0
capacity,9102,sine,0.0,noisy,L4 failure,2.0733502061752476,2.0733502061752476,1.0
capacity,9102,sine,0.0,noisy,L4 slip,1.1584124706841756,1.1584124706841756,1.0
capacity,9102,sine,0.0,stuck,intact,0.7078849283480159,0.7078849283480159,1.0
capacity,9102,sine,0.0,stuck,L4 failure,2.0733502061752476,2.0733502061752476,1.0
capacity,9102,sine,0.0,stuck,L4 slip,1.1584124706841756,1.1584124706841756,1.0
capacity,9102,sine,0.025,dropout,intact,0.5413337745111644,0.5738037228248958,0.9434127960099693
capacity,9102,sine,0.025,dropout,L4 failure,1.8618794027841719,1.936611826441427,0.961410736711973
capacity,9102,sine,0.025,dropout,L4 slip,0.9669391592261183,1.016572862501675,0.9511754591270383
capacity,9102,sine,0.025,intermittent,intact,0.5413337745111644,0.6493896864616253,0.8336038988558123
capacity,9102,sine,0.025,intermittent,L4 failure,1.8618794027841719,2.002566649317728,0.929746534737564
capacity,9102,sine,0.025,intermittent,L4 slip,0.9669391592261183,1.0927654974786332,0.8848551326493769
capacity,9102,sine,0.025,delayed,intact,0.5413337745111644,0.5506142254148284,0.983145275811441
capacity,9102,sine,0.025,delayed,L4 failure,1.8618794027841719,1.877462884241351,0.991699712634545
capacity,9102,sine,0.025,delayed,L4 slip,0.9669391592261183,0.979251097899209,0.9874271893087446
capacity,9102,sine,0.025,noisy,intact,0.5413337745111644,0.5351723114205874,1.0115130453483696
capacity,9102,sine,0.025,noisy,L4 failure,1.8618794027841719,1.8570472175757946,1.0026020798839381
capacity,9102,sine,0.025,noisy,L4 slip,0.9669391592261183,0.9623358783389364,1.0047834451471638
capacity,9102,sine,0.025,stuck,intact,0.5413337745111644,0.5392892443917229,1.0037911568619315
capacity,9102,sine,0.025,stuck,L4 failure,1.8618794027841719,1.8812787937803315,0.9896881891932787
capacity,9102,sine,0.025,stuck,L4 slip,0.9669391592261183,0.9723441330495252,0.9944412953812397
capacity,9102,sine,0.05,dropout,intact,0.40882575505341573,0.4539956571528817,0.9005058718342428
capacity,9102,sine,0.05,dropout,L4 failure,1.6804094962894258,1.811568725563261,0.9275990872313968
capacity,9102,sine,0.05,dropout,L4 slip,0.8093254038186746,0.8880564048739714,0.9113445940784921
capacity,9102,sine,0.05,intermittent,intact,0.40882575505341573,0.5947828789162942,0.6873529308683264
capacity,9102,sine,0.05,intermittent,L4 failure,1.6804094962894258,1.9353079860325146,0.8682904780103531
capacity,9102,sine,0.05,intermittent,L4 slip,0.8093254038186746,1.0312735850644943,0.7847824433203732
capacity,9102,sine,0.05,delayed,intact,0.40882575505341573,0.42179139713083413,0.9692605345542488
capacity,9102,sine,0.05,delayed,L4 failure,1.6804094962894258,1.7060840577858216,0.9849511743696165
capacity,9102,sine,0.05,delayed,L4 slip,0.8093254038186746,0.8278835442798587,0.9775836340878994
capacity,9102,sine,0.05,noisy,intact,0.40882575505341573,0.39857303181578946,1.025723574901487
capacity,9102,sine,0.05,noisy,L4 failure,1.6804094962894258,1.6709736543841132,1.0056469124336915
capacity,9102,sine,0.05,noisy,L4 slip,0.8093254038186746,0.8015798324553035,1.0096628820358988
capacity,9102,sine,0.05,stuck,intact,0.40882575505341573,0.40118154787618227,1.0190542342181519
capacity,9102,sine,0.05,stuck,L4 failure,1.6804094962894258,1.7119003617759412,0.9816047322673345
capacity,9102,sine,0.05,stuck,L4 slip,0.8093254038186746,0.8127340704846929,0.9958059262066059
capacity,9102,sine,0.1,dropout,intact,0.26596009806933624,0.2738712791248964,0.9711135060206428
capacity,9102,sine,0.1,dropout,L4 failure,1.4032373999242176,1.594437766979335,0.8800828912768751
capacity,9102,sine,0.1,dropout,L4 slip,0.5840893303796152,0.6707878723533378,0.8707511785066172
capacity,9102,sine,0.1,intermittent,intact,0.26596009806933624,0.49696274876668695,0.5351710942708879
capacity,9102,sine,0.1,intermittent,L4 failure,1.4032373999242176,1.8111944003207654,0.7747580268996537
capacity,9102,sine,0.1,intermittent,L4 slip,0.5840893303796152,0.9200878599877204,0.6348190817205333
capacity,9102,sine,0.1,delayed,intact,0.26596009806933624,0.2760083000623645,0.9635945658490783
capacity,9102,sine,0.1,delayed,L4 failure,1.4032373999242176,1.4352197841615297,0.9777160372297985
capacity,9102,sine,0.1,delayed,L4 slip,0.5840893303796152,0.6030216522556213,0.9686042419783947
capacity,9102,sine,0.1,noisy,intact,0.26596009806933624,0.25690477083781554,1.0352477970805662
capacity,9102,sine,0.1,noisy,L4 failure,1.4032373999242176,1.388092075630327,1.0109108931315043
capacity,9102,sine,0.1,noisy,L4 slip,0.5840893303796152,0.5743312288065333,1.0169903725997267
capacity,9102,sine,0.1,stuck,intact,0.26596009806933624,0.27703833912105563,0.9600118846840234
capacity,9102,sine,0.1,stuck,L4 failure,1.4032373999242176,1.4367316838940103,0.97668716828252
capacity,9102,sine,0.1,stuck,L4 slip,0.5840893303796152,0.5759359349486648,1.014156774974767
capacity,9102,sine,0.2,dropout,intact,0.25850110864593656,0.2792857398337936,0.9255793324778191
capacity,9102,sine,0.2,dropout,L4 failure,1.0951077283527089,1.2756812378252465,0.8584493491647056
capacity,9102,sine,0.2,dropout,L4 slip,0.40067048184665016,0.4072734591765167,0.9837873615844809
capacity,9102,sine,0.2,intermittent,intact,0.25850110864593656,0.3495858285503507,0.7394496216219039
capacity,9102,sine,0.2,intermittent,L4 failure,1.0951077283527089,1.6042418526170388,0.6826325635166749
capacity,9102,sine,0.2,intermittent,L4 slip,0.40067048184665016,0.7407142274966573,0.5409245117388518
capacity,9102,sine,0.2,delayed,intact,0.25850110864593656,0.276663498872301,0.9343520547510041
capacity,9102,sine,0.2,delayed,L4 failure,1.0951077283527089,1.1147090869156835,0.9824157183313091
capacity,9102,sine,0.2,delayed,L4 slip,0.40067048184665016,0.41109982863062167,0.9746306223996449
capacity,9102,sine,0.2,noisy,intact,0.25850110864593656,0.2639802879953361,0.9792439829844554
capacity,9102,sine,0.2,noisy,L4 failure,1.0951077283527089,1.080182953268942,1.013816895590326
capacity,9102,sine,0.2,noisy,L4 slip,0.40067048184665016,0.39833964432026225,1.0058513822553747
capacity,9102,sine,0.2,stuck,intact,0.25850110864593656,0.37071828050921096,0.6972979813427727
capacity,9102,sine,0.2,stuck,L4 failure,1.0951077283527089,1.099540951140224,0.9959681148911116
capacity,9102,sine,0.2,stuck,L4 slip,0.40067048184665016,0.4294424121602846,0.9330016563364132
capacity,9102,sine,0.4,dropout,intact,0.2814610512272565,0.5818944577969531,0.4836977693392464
capacity,9102,sine,0.4,dropout,L4 failure,0.9042871261763912,0.9644710022369095,0.9375990818584145
capacity,9102,sine,0.4,dropout,L4 slip,0.3489660964846672,0.4498367734361226,0.7757616030789463
capacity,9102,sine,0.4,intermittent,intact,0.2814610512272565,0.25451028554635113,1.1058926385747077
capacity,9102,sine,0.4,intermittent,L4 failure,0.9042871261763912,1.3332766022534597,0.6782442027768245
capacity,9102,sine,0.4,intermittent,L4 slip,0.3489660964846672,0.5257349663793518,0.6637680938133865
capacity,9102,sine,0.4,delayed,intact,0.2814610512272565,0.3346957139714849,0.8409460876790199
capacity,9102,sine,0.4,delayed,L4 failure,0.9042871261763912,0.9007779786127161,1.0038956853375562
capacity,9102,sine,0.4,delayed,L4 slip,0.3489660964846672,0.3711540090260693,0.9402191219768189
capacity,9102,sine,0.4,noisy,intact,0.2814610512272565,0.2825490140565761,0.9961494722147508
capacity,9102,sine,0.4,noisy,L4 failure,0.9042871261763912,0.9068227811356486,0.997203803199472
capacity,9102,sine,0.4,noisy,L4 slip,0.3489660964846672,0.36422645040190893,0.9581020162033741
capacity,9102,sine,0.4,stuck,intact,0.2814610512272565,0.5093467889643442,0.5525921775212362
capacity,9102,sine,0.4,stuck,L4 failure,0.9042871261763912,0.8962867189753269,1.0089261695300034
capacity,9102,sine,0.4,stuck,L4 slip,0.3489660964846672,0.4882734289764466,0.7146940131806776
capacity,9102,sine,1.0,dropout,intact,0.1418594394283778,0.673314036402239,0.210688373862491
capacity,9102,sine,1.0,dropout,L4 failure,0.864876107540178,0.8426469291367258,1.0263801808738868
capacity,9102,sine,1.0,dropout,L4 slip,0.3010764490102119,0.5773740868517596,0.5214581947241305
capacity,9102,sine,1.0,intermittent,intact,0.1418594394283778,0.309625720876629,0.45816426047144193
capacity,9102,sine,1.0,intermittent,L4 failure,0.864876107540178,1.0543107330205927,0.8203237247356043
capacity,9102,sine,1.0,intermittent,L4 slip,0.3010764490102119,0.42195464259770776,0.7135279923848561
capacity,9102,sine,1.0,delayed,intact,0.1418594394283778,0.17858885581282155,0.7943353395861401
capacity,9102,sine,1.0,delayed,L4 failure,0.864876107540178,0.8554920304019848,1.0109692163161166
capacity,9102,sine,1.0,delayed,L4 slip,0.3010764490102119,0.30515607652226484,0.9866310133537345
capacity,9102,sine,1.0,noisy,intact,0.1418594394283778,0.2410907384611427,0.5884068394076519
capacity,9102,sine,1.0,noisy,L4 failure,0.864876107540178,0.9675199077311987,0.8939103998059151
capacity,9102,sine,1.0,noisy,L4 slip,0.3010764490102119,0.4478601214996193,0.6722555426504252
capacity,9102,sine,1.0,stuck,intact,0.1418594394283778,0.23672917292874204,0.5992478141723537
capacity,9102,sine,1.0,stuck,L4 failure,0.864876107540178,0.8413775522076369,1.0279286692055007
capacity,9102,sine,1.0,stuck,L4 slip,0.3010764490102119,0.33795391071874736,0.8908802042559416
capacity,9102,chirp,0.0,dropout,intact,1.0688444434813804,1.0688444434813804,1.0
capacity,9102,chirp,0.0,dropout,L4 failure,2.376994549981535,2.376994549981535,1.0
capacity,9102,chirp,0.0,dropout,L4 slip,1.486334247955624,1.486334247955624,1.0
capacity,9102,chirp,0.0,intermittent,intact,1.0688444434813804,1.0688444434813804,1.0
capacity,9102,chirp,0.0,intermittent,L4 failure,2.376994549981535,2.376994549981535,1.0
capacity,9102,chirp,0.0,intermittent,L4 slip,1.486334247955624,1.486334247955624,1.0
capacity,9102,chirp,0.0,delayed,intact,1.0688444434813804,1.0688444434813804,1.0
capacity,9102,chirp,0.0,delayed,L4 failure,2.376994549981535,2.376994549981535,1.0
capacity,9102,chirp,0.0,delayed,L4 slip,1.486334247955624,1.486334247955624,1.0
capacity,9102,chirp,0.0,noisy,intact,1.0688444434813804,1.0688444434813804,1.0
capacity,9102,chirp,0.0,noisy,L4 failure,2.376994549981535,2.376994549981535,1.0
capacity,9102,chirp,0.0,noisy,L4 slip,1.486334247955624,1.486334247955624,1.0
capacity,9102,chirp,0.0,stuck,intact,1.0688444434813804,1.0688444434813804,1.0
capacity,9102,chirp,0.0,stuck,L4 failure,2.376994549981535,2.376994549981535,1.0
capacity,9102,chirp,0.0,stuck,L4 slip,1.486334247955624,1.486334247955624,1.0
capacity,9102,chirp,0.025,dropout,intact,0.8834518902990454,0.9420218634256511,0.9378252507711268
capacity,9102,chirp,0.025,dropout,L4 failure,2.154306655871852,2.24786445405131,0.9583792528011021
capacity,9102,chirp,0.025,dropout,L4 slip,1.2792441991865844,1.3533073425112043,0.9452724883712018
capacity,9102,chirp,0.025,intermittent,intact,0.8834518902990454,1.004354249190742,0.8796217977978251
capacity,9102,chirp,0.025,intermittent,L4 failure,2.154306655871852,2.302190829992534,0.9357637202815364
capacity,9102,chirp,0.025,intermittent,L4 slip,1.2792441991865844,1.415547724791335,0.9037096925680531
capacity,9102,chirp,0.025,delayed,intact,0.8834518902990454,0.8963688621141624,0.98558966920755
capacity,9102,chirp,0.025,delayed,L4 failure,2.154306655871852,2.1724838283806998,0.9916329998541824
capacity,9102,chirp,0.025,delayed,L4 slip,1.2792441991865844,1.294842314177987,0.9879536567344072
capacity,9102,chirp,0.025,noisy,intact,0.8834518902990454,0.877119836799561,1.0072191429652178
capacity,9102,chirp,0.025,noisy,L4 failure,2.154306655871852,2.1503324306553915,1.001848191079576
capacity,9102,chirp,0.025,noisy,L4 slip,1.2792441991865844,1.2746159407150586,1.0036311004151803
capacity,9102,chirp,0.025,stuck,intact,0.8834518902990454,0.8865813023191962,0.9964702481182892
capacity,9102,chirp,0.025,stuck,L4 failure,2.154306655871852,2.1760958622570206,0.9899870190633197
capacity,9102,chirp,0.025,stuck,L4 slip,1.2792441991865844,1.2903949958479444,0.991358617557229
capacity,9102,chirp,0.05,dropout,intact,0.7286262137626169,0.8256967853109819,0.8824379926442304
capacity,9102,chirp,0.05,dropout,L4 failure,1.9557469802769283,2.1279626947729495,0.9190701439837053
capacity,9102,chirp,0.05,dropout,L4 slip,1.1043778694909236,1.2307307594353312,0.8973350678239495
capacity,9102,chirp,0.05,intermittent,intact,0.7286262137626169,0.9436388884342151,0.772145174062962
capacity,9102,chirp,0.05,intermittent,L4 failure,1.9557469802769283,2.2303270711076726,0.8768879711017558
capacity,9102,chirp,0.05,intermittent,L4 slip,1.1043778694909236,1.3487741576667123,0.8188011782501989
capacity,9102,chirp,0.05,delayed,intact,0.7286262137626169,0.7487922377682593,0.9730685990205423
capacity,9102,chirp,0.05,delayed,L4 failure,1.9557469802769283,1.9875489762674818,0.9839993900174092
capacity,9102,chirp,0.05,delayed,L4 slip,1.1043778694909236,1.1293632911664302,0.9778765417019167
capacity,9102,chirp,0.05,noisy,intact,0.7286262137626169,0.7176677406584991,1.0152695634529467
capacity,9102,chirp,0.05,noisy,L4 failure,1.9557469802769283,1.9484063410347026,1.0037675094191736
capacity,9102,chirp,0.05,noisy,L4 slip,1.1043778694909236,1.0964173851510721,1.0072604506711234
capacity,9102,chirp,0.05,stuck,intact,0.7286262137626169,0.7276152290801091,1.0013894495910785
capacity,9102,chirp,0.05,stuck,L4 failure,1.9557469802769283,1.9949752396931983,0.9803364680243837
capacity,9102,chirp,0.05,stuck,L4 slip,1.1043778694909236,1.1171609181162263,0.9885575583445422
capacity,9102,chirp,0.1,dropout,intact,0.5066886497731449,0.624168770871408,0.8117814818991216
capacity,9102,chirp,0.1,dropout,L4 failure,1.6408865191826945,1.9142608883261722,0.8571906416671784
capacity,9102,chirp,0.1,dropout,L4 slip,0.8414824470689547,1.0156478784154284,0.8285178997092976
capacity,9102,chirp,0.1,intermittent,intact,0.5066886497731449,0.8330838536369469,0.6082084625228577
capacity,9102,chirp,0.1,intermittent,L4 failure,1.6408865191826945,2.09631461048854,0.7827482148780571
capacity,9102,chirp,0.1,intermittent,L4 slip,0.8414824470689547,1.2269217219831465,0.6858485199111289
capacity,9102,chirp,0.1,delayed,intact,0.5066886497731449,0.5290710305603777,0.9576949417103294
capacity,9102,chirp,0.1,delayed,L4 failure,1.6408865191826945,1.6853804407000332,0.973600072456722
capacity,9102,chirp,0.1,delayed,L4 slip,0.8414824470689547,0.8717950067508614,0.9652297163356324
capacity,9102,chirp,0.1,noisy,intact,0.5066886497731449,0.49176794067447,1.030340955285151
capacity,9102,chirp,0.1,noisy,L4 failure,1.6408865191826945,1.6262458035146756,1.009002769222449
capacity,9102,chirp,0.1,noisy,L4 slip,0.8414824470689547,0.8307564859487069,1.0129110771949001
capacity,9102,chirp,0.1,stuck,intact,0.5066886497731449,0.4952162334583573,1.0231664786807766
capacity,9102,chirp,0.1,stuck,L4 failure,1.6408865191826945,1.6903442077655018,0.9707410547771295
capacity,9102,chirp,0.1,stuck,L4 slip,0.8414824470689547,0.8412481169345345,1.000278550560415
capacity,9102,chirp,0.2,dropout,intact,0.37206970996712696,0.36150097699791195,1.0292356968354086
capacity,9102,chirp,0.2,dropout,L4 failure,1.2809907930054483,1.5796021546074823,0.810957866364625
capacity,9102,chirp,0.2,dropout,L4 slip,0.5884876926601172,0.6988884006795982,0.8420338527408274
capacity,9102,chirp,0.2,intermittent,intact,0.37206970996712696,0.6530941150673216,0.5697030510354141
capacity,9102,chirp,0.2,intermittent,L4 failure,1.2809907930054483,1.8675206295175435,0.6859312677774169
capacity,9102,chirp,0.2,intermittent,L4 slip,0.5884876926601172,1.0261854220471507,0.5734711096227965
capacity,9102,chirp,0.2,delayed,intact,0.37206970996712696,0.38935473613414173,0.9556059691513302
capacity,9102,chirp,0.2,delayed,L4 failure,1.2809907930054483,1.318229565719952,0.9717509198072296
capacity,9102,chirp,0.2,delayed,L4 slip,0.5884876926601172,0.609501241282288,0.9655233702593259
capacity,9102,chirp,0.2,noisy,intact,0.37206970996712696,0.3653222575391191,1.0184698640412988
capacity,9102,chirp,0.2,noisy,L4 failure,1.2809907930054483,1.2645877774326746,1.012971037570895
capacity,9102,chirp,0.2,noisy,L4 slip,0.5884876926601172,0.5827520144795872,1.0098423995765198
capacity,9102,chirp,0.2,stuck,intact,0.37206970996712696,0.46089295344998166,0.8072801009041805
capacity,9102,chirp,0.2,stuck,L4 failure,1.2809907930054483,1.2921568033402937,0.991358625898977
capacity,9102,chirp,0.2,stuck,L4 slip,0.5884876926601172,0.6024499052881978,0.976824276167159
capacity,9102,chirp,0.4,dropout,intact,0.4048212113319957,0.43412161889437356,0.9325064537513693
capacity,9102,chirp,0.4,dropout,L4 failure,1.0489013178071283,1.1895415664182807,0.8817693701661714
capacity,9102,chirp,0.4,dropout,L4 slip,0.5166002231366009,0.4781760947180225,1.0803556029734964
capacity,9102,chirp,0.4,intermittent,intact,0.4048212113319957,0.4489781080982108,0.9016502230960534
capacity,9102,chirp,0.4,intermittent,L4 failure,1.0489013178071283,1.5577641106348896,0.6733377092502363
capacity,9102,chirp,0.4,intermittent,L4 slip,0.5166002231366009,0.7695224344540278,0.671325746991543
capacity,9102,chirp,0.4,delayed,intact,0.4048212113319957,0.4474994206878128,0.904629576301529
capacity,9102,chirp,0.4,delayed,L4 failure,1.0489013178071283,1.067237730785248,0.982818811170939
capacity,9102,chirp,0.4,delayed,L4 slip,0.5166002231366009,0.5448498545397724,0.9481515298796701
capacity,9102,chirp,0.4,noisy,intact,0.4048212113319957,0.40110048289099376,1.0092763000786842
capacity,9102,chirp,0.4,noisy,L4 failure,1.0489013178071283,1.0464871749885034,1.0023069014855832
capacity,9102,chirp,0.4,noisy,L4 slip,0.5166002231366009,0.5248409917979544,0.9842985422439604
capacity,9102,chirp,0.4,stuck,intact,0.4048212113319957,0.717798767715912,0.5639759073704825
capacity,9102,chirp,0.4,stuck,L4 failure,1.0489013178071283,1.0713323660121077,0.9790624749922603
capacity,9102,chirp,0.4,stuck,L4 slip,0.5166002231366009,0.7315336221670954,0.7061879419926377
capacity,9102,chirp,1.0,dropout,intact,0.2698015258521062,0.7356277341590134,0.36676366771373775
capacity,9102,chirp,1.0,dropout,L4 failure,0.9536075291634891,0.9317542855098413,1.0234538697524638
capacity,9102,chirp,1.0,dropout,L4 slip,0.43451488141552436,0.6571063981611909,0.6612549849331038
capacity,9102,chirp,1.0,intermittent,intact,0.2698015258521062,0.4463447475860457,0.6044689162609542
capacity,9102,chirp,1.0,intermittent,L4 failure,0.9536075291634891,1.247275922359603,0.7645521829359533
capacity,9102,chirp,1.0,intermittent,L4 slip,0.43451488141552436,0.613100225062229,0.7087175369596733
capacity,9102,chirp,1.0,delayed,intact,0.2698015258521062,0.293490235717081,0.9192862079138802
capacity,9102,chirp,1.0,delayed,L4 failure,0.9536075291634891,0.9638448281700406,0.9893786855442406
capacity,9102,chirp,1.0,delayed,L4 slip,0.43451488141552436,0.45481857110623986,0.9553587056893224
capacity,9102,chirp,1.0,noisy,intact,0.2698015258521062,0.33973859606818324,0.7941444656996194
capacity,9102,chirp,1.0,noisy,L4 failure,0.9536075291634891,1.0468351081296168,0.91094339668002
capacity,9102,chirp,1.0,noisy,L4 slip,0.43451488141552436,0.5605017315471232,0.7752248690046968
capacity,9102,chirp,1.0,stuck,intact,0.2698015258521062,0.6715212405990633,0.4017766074106853
capacity,9102,chirp,1.0,stuck,L4 failure,0.9536075291634891,1.089900903357902,0.8749488382159303
capacity,9102,chirp,1.0,stuck,L4 slip,0.43451488141552436,0.7309982121506591,0.5944130562743026
capacity,9103,straight,0.0,dropout,intact,0.43614399825642475,0.43614399825642475,1.0
capacity,9103,straight,0.0,dropout,L4 failure,0.8425745154989583,0.8425745154989583,1.0
capacity,9103,straight,0.0,dropout,L4 slip,0.522261849397004,0.522261849397004,1.0
capacity,9103,straight,0.0,intermittent,intact,0.43614399825642475,0.43614399825642475,1.0
capacity,9103,straight,0.0,intermittent,L4 failure,0.8425745154989583,0.8425745154989583,1.0
capacity,9103,straight,0.0,intermittent,L4 slip,0.522261849397004,0.522261849397004,1.0
capacity,9103,straight,0.0,delayed,intact,0.43614399825642475,0.43614399825642475,1.0
capacity,9103,straight,0.0,delayed,L4 failure,0.8425745154989583,0.8425745154989583,1.0
capacity,9103,straight,0.0,delayed,L4 slip,0.522261849397004,0.522261849397004,1.0
capacity,9103,straight,0.0,noisy,intact,0.43614399825642475,0.43614399825642475,1.0
capacity,9103,straight,0.0,noisy,L4 failure,0.8425745154989583,0.8425745154989583,1.0
capacity,9103,straight,0.0,noisy,L4 slip,0.522261849397004,0.522261849397004,1.0
capacity,9103,straight,0.0,stuck,intact,0.43614399825642475,0.43614399825642475,1.0
capacity,9103,straight,0.0,stuck,L4 failure,0.8425745154989583,0.8425745154989583,1.0
capacity,9103,straight,0.0,stuck,L4 slip,0.522261849397004,0.522261849397004,1.0
capacity,9103,straight,0.025,dropout,intact,0.35772600618739564,0.37220234570274835,0.9611062646904597
capacity,9103,straight,0.025,dropout,L4 failure,0.7561995125596377,0.7785028428974762,0.9713509969278613
capacity,9103,straight,0.025,dropout,L4 slip,0.4405417753251809,0.45723040314403196,0.963500616529225
capacity,9103,straight,0.025,intermittent,intact,0.35772600618739564,0.40815769513894906,0.8764406758657706
capacity,9103,straight,0.025,intermittent,L4 failure,0.7561995125596377,0.8132300664859576,0.9298715624561764
capacity,9103,straight,0.025,intermittent,L4 slip,0.4405417753251809,0.49385551481034773,0.8920458759974755
capacity,9103,straight,0.025,delayed,intact,0.35772600618739564,0.36253521434665925,0.986734507521068
capacity,9103,straight,0.025,delayed,L4 failure,0.7561995125596377,0.7620223747008765,0.9923586730067807
capacity,9103,straight,0.025,delayed,L4 slip,0.4405417753251809,0.44567852383148965,0.988474318972904
capacity,9103,straight,0.025,noisy,intact,0.35772600618739564,0.3530814297698588,1.0131544058280386
capacity,9103,straight,0.025,noisy,L4 failure,0.7561995125596377,0.7515698935251791,1.0061599314639171
capacity,9103,straight,0.025,noisy,L4 slip,0.4405417753251809,0.43800557559230996,1.0057903366399874
capacity,9103,straight,0.025,stuck,intact,0.35772600618739564,0.35800477756701155,0.9992213193871031
capacity,9103,straight,0.025,stuck,L4 failure,0.7561995125596377,0.7600480196139768,0.9949364948595041
capacity,9103,straight,0.025,stuck,L4 slip,0.4405417753251809,0.44151398009220094,0.9977980204232332
capacity,9103,straight,0.05,dropout,intact,0.3013473568033015,0.3185231940518977,0.9460766513417616
capacity,9103,straight,0.05,dropout,L4 failure,0.6886490963931428,0.7228810820945318,0.9526450663196183
capacity,9103,straight,0.05,dropout,L4 slip,0.3795124182677628,0.40179154946522855,0.9445505232075723
capacity,9103,straight,0.05,intermittent,intact,0.3013473568033015,0.38244136298275005,0.7879570202684737
capacity,9103,straight,0.05,intermittent,L4 failure,0.6886490963931428,0.7860593621267506,0.8760777233540529
capacity,9103,straight,0.05,intermittent,L4 slip,0.3795124182677628,0.4676742136840867,0.8114888680266706
capacity,9103,straight,0.05,delayed,intact,0.3013473568033015,0.30788702746273644,0.9787595121713063
capacity,9103,straight,0.05,delayed,L4 failure,0.6886490963931428,0.6972252955565944,0.9876995295235161
capacity,9103,straight,0.05,delayed,L4 slip,0.3795124182677628,0.38675784358928905,0.9812662485283158
capacity,9103,straight,0.05,noisy,intact,0.3013473568033015,0.29430871858443414,1.0239158331860565
capacity,9103,straight,0.05,noisy,L4 failure,0.6886490963931428,0.6809835379907263,1.0112565986911137
capacity,9103,straight,0.05,noisy,L4 slip,0.3795124182677628,0.37616740729431697,1.0088923466216961
capacity,9103,straight,0.05,stuck,intact,0.3013473568033015,0.30152305490881864,0.9994172979390572
capacity,9103,straight,0.05,stuck,L4 failure,0.6886490963931428,0.6930768625972122,0.9936114355520728
capacity,9103,straight,0.05,stuck,L4 slip,0.3795124182677628,0.37996466360258696,0.9988097700177268
capacity,9103,straight,0.1,dropout,intact,0.257156537757871,0.2491311649739288,1.0322134438089352
capacity,9103,straight,0.1,dropout,L4 failure,0.5989445111304167,0.6349392970232947,0.9433098785007831
capacity,9103,straight,0.1,dropout,L4 slip,0.3149558908507437,0.3215083604108427,0.9796195982221867
capacity,9103,straight,0.1,intermittent,intact,0.257156537757871,0.3379607578851037,0.7609065010006172
capacity,9103,straight,0.1,intermittent,L4 failure,0.5989445111304167,0.7378911518538607,0.8116976462255203
capacity,9103,straight,0.1,intermittent,L4 slip,0.3149558908507437,0.4219074394281144,0.7465047103166965
capacity,9103,straight,0.1,delayed,intact,0.257156537757871,0.2622499366719131,0.9805780738074528
capacity,9103,straight,0.1,delayed,L4 failure,0.5989445111304167,0.6075466505136748,0.9858411870496115
capacity,9103,straight,0.1,delayed,L4 slip,0.3149558908507437,0.32132640894740677,0.9801743089914973
capacity,9103,straight,0.1,noisy,intact,0.257156537757871,0.25331479545037083,1.015165882042815
capacity,9103,straight,0.1,noisy,L4 failure,0.5989445111304167,0.5892857863323815,1.0163905612897088
capacity,9103,straight,0.1,noisy,L4 slip,0.3149558908507437,0.3147290016921411,1.0007209032449593
capacity,9103,straight,0.1,stuck,intact,0.257156537757871,0.26862160569009796,0.9573188913722229
capacity,9103,straight,0.1,stuck,L4 failure,0.5989445111304167,0.6005503427420045,0.9973260666137399
capacity,9103,straight,0.1,stuck,L4 slip,0.3149558908507437,0.32027114819909563,0.9834038833087528
capacity,9103,straight,0.2,dropout,intact,0.2809197237420329,0.26334375665447274,1.066741537034505
capacity,9103,straight,0.2,dropout,L4 failure,0.5285053008727386,0.5352461180905597,0.987406135252567
capacity,9103,straight,0.2,dropout,L4 slip,0.3087293607747193,0.2865172471683059,1.0775245254027084
capacity,9103,straight,0.2,intermittent,intact,0.2809197237420329,0.2790625435500849,1.006655067958322
capacity,9103,straight,0.2,intermittent,L4 failure,0.5285053008727386,0.6636455655986605,0.7963668082314168
capacity,9103,straight,0.2,intermittent,L4 slip,0.3087293607747193,0.35631784216695156,0.8664437315212107
capacity,9103,straight,0.2,delayed,intact,0.2809197237420329,0.29061776325713773,0.9666295707240578
capacity,9103,straight,0.2,delayed,L4 failure,0.5285053008727386,0.5326072835194845,0.9922982978759888
capacity,9103,straight,0.2,delayed,L4 slip,0.3087293607747193,0.31715907518346736,0.9734211786187366
capacity,9103,straight,0.2,noisy,intact,0.2809197237420329,0.28584569756464867,0.9827670177841257
capacity,9103,straight,0.2,noisy,L4 failure,0.5285053008727386,0.5238577311663533,1.008871816582792
capacity,9103,straight,0.2,noisy,L4 slip,0.3087293607747193,0.31749932153248567,0.9723780173279235
capacity,9103,straight,0.2,stuck,intact,0.2809197237420329,0.33357301597061084,0.8421536224224536
capacity,9103,straight,0.2,stuck,L4 failure,0.5285053008727386,0.5316091994829868,0.9941613150914866
capacity,9103,straight,0.2,stuck,L4 slip,0.3087293607747193,0.3509730260154323,0.8796384277153666
capacity,9103,straight,0.4,dropout,intact,0.28890507225836365,0.37732870287654696,0.7656588805884893
capacity,9103,straight,0.4,dropout,L4 failure,0.5043987567581537,0.4952339951568542,1.0185059218287242
capacity,9103,straight,0.4,dropout,L4 slip,0.3088805589441388,0.37104542509920674,0.8324602273739209
capacity,9103,straight,0.4,intermittent,intact,0.28890507225836365,0.2639050261310979,1.0947312239322289
capacity,9103,straight,0.4,intermittent,L4 failure,0.5043987567581537,0.5816243835143523,0.8672242276199327
capacity,9103,straight,0.4,intermittent,L4 slip,0.3088805589441388,0.31298658939491963,0.9868811297675124
capacity,9103,straight,0.4,delayed,intact,0.28890507225836365,0.3149705139467669,0.917244819644265
capacity,9103,straight,0.4,delayed,L4 failure,0.5043987567581537,0.506472578731873,0.9959053617889604
capacity,9103,straight,0.4,delayed,L4 slip,0.3088805589441388,0.3301726235521184,0.9355123257073474
capacity,9103,straight,0.4,noisy,intact,0.28890507225836365,0.29222485270843096,0.9886396368436888
capacity,9103,straight,0.4,noisy,L4 failure,0.5043987567581537,0.5179574869695868,0.9738226967414622
capacity,9103,straight,0.4,noisy,L4 slip,0.3088805589441388,0.3274502809573975,0.943289949365856
capacity,9103,straight,0.4,stuck,intact,0.28890507225836365,0.39920218651904527,0.7237061369266334
capacity,9103,straight,0.4,stuck,L4 failure,0.5043987567581537,0.5245556305331878,0.9615734297722713
capacity,9103,straight,0.4,stuck,L4 slip,0.3088805589441388,0.4076528415887138,0.7577049082752927
capacity,9103,straight,1.0,dropout,intact,0.1554734759794245,0.37542184009825336,0.4141300781508472
capacity,9103,straight,1.0,dropout,L4 failure,0.5053675872342411,0.4971589486319644,1.0165110949423006
capacity,9103,straight,1.0,dropout,L4 slip,0.2143805932481205,0.3743493140288857,0.572675266693766
capacity,9103,straight,1.0,intermittent,intact,0.1554734759794245,0.3064415007969726,0.5073512418359768
capacity,9103,straight,1.0,intermittent,L4 failure,0.5053675872342411,0.5340800772262502,0.9462393539539471
capacity,9103,straight,1.0,intermittent,L4 slip,0.2143805932481205,0.33401035144885716,0.6418381715362673
capacity,9103,straight,1.0,delayed,intact,0.1554734759794245,0.1527385247258546,1.0179060997117706
capacity,9103,straight,1.0,delayed,L4 failure,0.5053675872342411,0.504853588519363,1.0010181144129044
capacity,9103,straight,1.0,delayed,L4 slip,0.2143805932481205,0.20919676044231558,1.0247796992402964
capacity,9103,straight,1.0,noisy,intact,0.1554734759794245,0.26836172115187884,0.5793429678125912
capacity,9103,straight,1.0,noisy,L4 failure,0.5053675872342411,0.6544964133039072,0.7721472218360043
capacity,9103,straight,1.0,noisy,L4 slip,0.2143805932481205,0.4108516428587194,0.5217956334711313
capacity,9103,straight,1.0,stuck,intact,0.1554734759794245,0.1897801627065841,0.8192293323080317
capacity,9103,straight,1.0,stuck,L4 failure,0.5053675872342411,0.4871421130141213,1.0374130540826214
capacity,9103,straight,1.0,stuck,L4 slip,0.2143805932481205,0.23088682555882345,0.9285094233040264
capacity,9103,s_lr,0.0,dropout,intact,0.711181132902993,0.711181132902993,1.0
capacity,9103,s_lr,0.0,dropout,L4 failure,1.0506309480158413,1.0506309480158413,1.0
capacity,9103,s_lr,0.0,dropout,L4 slip,0.8134600857257718,0.8134600857257718,1.0
capacity,9103,s_lr,0.0,intermittent,intact,0.711181132902993,0.711181132902993,1.0
capacity,9103,s_lr,0.0,intermittent,L4 failure,1.0506309480158413,1.0506309480158413,1.0
capacity,9103,s_lr,0.0,intermittent,L4 slip,0.8134600857257718,0.8134600857257718,1.0
capacity,9103,s_lr,0.0,delayed,intact,0.711181132902993,0.711181132902993,1.0
capacity,9103,s_lr,0.0,delayed,L4 failure,1.0506309480158413,1.0506309480158413,1.0
capacity,9103,s_lr,0.0,delayed,L4 slip,0.8134600857257718,0.8134600857257718,1.0
capacity,9103,s_lr,0.0,noisy,intact,0.711181132902993,0.711181132902993,1.0
capacity,9103,s_lr,0.0,noisy,L4 failure,1.0506309480158413,1.0506309480158413,1.0
capacity,9103,s_lr,0.0,noisy,L4 slip,0.8134600857257718,0.8134600857257718,1.0
capacity,9103,s_lr,0.0,stuck,intact,0.711181132902993,0.711181132902993,1.0
capacity,9103,s_lr,0.0,stuck,L4 failure,1.0506309480158413,1.0506309480158413,1.0
capacity,9103,s_lr,0.0,stuck,L4 slip,0.8134600857257718,0.8134600857257718,1.0
capacity,9103,s_lr,0.025,dropout,intact,0.5793161727112714,0.6241793463986214,0.9281245463404058
capacity,9103,s_lr,0.025,dropout,L4 failure,0.8999966629550871,0.9575052257876656,0.9399391655692838
capacity,9103,s_lr,0.025,dropout,L4 slip,0.677293420300644,0.7250549629809617,0.9341270039943553
capacity,9103,s_lr,0.025,intermittent,intact,0.5793161727112714,0.6650740235995394,0.8710551790549179
capacity,9103,s_lr,0.025,intermittent,L4 failure,0.8999966629550871,0.999066621236504,0.9008374855334451
capacity,9103,s_lr,0.025,intermittent,L4 slip,0.677293420300644,0.7660174988599213,0.8841748671651404
capacity,9103,s_lr,0.025,delayed,intact,0.5793161727112714,0.5890258733566975,0.9835156635987938
capacity,9103,s_lr,0.025,delayed,L4 failure,0.8999966629550871,0.9118987596265808,0.9869480065129514
capacity,9103,s_lr,0.025,delayed,L4 slip,0.677293420300644,0.6875878678012616,0.9850281716960237
capacity,9103,s_lr,0.025,noisy,intact,0.5793161727112714,0.5735401342668334,1.0100708531092104
capacity,9103,s_lr,0.025,noisy,L4 failure,0.8999966629550871,0.8942518806521018,1.0064241210192324
capacity,9103,s_lr,0.025,noisy,L4 slip,0.677293420300644,0.6735756756403577,1.0055194164438197
capacity,9103,s_lr,0.025,stuck,intact,0.5793161727112714,0.5858177838576434,0.9889016494112581
capacity,9103,s_lr,0.025,stuck,L4 failure,0.8999966629550871,0.9106001625880404,0.9883554823855765
capacity,9103,s_lr,0.025,stuck,L4 slip,0.677293420300644,0.685125700041584,0.9885681127704528
capacity,9103,s_lr,0.05,dropout,intact,0.4709177150133888,0.5452677791876985,0.8636448603563717
capacity,9103,s_lr,0.05,dropout,L4 failure,0.7749509208366234,0.8731960179705605,0.8874879235451927
capacity,9103,s_lr,0.05,dropout,L4 slip,0.5657628437450729,0.6450414242864062,0.8770953654193027
capacity,9103,s_lr,0.05,intermittent,intact,0.4709177150133888,0.6214753483770613,0.7577415841885876
capacity,9103,s_lr,0.05,intermittent,L4 failure,0.7749509208366234,0.9503583802072354,0.815430196625022
capacity,9103,s_lr,0.05,intermittent,L4 slip,0.5657628437450729,0.7212111636753654,0.7844621273773522
capacity,9103,s_lr,0.05,delayed,intact,0.4709177150133888,0.4863169014731488,0.968335078601807
capacity,9103,s_lr,0.05,delayed,L4 failure,0.7749509208366234,0.7940806943460573,0.9759095345779844
capacity,9103,s_lr,0.05,delayed,L4 slip,0.5657628437450729,0.5821080346949523,0.9719206917347483
capacity,9103,s_lr,0.05,noisy,intact,0.4709177150133888,0.46101407003457,1.0214823052538855
capacity,9103,s_lr,0.05,noisy,L4 failure,0.7749509208366234,0.7651252951621423,1.0128418518334292
capacity,9103,s_lr,0.05,noisy,L4 slip,0.5657628437450729,0.5599643183762277,1.0103551693894703
capacity,9103,s_lr,0.05,stuck,intact,0.4709177150133888,0.47960624298350807,0.9818840390482197
capacity,9103,s_lr,0.05,stuck,L4 failure,0.7749509208366234,0.7903462811334101,0.980520740510465
capacity,9103,s_lr,0.05,stuck,L4 slip,0.5657628437450729,0.5765195404746404,0.9813420084240134
capacity,9103,s_lr,0.1,dropout,intact,0.35864570641755494,0.4116673427066614,0.8712027144526554
capacity,9103,s_lr,0.1,dropout,L4 failure,0.6031742077296586,0.7297662859327517,0.8265306569468479
capacity,9103,s_lr,0.1,dropout,L4 slip,0.4311202385598672,0.5097635148041271,0.8457259612342442
capacity,9103,s_lr,0.1,intermittent,intact,0.35864570641755494,0.5419272623613892,0.6617967600574203
capacity,9103,s_lr,0.1,intermittent,L4 failure,0.6031742077296586,0.8615865636897256,0.7000738325660258
capacity,9103,s_lr,0.1,intermittent,L4 slip,0.4311202385598672,0.6396138369137516,0.6740320701004493
capacity,9103,s_lr,0.1,delayed,intact,0.35864570641755494,0.3712639365949193,0.9660127770741925
capacity,9103,s_lr,0.1,delayed,L4 failure,0.6031742077296586,0.6251660132692376,0.9648224550394618
capacity,9103,s_lr,0.1,delayed,L4 slip,0.4311202385598672,0.4474423411791754,0.9635213275160919
capacity,9103,s_lr,0.1,noisy,intact,0.35864570641755494,0.3502939881077544,1.023842025822126
capacity,9103,s_lr,0.1,noisy,L4 failure,0.6031742077296586,0.5906358509023104,1.0212285739312867
capacity,9103,s_lr,0.1,noisy,L4 slip,0.4311202385598672,0.4271086689152061,1.009392386379911
capacity,9103,s_lr,0.1,stuck,intact,0.35864570641755494,0.3664150773142092,0.9787962576387329
capacity,9103,s_lr,0.1,stuck,L4 failure,0.6031742077296586,0.6165337756842644,0.9783311661396351
capacity,9103,s_lr,0.1,stuck,L4 slip,0.4311202385598672,0.4392557012390538,0.9814789821595075
capacity,9103,s_lr,0.2,dropout,intact,0.4058665374020946,0.28373805056334483,1.4304268905642759
capacity,9103,s_lr,0.2,dropout,L4 failure,0.5261142715793292,0.5368701262179136,0.9799656302086388
capacity,9103,s_lr,0.2,dropout,L4 slip,0.43788966504985327,0.3497262191639096,1.252092754431498
capacity,9103,s_lr,0.2,intermittent,intact,0.4058665374020946,0.41791907330652356,0.9711605986080731
capacity,9103,s_lr,0.2,intermittent,L4 failure,0.5261142715793292,0.7193651055048962,0.731359177076109
capacity,9103,s_lr,0.2,intermittent,L4 slip,0.43788966504985327,0.5110134935813495,0.8569043098666131
capacity,9103,s_lr,0.2,delayed,intact,0.4058665374020946,0.4158024798325727,0.9761041770735016
capacity,9103,s_lr,0.2,delayed,L4 failure,0.5261142715793292,0.5399843768656478,0.9743138766961593
capacity,9103,s_lr,0.2,delayed,L4 slip,0.43788966504985327,0.44940054328374235,0.9743861497145068
capacity,9103,s_lr,0.2,noisy,intact,0.4058665374020946,0.40393751649316467,1.0047755428257246
capacity,9103,s_lr,0.2,noisy,L4 failure,0.5261142715793292,0.519303407715664,1.013115384498679
capacity,9103,s_lr,0.2,noisy,L4 slip,0.43788966504985327,0.4397548939977252,0.9957584805232853
capacity,9103,s_lr,0.2,stuck,intact,0.4058665374020946,0.4400473144379039,0.9223247684638861
capacity,9103,s_lr,0.2,stuck,L4 failure,0.5261142715793292,0.5530284035263697,0.9513331832950653
capacity,9103,s_lr,0.2,stuck,L4 slip,0.43788966504985327,0.46685730904591266,0.937951825033523
capacity,9103,s_lr,0.4,dropout,intact,0.5111467760253996,0.3634894126522739,1.4062219097269268
capacity,9103,s_lr,0.4,dropout,L4 failure,0.5956273788595876,0.4416022341331113,1.348787059532966
capacity,9103,s_lr,0.4,dropout,L4 slip,0.5320682486892017,0.37368327721475225,1.4238481653633837
capacity,9103,s_lr,0.4,intermittent,intact,0.5111467760253996,0.3699073418652543,1.3818238195758612
capacity,9103,s_lr,0.4,intermittent,L4 failure,0.5956273788595876,0.5790025195928378,1.028712930780406
capacity,9103,s_lr,0.4,intermittent,L4 slip,0.5320682486892017,0.42458628603633086,1.2531451584464832
capacity,9103,s_lr,0.4,delayed,intact,0.5111467760253996,0.5397819663401526,0.9469504501810123
capacity,9103,s_lr,0.4,delayed,L4 failure,0.5956273788595876,0.6214532099086059,0.9584428390790413
capacity,9103,s_lr,0.4,delayed,L4 slip,0.5320682486892017,0.5604300101655066,0.9493928573383692
capacity,9103,s_lr,0.4,noisy,intact,0.5111467760253996,0.5021917198812366,1.0178319470227044
capacity,9103,s_lr,0.4,noisy,L4 failure,0.5956273788595876,0.5891837801977301,1.0109364834512162
capacity,9103,s_lr,0.4,noisy,L4 slip,0.5320682486892017,0.5314392413754054,1.0011835921490635
capacity,9103,s_lr,0.4,stuck,intact,0.5111467760253996,0.6375231351296949,0.80176976780837
capacity,9103,s_lr,0.4,stuck,L4 failure,0.5956273788595876,0.7293362631145417,0.8166704563900792
capacity,9103,s_lr,0.4,stuck,L4 slip,0.5320682486892017,0.652366374056579,0.815597292945476
capacity,9103,s_lr,1.0,dropout,intact,0.477752894558703,0.4889545530785802,0.9770905936976172
capacity,9103,s_lr,1.0,dropout,L4 failure,0.5977376410718784,0.5271120361824624,1.133985946139482
capacity,9103,s_lr,1.0,dropout,L4 slip,0.5030053517867128,0.4928322654399235,1.020642086689897
capacity,9103,s_lr,1.0,intermittent,intact,0.477752894558703,0.5137084179391069,0.9300079147531782
capacity,9103,s_lr,1.0,intermittent,L4 failure,0.5977376410718784,0.6378481555163915,0.937115888636473
capacity,9103,s_lr,1.0,intermittent,L4 slip,0.5030053517867128,0.5455413869831252,0.922029682419442
capacity,9103,s_lr,1.0,delayed,intact,0.477752894558703,0.5120733446663392,0.9329774719478925
capacity,9103,s_lr,1.0,delayed,L4 failure,0.5977376410718784,0.6318495559055333,0.9460125998114101
capacity,9103,s_lr,1.0,delayed,L4 slip,0.5030053517867128,0.5371163042455347,0.9364924278239214
capacity,9103,s_lr,1.0,noisy,intact,0.477752894558703,0.46567427890661417,1.0259379059553149
capacity,9103,s_lr,1.0,noisy,L4 failure,0.5977376410718784,0.6409532012812831,0.9325761067687695
capacity,9103,s_lr,1.0,noisy,L4 slip,0.5030053517867128,0.5590530729273121,0.8997452588049961
capacity,9103,s_lr,1.0,stuck,intact,0.477752894558703,0.8020709783873834,0.5956491475595548
capacity,9103,s_lr,1.0,stuck,L4 failure,0.5977376410718784,0.9956710469763361,0.6003364694465045
capacity,9103,s_lr,1.0,stuck,L4 slip,0.5030053517867128,0.818159178496342,0.6148013308500233
capacity,9103,s_rl,0.0,dropout,intact,0.2660629869650526,0.2660629869650526,1.0
capacity,9103,s_rl,0.0,dropout,L4 failure,0.7327514830942369,0.7327514830942369,1.0
capacity,9103,s_rl,0.0,dropout,L4 slip,0.32332355529194257,0.32332355529194257,1.0
capacity,9103,s_rl,0.0,intermittent,intact,0.2660629869650526,0.2660629869650526,1.0
capacity,9103,s_rl,0.0,intermittent,L4 failure,0.7327514830942369,0.7327514830942369,1.0
capacity,9103,s_rl,0.0,intermittent,L4 slip,0.32332355529194257,0.32332355529194257,1.0
capacity,9103,s_rl,0.0,delayed,intact,0.2660629869650526,0.2660629869650526,1.0
capacity,9103,s_rl,0.0,delayed,L4 failure,0.7327514830942369,0.7327514830942369,1.0
capacity,9103,s_rl,0.0,delayed,L4 slip,0.32332355529194257,0.32332355529194257,1.0
capacity,9103,s_rl,0.0,noisy,intact,0.2660629869650526,0.2660629869650526,1.0
capacity,9103,s_rl,0.0,noisy,L4 failure,0.7327514830942369,0.7327514830942369,1.0
capacity,9103,s_rl,0.0,noisy,L4 slip,0.32332355529194257,0.32332355529194257,1.0
capacity,9103,s_rl,0.0,stuck,intact,0.2660629869650526,0.2660629869650526,1.0
capacity,9103,s_rl,0.0,stuck,L4 failure,0.7327514830942369,0.7327514830942369,1.0
capacity,9103,s_rl,0.0,stuck,L4 slip,0.32332355529194257,0.32332355529194257,1.0
capacity,9103,s_rl,0.025,dropout,intact,0.22629442190982357,0.2242614399679339,1.009065231821308
capacity,9103,s_rl,0.025,dropout,L4 failure,0.6950011038465871,0.6958020994841756,0.9988488168716617
capacity,9103,s_rl,0.025,dropout,L4 slip,0.2834934603699142,0.28201348284856625,1.0052478963289235
capacity,9103,s_rl,0.025,intermittent,intact,0.22629442190982357,0.2517967676418388,0.8987185341144239
capacity,9103,s_rl,0.025,intermittent,L4 failure,0.6950011038465871,0.7203853320283267,0.96476298578947
capacity,9103,s_rl,0.025,intermittent,L4 slip,0.2834934603699142,0.3100491734864521,0.9143499954606449
capacity,9103,s_rl,0.025,delayed,intact,0.22629442190982357,0.22712740680621776,0.9963325214332021
capacity,9103,s_rl,0.025,delayed,L4 failure,0.6950011038465871,0.6959866419988259,0.9985839697304989
capacity,9103,s_rl,0.025,delayed,L4 slip,0.2834934603699142,0.2842874544658711,0.9972070730400372
capacity,9103,s_rl,0.025,noisy,intact,0.22629442190982357,0.22288151199333822,1.0153126649490216
capacity,9103,s_rl,0.025,noisy,L4 failure,0.6950011038465871,0.6916705164318586,1.0048152803041397
capacity,9103,s_rl,0.025,noisy,L4 slip,0.2834934603699142,0.28212782246196405,1.0048404935608017
capacity,9103,s_rl,0.025,stuck,intact,0.22629442190982357,0.22224008840538279,1.018243034069737
capacity,9103,s_rl,0.025,stuck,L4 failure,0.6950011038465871,0.6944407640240735,1.0008068936207988
capacity,9103,s_rl,0.025,stuck,L4 slip,0.2834934603699142,0.28010798934955294,1.0120863065285026
capacity,9103,s_rl,0.05,dropout,intact,0.19768796208151124,0.1920211354280003,1.0295114735202455
capacity,9103,s_rl,0.05,dropout,L4 failure,0.6667474299542149,0.6654766650336177,1.0019095559429314
capacity,9103,s_rl,0.05,dropout,L4 slip,0.2544225945758531,0.24962470320384478,1.019220418934621
capacity,9103,s_rl,0.05,intermittent,intact,0.19768796208151124,0.23884388945391807,0.8276869152210513
capacity,9103,s_rl,0.05,intermittent,L4 failure,0.6667474299542149,0.7091144334570869,0.9402536438352782
capacity,9103,s_rl,0.05,intermittent,L4 slip,0.2544225945758531,0.29802931187843884,0.8536831259055075
capacity,9103,s_rl,0.05,delayed,intact,0.19768796208151124,0.19803422198731532,0.9982515148021928
capacity,9103,s_rl,0.05,delayed,L4 failure,0.6667474299542149,0.6673520189684096,0.9990940478233223
capacity,9103,s_rl,0.05,delayed,L4 slip,0.2544225945758531,0.2546914890490756,0.9989442345552005
capacity,9103,s_rl,0.05,noisy,intact,0.19768796208151124,0.19234621436747493,1.0277715250679744
capacity,9103,s_rl,0.05,noisy,L4 failure,0.6667474299542149,0.66124620145529,1.0083194859748421
capacity,9103,s_rl,0.05,noisy,L4 slip,0.2544225945758531,0.25284529165568276,1.0062382135330337
capacity,9103,s_rl,0.05,stuck,intact,0.19768796208151124,0.1905735654600249,1.0373314977043795
capacity,9103,s_rl,0.05,stuck,L4 failure,0.6667474299542149,0.6647599449420719,1.0029897785317317
capacity,9103,s_rl,0.05,stuck,L4 slip,0.2544225945758531,0.24826146736616028,1.0248170901229943
capacity,9103,s_rl,0.1,dropout,intact,0.16517148926840206,0.16547081157174365,0.9981910869929358
capacity,9103,s_rl,0.1,dropout,L4 failure,0.6306645312079892,0.6215652946286825,1.014639228827508
capacity,9103,s_rl,0.1,dropout,L4 slip,0.2194146040500864,0.2119254609040952,1.0353385719395949
capacity,9103,s_rl,0.1,intermittent,intact,0.16517148926840206,0.2165804385774809,0.7626334601280832
capacity,9103,s_rl,0.1,intermittent,L4 failure,0.6306645312079892,0.6895356053821743,0.9146221403004187
capacity,9103,s_rl,0.1,intermittent,L4 slip,0.2194146040500864,0.2774431770118892,0.7908451972516299
capacity,9103,s_rl,0.1,delayed,intact,0.16517148926840206,0.163263117184219,1.0116889357320658
capacity,9103,s_rl,0.1,delayed,L4 failure,0.6306645312079892,0.6284258826328231,1.0035623112240177
capacity,9103,s_rl,0.1,delayed,L4 slip,0.2194146040500864,0.21709550254467222,1.010682402344733
capacity,9103,s_rl,0.1,noisy,intact,0.16517148926840206,0.15985426158486415,1.0332629711014307
capacity,9103,s_rl,0.1,noisy,L4 failure,0.6306645312079892,0.6234271240649546,1.011609066823792
capacity,9103,s_rl,0.1,noisy,L4 slip,0.2194146040500864,0.22000602900147676,0.9973117784359156
capacity,9103,s_rl,0.1,stuck,intact,0.16517148926840206,0.16184073594799483,1.0205804385459387
capacity,9103,s_rl,0.1,stuck,L4 failure,0.6306645312079892,0.6251518514067648,1.0088181452055518
capacity,9103,s_rl,0.1,stuck,L4 slip,0.2194146040500864,0.21228273768027178,1.0335960730851146
capacity,9103,s_rl,0.2,dropout,intact,0.15423677723156912,0.24737042352639596,0.6235053287003451
capacity,9103,s_rl,0.2,dropout,L4 failure,0.6055431428687953,0.5805279731831,1.043090377796154
capacity,9103,s_rl,0.2,dropout,L4 slip,0.1987029046920758,0.24458893480597732,0.8123953148154429
capacity,9103,s_rl,0.2,intermittent,intact,0.15423677723156912,0.18460884720007367,0.8354787951436141
capacity,9103,s_rl,0.2,intermittent,L4 failure,0.6055431428687953,0.660255460058041,0.9171346236433453
capacity,9103,s_rl,0.2,intermittent,L4 slip,0.1987029046920758,0.2479970199020939,0.8012310178990102
capacity,9103,s_rl,0.2,delayed,intact,0.15423677723156912,0.15279478969086463,1.0094374130402086
capacity,9103,s_rl,0.2,delayed,L4 failure,0.6055431428687953,0.5957501649877751,1.016438061550887
capacity,9103,s_rl,0.2,delayed,L4 slip,0.1987029046920758,0.1916887049080136,1.0365916175782404
capacity,9103,s_rl,0.2,noisy,intact,0.15423677723156912,0.15681695597840267,0.9835465576363508
capacity,9103,s_rl,0.2,noisy,L4 failure,0.6055431428687953,0.6011851128377316,1.0072490651182175
capacity,9103,s_rl,0.2,noisy,L4 slip,0.1987029046920758,0.2077402767082234,0.9564967749184198
capacity,9103,s_rl,0.2,stuck,intact,0.15423677723156912,0.1915751907923393,0.8050978657187208
capacity,9103,s_rl,0.2,stuck,L4 failure,0.6055431428687953,0.5943326781730038,1.018862272103652
capacity,9103,s_rl,0.2,stuck,L4 slip,0.1987029046920758,0.1974376711136051,1.0064082683478508
capacity,9103,s_rl,0.4,dropout,intact,0.19453474828595924,0.3468030517636541,0.5609372446310953
capacity,9103,s_rl,0.4,dropout,L4 failure,0.6325417056010305,0.5765266327813172,1.0971595580059879
capacity,9103,s_rl,0.4,dropout,L4 slip,0.2333703920101297,0.32736434228609196,0.7128766388557415
capacity,9103,s_rl,0.4,intermittent,intact,0.19453474828595924,0.15670456492201407,1.2414108573210476
capacity,9103,s_rl,0.4,intermittent,L4 failure,0.6325417056010305,0.629380733702906,1.0050223524948518
capacity,9103,s_rl,0.4,intermittent,L4 slip,0.2333703920101297,0.22142177966591578,1.0539631302857477
capacity,9103,s_rl,0.4,delayed,intact,0.19453474828595924,0.19428795233483415,1.0012702586452698
capacity,9103,s_rl,0.4,delayed,L4 failure,0.6325417056010305,0.6138586628308309,1.0304354143737944
capacity,9103,s_rl,0.4,delayed,L4 slip,0.2333703920101297,0.22352185440878497,1.0440607368232253
capacity,9103,s_rl,0.4,noisy,intact,0.19453474828595924,0.20663000963255032,0.941464159208529
capacity,9103,s_rl,0.4,noisy,L4 failure,0.6325417056010305,0.6475059905174634,0.9768893490784943
capacity,9103,s_rl,0.4,noisy,L4 slip,0.2333703920101297,0.2616986950382095,0.8917522190015366
capacity,9103,s_rl,0.4,stuck,intact,0.19453474828595924,0.1818676209473459,1.069650261396891
capacity,9103,s_rl,0.4,stuck,L4 failure,0.6325417056010305,0.6283487959670069,1.0066729015173346
capacity,9103,s_rl,0.4,stuck,L4 slip,0.2333703920101297,0.2091338201676928,1.11589025544985
capacity,9103,s_rl,1.0,dropout,intact,0.3595793882661982,0.2432016862909688,1.4785234171279305
capacity,9103,s_rl,1.0,dropout,L4 failure,0.7917236042376379,0.6603539933689136,1.1989381637544414
capacity,9103,s_rl,1.0,dropout,L4 slip,0.40324130503667527,0.24206928975829758,1.6658094277027269
capacity,9103,s_rl,1.0,intermittent,intact,0.3595793882661982,0.18531635776385436,1.940354281754255
capacity,9103,s_rl,1.0,intermittent,L4 failure,0.7917236042376379,0.6454467012812225,1.2266289418879255
capacity,9103,s_rl,1.0,intermittent,L4 slip,0.40324130503667527,0.25205696362894736,1.599802279735013
capacity,9103,s_rl,1.0,delayed,intact,0.3595793882661982,0.385733460151811,0.9321965175763609
capacity,9103,s_rl,1.0,delayed,L4 failure,0.7917236042376379,0.8063766142323063,0.9818285776942843
capacity,9103,s_rl,1.0,delayed,L4 slip,0.40324130503667527,0.4250571994705835,0.9486753913094983
capacity,9103,s_rl,1.0,noisy,intact,0.3595793882661982,0.42666687836310846,0.8427637731002487
capacity,9103,s_rl,1.0,noisy,L4 failure,0.7917236042376379,0.9085562925919792,0.8714084209124405
capacity,9103,s_rl,1.0,noisy,L4 slip,0.40324130503667527,0.5249833407890316,0.7681030495760449
capacity,9103,s_rl,1.0,stuck,intact,0.3595793882661982,0.4947638984628231,0.7267696559578654
capacity,9103,s_rl,1.0,stuck,L4 failure,0.7917236042376379,0.9997524738037576,0.7919196250901661
capacity,9103,s_rl,1.0,stuck,L4 slip,0.40324130503667527,0.5485829766528791,0.7350598217556974
capacity,9103,sine,0.0,dropout,intact,0.7304954359149018,0.7304954359149018,1.0
capacity,9103,sine,0.0,dropout,L4 failure,1.047459674973689,1.047459674973689,1.0
capacity,9103,sine,0.0,dropout,L4 slip,0.7714701227375234,0.7714701227375234,1.0
capacity,9103,sine,0.0,intermittent,intact,0.7304954359149018,0.7304954359149018,1.0
capacity,9103,sine,0.0,intermittent,L4 failure,1.047459674973689,1.047459674973689,1.0
capacity,9103,sine,0.0,intermittent,L4 slip,0.7714701227375234,0.7714701227375234,1.0
capacity,9103,sine,0.0,delayed,intact,0.7304954359149018,0.7304954359149018,1.0
capacity,9103,sine,0.0,delayed,L4 failure,1.047459674973689,1.047459674973689,1.0
capacity,9103,sine,0.0,delayed,L4 slip,0.7714701227375234,0.7714701227375234,1.0
capacity,9103,sine,0.0,noisy,intact,0.7304954359149018,0.7304954359149018,1.0
capacity,9103,sine,0.0,noisy,L4 failure,1.047459674973689,1.047459674973689,1.0
capacity,9103,sine,0.0,noisy,L4 slip,0.7714701227375234,0.7714701227375234,1.0
capacity,9103,sine,0.0,stuck,intact,0.7304954359149018,0.7304954359149018,1.0
capacity,9103,sine,0.0,stuck,L4 failure,1.047459674973689,1.047459674973689,1.0
capacity,9103,sine,0.0,stuck,L4 slip,0.7714701227375234,0.7714701227375234,1.0
capacity,9103,sine,0.025,dropout,intact,0.5878403388846956,0.6176137260222736,0.9517928668306438
capacity,9103,sine,0.025,dropout,L4 failure,0.9078803519025552,0.9401142760629586,0.9657127596281234
capacity,9103,sine,0.025,dropout,L4 slip,0.6292060689935246,0.6593167999378899,0.9543304054330151
capacity,9103,sine,0.025,intermittent,intact,0.5878403388846956,0.6810760287291915,0.8631053128995556
capacity,9103,sine,0.025,intermittent,L4 failure,0.9078803519025552,1.0010139795217543,0.9069607123132339
capacity,9103,sine,0.025,intermittent,L4 slip,0.6292060689935246,0.7237303133642524,0.8693930009213889
capacity,9103,sine,0.025,delayed,intact,0.5878403388846956,0.5965363511171032,0.9854224940087505
capacity,9103,sine,0.025,delayed,L4 failure,0.9078803519025552,0.9165967818332899,0.9904904423586336
capacity,9103,sine,0.025,delayed,L4 slip,0.6292060689935246,0.637954709055394,0.9862864245099416
capacity,9103,sine,0.025,noisy,intact,0.5878403388846956,0.5826207740418772,1.0089587688516635
capacity,9103,sine,0.025,noisy,L4 failure,0.9078803519025552,0.9028640304559243,1.0055560098502294
capacity,9103,sine,0.025,noisy,L4 slip,0.6292060689935246,0.626052098437494,1.0050378723494455
capacity,9103,sine,0.025,stuck,intact,0.5878403388846956,0.5873036654920624,1.0009137920026152
capacity,9103,sine,0.025,stuck,L4 failure,0.9078803519025552,0.9117515206050062,0.9957541406677533
capacity,9103,sine,0.025,stuck,L4 slip,0.6292060689935246,0.6293209201454044,0.9998174998665971
capacity,9103,sine,0.05,dropout,intact,0.46829023731044395,0.5141726864494115,0.9107645148251533
capacity,9103,sine,0.05,dropout,L4 failure,0.7931932601295241,0.8433568547853479,0.9405191356764492
capacity,9103,sine,0.05,dropout,L4 slip,0.5105772488022724,0.5569207307801805,0.9167862149556073
capacity,9103,sine,0.05,intermittent,intact,0.46829023731044395,0.6341994664390858,0.7383958235408303
capacity,9103,sine,0.05,intermittent,L4 failure,0.7931932601295241,0.9573668651853801,0.8285154719407736
capacity,9103,sine,0.05,intermittent,L4 slip,0.5105772488022724,0.6785559818695364,0.7524467581813159
capacity,9103,sine,0.05,delayed,intact,0.46829023731044395,0.48165751375070015,0.9722473416096755
capacity,9103,sine,0.05,delayed,L4 failure,0.7931932601295241,0.8062572838783548,0.9837967060762681
capacity,9103,sine,0.05,delayed,L4 slip,0.5105772488022724,0.5239613586384433,0.9744559219577745
capacity,9103,sine,0.05,noisy,intact,0.46829023731044395,0.45890864267688125,1.0204432729330144
capacity,9103,sine,0.05,noisy,L4 failure,0.7931932601295241,0.7844663650389467,1.011124626216631
capacity,9103,sine,0.05,noisy,L4 slip,0.5105772488022724,0.5053653401287461,1.0103131502294924
capacity,9103,sine,0.05,stuck,intact,0.46829023731044395,0.46393720620575946,1.0093828023414744
capacity,9103,sine,0.05,stuck,L4 failure,0.7931932601295241,0.7960615962546822,0.9963968414772763
capacity,9103,sine,0.05,stuck,L4 slip,0.5105772488022724,0.5072686449542692,1.006522389824235
capacity,9103,sine,0.1,dropout,intact,0.3093727326131762,0.3382999509185144,0.9144923957961028
capacity,9103,sine,0.1,dropout,L4 failure,0.6286814489208888,0.6816082482557595,0.9223501190451983
capacity,9103,sine,0.1,dropout,L4 slip,0.34743312815625116,0.3836337630882221,0.9056375157375132
capacity,9103,sine,0.1,intermittent,intact,0.3093727326131762,0.5479038710158474,0.564647831451857
capacity,9103,sine,0.1,intermittent,L4 failure,0.6286814489208888,0.8781709665504795,0.7158986949778083
capacity,9103,sine,0.1,intermittent,L4 slip,0.34743312815625116,0.5957520649759713,0.5831840938230979
capacity,9103,sine,0.1,delayed,intact,0.3093727326131762,0.32243282672309387,0.9594951474307122
capacity,9103,sine,0.1,delayed,L4 failure,0.6286814489208888,0.6416720101263458,0.9797551381384095
capacity,9103,sine,0.1,delayed,L4 slip,0.34743312815625116,0.36092287888913316,0.9626242847934676
capacity,9103,sine,0.1,noisy,intact,0.3093727326131762,0.29810331523983485,1.0378037304424967
capacity,9103,sine,0.1,noisy,L4 failure,0.6286814489208888,0.6165319486506056,1.0197061973785377
capacity,9103,sine,0.1,noisy,L4 slip,0.34743312815625116,0.34272757156995093,1.0137297287310303
capacity,9103,sine,0.1,stuck,intact,0.3093727326131762,0.31324941469223394,0.987624295857451
capacity,9103,sine,0.1,stuck,L4 failure,0.6286814489208888,0.6242265972441438,1.0071365938209178
capacity,9103,sine,0.1,stuck,L4 slip,0.34743312815625116,0.34690173445821626,1.0015318277346317
capacity,9103,sine,0.2,dropout,intact,0.25384053196710044,0.23735052197179768,1.0694753475084504
capacity,9103,sine,0.2,dropout,L4 failure,0.4827960285379442,0.48626318064782376,0.9928698033331241
capacity,9103,sine,0.2,dropout,L4 slip,0.27030227883072067,0.25395054525348504,1.064389440711434
capacity,9103,sine,0.2,intermittent,intact,0.25384053196710044,0.4055934703425895,0.625849651259649
capacity,9103,sine,0.2,intermittent,L4 failure,0.4827960285379442,0.7499162995501946,0.643799886504039
capacity,9103,sine,0.2,intermittent,L4 slip,0.27030227883072067,0.4602174206948879,0.5873360430871738
capacity,9103,sine,0.2,delayed,intact,0.25384053196710044,0.2690866000404817,0.943341407297548
capacity,9103,sine,0.2,delayed,L4 failure,0.4827960285379442,0.48678788196236794,0.9917996039500171
capacity,9103,sine,0.2,delayed,L4 slip,0.27030227883072067,0.28433003145784025,0.950663837529946
capacity,9103,sine,0.2,noisy,intact,0.25384053196710044,0.2543616728004089,0.9979511817658261
capacity,9103,sine,0.2,noisy,L4 failure,0.4827960285379442,0.4760845048170167,1.0140973370336996
capacity,9103,sine,0.2,noisy,L4 slip,0.27030227883072067,0.2762152807471564,0.9785927777042559
capacity,9103,sine,0.2,stuck,intact,0.25384053196710044,0.34213164283986264,0.7419381903997475
capacity,9103,sine,0.2,stuck,L4 failure,0.4827960285379442,0.4920939376292773,0.9811054183351111
capacity,9103,sine,0.2,stuck,L4 slip,0.27030227883072067,0.3479160628892478,0.776918077843293
capacity,9103,sine,0.4,dropout,intact,0.28592274375258675,0.46263184587021655,0.6180351532323987
capacity,9103,sine,0.4,dropout,L4 failure,0.42592170346607683,0.47647489742775273,0.8939016635827258
capacity,9103,sine,0.4,dropout,L4 slip,0.2792986010552611,0.44811580778379384,0.6232732615181846
capacity,9103,sine,0.4,intermittent,intact,0.28592274375258675,0.27381177518397254,1.0442309997825219
capacity,9103,sine,0.4,intermittent,L4 failure,0.42592170346607683,0.5938073195121878,0.7172725722141168
capacity,9103,sine,0.4,intermittent,L4 slip,0.2792986010552611,0.32102430316922625,0.8700232296993113
capacity,9103,sine,0.4,delayed,intact,0.28592274375258675,0.3356163220449039,0.8519333684680914
capacity,9103,sine,0.4,delayed,L4 failure,0.42592170346607683,0.4269726018012844,0.9975387218505963
capacity,9103,sine,0.4,delayed,L4 slip,0.2792986010552611,0.3245587766764021,0.8605486005196921
capacity,9103,sine,0.4,noisy,intact,0.28592274375258675,0.29482945193005083,0.9697903037869594
capacity,9103,sine,0.4,noisy,L4 failure,0.42592170346607683,0.44186071174156716,0.9639275277209696
capacity,9103,sine,0.4,noisy,L4 slip,0.2792986010552611,0.29325028028612604,0.952423986714515
capacity,9103,sine,0.4,stuck,intact,0.28592274375258675,0.5034479416793658,0.5679291145750364
capacity,9103,sine,0.4,stuck,L4 failure,0.42592170346607683,0.49330802404837576,0.8633990989457516
capacity,9103,sine,0.4,stuck,L4 slip,0.2792986010552611,0.4850991398907588,0.5757557127768921
capacity,9103,sine,1.0,dropout,intact,0.09160492729740274,0.6403679502431563,0.14305045601145266
capacity,9103,sine,1.0,dropout,L4 failure,0.4669043071846909,0.5574397344245291,0.8375870580282511
capacity,9103,sine,1.0,dropout,L4 slip,0.11638803239943615,0.6072937633698513,0.19165030075988784
capacity,9103,sine,1.0,intermittent,intact,0.09160492729740274,0.30791441227580063,0.29750126543395344
capacity,9103,sine,1.0,intermittent,L4 failure,0.4669043071846909,0.49780045892337077,0.937934666019591
capacity,9103,sine,1.0,intermittent,L4 slip,0.11638803239943615,0.3235475880127392,0.3597246176808265
capacity,9103,sine,1.0,delayed,intact,0.09160492729740274,0.139554637415859,0.6564090523515111
capacity,9103,sine,1.0,delayed,L4 failure,0.4669043071846909,0.45708995202236996,1.0214713868001206
capacity,9103,sine,1.0,delayed,L4 slip,0.11638803239943615,0.1259367892818092,0.9241781775061315
capacity,9103,sine,1.0,noisy,intact,0.09160492729740274,0.18620154545756734,0.49196652515581935
capacity,9103,sine,1.0,noisy,L4 failure,0.4669043071846909,0.6254543825533556,0.7465041739392732
capacity,9103,sine,1.0,noisy,L4 slip,0.11638803239943615,0.31256290169859324,0.3723667516744198
capacity,9103,sine,1.0,stuck,intact,0.09160492729740274,0.2015250766618041,0.4545584540386135
capacity,9103,sine,1.0,stuck,L4 failure,0.4669043071846909,0.4628377459811004,1.008786148577771
capacity,9103,sine,1.0,stuck,L4 slip,0.11638803239943615,0.1561863927953617,0.7451867625365413
capacity,9103,chirp,0.0,dropout,intact,0.9181092983911906,0.9181092983911906,1.0
capacity,9103,chirp,0.0,dropout,L4 failure,1.0955158064316115,1.0955158064316115,1.0
capacity,9103,chirp,0.0,dropout,L4 slip,0.9743787217653243,0.9743787217653243,1.0
capacity,9103,chirp,0.0,intermittent,intact,0.9181092983911906,0.9181092983911906,1.0
capacity,9103,chirp,0.0,intermittent,L4 failure,1.0955158064316115,1.0955158064316115,1.0
capacity,9103,chirp,0.0,intermittent,L4 slip,0.9743787217653243,0.9743787217653243,1.0
capacity,9103,chirp,0.0,delayed,intact,0.9181092983911906,0.9181092983911906,1.0
capacity,9103,chirp,0.0,delayed,L4 failure,1.0955158064316115,1.0955158064316115,1.0
capacity,9103,chirp,0.0,delayed,L4 slip,0.9743787217653243,0.9743787217653243,1.0
capacity,9103,chirp,0.0,noisy,intact,0.9181092983911906,0.9181092983911906,1.0
capacity,9103,chirp,0.0,noisy,L4 failure,1.0955158064316115,1.0955158064316115,1.0
capacity,9103,chirp,0.0,noisy,L4 slip,0.9743787217653243,0.9743787217653243,1.0
capacity,9103,chirp,0.0,stuck,intact,0.9181092983911906,0.9181092983911906,1.0
capacity,9103,chirp,0.0,stuck,L4 failure,1.0955158064316115,1.0955158064316115,1.0
capacity,9103,chirp,0.0,stuck,L4 slip,0.9743787217653243,0.9743787217653243,1.0
capacity,9103,chirp,0.025,dropout,intact,0.7572470067056427,0.8018569311188442,0.9443667284250366
capacity,9103,chirp,0.025,dropout,L4 failure,0.9378952557317481,0.981812488023939,0.9552692262240609
capacity,9103,chirp,0.025,dropout,L4 slip,0.8115089686028437,0.8574693719789268,0.9463999474756603
capacity,9103,chirp,0.025,intermittent,intact,0.7572470067056427,0.8623748511294632,0.8780949557073316
capacity,9103,chirp,0.025,intermittent,L4 failure,0.9378952557317481,1.0426321168497954,0.8995457175878115
capacity,9103,chirp,0.025,intermittent,L4 slip,0.8115089686028437,0.9192976743286781,0.8827488541134973
capacity,9103,chirp,0.025,delayed,intact,0.7572470067056427,0.7683716979688687,0.9855217321348075
capacity,9103,chirp,0.025,delayed,L4 failure,0.9378952557317481,0.9489712842593528,0.9883283838917747
capacity,9103,chirp,0.025,delayed,L4 slip,0.8115089686028437,0.8228766632900401,0.9861854209818689
capacity,9103,chirp,0.025,noisy,intact,0.7572470067056427,0.7516880443842893,1.007395304957799
capacity,9103,chirp,0.025,noisy,L4 failure,0.9378952557317481,0.9325027128205001,1.0057828710170047
capacity,9103,chirp,0.025,noisy,L4 slip,0.8115089686028437,0.8080484191747657,1.0042826015693616
capacity,9103,chirp,0.025,stuck,intact,0.7572470067056427,0.7580153652781902,0.9989863548844217
capacity,9103,chirp,0.025,stuck,L4 failure,0.9378952557317481,0.9416933721670327,0.9959667163988376
capacity,9103,chirp,0.025,stuck,L4 slip,0.8115089686028437,0.8130968121666011,0.998047165429752
capacity,9103,chirp,0.05,dropout,intact,0.6211782053916665,0.6948567188187325,0.8939658904754916
capacity,9103,chirp,0.05,dropout,L4 failure,0.8071950527534231,0.8785360240556581,0.9187956220931068
capacity,9103,chirp,0.05,dropout,L4 slip,0.6743966646693027,0.7501263269397223,0.8990441215689995
capacity,9103,chirp,0.05,intermittent,intact,0.6211782053916665,0.8094396168417525,0.7674175966520655
capacity,9103,chirp,0.05,intermittent,L4 failure,0.8071950527534231,0.9927665810309912,0.8130763748263449
capacity,9103,chirp,0.05,intermittent,L4 slip,0.6743966646693027,0.8670631127957062,0.7777942051932282
capacity,9103,chirp,0.05,delayed,intact,0.6211782053916665,0.6390248805006261,0.9720720183931209
capacity,9103,chirp,0.05,delayed,L4 failure,0.8071950527534231,0.8245292141818987,0.9789768984162984
capacity,9103,chirp,0.05,delayed,L4 slip,0.6743966646693027,0.6925642630080457,0.9737676352807537
capacity,9103,chirp,0.05,noisy,intact,0.6211782053916665,0.6112587777743792,1.016227869403208
capacity,9103,chirp,0.05,noisy,L4 failure,0.8071950527534231,0.797881082084254,1.0116733820093073
capacity,9103,chirp,0.05,noisy,L4 slip,0.6743966646693027,0.668700440201393,1.0085183501093467
capacity,9103,chirp,0.05,stuck,intact,0.6211782053916665,0.6184795033356997,1.0043634462280668
capacity,9103,chirp,0.05,stuck,L4 failure,0.8071950527534231,0.8097990082274624,0.9967844422534685
capacity,9103,chirp,0.05,stuck,L4 slip,0.6743966646693027,0.6730561236722682,1.0019917224580328
capacity,9103,chirp,0.1,dropout,intact,0.4226142052846969,0.5086143052736962,0.8309129352098722
capacity,9103,chirp,0.1,dropout,L4 failure,0.6196444408612004,0.7032638784900864,0.8810980626384257
capacity,9103,chirp,0.1,dropout,L4 slip,0.4749809838496991,0.5641808351015751,0.8418949285368468
capacity,9103,chirp,0.1,intermittent,intact,0.4226142052846969,0.7117767964410371,0.5937454092319597
capacity,9103,chirp,0.1,intermittent,L4 failure,0.6196444408612004,0.9019233075823052,0.6870256435907158
capacity,9103,chirp,0.1,intermittent,L4 slip,0.4749809838496991,0.7709824334441084,0.6160723814781084
capacity,9103,chirp,0.1,delayed,intact,0.4226142052846969,0.4440102821445396,0.9518117536456564
capacity,9103,chirp,0.1,delayed,L4 failure,0.6196444408612004,0.6392636122323645,0.9693097323299035
capacity,9103,chirp,0.1,delayed,L4 slip,0.4749809838496991,0.49664209091789,0.9563848746123048
capacity,9103,chirp,0.1,noisy,intact,0.4226142052846969,0.40872584755703745,1.0339796413920734
capacity,9103,chirp,0.1,noisy,L4 failure,0.6196444408612004,0.6071685001585776,1.0205477403708598
capacity,9103,chirp,0.1,noisy,L4 slip,0.4749809838496991,0.46924850427568554,1.01221629802073
capacity,9103,chirp,0.1,stuck,intact,0.4226142052846969,0.4201301782827211,1.0059125174300243
capacity,9103,chirp,0.1,stuck,L4 failure,0.6196444408612004,0.616594856469275,1.0049458479257964
capacity,9103,chirp,0.1,stuck,L4 slip,0.4749809838496991,0.47144373541383766,1.0075030129157543
capacity,9103,chirp,0.2,dropout,intact,0.32900018650354274,0.27935036890034814,1.1777331377747564
capacity,9103,chirp,0.2,dropout,L4 failure,0.47339889054947426,0.48178775007878,0.9825880597256074
capacity,9103,chirp,0.2,dropout,L4 slip,0.35970807568854857,0.32796762067591967,1.0967792337158586
capacity,9103,chirp,0.2,intermittent,intact,0.32900018650354274,0.5485846771848154,0.5997254392738065
capacity,9103,chirp,0.2,intermittent,L4 failure,0.47339889054947426,0.7543936571815294,0.6275223632156819
capacity,9103,chirp,0.2,intermittent,L4 slip,0.35970807568854857,0.6117357212149448,0.5880122137941303
capacity,9103,chirp,0.2,delayed,intact,0.32900018650354274,0.34789515684898775,0.9456877453639091
capacity,9103,chirp,0.2,delayed,L4 failure,0.47339889054947426,0.4869313820711728,0.9722086272933615
capacity,9103,chirp,0.2,delayed,L4 slip,0.35970807568854857,0.378653722871544,0.949965770732901
capacity,9103,chirp,0.2,noisy,intact,0.32900018650354274,0.32711863915694817,1.0057518805759393
capacity,9103,chirp,0.2,noisy,L4 failure,0.47339889054947426,0.46879959600627846,1.0098107903299776
capacity,9103,chirp,0.2,noisy,L4 slip,0.35970807568854857,0.3651398780598837,0.9851240505414084
capacity,9103,chirp,0.2,stuck,intact,0.32900018650354274,0.4334698346912842,0.7589921147289421
capacity,9103,chirp,0.2,stuck,L4 failure,0.47339889054947426,0.516620510943146,0.916337776998505
capacity,9103,chirp,0.2,stuck,L4 slip,0.35970807568854857,0.45356929038213706,0.7930609133292305
capacity,9103,chirp,0.4,dropout,intact,0.39311939617184694,0.42088586451660415,0.9340285082354867
capacity,9103,chirp,0.4,dropout,L4 failure,0.45981367274279633,0.4675619796716181,0.9834282784621119
capacity,9103,chirp,0.4,dropout,L4 slip,0.4029416701459563,0.42195209614437895,0.9549464828540207
capacity,9103,chirp,0.4,intermittent,intact,0.39311939617184694,0.36406894431950887,1.0797938201145858
capacity,9103,chirp,0.4,intermittent,L4 failure,0.45981367274279633,0.5811249458913897,0.7912475208536891
capacity,9103,chirp,0.4,intermittent,L4 slip,0.4029416701459563,0.42869358184442363,0.9399293276384695
capacity,9103,chirp,0.4,delayed,intact,0.39311939617184694,0.44055445455314757,0.8923287282853289
capacity,9103,chirp,0.4,delayed,L4 failure,0.45981367274279633,0.4878052497398871,0.9426173108796662
capacity,9103,chirp,0.4,delayed,L4 slip,0.4029416701459563,0.4486817770744464,0.8980566867976436
capacity,9103,chirp,0.4,noisy,intact,0.39311939617184694,0.3951303054963876,0.9949107691903954
capacity,9103,chirp,0.4,noisy,L4 failure,0.45981367274279633,0.47128460775446224,0.9756602808092509
capacity,9103,chirp,0.4,noisy,L4 slip,0.4029416701459563,0.4137824384352391,0.9738008013818124
capacity,9103,chirp,0.4,stuck,intact,0.39311939617184694,0.6841816549790863,0.5745833629284661
capacity,9103,chirp,0.4,stuck,L4 failure,0.45981367274279633,0.652570397582432,0.7046192632185911
capacity,9103,chirp,0.4,stuck,L4 slip,0.4029416701459563,0.6877645783764988,0.5858715072199842
capacity,9103,chirp,1.0,dropout,intact,0.2381575476647678,0.6865112398576473,0.34690990305439334
capacity,9103,chirp,1.0,dropout,L4 failure,0.39360187467985264,0.6378782235456342,0.6170486154740069
capacity,9103,chirp,1.0,dropout,L4 slip,0.2430791602928452,0.6753355538710057,0.359938343094069
capacity,9103,chirp,1.0,intermittent,intact,0.2381575476647678,0.41274457974543993,0.5770095098805449
capacity,9103,chirp,1.0,intermittent,L4 failure,0.39360187467985264,0.5275306569289422,0.7461213287038793
capacity,9103,chirp,1.0,intermittent,L4 slip,0.2430791602928452,0.44767715479666076,0.5429787017013501
capacity,9103,chirp,1.0,delayed,intact,0.2381575476647678,0.2774644789562452,0.8583352671327852
capacity,9103,chirp,1.0,delayed,L4 failure,0.39360187467985264,0.4028062928490671,0.9771492691831818
capacity,9103,chirp,1.0,delayed,L4 slip,0.2430791602928452,0.2742703600490156,0.886275718052085
capacity,9103,chirp,1.0,noisy,intact,0.2381575476647678,0.2727496706689526,0.8731726314486712
capacity,9103,chirp,1.0,noisy,L4 failure,0.39360187467985264,0.537463037494264,0.7323329182131028
capacity,9103,chirp,1.0,noisy,L4 slip,0.2430791602928452,0.3895909538048438,0.6239343031938309
capacity,9103,chirp,1.0,stuck,intact,0.2381575476647678,0.669839516623821,0.3555441889501363
capacity,9103,chirp,1.0,stuck,L4 failure,0.39360187467985264,0.533731451795205,0.7374530269032737
capacity,9103,chirp,1.0,stuck,L4 slip,0.2430791602928452,0.664755294886687,0.3656671291866581
capacity,9104,straight,0.0,dropout,intact,0.7914155417992383,0.7914155417992383,1.0
capacity,9104,straight,0.0,dropout,L4 failure,3.826148351596186,3.826148351596186,1.0
capacity,9104,straight,0.0,dropout,L4 slip,1.3840550043714195,1.3840550043714195,1.0
capacity,9104,straight,0.0,intermittent,intact,0.7914155417992383,0.7914155417992383,1.0
capacity,9104,straight,0.0,intermittent,L4 failure,3.826148351596186,3.826148351596186,1.0
capacity,9104,straight,0.0,intermittent,L4 slip,1.3840550043714195,1.3840550043714195,1.0
capacity,9104,straight,0.0,delayed,intact,0.7914155417992383,0.7914155417992383,1.0
capacity,9104,straight,0.0,delayed,L4 failure,3.826148351596186,3.826148351596186,1.0
capacity,9104,straight,0.0,delayed,L4 slip,1.3840550043714195,1.3840550043714195,1.0
capacity,9104,straight,0.0,noisy,intact,0.7914155417992383,0.7914155417992383,1.0
capacity,9104,straight,0.0,noisy,L4 failure,3.826148351596186,3.826148351596186,1.0
capacity,9104,straight,0.0,noisy,L4 slip,1.3840550043714195,1.3840550043714195,1.0
capacity,9104,straight,0.0,stuck,intact,0.7914155417992383,0.7914155417992383,1.0
capacity,9104,straight,0.0,stuck,L4 failure,3.826148351596186,3.826148351596186,1.0
capacity,9104,straight,0.0,stuck,L4 slip,1.3840550043714195,1.3840550043714195,1.0
capacity,9104,straight,0.025,dropout,intact,0.7747188119423177,0.7772081056833029,0.9967971335826501
capacity,9104,straight,0.025,dropout,L4 failure,3.7426737269514296,3.8305141112529357,0.9770682520021381
capacity,9104,straight,0.025,dropout,L4 slip,1.3669385295324161,1.398296247725738,0.9775743385964715
capacity,9104,straight,0.025,intermittent,intact,0.7747188119423177,0.7843595312696048,0.9877088006928633
capacity,9104,straight,0.025,intermittent,L4 failure,3.7426737269514296,3.7991577473582767,0.9851324887875154
capacity,9104,straight,0.025,intermittent,L4 slip,1.3669385295324161,1.3782270980832645,0.9918093552459187
capacity,9104,straight,0.025,delayed,intact,0.7747188119423177,0.7755343298671743,0.9989484438103517
capacity,9104,straight,0.025,delayed,L4 failure,3.7426737269514296,3.755684502547119,0.9965357112433525
capacity,9104,straight,0.025,delayed,L4 slip,1.3669385295324161,1.3718594815682548,0.9964129328827372
capacity,9104,straight,0.025,noisy,intact,0.7747188119423177,0.7769369381703214,0.9971450369791565
capacity,9104,straight,0.025,noisy,L4 failure,3.7426737269514296,3.740208319000294,1.0006591632713642
capacity,9104,straight,0.025,noisy,L4 slip,1.3669385295324161,1.3636175471478615,1.002435420687788
capacity,9104,straight,0.025,stuck,intact,0.7747188119423177,0.7747882353508574,0.9999103969247698
capacity,9104,straight,0.025,stuck,L4 failure,3.7426737269514296,3.7841315930132025,0.989044285315469
capacity,9104,straight,0.025,stuck,L4 slip,1.3669385295324161,1.3866576135611715,0.9857794138683497
capacity,9104,straight,0.05,dropout,intact,0.7678998167591232,0.7690843045447816,0.9984598726320913
capacity,9104,straight,0.05,dropout,L4 failure,3.6553160232260886,3.8311102040070857,0.9541140370754336
capacity,9104,straight,0.05,dropout,L4 slip,1.3471462743249025,1.4088244956099234,0.9562200817225864
capacity,9104,straight,0.05,intermittent,intact,0.7678998167591232,0.7789118175032962,0.9858623267785684
capacity,9104,straight,0.05,intermittent,L4 failure,3.6553160232260886,3.7712838615472557,0.9692497720726891
capacity,9104,straight,0.05,intermittent,L4 slip,1.3471462743249025,1.3720111674284474,0.9818770475825288
capacity,9104,straight,0.05,delayed,intact,0.7678998167591232,0.7685826266251221,0.9991115986201807
capacity,9104,straight,0.05,delayed,L4 failure,3.6553160232260886,3.681219771479371,0.9929632703665305
capacity,9104,straight,0.05,delayed,L4 slip,1.3471462743249025,1.356488163116069,0.9931131807521957
capacity,9104,straight,0.05,noisy,intact,0.7678998167591232,0.7705505487870642,0.9965599505027756
capacity,9104,straight,0.05,noisy,L4 failure,3.6553160232260886,3.651444629646349,1.0010602361455265
capacity,9104,straight,0.05,noisy,L4 slip,1.3471462743249025,1.342368972324283,1.003558859076091
capacity,9104,straight,0.05,stuck,intact,0.7678998167591232,0.7679177215450983,0.9999766839786702
capacity,9104,straight,0.05,stuck,L4 failure,3.6553160232260886,3.736736873376575,0.9782107081901881
capacity,9104,straight,0.05,stuck,L4 slip,1.3471462743249025,1.3832483780912346,0.9739004908025629
capacity,9104,straight,0.1,dropout,intact,0.7659867204851378,0.764149323420519,1.0024045000215327
capacity,9104,straight,0.1,dropout,L4 failure,3.476520545949583,3.8226929317886826,0.9094427954282163
capacity,9104,straight,0.1,dropout,L4 slip,1.3057069237022434,1.4200097102510425,0.9195056303322098
capacity,9104,straight,0.1,intermittent,intact,0.7659867204851378,0.7717286869705438,0.9925596047129642
capacity,9104,straight,0.1,intermittent,L4 failure,3.476520545949583,3.7132373641359093,0.9362505557892307
capacity,9104,straight,0.1,intermittent,L4 slip,1.3057069237022434,1.358712150862698,0.9609886265263767
capacity,9104,straight,0.1,delayed,intact,0.7659867204851378,0.7666055751074332,0.9991927339920419
capacity,9104,straight,0.1,delayed,L4 failure,3.476520545949583,3.525700818610919,0.9860509228685171
capacity,9104,straight,0.1,delayed,L4 slip,1.3057069237022434,1.3211506908662936,0.988310366659292
capacity,9104,straight,0.1,noisy,intact,0.7659867204851378,0.7685065898028565,0.9967210830054625
capacity,9104,straight,0.1,noisy,L4 failure,3.476520545949583,3.472121405411464,1.0012669892623176
capacity,9104,straight,0.1,noisy,L4 slip,1.3057069237022434,1.3021328520443343,1.0027447826481743
capacity,9104,straight,0.1,stuck,intact,0.7659867204851378,0.7680891514480584,0.9972627774276502
capacity,9104,straight,0.1,stuck,L4 failure,3.476520545949583,3.6304239812818353,0.9576073108469519
capacity,9104,straight,0.1,stuck,L4 slip,1.3057069237022434,1.3629978820756266,0.9579669498193657
capacity,9104,straight,0.2,dropout,intact,0.7675367492109031,0.7705124646272087,0.9961380048306613
capacity,9104,straight,0.2,dropout,L4 failure,3.1577179546518073,3.777627908551087,0.8358996786062376
capacity,9104,straight,0.2,dropout,L4 slip,1.2365450214257252,1.4127501469976655,0.8752750966287944
capacity,9104,straight,0.2,intermittent,intact,0.7675367492109031,0.7664348322666021,1.0014377177261662
capacity,9104,straight,0.2,intermittent,L4 failure,3.1577179546518073,3.591015517572697,0.8793384320394773
capacity,9104,straight,0.2,intermittent,L4 slip,1.2365450214257252,1.3303532283692892,0.9294862409898824
capacity,9104,straight,0.2,delayed,intact,0.7675367492109031,0.7695264120216747,0.9974144320718707
capacity,9104,straight,0.2,delayed,L4 failure,3.1577179546518073,3.2292553627562177,0.9778470885488126
capacity,9104,straight,0.2,delayed,L4 slip,1.2365450214257252,1.2537416318140413,0.9862837685596878
capacity,9104,straight,0.2,noisy,intact,0.7675367492109031,0.7736303357920523,0.9921233872313053
capacity,9104,straight,0.2,noisy,L4 failure,3.1577179546518073,3.1564697067695535,1.0003954569497615
capacity,9104,straight,0.2,noisy,L4 slip,1.2365450214257252,1.2434908365827717,0.9944142610844369
capacity,9104,straight,0.2,stuck,intact,0.7675367492109031,0.7755972855912285,0.989607317444154
capacity,9104,straight,0.2,stuck,L4 failure,3.1577179546518073,3.400001721151417,0.9287401047498413
capacity,9104,straight,0.2,stuck,L4 slip,1.2365450214257252,1.2965751752452406,0.9537009847437801
capacity,9104,straight,0.4,dropout,intact,0.7623839303309331,0.7760914455002952,0.9823377576845654
capacity,9104,straight,0.4,dropout,L4 failure,2.8976391499288576,3.634202262141079,0.7973246784073383
capacity,9104,straight,0.4,dropout,L4 slip,1.168785687983053,1.3456231919352695,0.8685831925222026
capacity,9104,straight,0.4,intermittent,intact,0.7623839303309331,0.7674608217520882,0.9933848200751607
capacity,9104,straight,0.4,intermittent,L4 failure,2.8976391499288576,3.352943995461504,0.8642074409387868
capacity,9104,straight,0.4,intermittent,L4 slip,1.168785687983053,1.2756257111985936,0.9162450064485197
capacity,9104,straight,0.4,delayed,intact,0.7623839303309331,0.7636053194896466,0.9984004967912876
capacity,9104,straight,0.4,delayed,L4 failure,2.8976391499288576,2.931164096910744,0.9885625826895125
capacity,9104,straight,0.4,delayed,L4 slip,1.168785687983053,1.1774901561329885,0.9926076085608037
capacity,9104,straight,0.4,noisy,intact,0.7623839303309331,0.7845339150766473,0.9717666957156974
capacity,9104,straight,0.4,noisy,L4 failure,2.8976391499288576,2.9028706757000466,0.9981978095631396
capacity,9104,straight,0.4,noisy,L4 slip,1.168785687983053,1.2024351147953154,0.9720155986811891
capacity,9104,straight,0.4,stuck,intact,0.7623839303309331,0.7661509680164387,0.9950831652732118
capacity,9104,straight,0.4,stuck,L4 failure,2.8976391499288576,3.021750068336744,0.9589274706375035
capacity,9104,straight,0.4,stuck,L4 slip,1.168785687983053,1.1877858715910954,0.9840036962364346
capacity,9104,straight,1.0,dropout,intact,0.7585975057934288,0.7609963715991326,0.9968477302977635
capacity,9104,straight,1.0,dropout,L4 failure,2.771432020289723,3.269740417365841,0.8476000130072822
capacity,9104,straight,1.0,dropout,L4 slip,1.1334161463616619,1.212416794672872,0.9348403546879887
capacity,9104,straight,1.0,intermittent,intact,0.7585975057934288,0.764485151385583,0.992298548138596
capacity,9104,straight,1.0,intermittent,L4 failure,2.771432020289723,3.038159572916043,0.9122075235928727
capacity,9104,straight,1.0,intermittent,L4 slip,1.1334161463616619,1.181571288888619,0.9592448267998696
capacity,9104,straight,1.0,delayed,intact,0.7585975057934288,0.7581653048113953,1.00057006167295
capacity,9104,straight,1.0,delayed,L4 failure,2.771432020289723,2.793157492146346,0.9922218951427876
capacity,9104,straight,1.0,delayed,L4 slip,1.1334161463616619,1.139812103245762,0.9943885866224031
capacity,9104,straight,1.0,noisy,intact,0.7585975057934288,0.8622089059953207,0.8798302830306716
capacity,9104,straight,1.0,noisy,L4 failure,2.771432020289723,2.866671536528174,0.9667769693789908
capacity,9104,straight,1.0,noisy,L4 slip,1.1334161463616619,1.2798105504085828,0.8856124416225635
capacity,9104,straight,1.0,stuck,intact,0.7585975057934288,0.7583089452936924,1.000380531578227
capacity,9104,straight,1.0,stuck,L4 failure,2.771432020289723,2.804787502783595,0.9881076614678409
capacity,9104,straight,1.0,stuck,L4 slip,1.1334161463616619,1.1397972570441284,0.9944015388324281
capacity,9104,s_lr,0.0,dropout,intact,0.7075593949380059,0.7075593949380059,1.0
capacity,9104,s_lr,0.0,dropout,L4 failure,4.155597459731103,4.155597459731103,1.0
capacity,9104,s_lr,0.0,dropout,L4 slip,1.7305636399381967,1.7305636399381967,1.0
capacity,9104,s_lr,0.0,intermittent,intact,0.7075593949380059,0.7075593949380059,1.0
capacity,9104,s_lr,0.0,intermittent,L4 failure,4.155597459731103,4.155597459731103,1.0
capacity,9104,s_lr,0.0,intermittent,L4 slip,1.7305636399381967,1.7305636399381967,1.0
capacity,9104,s_lr,0.0,delayed,intact,0.7075593949380059,0.7075593949380059,1.0
capacity,9104,s_lr,0.0,delayed,L4 failure,4.155597459731103,4.155597459731103,1.0
capacity,9104,s_lr,0.0,delayed,L4 slip,1.7305636399381967,1.7305636399381967,1.0
capacity,9104,s_lr,0.0,noisy,intact,0.7075593949380059,0.7075593949380059,1.0
capacity,9104,s_lr,0.0,noisy,L4 failure,4.155597459731103,4.155597459731103,1.0
capacity,9104,s_lr,0.0,noisy,L4 slip,1.7305636399381967,1.7305636399381967,1.0
capacity,9104,s_lr,0.0,stuck,intact,0.7075593949380059,0.7075593949380059,1.0
capacity,9104,s_lr,0.0,stuck,L4 failure,4.155597459731103,4.155597459731103,1.0
capacity,9104,s_lr,0.0,stuck,L4 slip,1.7305636399381967,1.7305636399381967,1.0
capacity,9104,s_lr,0.025,dropout,intact,0.6851795130668668,0.7094928132431442,0.96573143557982
capacity,9104,s_lr,0.025,dropout,L4 failure,4.020382366104046,4.125371940987149,0.9745502765847629
capacity,9104,s_lr,0.025,dropout,L4 slip,1.5979021132290554,1.7034739750517098,0.9380255505110081
capacity,9104,s_lr,0.025,intermittent,intact,0.6851795130668668,0.6992326290568356,0.979902087794552
capacity,9104,s_lr,0.025,intermittent,L4 failure,4.020382366104046,4.109415914105077,0.9783342572613705
capacity,9104,s_lr,0.025,intermittent,L4 slip,1.5979021132290554,1.6832412689542384,0.9493006990149413
capacity,9104,s_lr,0.025,delayed,intact,0.6851795130668668,0.6884185381979006,0.9952949768907841
capacity,9104,s_lr,0.025,delayed,L4 failure,4.020382366104046,4.037857075432791,0.9956722813605601
capacity,9104,s_lr,0.025,delayed,L4 slip,1.5979021132290554,1.6147849918782153,0.9895448132512534
capacity,9104,s_lr,0.025,noisy,intact,0.6851795130668668,0.680844446853434,1.0063671903816906
capacity,9104,s_lr,0.025,noisy,L4 failure,4.020382366104046,4.018737075052744,1.0004094049997736
capacity,9104,s_lr,0.025,noisy,L4 slip,1.5979021132290554,1.5930230642365149,1.0030627610497773
capacity,9104,s_lr,0.025,stuck,intact,0.6851795130668668,0.6906312272366828,0.992106186406269
capacity,9104,s_lr,0.025,stuck,L4 failure,4.020382366104046,4.0382389742360285,0.9955781200057977
capacity,9104,s_lr,0.025,stuck,L4 slip,1.5979021132290554,1.6365276179388306,0.9763978900897358
capacity,9104,s_lr,0.05,dropout,intact,0.6693581125487091,0.7086695192479505,0.9445278714104154
capacity,9104,s_lr,0.05,dropout,L4 failure,3.8805216418202675,4.092222874631502,0.9482674235258269
capacity,9104,s_lr,0.05,dropout,L4 slip,1.4805134962579007,1.6732103081222554,0.8848340755917248
capacity,9104,s_lr,0.05,intermittent,intact,0.6693581125487091,0.6915735673410185,0.9678769463706891
capacity,9104,s_lr,0.05,intermittent,L4 failure,3.8805216418202675,4.062046889679341,0.9553118777825326
capacity,9104,s_lr,0.05,intermittent,L4 slip,1.4805134962579007,1.6369944744594733,0.9044095868110723
capacity,9104,s_lr,0.05,delayed,intact,0.6693581125487091,0.6738800930379115,0.993289636337502
capacity,9104,s_lr,0.05,delayed,L4 failure,3.8805216418202675,3.9153802913461186,0.991096995200467
capacity,9104,s_lr,0.05,delayed,L4 slip,1.4805134962579007,1.5088503090823444,0.9812195996820403
capacity,9104,s_lr,0.05,noisy,intact,0.6693581125487091,0.6635630208961525,1.0087332950602497
capacity,9104,s_lr,0.05,noisy,L4 failure,3.8805216418202675,3.8784315674978016,1.0005388967901305
capacity,9104,s_lr,0.05,noisy,L4 slip,1.4805134962579007,1.4720511358358332,1.0057486864525684
capacity,9104,s_lr,0.05,stuck,intact,0.6693581125487091,0.6754854621367317,0.9909289689690135
capacity,9104,s_lr,0.05,stuck,L4 failure,3.8805216418202675,3.9175348561907812,0.9905519119218499
capacity,9104,s_lr,0.05,stuck,L4 slip,1.4805134962579007,1.544041760531843,0.9588558639423974
capacity,9104,s_lr,0.1,dropout,intact,0.6589625824147975,0.7007626483778069,0.9403506079272744
capacity,9104,s_lr,0.1,dropout,L4 failure,3.5968907872276943,4.0189471285913285,0.8949833556253903
capacity,9104,s_lr,0.1,dropout,L4 slip,1.2998437247434282,1.6059656415148182,0.8093845167928735
capacity,9104,s_lr,0.1,intermittent,intact,0.6589625824147975,0.6785890823905316,0.9710774893303707
capacity,9104,s_lr,0.1,intermittent,L4 failure,3.5968907872276943,3.964242987006937,0.907333581472361
capacity,9104,s_lr,0.1,intermittent,L4 slip,1.2998437247434282,1.5500232004518435,0.8385963025356743
capacity,9104,s_lr,0.1,delayed,intact,0.6589625824147975,0.662288014442928,0.9949788733064608
capacity,9104,s_lr,0.1,delayed,L4 failure,3.5968907872276943,3.663677554842205,0.9817705661552447
capacity,9104,s_lr,0.1,delayed,L4 slip,1.2998437247434282,1.3360161440442129,0.9729251630213926
capacity,9104,s_lr,0.1,noisy,intact,0.6589625824147975,0.6540701988974933,1.0074799058656867
capacity,9104,s_lr,0.1,noisy,L4 failure,3.5968907872276943,3.596709862379271,1.000050302875502
capacity,9104,s_lr,0.1,noisy,L4 slip,1.2998437247434282,1.2909626504679206,1.0068794199989355
capacity,9104,s_lr,0.1,stuck,intact,0.6589625824147975,0.6611088700661006,0.9967535034719948
capacity,9104,s_lr,0.1,stuck,L4 failure,3.5968907872276943,3.674251069769189,0.9789452922316617
capacity,9104,s_lr,0.1,stuck,L4 slip,1.2998437247434282,1.37340950428166,0.946435655710196
capacity,9104,s_lr,0.2,dropout,intact,0.6908702884808647,0.674885437100359,1.0236852812370416
capacity,9104,s_lr,0.2,dropout,L4 failure,3.0933287166442325,3.8554582576093623,0.8023245253762129
capacity,9104,s_lr,0.2,dropout,L4 slip,1.1294457610508464,1.461268752246692,0.772921311917695
capacity,9104,s_lr,0.2,intermittent,intact,0.6908702884808647,0.6632165279224833,1.0416964285329355
capacity,9104,s_lr,0.2,intermittent,L4 failure,3.0933287166442325,3.7611306320462448,0.8224464979460991
capacity,9104,s_lr,0.2,intermittent,L4 slip,1.1294457610508464,1.4014289380871463,0.8059243892826002
capacity,9104,s_lr,0.2,delayed,intact,0.6908702884808647,0.6935415145780776,0.9961484265309801
capacity,9104,s_lr,0.2,delayed,L4 failure,3.0933287166442325,3.192848843653544,0.9688303042572376
capacity,9104,s_lr,0.2,delayed,L4 slip,1.1294457610508464,1.1540999392342774,0.9786377441456339
capacity,9104,s_lr,0.2,noisy,intact,0.6908702884808647,0.6858626424754171,1.0073012374422
capacity,9104,s_lr,0.2,noisy,L4 failure,3.0933287166442325,3.10056371837802,0.9976665527978338
capacity,9104,s_lr,0.2,noisy,L4 slip,1.1294457610508464,1.1279694953924588,1.0013087815445523
capacity,9104,s_lr,0.2,stuck,intact,0.6908702884808647,0.7196935503157352,0.95995064590724
capacity,9104,s_lr,0.2,stuck,L4 failure,3.0933287166442325,3.231518212668386,0.9572369744096088
capacity,9104,s_lr,0.2,stuck,L4 slip,1.1294457610508464,1.15287960990261,0.9796736375155918
capacity,9104,s_lr,0.4,dropout,intact,0.7689099233495849,0.6663002942504341,1.1539990751686267
capacity,9104,s_lr,0.4,dropout,L4 failure,2.714236748058769,3.5262173974030118,0.7697304057480261
capacity,9104,s_lr,0.4,dropout,L4 slip,1.0951262282319285,1.2210448882986418,0.8968763054713217
capacity,9104,s_lr,0.4,intermittent,intact,0.7689099233495849,0.671021503554143,1.1458797062045918
capacity,9104,s_lr,0.4,intermittent,L4 failure,2.714236748058769,3.3739071412777646,0.8044787939927814
capacity,9104,s_lr,0.4,intermittent,L4 slip,1.0951262282319285,1.212252523477876,0.90338127330936
capacity,9104,s_lr,0.4,delayed,intact,0.7689099233495849,0.7921913534163046,0.9706113554934434
capacity,9104,s_lr,0.4,delayed,L4 failure,2.714236748058769,2.7525686554810163,0.9860741321216749
capacity,9104,s_lr,0.4,delayed,L4 slip,1.0951262282319285,1.1155744445037503,0.9816702360182534
capacity,9104,s_lr,0.4,noisy,intact,0.7689099233495849,0.753969783853408,1.0198153027032735
capacity,9104,s_lr,0.4,noisy,L4 failure,2.714236748058769,2.7095037441305387,1.0017468157918155
capacity,9104,s_lr,0.4,noisy,L4 slip,1.0951262282319285,1.1040251165461814,0.9919395961370046
capacity,9104,s_lr,0.4,stuck,intact,0.7689099233495849,0.9956188425249278,0.7722934626263195
capacity,9104,s_lr,0.4,stuck,L4 failure,2.714236748058769,2.7595854919742795,0.9835668276821288
capacity,9104,s_lr,0.4,stuck,L4 slip,1.0951262282319285,1.2089022963292788,0.9058848110034856
capacity,9104,s_lr,1.0,dropout,intact,0.7934550687805736,0.8752567107531668,0.9065398288666623
capacity,9104,s_lr,1.0,dropout,L4 failure,2.6205400239731076,2.9619903140784865,0.8847226851207282
capacity,9104,s_lr,1.0,dropout,L4 slip,1.1196320426888264,1.0817855136752599,1.0349852429480098
capacity,9104,s_lr,1.0,intermittent,intact,0.7934550687805736,0.7850396012672313,1.0107197999944944
capacity,9104,s_lr,1.0,intermittent,L4 failure,2.6205400239731076,2.9038562544965023,0.9024344851489494
capacity,9104,s_lr,1.0,intermittent,L4 slip,1.1196320426888264,1.1451575758302948,0.9777100255194477
capacity,9104,s_lr,1.0,delayed,intact,0.7934550687805736,0.8250872408221953,0.9616620273874307
capacity,9104,s_lr,1.0,delayed,L4 failure,2.6205400239731076,2.673250046097788,0.9802824198201651
capacity,9104,s_lr,1.0,delayed,L4 slip,1.1196320426888264,1.1470396711210078,0.976105771123508
capacity,9104,s_lr,1.0,noisy,intact,0.7934550687805736,0.8235098852618918,0.9635040003536081
capacity,9104,s_lr,1.0,noisy,L4 failure,2.6205400239731076,2.691252168100635,0.9737251882355442
capacity,9104,s_lr,1.0,noisy,L4 slip,1.1196320426888264,1.2112948515677693,0.9243265925217924
capacity,9104,s_lr,1.0,stuck,intact,0.7934550687805736,1.3428237426805452,0.5908854926832604
capacity,9104,s_lr,1.0,stuck,L4 failure,2.6205400239731076,2.8825700570398225,0.9090984684216835
capacity,9104,s_lr,1.0,stuck,L4 slip,1.1196320426888264,1.398098961729559,0.8008246006446876
capacity,9104,s_rl,0.0,dropout,intact,1.094030051083989,1.094030051083989,1.0
capacity,9104,s_rl,0.0,dropout,L4 failure,3.4911248147028715,3.4911248147028715,1.0
capacity,9104,s_rl,0.0,dropout,L4 slip,1.2015146736945712,1.2015146736945712,1.0
capacity,9104,s_rl,0.0,intermittent,intact,1.094030051083989,1.094030051083989,1.0
capacity,9104,s_rl,0.0,intermittent,L4 failure,3.4911248147028715,3.4911248147028715,1.0
capacity,9104,s_rl,0.0,intermittent,L4 slip,1.2015146736945712,1.2015146736945712,1.0
capacity,9104,s_rl,0.0,delayed,intact,1.094030051083989,1.094030051083989,1.0
capacity,9104,s_rl,0.0,delayed,L4 failure,3.4911248147028715,3.4911248147028715,1.0
capacity,9104,s_rl,0.0,delayed,L4 slip,1.2015146736945712,1.2015146736945712,1.0
capacity,9104,s_rl,0.0,noisy,intact,1.094030051083989,1.094030051083989,1.0
capacity,9104,s_rl,0.0,noisy,L4 failure,3.4911248147028715,3.4911248147028715,1.0
capacity,9104,s_rl,0.0,noisy,L4 slip,1.2015146736945712,1.2015146736945712,1.0
capacity,9104,s_rl,0.0,stuck,intact,1.094030051083989,1.094030051083989,1.0
capacity,9104,s_rl,0.0,stuck,L4 failure,3.4911248147028715,3.4911248147028715,1.0
capacity,9104,s_rl,0.0,stuck,L4 slip,1.2015146736945712,1.2015146736945712,1.0
capacity,9104,s_rl,0.025,dropout,intact,0.9545626901013954,1.01201622885779,0.9432286389110187
capacity,9104,s_rl,0.025,dropout,L4 failure,3.4605566803034735,3.519219691019772,0.9833306767218901
capacity,9104,s_rl,0.025,dropout,L4 slip,1.228107239660257,1.2162187223167813,1.009774983007028
capacity,9104,s_rl,0.025,intermittent,intact,0.9545626901013954,1.039823152259779,0.9180048434456449
capacity,9104,s_rl,0.025,intermittent,L4 failure,3.4605566803034735,3.4809457450674706,0.9941426651671063
capacity,9104,s_rl,0.025,intermittent,L4 slip,1.228107239660257,1.2104693591937636,1.0145711085807585
capacity,9104,s_rl,0.025,delayed,intact,0.9545626901013954,0.9646845049695127,0.9895076423266099
capacity,9104,s_rl,0.025,delayed,L4 failure,3.4605566803034735,3.4691169256779886,0.9975324425328091
capacity,9104,s_rl,0.025,delayed,L4 slip,1.228107239660257,1.227631773067961,1.0003873039153328
capacity,9104,s_rl,0.025,noisy,intact,0.9545626901013954,0.9612932587137724,0.9929984231644539
capacity,9104,s_rl,0.025,noisy,L4 failure,3.4605566803034735,3.458065155349756,1.0007204968217163
capacity,9104,s_rl,0.025,noisy,L4 slip,1.228107239660257,1.2280043215119294,1.000083809272105
capacity,9104,s_rl,0.025,stuck,intact,0.9545626901013954,0.9644208132731109,0.9897781932575072
capacity,9104,s_rl,0.025,stuck,L4 failure,3.4605566803034735,3.5106178285247687,0.9857400746345746
capacity,9104,s_rl,0.025,stuck,L4 slip,1.228107239660257,1.232594396296944,0.9963595837769769
capacity,9104,s_rl,0.05,dropout,intact,0.8777873066979126,0.946555829890438,0.927348687715034
capacity,9104,s_rl,0.05,dropout,L4 failure,3.42358929339145,3.543481297756672,0.9661654756182503
capacity,9104,s_rl,0.05,dropout,L4 slip,1.2545698345221938,1.2338494793525583,1.016793260050252
capacity,9104,s_rl,0.05,intermittent,intact,0.8777873066979126,0.9934184681313095,0.8836027664646628
capacity,9104,s_rl,0.05,intermittent,L4 failure,3.42358929339145,3.4698122251955303,0.9866785494994688
capacity,9104,s_rl,0.05,intermittent,L4 slip,1.2545698345221938,1.2199335735842705,1.028391923698074
capacity,9104,s_rl,0.05,delayed,intact,0.8777873066979126,0.8883277931530783,0.9881344628228362
capacity,9104,s_rl,0.05,delayed,L4 failure,3.42358929339145,3.4412062913448116,0.9948805748735055
capacity,9104,s_rl,0.05,delayed,L4 slip,1.2545698345221938,1.2547216804621604,0.9998789803808039
capacity,9104,s_rl,0.05,noisy,intact,0.8777873066979126,0.8864342444399128,0.9902452575628283
capacity,9104,s_rl,0.05,noisy,L4 failure,3.42358929339145,3.4198955303087133,1.001080080677904
capacity,9104,s_rl,0.05,noisy,L4 slip,1.2545698345221938,1.2544573974761288,1.0000896300235393
capacity,9104,s_rl,0.05,stuck,intact,0.8777873066979126,0.8840309840823982,0.9929372640813416
capacity,9104,s_rl,0.05,stuck,L4 failure,3.42358929339145,3.5219141597696337,0.9720819810143768
capacity,9104,s_rl,0.05,stuck,L4 slip,1.2545698345221938,1.2689299590762633,0.9886832803880499
capacity,9104,s_rl,0.1,dropout,intact,0.8436244808653814,0.8595031302044525,0.9815257806736621
capacity,9104,s_rl,0.1,dropout,L4 failure,3.3370006950365037,3.581591393317493,0.9317089328678461
capacity,9104,s_rl,0.1,dropout,L4 slip,1.2955425834424645,1.2719413094150969,1.0185553168630248
capacity,9104,s_rl,0.1,intermittent,intact,0.8436244808653814,0.9229668906312603,0.9140354756262028
capacity,9104,s_rl,0.1,intermittent,L4 failure,3.3370006950365037,3.444950816707396,0.9686642488051344
capacity,9104,s_rl,0.1,intermittent,L4 slip,1.2955425834424645,1.2392180893413762,1.04545163969566
capacity,9104,s_rl,0.1,delayed,intact,0.8436244808653814,0.8487753663347629,0.9939313914214731
capacity,9104,s_rl,0.1,delayed,L4 failure,3.3370006950365037,3.372079618539884,0.9895972434012191
capacity,9104,s_rl,0.1,delayed,L4 slip,1.2955425834424645,1.3003057475652373,0.9963368891265062
capacity,9104,s_rl,0.1,noisy,intact,0.8436244808653814,0.8512065582925938,0.9910925528553011
capacity,9104,s_rl,0.1,noisy,L4 failure,3.3370006950365037,3.334058255241679,1.0008825400066717
capacity,9104,s_rl,0.1,noisy,L4 slip,1.2955425834424645,1.2973530944877267,0.998604457758682
capacity,9104,s_rl,0.1,stuck,intact,0.8436244808653814,0.8467668576623832,0.9962889704898503
capacity,9104,s_rl,0.1,stuck,L4 failure,3.3370006950365037,3.5239252864380317,0.946955574761782
capacity,9104,s_rl,0.1,stuck,L4 slip,1.2955425834424645,1.3409275911714924,0.966154020524421
capacity,9104,s_rl,0.2,dropout,intact,0.8954992578602162,0.807899622481505,1.1084288603943697
capacity,9104,s_rl,0.2,dropout,L4 failure,3.156138512038391,3.6238071600420234,0.8709454925857012
capacity,9104,s_rl,0.2,dropout,L4 slip,1.3276234157439064,1.3395505202828577,0.9910961890885364
capacity,9104,s_rl,0.2,intermittent,intact,0.8954992578602162,0.8563637390672918,1.045699644914378
capacity,9104,s_rl,0.2,intermittent,L4 failure,3.156138512038391,3.3871397295383843,0.9318005054573065
capacity,9104,s_rl,0.2,intermittent,L4 slip,1.3276234157439064,1.274540880195337,1.0416483585371024
capacity,9104,s_rl,0.2,delayed,intact,0.8954992578602162,0.9065604547936015,0.9877987211168354
capacity,9104,s_rl,0.2,delayed,L4 failure,3.156138512038391,3.211578585115639,0.9827374384253931
capacity,9104,s_rl,0.2,delayed,L4 slip,1.3276234157439064,1.3448158987743555,0.9872157348480799
capacity,9104,s_rl,0.2,noisy,intact,0.8954992578602162,0.9079303345543828,0.9863083364206927
capacity,9104,s_rl,0.2,noisy,L4 failure,3.156138512038391,3.1610621978998608,0.9984423951339075
capacity,9104,s_rl,0.2,noisy,L4 slip,1.3276234157439064,1.3403596709451286,0.9904978824137244
capacity,9104,s_rl,0.2,stuck,intact,0.8954992578602162,0.9620432182013106,0.9308305915138525
capacity,9104,s_rl,0.2,stuck,L4 failure,3.156138512038391,3.469734889738075,0.9096194989919368
capacity,9104,s_rl,0.2,stuck,L4 slip,1.3276234157439064,1.4458725375959267,0.9182160814475149
capacity,9104,s_rl,0.4,dropout,intact,0.9382313422106263,0.8623543373592083,1.0879881987765916
capacity,9104,s_rl,0.4,dropout,L4 failure,2.9720574302596323,3.6234720503803444,0.820223638801813
capacity,9104,s_rl,0.4,dropout,L4 slip,1.3072447913300658,1.4123495665972499,0.9255816139623201
capacity,9104,s_rl,0.4,intermittent,intact,0.9382313422106263,0.8674063101664558,1.0816515065823988
capacity,9104,s_rl,0.4,intermittent,L4 failure,2.9720574302596323,3.261227766593772,0.9113308370251714
capacity,9104,s_rl,0.4,intermittent,L4 slip,1.3072447913300658,1.3207929130396097,0.9897424330674481
capacity,9104,s_rl,0.4,delayed,intact,0.9382313422106263,0.966674335718961,0.9705764470438948
capacity,9104,s_rl,0.4,delayed,L4 failure,2.9720574302596323,3.004225369488244,0.9892924347303241
capacity,9104,s_rl,0.4,delayed,L4 slip,1.3072447913300658,1.3320862017241129,0.9813514993534991
capacity,9104,s_rl,0.4,noisy,intact,0.9382313422106263,0.9761927935972927,0.9611127518706857
capacity,9104,s_rl,0.4,noisy,L4 failure,2.9720574302596323,2.9853204143865146,0.9955572661269568
capacity,9104,s_rl,0.4,noisy,L4 slip,1.3072447913300658,1.3505626048977657,0.9679260973089219
capacity,9104,s_rl,0.4,stuck,intact,0.9382313422106263,1.1671289476220092,0.8038797633476961
capacity,9104,s_rl,0.4,stuck,L4 failure,2.9720574302596323,3.2658833557481954,0.9100317147054846
capacity,9104,s_rl,0.4,stuck,L4 slip,1.3072447913300658,1.5188221738518453,0.8606964092542818
capacity,9104,s_rl,1.0,dropout,intact,0.8936134426816151,0.9807426824948987,0.9111599389233915
capacity,9104,s_rl,1.0,dropout,L4 failure,2.8479829550597344,3.4581924944821187,0.8235466821479623
capacity,9104,s_rl,1.0,dropout,L4 slip,1.2364678456766263,1.4435417719447752,0.8565514831003651
capacity,9104,s_rl,1.0,intermittent,intact,0.8936134426816151,0.9568553494516193,0.9339065128221851
capacity,9104,s_rl,1.0,intermittent,L4 failure,2.8479829550597344,3.079321393076488,0.9248735651507853
capacity,9104,s_rl,1.0,intermittent,L4 slip,1.2364678456766263,1.3274488277679346,0.9314617782711141
capacity,9104,s_rl,1.0,delayed,intact,0.8936134426816151,0.9077672126140929,0.9844081503101227
capacity,9104,s_rl,1.0,delayed,L4 failure,2.8479829550597344,2.863427936837664,0.9946061217119412
capacity,9104,s_rl,1.0,delayed,L4 slip,1.2364678456766263,1.2500605870545112,0.9891263339404107
capacity,9104,s_rl,1.0,noisy,intact,0.8936134426816151,1.0146408989507518,0.8807189258837367
capacity,9104,s_rl,1.0,noisy,L4 failure,2.8479829550597344,2.95637456232827,0.9633363077027788
capacity,9104,s_rl,1.0,noisy,L4 slip,1.2364678456766263,1.3909617287842557,0.8889301697447406
capacity,9104,s_rl,1.0,stuck,intact,0.8936134426816151,1.2729430876715262,0.7020058094790532
capacity,9104,s_rl,1.0,stuck,L4 failure,2.8479829550597344,2.877111246509339,0.9898758549969368
capacity,9104,s_rl,1.0,stuck,L4 slip,1.2364678456766263,1.5153677562888177,0.8159523261236428
capacity,9104,sine,0.0,dropout,intact,0.8110131059391751,0.8110131059391751,1.0
capacity,9104,sine,0.0,dropout,L4 failure,3.9471758484315225,3.9471758484315225,1.0
capacity,9104,sine,0.0,dropout,L4 slip,1.7011809236987112,1.7011809236987112,1.0
capacity,9104,sine,0.0,intermittent,intact,0.8110131059391751,0.8110131059391751,1.0
capacity,9104,sine,0.0,intermittent,L4 failure,3.9471758484315225,3.9471758484315225,1.0
capacity,9104,sine,0.0,intermittent,L4 slip,1.7011809236987112,1.7011809236987112,1.0
capacity,9104,sine,0.0,delayed,intact,0.8110131059391751,0.8110131059391751,1.0
capacity,9104,sine,0.0,delayed,L4 failure,3.9471758484315225,3.9471758484315225,1.0
capacity,9104,sine,0.0,delayed,L4 slip,1.7011809236987112,1.7011809236987112,1.0
capacity,9104,sine,0.0,noisy,intact,0.8110131059391751,0.8110131059391751,1.0
capacity,9104,sine,0.0,noisy,L4 failure,3.9471758484315225,3.9471758484315225,1.0
capacity,9104,sine,0.0,noisy,L4 slip,1.7011809236987112,1.7011809236987112,1.0
capacity,9104,sine,0.0,stuck,intact,0.8110131059391751,0.8110131059391751,1.0
capacity,9104,sine,0.0,stuck,L4 failure,3.9471758484315225,3.9471758484315225,1.0
capacity,9104,sine,0.0,stuck,L4 slip,1.7011809236987112,1.7011809236987112,1.0
capacity,9104,sine,0.025,dropout,intact,0.7323998168087739,0.7434549141707283,0.9851301038553419
capacity,9104,sine,0.025,dropout,L4 failure,3.7718418944015695,3.8655566466202536,0.9757564664585575
capacity,9104,sine,0.025,dropout,L4 slip,1.520562186284889,1.5860772575316309,0.9586936443759989
capacity,9104,sine,0.025,intermittent,intact,0.7323998168087739,0.7799287432639624,0.939059911734651
capacity,9104,sine,0.025,intermittent,L4 failure,3.7718418944015695,3.888298172362211,0.9700495505235669
capacity,9104,sine,0.025,intermittent,L4 slip,1.520562186284889,1.6372342986824187,0.9287382920749812
capacity,9104,sine,0.025,delayed,intact,0.7323998168087739,0.7359517928346545,0.9951736294952153
capacity,9104,sine,0.025,delayed,L4 failure,3.7718418944015695,3.788123584433768,0.9957019116010091
capacity,9104,sine,0.025,delayed,L4 slip,1.520562186284889,1.5344574709239338,0.99094449673429
capacity,9104,sine,0.025,noisy,intact,0.7323998168087739,0.7276256577622886,1.0065612846324956
capacity,9104,sine,0.025,noisy,L4 failure,3.7718418944015695,3.769396039100718,1.0006488719347821
capacity,9104,sine,0.025,noisy,L4 slip,1.520562186284889,1.5152900459870462,1.003479294483459
capacity,9104,sine,0.025,stuck,intact,0.7323998168087739,0.7305189062809028,1.002574759546535
capacity,9104,sine,0.025,stuck,L4 failure,3.7718418944015695,3.805462563951676,0.9911651556190336
capacity,9104,sine,0.025,stuck,L4 slip,1.520562186284889,1.539235162497199,0.987868665771632
capacity,9104,sine,0.05,dropout,intact,0.6892012431564692,0.6977487394819681,0.9877498935621942
capacity,9104,sine,0.05,dropout,L4 failure,3.608193000697755,3.7915932236259637,0.951629773524909
capacity,9104,sine,0.05,dropout,L4 slip,1.384354659260104,1.4865241924911392,0.9312695119614447
capacity,9104,sine,0.05,intermittent,intact,0.6892012431564692,0.7537788655652105,0.9143281599434091
capacity,9104,sine,0.05,intermittent,L4 failure,3.608193000697755,3.8300524611097457,0.9420740413702564
capacity,9104,sine,0.05,intermittent,L4 slip,1.384354659260104,1.5784073631292528,0.8770579076085707
capacity,9104,sine,0.05,delayed,intact,0.6892012431564692,0.6921023745972075,0.9958082336555677
capacity,9104,sine,0.05,delayed,L4 failure,3.608193000697755,3.637749766797542,0.9918749864629071
capacity,9104,sine,0.05,delayed,L4 slip,1.384354659260104,1.4034755427606476,0.9863760479481297
capacity,9104,sine,0.05,noisy,intact,0.6892012431564692,0.6840363716815197,1.0075505801866254
capacity,9104,sine,0.05,noisy,L4 failure,3.608193000697755,3.603478140540915,1.0013084192474475
capacity,9104,sine,0.05,noisy,L4 slip,1.384354659260104,1.3767531877083,1.0055213030335939
capacity,9104,sine,0.05,stuck,intact,0.6892012431564692,0.6853327981468702,1.0056446226126332
capacity,9104,sine,0.05,stuck,L4 failure,3.608193000697755,3.6782608836408874,0.980950812038711
capacity,9104,sine,0.05,stuck,L4 slip,1.384354659260104,1.4088518985330285,0.9826119130772848
capacity,9104,sine,0.1,dropout,intact,0.6593326867487385,0.6596025853375549,0.9995908163569761
capacity,9104,sine,0.1,dropout,L4 failure,3.3237129719166996,3.6645601446210336,0.9069882443587012
capacity,9104,sine,0.1,dropout,L4 slip,1.211892330569181,1.3294177417700126,0.911596327092524
capacity,9104,sine,0.1,intermittent,intact,0.6593326867487385,0.7143294100318804,0.9230092972362884
capacity,9104,sine,0.1,intermittent,L4 failure,3.3237129719166996,3.7159894742511606,0.8944355184392679
capacity,9104,sine,0.1,intermittent,L4 slip,1.211892330569181,1.4754745932445967,0.82135764052989
capacity,9104,sine,0.1,delayed,intact,0.6593326867487385,0.6597591946423089,0.999353540053653
capacity,9104,sine,0.1,delayed,L4 failure,3.3237129719166996,3.3703643488266253,0.9861583579454348
capacity,9104,sine,0.1,delayed,L4 slip,1.211892330569181,1.2279522725848302,0.9869213630088057
capacity,9104,sine,0.1,noisy,intact,0.6593326867487385,0.658748555074012,1.0008867293449484
capacity,9104,sine,0.1,noisy,L4 failure,3.3237129719166996,3.317223707068117,1.0019562337127748
capacity,9104,sine,0.1,noisy,L4 slip,1.211892330569181,1.2063152996100466,1.0046231950808693
capacity,9104,sine,0.1,stuck,intact,0.6593326867487385,0.6611536750320983,0.9972457412669279
capacity,9104,sine,0.1,stuck,L4 failure,3.3237129719166996,3.4653377862655654,0.959131021827027
capacity,9104,sine,0.1,stuck,L4 slip,1.211892330569181,1.2289156529168175,0.9861476885681847
capacity,9104,sine,0.2,dropout,intact,0.659818087717734,0.6911899803314504,0.9546117659305876
capacity,9104,sine,0.2,dropout,L4 failure,2.9472912820624195,3.479503035425144,0.8470437450566282
capacity,9104,sine,0.2,dropout,L4 slip,1.0807593133984368,1.146689197878549,0.9425041374750134
capacity,9104,sine,0.2,intermittent,intact,0.659818087717734,0.672964524917943,0.9804648882468032
capacity,9104,sine,0.2,intermittent,L4 failure,2.9472912820624195,3.501452116671163,0.8417339960268869
capacity,9104,sine,0.2,intermittent,L4 slip,1.0807593133984368,1.3214052085189498,0.8178863731056181
capacity,9104,sine,0.2,delayed,intact,0.659818087717734,0.6619337749049408,0.9968037781611754
capacity,9104,sine,0.2,delayed,L4 failure,2.9472912820624195,2.9953749267492755,0.9839473702415481
capacity,9104,sine,0.2,delayed,L4 slip,1.0807593133984368,1.083092076200476,0.9978462008417394
capacity,9104,sine,0.2,noisy,intact,0.659818087717734,0.6690476252980717,0.9862049617525721
capacity,9104,sine,0.2,noisy,L4 failure,2.9472912820624195,2.9475977199477272,0.9998960380912111
capacity,9104,sine,0.2,noisy,L4 slip,1.0807593133984368,1.0895099367677479,0.9919682941164616
capacity,9104,sine,0.2,stuck,intact,0.659818087717734,0.6790252729550191,0.9717135929952971
capacity,9104,sine,0.2,stuck,L4 failure,2.9472912820624195,3.1767531595006147,0.92776842709609
capacity,9104,sine,0.2,stuck,L4 slip,1.0807593133984368,1.0797861648176201,1.0009012419426406
capacity,9104,sine,0.4,dropout,intact,0.6798671517104895,0.765430621271398,0.8882152514113093
capacity,9104,sine,0.4,dropout,L4 failure,2.7244485161627554,3.2879951560972827,0.82860478401573
capacity,9104,sine,0.4,dropout,L4 slip,1.0465811761255952,1.0471053176564618,0.999499437619093
capacity,9104,sine,0.4,intermittent,intact,0.6798671517104895,0.6587116534060733,1.0321164779688126
capacity,9104,sine,0.4,intermittent,L4 failure,2.7244485161627554,3.156721433923322,0.8630626975458784
capacity,9104,sine,0.4,intermittent,L4 slip,1.0465811761255952,1.158598594018055,0.9033164562163156
capacity,9104,sine,0.4,delayed,intact,0.6798671517104895,0.6853533540314555,0.9919950748198801
capacity,9104,sine,0.4,delayed,L4 failure,2.7244485161627554,2.741101047474993,0.9939248750688789
capacity,9104,sine,0.4,delayed,L4 slip,1.0465811761255952,1.045025330400504,1.001488811495598
capacity,9104,sine,0.4,noisy,intact,0.6798671517104895,0.7138352403251427,0.9524146656038147
capacity,9104,sine,0.4,noisy,L4 failure,2.7244485161627554,2.7362486098934653,0.9956874921057816
capacity,9104,sine,0.4,noisy,L4 slip,1.0465811761255952,1.0892429282580225,0.9608335743793588
capacity,9104,sine,0.4,stuck,intact,0.6798671517104895,0.6811513464225853,0.9981146705224317
capacity,9104,sine,0.4,stuck,L4 failure,2.7244485161627554,2.915749834434792,0.9343903526932311
capacity,9104,sine,0.4,stuck,L4 slip,1.0465811761255952,1.0568495792207924,0.9902839502450594
capacity,9104,sine,1.0,dropout,intact,0.72534450812892,0.6921662519097408,1.047933940910349
capacity,9104,sine,1.0,dropout,L4 failure,2.6392932675571266,3.167391099993123,0.8332704059068856
capacity,9104,sine,1.0,dropout,L4 slip,1.064937673271131,1.0811262177607481,0.9850262215237485
capacity,9104,sine,1.0,intermittent,intact,0.72534450812892,0.6927628496150062,1.0470314748142464
capacity,9104,sine,1.0,intermittent,L4 failure,2.6392932675571266,2.850190060741641,0.9260060597047912
capacity,9104,sine,1.0,intermittent,L4 slip,1.064937673271131,1.0814627011808309,0.9847197430927055
capacity,9104,sine,1.0,delayed,intact,0.72534450812892,0.751683861236745,0.9649595335670919
capacity,9104,sine,1.0,delayed,L4 failure,2.6392932675571266,2.647632751436581,0.996850211240615
capacity,9104,sine,1.0,delayed,L4 slip,1.064937673271131,1.0833398406809949,0.983013485963651
capacity,9104,sine,1.0,noisy,intact,0.72534450812892,0.8478174159281189,0.8555432980046466
capacity,9104,sine,1.0,noisy,L4 failure,2.6392932675571266,2.750749742376011,0.9594814195192427
capacity,9104,sine,1.0,noisy,L4 slip,1.064937673271131,1.2235156829959677,0.8703915185324524
capacity,9104,sine,1.0,stuck,intact,0.72534450812892,1.1615588176115639,0.6244578381492534
capacity,9104,sine,1.0,stuck,L4 failure,2.6392932675571266,2.699888010886255,0.9775565715745232
capacity,9104,sine,1.0,stuck,L4 slip,1.064937673271131,1.361409606770729,0.7822316428317037
capacity,9104,chirp,0.0,dropout,intact,0.9721032591698003,0.9721032591698003,1.0
capacity,9104,chirp,0.0,dropout,L4 failure,4.093706367187288,4.093706367187288,1.0
capacity,9104,chirp,0.0,dropout,L4 slip,1.95925412934275,1.95925412934275,1.0
capacity,9104,chirp,0.0,intermittent,intact,0.9721032591698003,0.9721032591698003,1.0
capacity,9104,chirp,0.0,intermittent,L4 failure,4.093706367187288,4.093706367187288,1.0
capacity,9104,chirp,0.0,intermittent,L4 slip,1.95925412934275,1.95925412934275,1.0
capacity,9104,chirp,0.0,delayed,intact,0.9721032591698003,0.9721032591698003,1.0
capacity,9104,chirp,0.0,delayed,L4 failure,4.093706367187288,4.093706367187288,1.0
capacity,9104,chirp,0.0,delayed,L4 slip,1.95925412934275,1.95925412934275,1.0
capacity,9104,chirp,0.0,noisy,intact,0.9721032591698003,0.9721032591698003,1.0
capacity,9104,chirp,0.0,noisy,L4 failure,4.093706367187288,4.093706367187288,1.0
capacity,9104,chirp,0.0,noisy,L4 slip,1.95925412934275,1.95925412934275,1.0
capacity,9104,chirp,0.0,stuck,intact,0.9721032591698003,0.9721032591698003,1.0
capacity,9104,chirp,0.0,stuck,L4 failure,4.093706367187288,4.093706367187288,1.0
capacity,9104,chirp,0.0,stuck,L4 slip,1.95925412934275,1.95925412934275,1.0
capacity,9104,chirp,0.025,dropout,intact,0.8551241778901119,0.8937853400653898,0.9567444659895077
capacity,9104,chirp,0.025,dropout,L4 failure,3.9136099009662892,4.014808114432899,0.97479376085178
capacity,9104,chirp,0.025,dropout,L4 slip,1.7420416934393779,1.8439976919640906,0.9447092591443991
capacity,9104,chirp,0.025,intermittent,intact,0.8551241778901119,0.9282819566929182,0.9211901316455218
capacity,9104,chirp,0.025,intermittent,L4 failure,3.9136099009662892,4.033081423929173,0.9703771110957412
capacity,9104,chirp,0.025,intermittent,L4 slip,1.7420416934393779,1.8829688835893794,0.9251569203409451
capacity,9104,chirp,0.025,delayed,intact,0.8551241778901119,0.8633323024617864,0.9904925084486367
capacity,9104,chirp,0.025,delayed,L4 failure,3.9136099009662892,3.9315267986643603,0.995442763431205
capacity,9104,chirp,0.025,delayed,L4 slip,1.7420416934393779,1.7615858422709194,0.9889053667652401
capacity,9104,chirp,0.025,noisy,intact,0.8551241778901119,0.8481326659030805,1.0082434178850863
capacity,9104,chirp,0.025,noisy,L4 failure,3.9136099009662892,3.911792499656319,1.0004645955300875
capacity,9104,chirp,0.025,noisy,L4 slip,1.7420416934393779,1.7362692260470436,1.003324638429189
capacity,9104,chirp,0.025,stuck,intact,0.8551241778901119,0.8565020500214284,0.9983912798208923
capacity,9104,chirp,0.025,stuck,L4 failure,3.9136099009662892,3.9370746543304618,0.9940400537393003
capacity,9104,chirp,0.025,stuck,L4 slip,1.7420416934393779,1.767829302094863,0.9854128401283274
capacity,9104,chirp,0.05,dropout,intact,0.7764151062913991,0.8281521433812709,0.937527134955379
capacity,9104,chirp,0.05,dropout,L4 failure,3.739256921462501,3.9400655393476347,0.9490341934976082
capacity,9104,chirp,0.05,dropout,L4 slip,1.5670605804787041,1.7383506597352294,0.9014640237875742
capacity,9104,chirp,0.05,intermittent,intact,0.7764151062913991,0.8890492244438025,0.8733094691996741
capacity,9104,chirp,0.05,intermittent,L4 failure,3.739256921462501,3.9724555474815957,0.9412961018111493
capacity,9104,chirp,0.05,intermittent,L4 slip,1.5670605804787041,1.8105365091011525,0.8655227732782241
capacity,9104,chirp,0.05,delayed,intact,0.7764151062913991,0.7861983250025213,0.9875562966747724
capacity,9104,chirp,0.05,delayed,L4 failure,3.739256921462501,3.772894759096144,0.9910843424528222
capacity,9104,chirp,0.05,delayed,L4 slip,1.5670605804787041,1.5964774211439186,0.9815739074818005
capacity,9104,chirp,0.05,noisy,intact,0.7764151062913991,0.7672878637163094,1.0118954606304893
capacity,9104,chirp,0.05,noisy,L4 failure,3.739256921462501,3.7366587081633114,1.0006953306421893
capacity,9104,chirp,0.05,noisy,L4 slip,1.5670605804787041,1.5578539247317842,1.0059098324950493
capacity,9104,chirp,0.05,stuck,intact,0.7764151062913991,0.7737113251350122,1.0034945606566055
capacity,9104,chirp,0.05,stuck,L4 failure,3.739256921462501,3.789756871126835,0.986674620198177
capacity,9104,chirp,0.05,stuck,L4 slip,1.5670605804787041,1.602497956003658,0.9778861649138522
capacity,9104,chirp,0.1,dropout,intact,0.7026725238246985,0.7353584333696144,0.9555510509410491
capacity,9104,chirp,0.1,dropout,L4 failure,3.420258792371885,3.8029349670587678,0.8993734633903433
capacity,9104,chirp,0.1,dropout,L4 slip,1.3287009471063314,1.5554650087210256,0.8542146172731009
capacity,9104,chirp,0.1,intermittent,intact,0.7026725238246985,0.8238389680702489,0.8529246018437688
capacity,9104,chirp,0.1,intermittent,L4 failure,3.420258792371885,3.8519148135163475,0.8879372878055911
capacity,9104,chirp,0.1,intermittent,L4 slip,1.3287009471063314,1.6799296478343138,0.7909265419651532
capacity,9104,chirp,0.1,delayed,intact,0.7026725238246985,0.7084201133529042,0.9918867499385318
capacity,9104,chirp,0.1,delayed,L4 failure,3.420258792371885,3.476632062070452,0.9837850918095156
capacity,9104,chirp,0.1,delayed,L4 slip,1.3287009471063314,1.358553102432698,0.9780265082955449
capacity,9104,chirp,0.1,noisy,intact,0.7026725238246985,0.6972929119672159,1.0077149957573863
capacity,9104,chirp,0.1,noisy,L4 failure,3.420258792371885,3.4174204881572665,1.000830539942174
capacity,9104,chirp,0.1,noisy,L4 slip,1.3287009471063314,1.3203420138575779,1.0063308848472765
capacity,9104,chirp,0.1,stuck,intact,0.7026725238246985,0.7014901982657301,1.0016854484380415
capacity,9104,chirp,0.1,stuck,L4 failure,3.420258792371885,3.5272046018573264,0.9696797261408859
capacity,9104,chirp,0.1,stuck,L4 slip,1.3287009471063314,1.3508909750734879,0.9835737832463132
capacity,9104,chirp,0.2,dropout,intact,0.6911986159114692,0.6827064313131227,1.0124389989735598
capacity,9104,chirp,0.2,dropout,L4 failure,2.9698748769556067,3.5756038394756544,0.8305939388942833
capacity,9104,chirp,0.2,dropout,L4 slip,1.1302343995445274,1.29606185554968,0.8720528227143739
capacity,9104,chirp,0.2,intermittent,intact,0.6911986159114692,0.740305180791828,0.9336671332924692
capacity,9104,chirp,0.2,intermittent,L4 failure,2.9698748769556067,3.619162917849134,0.8205971779575486
capacity,9104,chirp,0.2,intermittent,L4 slip,1.1302343995445274,1.4739636538557253,0.7667993688907863
capacity,9104,chirp,0.2,delayed,intact,0.6911986159114692,0.6973063349364363,0.9912409815902162
capacity,9104,chirp,0.2,delayed,L4 failure,2.9698748769556067,3.030038762312926,0.9801441862376064
capacity,9104,chirp,0.2,delayed,L4 slip,1.1302343995445274,1.1429581552844685,0.9888676976658219
capacity,9104,chirp,0.2,noisy,intact,0.6911986159114692,0.6951111850868912,0.9943713045346366
capacity,9104,chirp,0.2,noisy,L4 failure,2.9698748769556067,2.9651097681469047,1.0016070598329585
capacity,9104,chirp,0.2,noisy,L4 slip,1.1302343995445274,1.1344378275886144,0.9962947039124904
capacity,9104,chirp,0.2,stuck,intact,0.6911986159114692,0.752142492606507,0.9189729641735301
capacity,9104,chirp,0.2,stuck,L4 failure,2.9698748769556067,3.1360985356416555,0.9469966722037199
capacity,9104,chirp,0.2,stuck,L4 slip,1.1302343995445274,1.1244460991861707,1.0051476903717715
capacity,9104,chirp,0.4,dropout,intact,0.7079761736460808,0.7864630689149978,0.9002026943525812
capacity,9104,chirp,0.4,dropout,L4 failure,2.707496789454588,3.2751430337659486,0.8266804721323427
capacity,9104,chirp,0.4,dropout,L4 slip,1.067552045166084,1.0906963638139262,0.9787802367224261
capacity,9104,chirp,0.4,intermittent,intact,0.7079761736460808,0.692273206810213,1.0226831931113185
capacity,9104,chirp,0.4,intermittent,L4 failure,2.707496789454588,3.231152510529474,0.8379353127503483
capacity,9104,chirp,0.4,intermittent,L4 slip,1.067552045166084,1.2391266297389305,0.8615358749823695
capacity,9104,chirp,0.4,delayed,intact,0.7079761736460808,0.7249046745129542,0.9766472731352612
capacity,9104,chirp,0.4,delayed,L4 failure,2.707496789454588,2.7283280494425943,0.9923648257795603
capacity,9104,chirp,0.4,delayed,L4 slip,1.067552045166084,1.0734868870815433,0.9944714351084492
capacity,9104,chirp,0.4,noisy,intact,0.7079761736460808,0.722571978671871,0.9798002061294736
capacity,9104,chirp,0.4,noisy,L4 failure,2.707496789454588,2.7125301308145056,0.9981444108941911
capacity,9104,chirp,0.4,noisy,L4 slip,1.067552045166084,1.0977685984086851,0.9724745695163783
capacity,9104,chirp,0.4,stuck,intact,0.7079761736460808,0.8421207894859485,0.84070620567181
capacity,9104,chirp,0.4,stuck,L4 failure,2.707496789454588,2.7644664862700212,0.9793921550149446
capacity,9104,chirp,0.4,stuck,L4 slip,1.067552045166084,1.107236350452437,0.9641591379562844
capacity,9104,chirp,1.0,dropout,intact,0.7087108784529044,0.8588860817942964,0.8251511969693799
capacity,9104,chirp,1.0,dropout,L4 failure,2.6019019161527117,2.968222833928862,0.8765857759771787
capacity,9104,chirp,1.0,dropout,L4 slip,1.0699185012067587,1.0757449935093235,0.9945837607074912
capacity,9104,chirp,1.0,intermittent,intact,0.7087108784529044,0.7247420756648106,0.9778801345331016
capacity,9104,chirp,1.0,intermittent,L4 failure,2.6019019161527117,2.8545489134758397,0.9114931973558328
capacity,9104,chirp,1.0,intermittent,L4 slip,1.0699185012067587,1.1176639825023276,0.9572810057020251
capacity,9104,chirp,1.0,delayed,intact,0.7087108784529044,0.7267280608461577,0.9752078069308687
capacity,9104,chirp,1.0,delayed,L4 failure,2.6019019161527117,2.60561496657069,0.9985749811596819
capacity,9104,chirp,1.0,delayed,L4 slip,1.0699185012067587,1.0847012390195787,0.9863716041975009
capacity,9104,chirp,1.0,noisy,intact,0.7087108784529044,0.8040236706426157,0.88145524109566
capacity,9104,chirp,1.0,noisy,L4 failure,2.6019019161527117,2.696207707998282,0.9650228016314126
capacity,9104,chirp,1.0,noisy,L4 slip,1.0699185012067587,1.2065768395236596,0.8867388020054722
capacity,9104,chirp,1.0,stuck,intact,0.7087108784529044,0.7419285612208755,0.955227922869946
capacity,9104,chirp,1.0,stuck,L4 failure,2.6019019161527117,2.5972230891425077,1.0018014728999458
capacity,9104,chirp,1.0,stuck,L4 slip,1.0699185012067587,1.086926117413198,0.9843525554000707
capacity,9105,straight,0.0,dropout,intact,0.535460770779325,0.535460770779325,1.0
capacity,9105,straight,0.0,dropout,L4 failure,2.263761782795733,2.263761782795733,1.0
capacity,9105,straight,0.0,dropout,L4 slip,0.9181275980858242,0.9181275980858242,1.0
capacity,9105,straight,0.0,intermittent,intact,0.535460770779325,0.535460770779325,1.0
capacity,9105,straight,0.0,intermittent,L4 failure,2.263761782795733,2.263761782795733,1.0
capacity,9105,straight,0.0,intermittent,L4 slip,0.9181275980858242,0.9181275980858242,1.0
capacity,9105,straight,0.0,delayed,intact,0.535460770779325,0.535460770779325,1.0
capacity,9105,straight,0.0,delayed,L4 failure,2.263761782795733,2.263761782795733,1.0
capacity,9105,straight,0.0,delayed,L4 slip,0.9181275980858242,0.9181275980858242,1.0
capacity,9105,straight,0.0,noisy,intact,0.535460770779325,0.535460770779325,1.0
capacity,9105,straight,0.0,noisy,L4 failure,2.263761782795733,2.263761782795733,1.0
capacity,9105,straight,0.0,noisy,L4 slip,0.9181275980858242,0.9181275980858242,1.0
capacity,9105,straight,0.0,stuck,intact,0.535460770779325,0.535460770779325,1.0
capacity,9105,straight,0.0,stuck,L4 failure,2.263761782795733,2.263761782795733,1.0
capacity,9105,straight,0.0,stuck,L4 slip,0.9181275980858242,0.9181275980858242,1.0
capacity,9105,straight,0.025,dropout,intact,0.5339759943532421,0.5350001399340873,0.9980857096953817
capacity,9105,straight,0.025,dropout,L4 failure,2.2215732921132885,2.2564852198885466,0.9845281823840253
capacity,9105,straight,0.025,dropout,L4 slip,0.8983732859831157,0.9127017238651522,0.984301072839703
capacity,9105,straight,0.025,intermittent,intact,0.5339759943532421,0.534940890076532,0.9981962573039577
capacity,9105,straight,0.025,intermittent,L4 failure,2.2215732921132885,2.2495665916050553,0.9875561365481544
capacity,9105,straight,0.025,intermittent,L4 slip,0.8983732859831157,0.9111367686100813,0.9859916940390453
capacity,9105,straight,0.025,delayed,intact,0.5339759943532421,0.5340925938037507,0.9997816868238553
capacity,9105,straight,0.025,delayed,L4 failure,2.2215732921132885,2.227566135616125,0.9973096899764196
capacity,9105,straight,0.025,delayed,L4 slip,0.8983732859831157,0.9005899666012567,0.9975386350055547
capacity,9105,straight,0.025,noisy,intact,0.5339759943532421,0.5334970807356363,1.0008976874192927
capacity,9105,straight,0.025,noisy,L4 failure,2.2215732921132885,2.218192662558983,1.0015240468564193
capacity,9105,straight,0.025,noisy,L4 slip,0.8983732859831157,0.8981194076097594,1.0002826777499798
capacity,9105,straight,0.025,stuck,intact,0.5339759943532421,0.5344604882450861,0.9990934897854941
capacity,9105,straight,0.025,stuck,L4 failure,2.2215732921132885,2.2429088608420007,0.990487545391968
capacity,9105,straight,0.025,stuck,L4 slip,0.8983732859831157,0.9055412605247282,0.9920843203351564
capacity,9105,straight,0.05,dropout,intact,0.5327484162176337,0.5345859409801396,0.9965627140153801
capacity,9105,straight,0.05,dropout,L4 failure,2.181428984704663,2.24941034529337,0.969778141755705
capacity,9105,straight,0.05,dropout,L4 slip,0.8809402560410138,0.9075546551730227,0.9706746045758148
capacity,9105,straight,0.05,intermittent,intact,0.5327484162176337,0.5344503216866496,0.9968155965111126
capacity,9105,straight,0.05,intermittent,L4 failure,2.181428984704663,2.2354843029532177,0.9758194149799468
capacity,9105,straight,0.05,intermittent,L4 slip,0.8809402560410138,0.9044048841924331,0.9740551731182086
capacity,9105,straight,0.05,delayed,intact,0.5327484162176337,0.5329318156224006,0.999655867037038
capacity,9105,straight,0.05,delayed,L4 failure,2.181428984704663,2.1927350693228034,0.9948438437564497
capacity,9105,straight,0.05,delayed,L4 slip,0.8809402560410138,0.8847794456712436,0.9956608512448917
capacity,9105,straight,0.05,noisy,intact,0.5327484162176337,0.5323061941197105,1.0008307663949967
capacity,9105,straight,0.05,noisy,L4 failure,2.181428984704663,2.1753910959759706,1.0027755417128723
capacity,9105,straight,0.05,noisy,L4 slip,0.8809402560410138,0.8812186852765981,0.9996840407038159
capacity,9105,straight,0.05,stuck,intact,0.5327484162176337,0.5335858741624467,0.9984305095292719
capacity,9105,straight,0.05,stuck,L4 failure,2.181428984704663,2.222693713579453,0.9814348110031154
capacity,9105,straight,0.05,stuck,L4 slip,0.8809402560410138,0.893871208189093,0.9855337636679491
capacity,9105,straight,0.1,dropout,intact,0.5308938602413382,0.5338766973728983,0.994412872586052
capacity,9105,straight,0.1,dropout,L4 failure,2.107871216940583,2.2358253660150074,0.9427709556303668
capacity,9105,straight,0.1,dropout,L4 slip,0.8520917715202458,0.898030841377695,0.9488446635229446
capacity,9105,straight,0.1,intermittent,intact,0.5308938602413382,0.5335510326196291,0.9950198346252941
capacity,9105,straight,0.1,intermittent,L4 failure,2.107871216940583,2.2077105715899914,0.9547769730624137
capacity,9105,straight,0.1,intermittent,L4 slip,0.8520917715202458,0.8916901945829971,0.9555917253511241
capacity,9105,straight,0.1,delayed,intact,0.5308938602413382,0.5311151813420605,0.9995832898239455
capacity,9105,straight,0.1,delayed,L4 failure,2.107871216940583,2.1276457204662695,0.9907059228256512
capacity,9105,straight,0.1,delayed,L4 slip,0.8520917715202458,0.8578020306469687,0.9933431503741998
capacity,9105,straight,0.1,noisy,intact,0.5308938602413382,0.5316407696438308,0.9985950862967244
capacity,9105,straight,0.1,noisy,L4 failure,2.107871216940583,2.098931520019902,1.004259165597073
capacity,9105,straight,0.1,noisy,L4 slip,0.8520917715202458,0.8553241698802811,0.9962208499726043
capacity,9105,straight,0.1,stuck,intact,0.5308938602413382,0.5321491627622655,0.9976410701946588
capacity,9105,straight,0.1,stuck,L4 failure,2.107871216940583,2.1840932392528396,0.9651012965278298
capacity,9105,straight,0.1,stuck,L4 slip,0.8520917715202458,0.8730434940320949,0.9760015134926613
capacity,9105,straight,0.2,dropout,intact,0.5287607677225149,0.5328241915512228,0.9923738000392249
capacity,9105,straight,0.2,dropout,L4 failure,1.9906107300769598,2.210667711482876,0.900456780427527
capacity,9105,straight,0.2,dropout,L4 slip,0.8127870173004134,0.8816603183156279,0.9218822719085352
capacity,9105,straight,0.2,intermittent,intact,0.5287607677225149,0.5320413571106117,0.9938339579353137
capacity,9105,straight,0.2,intermittent,L4 failure,1.9906107300769598,2.1541397697253153,0.9240861517220826
capacity,9105,straight,0.2,intermittent,L4 slip,0.8127870173004134,0.8690606723119665,0.9352477257291507
capacity,9105,straight,0.2,delayed,intact,0.5287607677225149,0.528894673982513,0.9997468186643103
capacity,9105,straight,0.2,delayed,L4 failure,1.9906107300769598,2.0185062878800304,0.9861800986350315
capacity,9105,straight,0.2,delayed,L4 slip,0.8127870173004134,0.818941776430572,0.9924844973021346
capacity,9105,straight,0.2,noisy,intact,0.5287607677225149,0.5344384091230874,0.9893764345831947
capacity,9105,straight,0.2,noisy,L4 failure,1.9906107300769598,1.9827420119941785,1.00396860410239
capacity,9105,straight,0.2,noisy,L4 slip,0.8127870173004134,0.8267557838838397,0.9831041199157924
capacity,9105,straight,0.2,stuck,intact,0.5287607677225149,0.53018569021936,0.9973124086086602
capacity,9105,straight,0.2,stuck,L4 failure,1.9906107300769598,2.113685362562547,0.9417724914665746
capacity,9105,straight,0.2,stuck,L4 slip,0.8127870173004134,0.839955456936868,0.9676549043022686
capacity,9105,straight,0.4,dropout,intact,0.5273415355224185,0.5316080979107933,0.991974233641018
capacity,9105,straight,0.4,dropout,L4 failure,1.8471510868091634,2.166857106006458,0.8524563441165179
capacity,9105,straight,0.4,dropout,L4 slip,0.7761093521425875,0.8570988118241409,0.9055074414241857
capacity,9105,straight,0.4,intermittent,intact,0.5273415355224185,0.5299232519049306,0.9951281315299308
capacity,9105,straight,0.4,intermittent,L4 failure,1.8471510868091634,2.060787723465912,0.8963325362316085
capacity,9105,straight,0.4,intermittent,L4 slip,0.7761093521425875,0.8334607746825252,0.9311888162201952
capacity,9105,straight,0.4,delayed,intact,0.5273415355224185,0.5272846922374406,1.0001078037838282
capacity,9105,straight,0.4,delayed,L4 failure,1.8471510868091634,1.872721076193438,0.9863460769949526
capacity,9105,straight,0.4,delayed,L4 slip,0.7761093521425875,0.7795670872841265,0.9955645444786733
capacity,9105,straight,0.4,noisy,intact,0.5273415355224185,0.5469730762325558,0.9641087622715262
capacity,9105,straight,0.4,noisy,L4 failure,1.8471510868091634,1.857892609543327,0.9942184372342145
capacity,9105,straight,0.4,noisy,L4 slip,0.7761093521425875,0.8187275443436606,0.9479458184893018
capacity,9105,straight,0.4,stuck,intact,0.5273415355224185,0.5282560105147628,0.9982688791530205
capacity,9105,straight,0.4,stuck,L4 failure,1.8471510868091634,1.9965423554565198,0.925175006561182
capacity,9105,straight,0.4,stuck,L4 slip,0.7761093521425875,0.7984948137351879,0.9719654264404223
capacity,9105,straight,1.0,dropout,intact,0.5272474054982528,0.530412395779581,0.9940329632065321
capacity,9105,straight,1.0,dropout,L4 failure,1.705642021854742,2.0694389410365504,0.8242050480602302
capacity,9105,straight,1.0,dropout,L4 slip,0.7563441220955902,0.8191428074787993,0.9233360962095313
capacity,9105,straight,1.0,intermittent,intact,0.5272474054982528,0.5274883454947592,0.9995432316210126
capacity,9105,straight,1.0,intermittent,L4 failure,1.705642021854742,1.892983691369659,0.9010336589960969
capacity,9105,straight,1.0,intermittent,L4 slip,0.7563441220955902,0.7777440969004421,0.9724845551510611
capacity,9105,straight,1.0,delayed,intact,0.5272474054982528,0.5272328156200958,1.000027672553234
capacity,9105,straight,1.0,delayed,L4 failure,1.705642021854742,1.7107072438014967,0.9970391065069094
capacity,9105,straight,1.0,delayed,L4 slip,0.7563441220955902,0.7588392631211447,0.996711897832893
capacity,9105,straight,1.0,noisy,intact,0.5272474054982528,0.611609503509043,0.8620654232369317
capacity,9105,straight,1.0,noisy,L4 failure,1.705642021854742,1.8053352893635517,0.94477853056096
capacity,9105,straight,1.0,noisy,L4 slip,0.7563441220955902,0.9080093941988899,0.8329694901041089
capacity,9105,straight,1.0,stuck,intact,0.5272474054982528,0.5269777202922254,1.000511758269169
capacity,9105,straight,1.0,stuck,L4 failure,1.705642021854742,1.783985555404545,0.9560851076890936
capacity,9105,straight,1.0,stuck,L4 slip,0.7563441220955902,0.7608820777850396,0.9940359277449936
capacity,9105,s_lr,0.0,dropout,intact,0.9145060030834525,0.9145060030834525,1.0
capacity,9105,s_lr,0.0,dropout,L4 failure,2.402755749267539,2.402755749267539,1.0
capacity,9105,s_lr,0.0,dropout,L4 slip,1.3726956284317393,1.3726956284317393,1.0
capacity,9105,s_lr,0.0,intermittent,intact,0.9145060030834525,0.9145060030834525,1.0
capacity,9105,s_lr,0.0,intermittent,L4 failure,2.402755749267539,2.402755749267539,1.0
capacity,9105,s_lr,0.0,intermittent,L4 slip,1.3726956284317393,1.3726956284317393,1.0
capacity,9105,s_lr,0.0,delayed,intact,0.9145060030834525,0.9145060030834525,1.0
capacity,9105,s_lr,0.0,delayed,L4 failure,2.402755749267539,2.402755749267539,1.0
capacity,9105,s_lr,0.0,delayed,L4 slip,1.3726956284317393,1.3726956284317393,1.0
capacity,9105,s_lr,0.0,noisy,intact,0.9145060030834525,0.9145060030834525,1.0
capacity,9105,s_lr,0.0,noisy,L4 failure,2.402755749267539,2.402755749267539,1.0
capacity,9105,s_lr,0.0,noisy,L4 slip,1.3726956284317393,1.3726956284317393,1.0
capacity,9105,s_lr,0.0,stuck,intact,0.9145060030834525,0.9145060030834525,1.0
capacity,9105,s_lr,0.0,stuck,L4 failure,2.402755749267539,2.402755749267539,1.0
capacity,9105,s_lr,0.0,stuck,L4 slip,1.3726956284317393,1.3726956284317393,1.0
capacity,9105,s_lr,0.025,dropout,intact,0.8249214020192277,0.8814314473228455,0.9358883263409143
capacity,9105,s_lr,0.025,dropout,L4 failure,2.302151131204553,2.366822144170325,0.9726760149151629
capacity,9105,s_lr,0.025,dropout,L4 slip,1.2620115597804558,1.3335092161291562,0.9463838303598379
capacity,9105,s_lr,0.025,intermittent,intact,0.8249214020192277,0.8834916326255329,0.9337059588982773
capacity,9105,s_lr,0.025,intermittent,L4 failure,2.302151131204553,2.3689686109820953,0.9717946960260304
capacity,9105,s_lr,0.025,intermittent,L4 slip,1.2620115597804558,1.3327736200277651,0.9469061668208625
capacity,9105,s_lr,0.025,delayed,intact,0.8249214020192277,0.8331968787713306,0.9900678015449286
capacity,9105,s_lr,0.025,delayed,L4 failure,2.302151131204553,2.314214387549971,0.9947873211702787
capacity,9105,s_lr,0.025,delayed,L4 slip,1.2620115597804558,1.2731641467891615,0.991240259917127
capacity,9105,s_lr,0.025,noisy,intact,0.8249214020192277,0.8203841491813838,1.005530644201709
capacity,9105,s_lr,0.025,noisy,L4 failure,2.302151131204553,2.298699438195805,1.0015015851795992
capacity,9105,s_lr,0.025,noisy,L4 slip,1.2620115597804558,1.2600712861665282,1.0015398125766601
capacity,9105,s_lr,0.025,stuck,intact,0.8249214020192277,0.8393666739330403,0.9827902722821648
capacity,9105,s_lr,0.025,stuck,L4 failure,2.302151131204553,2.32439415989156,0.990430612384586
capacity,9105,s_lr,0.025,stuck,L4 slip,1.2620115597804558,1.2840084077079497,0.9828686106761871
capacity,9105,s_lr,0.05,dropout,intact,0.7464125309027762,0.8498326319609417,0.8783053307572699
capacity,9105,s_lr,0.05,dropout,L4 failure,2.204787359489596,2.3319267440447407,0.9454788256621558
capacity,9105,s_lr,0.05,dropout,L4 slip,1.1625852649291044,1.2959046878093592,0.8971225089820283
capacity,9105,s_lr,0.05,intermittent,intact,0.7464125309027762,0.8534779349662148,0.8745539870721123
capacity,9105,s_lr,0.05,intermittent,L4 failure,2.204787359489596,2.335134911568656,0.9441798623996857
capacity,9105,s_lr,0.05,intermittent,L4 slip,1.1625852649291044,1.2939143665191604,0.8985024782255471
capacity,9105,s_lr,0.05,delayed,intact,0.7464125309027762,0.7601552467426093,0.9819211721569733
capacity,9105,s_lr,0.05,delayed,L4 failure,2.204787359489596,2.2276907274908804,0.9897187846954495
capacity,9105,s_lr,0.05,delayed,L4 slip,1.1625852649291044,1.181817055695086,0.983726930768764
capacity,9105,s_lr,0.05,noisy,intact,0.7464125309027762,0.7387145920503425,1.0104207212572687
capacity,9105,s_lr,0.05,noisy,L4 failure,2.204787359489596,2.1985639698752495,1.0028306611495592
capacity,9105,s_lr,0.05,noisy,L4 slip,1.1625852649291044,1.1595684180378534,1.0026016980493104
capacity,9105,s_lr,0.05,stuck,intact,0.7464125309027762,0.7696578515527449,0.9697978515998082
capacity,9105,s_lr,0.05,stuck,L4 failure,2.204787359489596,2.2487490592637607,0.9804505978143432
capacity,9105,s_lr,0.05,stuck,L4 slip,1.1625852649291044,1.2006017023669504,0.9683355126326261
capacity,9105,s_lr,0.1,dropout,intact,0.6271747321529431,0.7910534876983659,0.7928347980333904
capacity,9105,s_lr,0.1,dropout,L4 failure,2.0236175585495255,2.265187802289965,0.8933553131902675
capacity,9105,s_lr,0.1,dropout,L4 slip,0.9987264172011475,1.225338609257839,0.8150615753518567
capacity,9105,s_lr,0.1,intermittent,intact,0.6271747321529431,0.7967007613948061,0.7872149275405874
capacity,9105,s_lr,0.1,intermittent,L4 failure,2.0236175585495255,2.267542672007052,0.8924275531972137
capacity,9105,s_lr,0.1,intermittent,L4 slip,0.9987264172011475,1.219607390458308,0.8188917392718019
capacity,9105,s_lr,0.1,delayed,intact,0.6271747321529431,0.6435459364637575,0.9745609390360336
capacity,9105,s_lr,0.1,delayed,L4 failure,2.0236175585495255,2.0634726145641245,0.9806854446561106
capacity,9105,s_lr,0.1,delayed,L4 slip,0.9987264172011475,1.0256130059499946,0.9737848597932484
capacity,9105,s_lr,0.1,noisy,intact,0.6271747321529431,0.6175795291888051,1.0155367892079281
capacity,9105,s_lr,0.1,noisy,L4 failure,2.0236175585495255,2.0142243393398687,1.0046634424111542
capacity,9105,s_lr,0.1,noisy,L4 slip,0.9987264172011475,0.9964807593397509,1.002253588782672
capacity,9105,s_lr,0.1,stuck,intact,0.6271747321529431,0.6508786290270965,0.9635816943174415
capacity,9105,s_lr,0.1,stuck,L4 failure,2.0236175585495255,2.10619302549555,0.9607939699987394
capacity,9105,s_lr,0.1,stuck,L4 slip,0.9987264172011475,1.0509728672767626,0.9502875367172952
capacity,9105,s_lr,0.2,dropout,intact,0.5438489630736899,0.6913325109349996,0.7866677097799957
capacity,9105,s_lr,0.2,dropout,L4 failure,1.749409601508399,2.1434601983668626,0.8161614583939104
capacity,9105,s_lr,0.2,dropout,L4 slip,0.8099071818437139,1.1021002952937882,0.7348761136370224
capacity,9105,s_lr,0.2,intermittent,intact,0.5438489630736899,0.6982004478121164,0.7789295535084474
capacity,9105,s_lr,0.2,intermittent,L4 failure,1.749409601508399,2.135073267259743,0.8193674794840538
capacity,9105,s_lr,0.2,intermittent,L4 slip,0.8099071818437139,1.0860458663865604,0.7457393899379205
capacity,9105,s_lr,0.2,delayed,intact,0.5438489630736899,0.5489216315566937,0.9907588475451073
capacity,9105,s_lr,0.2,delayed,L4 failure,1.749409601508399,1.796824124745865,0.9736120399406525
capacity,9105,s_lr,0.2,delayed,L4 slip,0.8099071818437139,0.8286763145877984,0.9773504655392248
capacity,9105,s_lr,0.2,noisy,intact,0.5438489630736899,0.5402344165209565,1.0066907002630647
capacity,9105,s_lr,0.2,noisy,L4 failure,1.749409601508399,1.7372960249527871,1.0069726611824494
capacity,9105,s_lr,0.2,noisy,L4 slip,0.8099071818437139,0.8162476288188902,0.9922322016612153
capacity,9105,s_lr,0.2,stuck,intact,0.5438489630736899,0.5417484273918437,1.0038773267731647
capacity,9105,s_lr,0.2,stuck,L4 failure,1.749409601508399,1.859538413735121,0.9407762639301901
capacity,9105,s_lr,0.2,stuck,L4 slip,0.8099071818437139,0.8357760178980393,0.9690481235398629
capacity,9105,s_lr,0.4,dropout,intact,0.6052381979647437,0.5661063854512781,1.0691244852895825
capacity,9105,s_lr,0.4,dropout,L4 failure,1.490834772908228,1.9431456643735472,0.7672274910943745
capacity,9105,s_lr,0.4,dropout,L4 slip,0.7636974068359846,0.921990398417667,0.828313839435479
capacity,9105,s_lr,0.4,intermittent,intact,0.6052381979647437,0.579033122531672,1.0452566086694604
capacity,9105,s_lr,0.4,intermittent,L4 failure,1.490834772908228,1.9041128489765824,0.7829550510672296
capacity,9105,s_lr,0.4,intermittent,L4 slip,0.7636974068359846,0.8881544137347552,0.8598700800512609
capacity,9105,s_lr,0.4,delayed,intact,0.6052381979647437,0.6096259973522912,0.9928024733088738
capacity,9105,s_lr,0.4,delayed,L4 failure,1.490834772908228,1.5156929109773842,0.9835994891253225
capacity,9105,s_lr,0.4,delayed,L4 slip,0.7636974068359846,0.7678807878287028,0.9945520436778379
capacity,9105,s_lr,0.4,noisy,intact,0.6052381979647437,0.606457525847833,0.9979894257534612
capacity,9105,s_lr,0.4,noisy,L4 failure,1.490834772908228,1.4938962617938834,0.997950668353652
capacity,9105,s_lr,0.4,noisy,L4 slip,0.7636974068359846,0.7844218036046172,0.973580034780524
capacity,9105,s_lr,0.4,stuck,intact,0.6052381979647437,0.6623403425166037,0.9137873070891366
capacity,9105,s_lr,0.4,stuck,L4 failure,1.490834772908228,1.5378390536468136,0.9694348503979529
capacity,9105,s_lr,0.4,stuck,L4 slip,0.7636974068359846,0.7761552287995037,0.9839493164495099
capacity,9105,s_lr,1.0,dropout,intact,0.7407935575819348,0.5891085379783011,1.2574822971063793
capacity,9105,s_lr,1.0,dropout,L4 failure,1.410771832560708,1.6046360862852183,0.8791849096617838
capacity,9105,s_lr,1.0,dropout,L4 slip,0.8762708457171596,0.7661871517385663,1.1436772905011534
capacity,9105,s_lr,1.0,intermittent,intact,0.7407935575819348,0.620291020644246,1.1942677435706428
capacity,9105,s_lr,1.0,intermittent,L4 failure,1.410771832560708,1.5731593842452631,0.8967761605652805
capacity,9105,s_lr,1.0,intermittent,L4 slip,0.8762708457171596,0.7698165724680941,1.1382852448964103
capacity,9105,s_lr,1.0,delayed,intact,0.7407935575819348,0.7803913297152585,0.9492590824301294
capacity,9105,s_lr,1.0,delayed,L4 failure,1.410771832560708,1.4157192614505776,0.9965053601906918
capacity,9105,s_lr,1.0,delayed,L4 slip,0.8762708457171596,0.9066081504235044,0.9665375777923756
capacity,9105,s_lr,1.0,noisy,intact,0.7407935575819348,0.7516342415059867,0.9855771819251724
capacity,9105,s_lr,1.0,noisy,L4 failure,1.410771832560708,1.4766551976042706,0.9553833791731123
capacity,9105,s_lr,1.0,noisy,L4 slip,0.8762708457171596,0.947944287924156,0.9243906597465242
capacity,9105,s_lr,1.0,stuck,intact,0.7407935575819348,1.160173508309087,0.6385196285524706
capacity,9105,s_lr,1.0,stuck,L4 failure,1.410771832560708,1.5162694291470045,0.9304229218380763
capacity,9105,s_lr,1.0,stuck,L4 slip,0.8762708457171596,1.1706588535558773,0.7485279277182129
capacity,9105,s_rl,0.0,dropout,intact,0.774090356544297,0.774090356544297,1.0
capacity,9105,s_rl,0.0,dropout,L4 failure,2.1669152651988997,2.1669152651988997,1.0
capacity,9105,s_rl,0.0,dropout,L4 slip,0.7778321319320057,0.7778321319320057,1.0
capacity,9105,s_rl,0.0,intermittent,intact,0.774090356544297,0.774090356544297,1.0
capacity,9105,s_rl,0.0,intermittent,L4 failure,2.1669152651988997,2.1669152651988997,1.0
capacity,9105,s_rl,0.0,intermittent,L4 slip,0.7778321319320057,0.7778321319320057,1.0
capacity,9105,s_rl,0.0,delayed,intact,0.774090356544297,0.774090356544297,1.0
capacity,9105,s_rl,0.0,delayed,L4 failure,2.1669152651988997,2.1669152651988997,1.0
capacity,9105,s_rl,0.0,delayed,L4 slip,0.7778321319320057,0.7778321319320057,1.0
capacity,9105,s_rl,0.0,noisy,intact,0.774090356544297,0.774090356544297,1.0
capacity,9105,s_rl,0.0,noisy,L4 failure,2.1669152651988997,2.1669152651988997,1.0
capacity,9105,s_rl,0.0,noisy,L4 slip,0.7778321319320057,0.7778321319320057,1.0
capacity,9105,s_rl,0.0,stuck,intact,0.774090356544297,0.774090356544297,1.0
capacity,9105,s_rl,0.0,stuck,L4 failure,2.1669152651988997,2.1669152651988997,1.0
capacity,9105,s_rl,0.0,stuck,L4 slip,0.7778321319320057,0.7778321319320057,1.0
capacity,9105,s_rl,0.025,dropout,intact,0.7107900826448954,0.7481316788830243,0.9500868666678028
capacity,9105,s_rl,0.025,dropout,L4 failure,2.173240530955313,2.17794350796218,0.9978406340707765
capacity,9105,s_rl,0.025,dropout,L4 slip,0.7715101707155153,0.7720202179705099,0.9993393343294358
capacity,9105,s_rl,0.025,intermittent,intact,0.7107900826448954,0.7513993834184944,0.9459551050084086
capacity,9105,s_rl,0.025,intermittent,L4 failure,2.173240530955313,2.1691428099864707,1.0018890969049972
capacity,9105,s_rl,0.025,intermittent,L4 slip,0.7715101707155153,0.7756341386417247,0.9946831015800424
capacity,9105,s_rl,0.025,delayed,intact,0.7107900826448954,0.7174092618810535,0.990773496262367
capacity,9105,s_rl,0.025,delayed,L4 failure,2.173240530955313,2.1745651665184984,0.9993908503715682
capacity,9105,s_rl,0.025,delayed,L4 slip,0.7715101707155153,0.7727522771064159,0.9983926202125839
capacity,9105,s_rl,0.025,noisy,intact,0.7107900826448954,0.7159102547215047,0.9928480252338318
capacity,9105,s_rl,0.025,noisy,L4 failure,2.173240530955313,2.170968637635519,1.0010464883188126
capacity,9105,s_rl,0.025,noisy,L4 slip,0.7715101707155153,0.7743158390958845,0.9963765840259122
capacity,9105,s_rl,0.025,stuck,intact,0.7107900826448954,0.7199439780113911,0.9872852671234499
capacity,9105,s_rl,0.025,stuck,L4 failure,2.173240530955313,2.187957766538587,0.9932735284892827
capacity,9105,s_rl,0.025,stuck,L4 slip,0.7715101707155153,0.7720125994008106,0.9993491962622304
capacity,9105,s_rl,0.05,dropout,intact,0.6590463340145114,0.7234589594170708,0.9109657506288124
capacity,9105,s_rl,0.05,dropout,L4 failure,2.1779089768866826,2.1888094386317234,0.9950199128564363
capacity,9105,s_rl,0.05,dropout,L4 slip,0.7714024064986157,0.7673272012874615,1.0053109093543362
capacity,9105,s_rl,0.05,intermittent,intact,0.6590463340145114,0.7300739495935391,0.9027117518457253
capacity,9105,s_rl,0.05,intermittent,L4 failure,2.1779089768866826,2.171177586631873,1.0031003407073908
capacity,9105,s_rl,0.05,intermittent,L4 slip,0.7714024064986157,0.7744640988052576,0.9960466956294487
capacity,9105,s_rl,0.05,delayed,intact,0.6590463340145114,0.6698295337739181,0.9839015761239244
capacity,9105,s_rl,0.05,delayed,L4 failure,2.1779089768866826,2.180890261874435,0.9986329963318787
capacity,9105,s_rl,0.05,delayed,L4 slip,0.7714024064986157,0.7730398913337627,0.9978817589447786
capacity,9105,s_rl,0.05,noisy,intact,0.6590463340145114,0.667782962037889,0.9869169647624494
capacity,9105,s_rl,0.05,noisy,L4 failure,2.1779089768866826,2.1740957444076163,1.0017539395350343
capacity,9105,s_rl,0.05,noisy,L4 slip,0.7714024064986157,0.7766105235151779,0.993293785161462
capacity,9105,s_rl,0.05,stuck,intact,0.6590463340145114,0.6727963911140614,0.9795628257208964
capacity,9105,s_rl,0.05,stuck,L4 failure,2.1779089768866826,2.2083144602630562,0.9862313615549337
capacity,9105,s_rl,0.05,stuck,L4 slip,0.7714024064986157,0.7720183208816029,0.9992022023748298
capacity,9105,s_rl,0.1,dropout,intact,0.5914451960565928,0.6780966929032143,0.8722136566163886
capacity,9105,s_rl,0.1,dropout,L4 failure,2.1829137882514487,2.210018053520744,0.9877357267619982
capacity,9105,s_rl,0.1,dropout,L4 slip,0.7828455651201328,0.7610531321846257,1.0286345749250796
capacity,9105,s_rl,0.1,intermittent,intact,0.5914451960565928,0.6915802905745548,0.8552082876237389
capacity,9105,s_rl,0.1,intermittent,L4 failure,2.1829137882514487,2.1746948994292565,1.0037793296081896
capacity,9105,s_rl,0.1,intermittent,L4 slip,0.7828455651201328,0.7748144118288669,1.0103652605948685
capacity,9105,s_rl,0.1,delayed,intact,0.5914451960565928,0.6043861255767335,0.9785883080823673
capacity,9105,s_rl,0.1,delayed,L4 failure,2.1829137882514487,2.189890518551322,0.9968141191348284
capacity,9105,s_rl,0.1,delayed,L4 slip,0.7828455651201328,0.7845392260445166,0.9978412030040577
capacity,9105,s_rl,0.1,noisy,intact,0.5914451960565928,0.6036001455794041,0.9798625802001032
capacity,9105,s_rl,0.1,noisy,L4 failure,2.1829137882514487,2.177937500183937,1.0022848626588647
capacity,9105,s_rl,0.1,noisy,L4 slip,0.7828455651201328,0.7926033675842017,0.9876889212648566
capacity,9105,s_rl,0.1,stuck,intact,0.5914451960565928,0.6041723840143467,0.9789345089340402
capacity,9105,s_rl,0.1,stuck,L4 failure,2.1829137882514487,2.2468370225928402,0.9715496790828093
capacity,9105,s_rl,0.1,stuck,L4 slip,0.7828455651201328,0.7861266344915387,0.9958262839249453
capacity,9105,s_rl,0.2,dropout,intact,0.5650024044339699,0.6041692173023223,0.9351724454893013
capacity,9105,s_rl,0.2,dropout,L4 failure,2.179993105755957,2.2501439216109604,0.9688238538071912
capacity,9105,s_rl,0.2,dropout,L4 slip,0.8222274393338139,0.7591255650847323,1.0831244225611587
capacity,9105,s_rl,0.2,intermittent,intact,0.5650024044339699,0.6315508451240419,0.8946269469768481
capacity,9105,s_rl,0.2,intermittent,L4 failure,2.179993105755957,2.179713288597791,1.0001283733781088
capacity,9105,s_rl,0.2,intermittent,L4 slip,0.8222274393338139,0.7837395217171224,1.0491080474445988
capacity,9105,s_rl,0.2,delayed,intact,0.5650024044339699,0.5745107795759401,0.983449614036853
capacity,9105,s_rl,0.2,delayed,L4 failure,2.179993105755957,2.195728607755245,0.9928335851964077
capacity,9105,s_rl,0.2,delayed,L4 slip,0.8222274393338139,0.8262504343071055,0.9951310222588079
capacity,9105,s_rl,0.2,noisy,intact,0.5650024044339699,0.5789952939747703,0.9758324641211847
capacity,9105,s_rl,0.2,noisy,L4 failure,2.179993105755957,2.1784947097234264,1.000687812564264
capacity,9105,s_rl,0.2,noisy,L4 slip,0.8222274393338139,0.8428940011165071,0.9754814226280908
capacity,9105,s_rl,0.2,stuck,intact,0.5650024044339699,0.5768153183378264,0.9795204573659779
capacity,9105,s_rl,0.2,stuck,L4 failure,2.179993105755957,2.314609380505911,0.9418406078002973
capacity,9105,s_rl,0.2,stuck,L4 slip,0.8222274393338139,0.8490565963518927,0.9684012147913879
capacity,9105,s_rl,0.4,dropout,intact,0.6267765599768315,0.5258098749938158,1.192021279524663
capacity,9105,s_rl,0.4,dropout,L4 failure,2.150393704841619,2.320324125703967,0.9267643606425924
capacity,9105,s_rl,0.4,dropout,L4 slip,0.8833118694492057,0.7838023223912248,1.1269574537038842
capacity,9105,s_rl,0.4,intermittent,intact,0.6267765599768315,0.5750713352047572,1.0899109755725598
capacity,9105,s_rl,0.4,intermittent,L4 failure,2.150393704841619,2.183353060276746,0.9849042484082032
capacity,9105,s_rl,0.4,intermittent,L4 slip,0.8833118694492057,0.8189667001799332,1.0785687247785964
capacity,9105,s_rl,0.4,delayed,intact,0.6267765599768315,0.6449731220435252,0.9717871001987805
capacity,9105,s_rl,0.4,delayed,L4 failure,2.150393704841619,2.177906168090113,0.9873674708067792
capacity,9105,s_rl,0.4,delayed,L4 slip,0.8833118694492057,0.9012709175322232,0.9800736407514499
capacity,9105,s_rl,0.4,noisy,intact,0.6267765599768315,0.6542630688771001,0.95798859784728
capacity,9105,s_rl,0.4,noisy,L4 failure,2.150393704841619,2.1680208646983443,0.9918694694577223
capacity,9105,s_rl,0.4,noisy,L4 slip,0.8833118694492057,0.9334451245384823,0.946292231036009
capacity,9105,s_rl,0.4,stuck,intact,0.6267765599768315,0.7244115471847847,0.8652216580652485
capacity,9105,s_rl,0.4,stuck,L4 failure,2.150393704841619,2.4129977410242174,0.8911710393598903
capacity,9105,s_rl,0.4,stuck,L4 slip,0.8833118694492057,1.0120057921297003,0.8728328200477325
capacity,9105,s_rl,1.0,dropout,intact,0.6748853652632427,0.5909636846039035,1.142008185690104
capacity,9105,s_rl,1.0,dropout,L4 failure,2.057312188548786,2.452439946349679,0.8388838191985011
capacity,9105,s_rl,1.0,dropout,L4 slip,0.8919626050239863,0.9137729713792246,0.9761315260591278
capacity,9105,s_rl,1.0,intermittent,intact,0.6748853652632427,0.625575517540035,1.07882317376663
capacity,9105,s_rl,1.0,intermittent,L4 failure,2.057312188548786,2.1732796475200074,0.9466394216208874
capacity,9105,s_rl,1.0,intermittent,L4 slip,0.8919626050239863,0.927518124953447,0.9616659567366996
capacity,9105,s_rl,1.0,delayed,intact,0.6748853652632427,0.7183853462740815,0.9394475663563404
capacity,9105,s_rl,1.0,delayed,L4 failure,2.057312188548786,2.0796435864629084,0.9892619110026906
capacity,9105,s_rl,1.0,delayed,L4 slip,0.8919626050239863,0.9295879484180795,0.9595247082773374
capacity,9105,s_rl,1.0,noisy,intact,0.6748853652632427,0.766916886447661,0.8799980508830548
capacity,9105,s_rl,1.0,noisy,L4 failure,2.057312188548786,2.1583582385556723,0.9531838375104477
capacity,9105,s_rl,1.0,noisy,L4 slip,0.8919626050239863,1.0472030444712703,0.8517570778017891
capacity,9105,s_rl,1.0,stuck,intact,0.6748853652632427,1.1213891343003546,0.6018297704340698
capacity,9105,s_rl,1.0,stuck,L4 failure,2.057312188548786,2.4809570421036087,0.8292413587316234
capacity,9105,s_rl,1.0,stuck,L4 slip,0.8919626050239863,1.3187899079377816,0.6763492802418895
capacity,9105,sine,0.0,dropout,intact,0.9571191671624449,0.9571191671624449,1.0
capacity,9105,sine,0.0,dropout,L4 failure,2.6391992366269754,2.6391992366269754,1.0
capacity,9105,sine,0.0,dropout,L4 slip,1.3498927010210993,1.3498927010210993,1.0
capacity,9105,sine,0.0,intermittent,intact,0.9571191671624449,0.9571191671624449,1.0
capacity,9105,sine,0.0,intermittent,L4 failure,2.6391992366269754,2.6391992366269754,1.0
capacity,9105,sine,0.0,intermittent,L4 slip,1.3498927010210993,1.3498927010210993,1.0
capacity,9105,sine,0.0,delayed,intact,0.9571191671624449,0.9571191671624449,1.0
capacity,9105,sine,0.0,delayed,L4 failure,2.6391992366269754,2.6391992366269754,1.0
capacity,9105,sine,0.0,delayed,L4 slip,1.3498927010210993,1.3498927010210993,1.0
capacity,9105,sine,0.0,noisy,intact,0.9571191671624449,0.9571191671624449,1.0
capacity,9105,sine,0.0,noisy,L4 failure,2.6391992366269754,2.6391992366269754,1.0
capacity,9105,sine,0.0,noisy,L4 slip,1.3498927010210993,1.3498927010210993,1.0
capacity,9105,sine,0.0,stuck,intact,0.9571191671624449,0.9571191671624449,1.0
capacity,9105,sine,0.0,stuck,L4 failure,2.6391992366269754,2.6391992366269754,1.0
capacity,9105,sine,0.0,stuck,L4 slip,1.3498927010210993,1.3498927010210993,1.0
capacity,9105,sine,0.025,dropout,intact,0.8229444162869257,0.85596852650903,0.9614190134340694
capacity,9105,sine,0.025,dropout,L4 failure,2.497955634778434,2.5516789221007725,0.978945906220008
capacity,9105,sine,0.025,dropout,L4 slip,1.2019762457058007,1.2474269177464,0.9635644610565962
capacity,9105,sine,0.025,intermittent,intact,0.8229444162869257,0.909579509654354,0.9047525890283631
capacity,9105,sine,0.025,intermittent,L4 failure,2.497955634778434,2.590791371452964,0.9641670349463662
capacity,9105,sine,0.025,intermittent,L4 slip,1.2019762457058007,1.3001784070731794,0.9244702412890853
capacity,9105,sine,0.025,delayed,intact,0.8229444162869257,0.8314466486345495,0.9897741696817388
capacity,9105,sine,0.025,delayed,L4 failure,2.497955634778434,2.5096341796382893,0.9953465150600003
capacity,9105,sine,0.025,delayed,L4 slip,1.2019762457058007,1.2125350843529008,0.9912919314390519
capacity,9105,sine,0.025,noisy,intact,0.8229444162869257,0.8177584945784794,1.0063416298856296
capacity,9105,sine,0.025,noisy,L4 failure,2.497955634778434,2.494219199036518,1.0014980382411294
capacity,9105,sine,0.025,noisy,L4 slip,1.2019762457058007,1.1994775352701157,1.002083165680233
capacity,9105,sine,0.025,stuck,intact,0.8229444162869257,0.825183005555661,0.9972871602375913
capacity,9105,sine,0.025,stuck,L4 failure,2.497955634778434,2.5179693686755202,0.9920516372653041
capacity,9105,sine,0.025,stuck,L4 slip,1.2019762457058007,1.2104997619207016,0.9929586799741483
capacity,9105,sine,0.05,dropout,intact,0.7140510330875841,0.7658574930647655,0.9323549610125701
capacity,9105,sine,0.05,dropout,L4 failure,2.3716141525659413,2.471173587149181,0.9597116790576843
capacity,9105,sine,0.05,dropout,L4 slip,1.0785836650566658,1.154711358160729,0.9340721015983402
capacity,9105,sine,0.05,intermittent,intact,0.7140510330875841,0.864697280725197,0.8257815179998367
capacity,9105,sine,0.05,intermittent,L4 failure,2.3716141525659413,2.543790656983524,0.9323149867128795
capacity,9105,sine,0.05,intermittent,L4 slip,1.0785836650566658,1.2529667047440687,0.8608238838054181
capacity,9105,sine,0.05,delayed,intact,0.7140510330875841,0.7264854457953511,0.9828841544180504
capacity,9105,sine,0.05,delayed,L4 failure,2.3716141525659413,2.3917714509849417,0.9915722305278376
capacity,9105,sine,0.05,delayed,L4 slip,1.0785836650566658,1.0948975498114608,0.9851000810463004
capacity,9105,sine,0.05,noisy,intact,0.7140510330875841,0.7054378048539283,1.0122097627521385
capacity,9105,sine,0.05,noisy,L4 failure,2.3716141525659413,2.3650846572027633,1.002760787163915
capacity,9105,sine,0.05,noisy,L4 slip,1.0785836650566658,1.0749195771153102,1.003408708911218
capacity,9105,sine,0.05,stuck,intact,0.7140510330875841,0.7137747392186575,1.0003870883259738
capacity,9105,sine,0.05,stuck,L4 failure,2.3716141525659413,2.4093119012067374,0.9843533132335773
capacity,9105,sine,0.05,stuck,L4 slip,1.0785836650566658,1.0896355941061773,0.9898572246452931
capacity,9105,sine,0.1,dropout,intact,0.5655873933563731,0.6198869364777577,0.91240411770908
capacity,9105,sine,0.1,dropout,L4 failure,2.16434869585873,2.3299145045625047,0.9289391055424743
capacity,9105,sine,0.1,dropout,L4 slip,0.896899142869122,0.9975882259078311,0.8990674905499416
capacity,9105,sine,0.1,intermittent,intact,0.5655873933563731,0.7829543722078955,0.722375930747334
capacity,9105,sine,0.1,intermittent,L4 failure,2.16434869585873,2.4542039401453963,0.8818943937195806
capacity,9105,sine,0.1,intermittent,L4 slip,0.896899142869122,1.1660183630359628,0.769198128693158
capacity,9105,sine,0.1,delayed,intact,0.5655873933563731,0.5766542591437723,0.9808084903355582
capacity,9105,sine,0.1,delayed,L4 failure,2.16434869585873,2.192712506381467,0.9870645100804645
capacity,9105,sine,0.1,delayed,L4 slip,0.896899142869122,0.9145512501446218,0.9806986133661636
capacity,9105,sine,0.1,noisy,intact,0.5655873933563731,0.5555943014305594,1.0179863110548169
capacity,9105,sine,0.1,noisy,L4 failure,2.16434869585873,2.153458707138044,1.005056975870765
capacity,9105,sine,0.1,noisy,L4 slip,0.896899142869122,0.894720230214034,1.0024353005347457
capacity,9105,sine,0.1,stuck,intact,0.5655873933563731,0.5552007793096071,1.0187078520669257
capacity,9105,sine,0.1,stuck,L4 failure,2.16434869585873,2.2273621293308095,0.9717093899360626
capacity,9105,sine,0.1,stuck,L4 slip,0.896899142869122,0.901435810002028,0.9949672876509135
capacity,9105,sine,0.2,dropout,intact,0.4649853006593682,0.4715677269422738,0.9860413978590368
capacity,9105,sine,0.2,dropout,L4 failure,1.9081469207422515,2.116542235293233,0.9015397325524621
capacity,9105,sine,0.2,dropout,L4 slip,0.7239492404103613,0.7886212751140341,0.9179935455148338
capacity,9105,sine,0.2,intermittent,intact,0.4649853006593682,0.6515230601368793,0.7136897051067983
capacity,9105,sine,0.2,intermittent,L4 failure,1.9081469207422515,2.2936035590004096,0.8319427798472084
capacity,9105,sine,0.2,intermittent,L4 slip,0.7239492404103613,1.021253456526622,0.7088830258382479
capacity,9105,sine,0.2,delayed,intact,0.4649853006593682,0.46695459979113957,0.9957826753764666
capacity,9105,sine,0.2,delayed,L4 failure,1.9081469207422515,1.9302656357364119,0.9885411030561491
capacity,9105,sine,0.2,delayed,L4 slip,0.7239492404103613,0.7296037168091754,0.9922499347679544
capacity,9105,sine,0.2,noisy,intact,0.4649853006593682,0.4662516756527926,0.9972839239845062
capacity,9105,sine,0.2,noisy,L4 failure,1.9081469207422515,1.8992914330455761,1.0046625217923904
capacity,9105,sine,0.2,noisy,L4 slip,0.7239492404103613,0.7349559016721244,0.9850240521414667
capacity,9105,sine,0.2,stuck,intact,0.4649853006593682,0.4623418330951453,1.005717560850002
capacity,9105,sine,0.2,stuck,L4 failure,1.9081469207422515,1.9832198058373591,0.9621459583682354
capacity,9105,sine,0.2,stuck,L4 slip,0.7239492404103613,0.7100357444919891,1.0195954866023356
capacity,9105,sine,0.4,dropout,intact,0.48408865001385665,0.5378256572835489,0.9000847086003534
capacity,9105,sine,0.4,dropout,L4 failure,1.7265769163412217,1.8887186452707443,0.9141525238099824
capacity,9105,sine,0.4,dropout,L4 slip,0.6796844238251173,0.6770024295392583,1.0039615726160456
capacity,9105,sine,0.4,intermittent,intact,0.48408865001385665,0.5065158209587375,0.9557226644916431
capacity,9105,sine,0.4,intermittent,L4 failure,1.7265769163412217,2.050726431201993,0.8419342970720979
capacity,9105,sine,0.4,intermittent,L4 slip,0.6796844238251173,0.8357430810312921,0.8132695791945999
capacity,9105,sine,0.4,delayed,intact,0.48408865001385665,0.49716692997684675,0.9736943887969396
capacity,9105,sine,0.4,delayed,L4 failure,1.7265769163412217,1.7251988499548105,1.0007987869841481
capacity,9105,sine,0.4,delayed,L4 slip,0.6796844238251173,0.6805119898249002,0.9987839068052337
capacity,9105,sine,0.4,noisy,intact,0.48408865001385665,0.5075340093251642,0.9538053433256987
capacity,9105,sine,0.4,noisy,L4 failure,1.7265769163412217,1.7425554872922953,0.9908303803995923
capacity,9105,sine,0.4,noisy,L4 slip,0.6796844238251173,0.7248694664439547,0.9376645800236214
capacity,9105,sine,0.4,stuck,intact,0.48408865001385665,0.5313105388623708,0.9111218667907012
capacity,9105,sine,0.4,stuck,L4 failure,1.7265769163412217,1.7991619077328231,0.9596562204437354
capacity,9105,sine,0.4,stuck,L4 slip,0.6796844238251173,0.6752494188649057,1.0065679507990792
capacity,9105,sine,1.0,dropout,intact,0.5180735603097439,0.6768266732939693,0.7654449517900821
capacity,9105,sine,1.0,dropout,L4 failure,1.7085662846646734,1.819433889281168,0.9390647798363827
capacity,9105,sine,1.0,dropout,L4 slip,0.7281773354624677,0.7416629201262925,0.9818170973661073
capacity,9105,sine,1.0,intermittent,intact,0.5180735603097439,0.4980451614176342,1.0402140216262736
capacity,9105,sine,1.0,intermittent,L4 failure,1.7085662846646734,1.7737988954899273,0.9632243480413057
capacity,9105,sine,1.0,intermittent,L4 slip,0.7281773354624677,0.7371594783161675,0.9878151972294829
capacity,9105,sine,1.0,delayed,intact,0.5180735603097439,0.5515420014130784,0.9393184181484154
capacity,9105,sine,1.0,delayed,L4 failure,1.7085662846646734,1.7107922648690406,0.998698860025219
capacity,9105,sine,1.0,delayed,L4 slip,0.7281773354624677,0.7570688512407692,0.9618376641292917
capacity,9105,sine,1.0,noisy,intact,0.5180735603097439,0.6172975191861182,0.8392607198434929
capacity,9105,sine,1.0,noisy,L4 failure,1.7085662846646734,1.818935841311361,0.9393219078210495
capacity,9105,sine,1.0,noisy,L4 slip,0.7281773354624677,0.8904124288498366,0.8177978112941087
capacity,9105,sine,1.0,stuck,intact,0.5180735603097439,0.6481481878471764,0.7993134440914272
capacity,9105,sine,1.0,stuck,L4 failure,1.7085662846646734,1.991470341350126,0.8579421190407202
capacity,9105,sine,1.0,stuck,L4 slip,0.7281773354624677,0.8782664996809645,0.8291074926881332
capacity,9105,chirp,0.0,dropout,intact,1.2480728990731804,1.2480728990731804,1.0
capacity,9105,chirp,0.0,dropout,L4 failure,2.641789132043688,2.641789132043688,1.0
capacity,9105,chirp,0.0,dropout,L4 slip,1.637285764983871,1.637285764983871,1.0
capacity,9105,chirp,0.0,intermittent,intact,1.2480728990731804,1.2480728990731804,1.0
capacity,9105,chirp,0.0,intermittent,L4 failure,2.641789132043688,2.641789132043688,1.0
capacity,9105,chirp,0.0,intermittent,L4 slip,1.637285764983871,1.637285764983871,1.0
capacity,9105,chirp,0.0,delayed,intact,1.2480728990731804,1.2480728990731804,1.0
capacity,9105,chirp,0.0,delayed,L4 failure,2.641789132043688,2.641789132043688,1.0
capacity,9105,chirp,0.0,delayed,L4 slip,1.637285764983871,1.637285764983871,1.0
capacity,9105,chirp,0.0,noisy,intact,1.2480728990731804,1.2480728990731804,1.0
capacity,9105,chirp,0.0,noisy,L4 failure,2.641789132043688,2.641789132043688,1.0
capacity,9105,chirp,0.0,noisy,L4 slip,1.637285764983871,1.637285764983871,1.0
capacity,9105,chirp,0.0,stuck,intact,1.2480728990731804,1.2480728990731804,1.0
capacity,9105,chirp,0.0,stuck,L4 failure,2.641789132043688,2.641789132043688,1.0
capacity,9105,chirp,0.0,stuck,L4 slip,1.637285764983871,1.637285764983871,1.0
capacity,9105,chirp,0.025,dropout,intact,1.0892008728125364,1.14787209154475,0.9488869716718552
capacity,9105,chirp,0.025,dropout,L4 failure,2.496401082376162,2.55743813960787,0.9761335156904062
capacity,9105,chirp,0.025,dropout,L4 slip,1.4648573966354768,1.5358404245800845,0.9537822896125323
capacity,9105,chirp,0.025,intermittent,intact,1.0892008728125364,1.192455750459089,0.9134098874471444
capacity,9105,chirp,0.025,intermittent,L4 failure,2.496401082376162,2.592239376249887,0.9630287639514329
capacity,9105,chirp,0.025,intermittent,L4 slip,1.4648573966354768,1.5781890617623597,0.9281887906380965
capacity,9105,chirp,0.025,delayed,intact,1.0892008728125364,1.1012606825509468,0.9890490871693747
capacity,9105,chirp,0.025,delayed,L4 failure,2.496401082376162,2.5101094077008232,0.9945387538556666
capacity,9105,chirp,0.025,delayed,L4 slip,1.4648573966354768,1.4790155178857454,0.9904273342104567
capacity,9105,chirp,0.025,noisy,intact,1.0892008728125364,1.0839132277716341,1.0048782918276336
capacity,9105,chirp,0.025,noisy,L4 failure,2.496401082376162,2.4925341178172693,1.00155141890787
capacity,9105,chirp,0.025,noisy,L4 slip,1.4648573966354768,1.4624074795151212,1.0016752629856405
capacity,9105,chirp,0.025,stuck,intact,1.0892008728125364,1.0959555220086692,0.9938367487909063
capacity,9105,chirp,0.025,stuck,L4 failure,2.496401082376162,2.514099007858769,0.9929605296262058
capacity,9105,chirp,0.025,stuck,L4 slip,1.4648573966354768,1.4781915518788118,0.9909794131711908
capacity,9105,chirp,0.05,dropout,intact,0.9530731090644065,1.0550194558693098,0.9033701736610136
capacity,9105,chirp,0.05,dropout,L4 failure,2.362404148861521,2.4781847121627685,0.9532800913777718
capacity,9105,chirp,0.05,dropout,L4 slip,1.3153099774341634,1.4413770508706,0.9125370607501407
capacity,9105,chirp,0.05,intermittent,intact,0.9530731090644065,1.139073915425924,0.8367087474810905
capacity,9105,chirp,0.05,intermittent,L4 failure,2.362404148861521,2.5434848967818886,0.9288060455363908
capacity,9105,chirp,0.05,intermittent,L4 slip,1.3153099774341634,1.5212483442334441,0.8646254126882532
capacity,9105,chirp,0.05,delayed,intact,0.9530731090644065,0.9723638429340848,0.9801609921945791
capacity,9105,chirp,0.05,delayed,L4 failure,2.362404148861521,2.386938209107865,0.9897215352484915
capacity,9105,chirp,0.05,delayed,L4 slip,1.3153099774341634,1.3385115961055534,0.9826661055915422
capacity,9105,chirp,0.05,noisy,intact,0.9530731090644065,0.9439303130543559,1.0096858802854487
capacity,9105,chirp,0.05,noisy,L4 failure,2.362404148861521,2.355577663092346,1.0028980092128286
capacity,9105,chirp,0.05,noisy,L4 slip,1.3153099774341634,1.3113078210790519,1.0030520342293225
capacity,9105,chirp,0.05,stuck,intact,0.9530731090644065,0.9596806456673509,0.9931148589556585
capacity,9105,chirp,0.05,stuck,L4 failure,2.362404148861521,2.3962444166297954,0.9858777896222001
capacity,9105,chirp,0.05,stuck,L4 slip,1.3153099774341634,1.334296338668807,0.9857705063827232
capacity,9105,chirp,0.1,dropout,intact,0.7465854468333081,0.8913092797899473,0.8376278175957665
capacity,9105,chirp,0.1,dropout,L4 failure,2.133031220458272,2.3344003052280047,0.9137384088244177
capacity,9105,chirp,0.1,dropout,L4 slip,1.0810274123422132,1.2728547020393766,0.8492936472719028
capacity,9105,chirp,0.1,intermittent,intact,0.7465854468333081,1.0392297784792321,0.7184026692593738
capacity,9105,chirp,0.1,intermittent,L4 failure,2.133031220458272,2.4490732713630265,0.8709544321926873
capacity,9105,chirp,0.1,intermittent,L4 slip,1.0810274123422132,1.4141604202919515,0.7644305390183643
capacity,9105,chirp,0.1,delayed,intact,0.7465854468333081,0.7688965870118076,0.9709829116744968
capacity,9105,chirp,0.1,delayed,L4 failure,2.133031220458272,2.1701824325024446,0.9828810649797154
capacity,9105,chirp,0.1,delayed,L4 slip,1.0810274123422132,1.1101435093875114,0.9737726728129392
capacity,9105,chirp,0.1,noisy,intact,0.7465854468333081,0.7343075968276918,1.016720309116586
capacity,9105,chirp,0.1,noisy,L4 failure,2.133031220458272,2.1223821562486256,1.0050175055318356
capacity,9105,chirp,0.1,noisy,L4 slip,1.0810274123422132,1.0776101806399339,1.0031711204697882
capacity,9105,chirp,0.1,stuck,intact,0.7465854468333081,0.7391693999268264,1.010032946314087
capacity,9105,chirp,0.1,stuck,L4 failure,2.133031220458272,2.1898295384147195,0.9740626761306885
capacity,9105,chirp,0.1,stuck,L4 slip,1.0810274123422132,1.0933368036167326,0.9887414461547437
capacity,9105,chirp,0.2,dropout,intact,0.5618329050843972,0.6543634534203443,0.8585945656770838
capacity,9105,chirp,0.2,dropout,L4 failure,1.8316412616638842,2.10098161305378,0.8718026137323451
capacity,9105,chirp,0.2,dropout,L4 slip,0.8277998287642496,1.013808223977001,0.8165250677459772
capacity,9105,chirp,0.2,intermittent,intact,0.5618329050843972,0.8684057981807991,0.6469704673337816
capacity,9105,chirp,0.2,intermittent,L4 failure,1.8316412616638842,2.2758097356339517,0.8048305765568141
capacity,9105,chirp,0.2,intermittent,L4 slip,0.8277998287642496,1.2282709404750443,0.6739553965545183
capacity,9105,chirp,0.2,delayed,intact,0.5618329050843972,0.5712391701605724,0.983533578284677
capacity,9105,chirp,0.2,delayed,L4 failure,1.8316412616638842,1.8660851424741502,0.9815421708118856
capacity,9105,chirp,0.2,delayed,L4 slip,0.8277998287642496,0.8445478464194643,0.9801692494673695
capacity,9105,chirp,0.2,noisy,intact,0.5618329050843972,0.5576660820175972,1.0074718961779507
capacity,9105,chirp,0.2,noisy,L4 failure,1.8316412616638842,1.821053942434594,1.0058138416345515
capacity,9105,chirp,0.2,noisy,L4 slip,0.8277998287642496,0.8355502146297045,0.9907242129440543
capacity,9105,chirp,0.2,stuck,intact,0.5618329050843972,0.5498686227847226,1.0217584379321072
capacity,9105,chirp,0.2,stuck,L4 failure,1.8316412616638842,1.8862084142835926,0.9710704542475314
capacity,9105,chirp,0.2,stuck,L4 slip,0.8277998287642496,0.8075756668033346,1.025043055149209
capacity,9105,chirp,0.4,dropout,intact,0.5658380163034995,0.5378483099020805,1.052040149399214
capacity,9105,chirp,0.4,dropout,L4 failure,1.5919706286466053,1.807543498894971,0.8807371051484213
capacity,9105,chirp,0.4,dropout,L4 slip,0.7428572898556357,0.7693637604189398,0.9655475447025597
capacity,9105,chirp,0.4,intermittent,intact,0.5658380163034995,0.6471160670657181,0.874399578531923
capacity,9105,chirp,0.4,intermittent,L4 failure,1.5919706286466053,2.001049856834759,0.7955676982305522
capacity,9105,chirp,0.4,intermittent,L4 slip,0.7428572898556357,0.968796044208578,0.7667839833744217
capacity,9105,chirp,0.4,delayed,intact,0.5658380163034995,0.579934781444621,0.9756924992393001
capacity,9105,chirp,0.4,delayed,L4 failure,1.5919706286466053,1.5994646634508656,0.9953146606014466
capacity,9105,chirp,0.4,delayed,L4 slip,0.7428572898556357,0.7490978561895613,0.9916692241442667
capacity,9105,chirp,0.4,noisy,intact,0.5658380163034995,0.5802346997283717,0.975188172248899
capacity,9105,chirp,0.4,noisy,L4 failure,1.5919706286466053,1.6047021555732903,0.992066112155164
capacity,9105,chirp,0.4,noisy,L4 slip,0.7428572898556357,0.7782361722913211,0.954539658145777
capacity,9105,chirp,0.4,stuck,intact,0.5658380163034995,0.6822335215895169,0.8293905215697541
capacity,9105,chirp,0.4,stuck,L4 failure,1.5919706286466053,1.6003648824784888,0.9947547875339008
capacity,9105,chirp,0.4,stuck,L4 slip,0.7428572898556357,0.7776199350913912,0.9552960981746567
capacity,9105,chirp,1.0,dropout,intact,0.6079040589773473,0.8050226542998076,0.7551390705968268
capacity,9105,chirp,1.0,dropout,L4 failure,1.5273197016110909,1.5809584847049725,0.9660719850566529
capacity,9105,chirp,1.0,dropout,L4 slip,0.786540067578921,0.8457351817580173,0.93000750653881
capacity,9105,chirp,1.0,intermittent,intact,0.6079040589773473,0.5857151341498278,1.0378834753172752
capacity,9105,chirp,1.0,intermittent,L4 failure,1.5273197016110909,1.6547491869644495,0.92299166160213
capacity,9105,chirp,1.0,intermittent,L4 slip,0.786540067578921,0.7948364914287801,0.9895620999547396
capacity,9105,chirp,1.0,delayed,intact,0.6079040589773473,0.6459618216487257,0.9410835727501026
capacity,9105,chirp,1.0,delayed,L4 failure,1.5273197016110909,1.5249618556701354,1.0015461671596495
capacity,9105,chirp,1.0,delayed,L4 slip,0.786540067578921,0.8165920035054842,0.9631983465456978
capacity,9105,chirp,1.0,noisy,intact,0.6079040589773473,0.6757076222362836,0.8996554707574004
capacity,9105,chirp,1.0,noisy,L4 failure,1.5273197016110909,1.630696253612894,0.9366058812162187
capacity,9105,chirp,1.0,noisy,L4 slip,0.786540067578921,0.9177626737353515,0.8570190203722862
capacity,9105,chirp,1.0,stuck,intact,0.6079040589773473,0.7574756152301079,0.8025394438508449
capacity,9105,chirp,1.0,stuck,L4 failure,1.5273197016110909,1.5400726958210065,0.9917192258232219
capacity,9105,chirp,1.0,stuck,L4 slip,0.786540067578921,0.8517970264409029,0.9233890741147012
capacity,9106,straight,0.0,dropout,intact,0.3878775720740972,0.3878775720740972,1.0
capacity,9106,straight,0.0,dropout,L4 failure,1.5280922055586512,1.5280922055586512,1.0
capacity,9106,straight,0.0,dropout,L4 slip,0.712410067238892,0.712410067238892,1.0
capacity,9106,straight,0.0,intermittent,intact,0.3878775720740972,0.3878775720740972,1.0
capacity,9106,straight,0.0,intermittent,L4 failure,1.5280922055586512,1.5280922055586512,1.0
capacity,9106,straight,0.0,intermittent,L4 slip,0.712410067238892,0.712410067238892,1.0
capacity,9106,straight,0.0,delayed,intact,0.3878775720740972,0.3878775720740972,1.0
capacity,9106,straight,0.0,delayed,L4 failure,1.5280922055586512,1.5280922055586512,1.0
capacity,9106,straight,0.0,delayed,L4 slip,0.712410067238892,0.712410067238892,1.0
capacity,9106,straight,0.0,noisy,intact,0.3878775720740972,0.3878775720740972,1.0
capacity,9106,straight,0.0,noisy,L4 failure,1.5280922055586512,1.5280922055586512,1.0
capacity,9106,straight,0.0,noisy,L4 slip,0.712410067238892,0.712410067238892,1.0
capacity,9106,straight,0.0,stuck,intact,0.3878775720740972,0.3878775720740972,1.0
capacity,9106,straight,0.0,stuck,L4 failure,1.5280922055586512,1.5280922055586512,1.0
capacity,9106,straight,0.0,stuck,L4 slip,0.712410067238892,0.712410067238892,1.0
capacity,9106,straight,0.025,dropout,intact,0.39707015737200085,0.39774451848176573,0.9983045370120021
capacity,9106,straight,0.025,dropout,L4 failure,1.4514562962171347,1.4933631899052178,0.9719379090288526
capacity,9106,straight,0.025,dropout,L4 slip,0.6705815444525629,0.6841563128644963,0.9801583817079796
capacity,9106,straight,0.025,intermittent,intact,0.39707015737200085,0.39099078319045544,1.0155486380828167
capacity,9106,straight,0.025,intermittent,L4 failure,1.4514562962171347,1.5012289720707759,0.9668453801654351
capacity,9106,straight,0.025,intermittent,L4 slip,0.6705815444525629,0.697520621654832,0.9613788089327632
capacity,9106,straight,0.025,delayed,intact,0.39707015737200085,0.39718604893044246,0.9997082184564294
capacity,9106,straight,0.025,delayed,L4 failure,1.4514562962171347,1.4594146726959187,0.9945468709972041
capacity,9106,straight,0.025,delayed,L4 slip,0.6705815444525629,0.6737709128798637,0.9952663904506227
capacity,9106,straight,0.025,noisy,intact,0.39707015737200085,0.3992742603782011,0.9944797267820058
capacity,9106,straight,0.025,noisy,L4 failure,1.4514562962171347,1.4456699313292538,1.004002549103695
capacity,9106,straight,0.025,noisy,L4 slip,0.6705815444525629,0.6676642130925559,1.0043694589327983
capacity,9106,straight,0.025,stuck,intact,0.39707015737200085,0.4000558164810103,0.9925368936383127
capacity,9106,straight,0.025,stuck,L4 failure,1.4514562962171347,1.4723154092082527,0.9858324426541626
capacity,9106,straight,0.025,stuck,L4 slip,0.6705815444525629,0.6745264314803132,0.99415161979777
capacity,9106,straight,0.05,dropout,intact,0.40431686745763784,0.40819103553855784,0.9905089339460664
capacity,9106,straight,0.05,dropout,L4 failure,1.387810284718541,1.4629026019914313,0.9486689563811916
capacity,9106,straight,0.05,dropout,L4 slip,0.6404092174049435,0.6608770057566635,0.9690293531573463
capacity,9106,straight,0.05,intermittent,intact,0.40431686745763784,0.3940011236067591,1.026182016326366
capacity,9106,straight,0.05,intermittent,L4 failure,1.387810284718541,1.4758837031880117,0.9403249603751123
capacity,9106,straight,0.05,intermittent,L4 slip,0.6404092174049435,0.6840489508180287,0.9362037857657729
capacity,9106,straight,0.05,delayed,intact,0.40431686745763784,0.4050799058670755,0.9981163261904973
capacity,9106,straight,0.05,delayed,L4 failure,1.387810284718541,1.401032649023556,0.9905624152911566
capacity,9106,straight,0.05,delayed,L4 slip,0.6404092174049435,0.6448327588568146,0.9931400174834273
capacity,9106,straight,0.05,noisy,intact,0.40431686745763784,0.40877305704111605,0.9890986220673786
capacity,9106,straight,0.05,noisy,L4 failure,1.387810284718541,1.3777674592630331,1.007289202098647
capacity,9106,straight,0.05,noisy,L4 slip,0.6404092174049435,0.6362359256878305,1.0065593462245963
capacity,9106,straight,0.05,stuck,intact,0.40431686745763784,0.4114444189599384,0.9826767573605256
capacity,9106,straight,0.05,stuck,L4 failure,1.387810284718541,1.4242412841937,0.9744207671274018
capacity,9106,straight,0.05,stuck,L4 slip,0.6404092174049435,0.6456369809759256,0.9919029365959181
capacity,9106,straight,0.1,dropout,intact,0.41135059259325396,0.4275353193244419,0.9621441176912313
capacity,9106,straight,0.1,dropout,L4 failure,1.2922390454960593,1.4128637630536116,0.9146239568797156
capacity,9106,straight,0.1,dropout,L4 slip,0.6039190721830279,0.626313733544957,0.9642437006208141
capacity,9106,straight,0.1,intermittent,intact,0.41135059259325396,0.3994918682055283,1.0296845200904683
capacity,9106,straight,0.1,intermittent,L4 failure,1.2922390454960593,1.4295089899393512,0.9039740600378345
capacity,9106,straight,0.1,intermittent,L4 slip,0.6039190721830279,0.6609364105228209,0.9137324900973596
capacity,9106,straight,0.1,delayed,intact,0.41135059259325396,0.4144735359506521,0.99246527682344
capacity,9106,straight,0.1,delayed,L4 failure,1.2922390454960593,1.310246644334571,0.986256328977162
capacity,9106,straight,0.1,delayed,L4 slip,0.6039190721830279,0.608068370980986,0.993176262742849
capacity,9106,straight,0.1,noisy,intact,0.41135059259325396,0.41871385290374896,0.9824145767821357
capacity,9106,straight,0.1,noisy,L4 failure,1.2922390454960593,1.2775323672013812,1.0115117852762472
capacity,9106,straight,0.1,noisy,L4 slip,0.6039190721830279,0.6002960635019085,1.0060353697140443
capacity,9106,straight,0.1,stuck,intact,0.41135059259325396,0.4278290305904159,0.9614835908296797
capacity,9106,straight,0.1,stuck,L4 failure,1.2922390454960593,1.3470643148571404,0.9593001842923176
capacity,9106,straight,0.1,stuck,L4 slip,0.6039190721830279,0.6079897808924768,0.9933046428782513
capacity,9106,straight,0.2,dropout,intact,0.40332267494556956,0.451959093298864,0.8923875654358546
capacity,9106,straight,0.2,dropout,L4 failure,1.183415525313644,1.3454111102803243,0.8795939889830942
capacity,9106,straight,0.2,dropout,L4 slip,0.5769147521429077,0.5888680114364311,0.9797012928850292
capacity,9106,straight,0.2,intermittent,intact,0.40332267494556956,0.4075496639961484,0.9896282847858788
capacity,9106,straight,0.2,intermittent,L4 failure,1.183415525313644,1.3523669993282934,0.8750698042036179
capacity,9106,straight,0.2,intermittent,L4 slip,0.5769147521429077,0.6272982391232478,0.9196817656450633
capacity,9106,straight,0.2,delayed,intact,0.40332267494556956,0.41060051377138845,0.9822751346339742
capacity,9106,straight,0.2,delayed,L4 failure,1.183415525313644,1.2007403611823633,0.9855715386699756
capacity,9106,straight,0.2,delayed,L4 slip,0.5769147521429077,0.5790141995700783,0.996374100274692
capacity,9106,straight,0.2,noisy,intact,0.40332267494556956,0.4097179692642925,0.9843909840464
capacity,9106,straight,0.2,noisy,L4 failure,1.183415525313644,1.1690736269561033,1.0122677460399843
capacity,9106,straight,0.2,noisy,L4 slip,0.5769147521429077,0.5785387757480103,0.9971928871958446
capacity,9106,straight,0.2,stuck,intact,0.40332267494556956,0.43266555779323257,0.9321811447222111
capacity,9106,straight,0.2,stuck,L4 failure,1.183415525313644,1.2460076496971366,0.949765858661697
capacity,9106,straight,0.2,stuck,L4 slip,0.5769147521429077,0.577249830166318,0.9994195268566578
capacity,9106,straight,0.4,dropout,intact,0.3697517569143682,0.45128300934380866,0.8193345400971519
capacity,9106,straight,0.4,dropout,L4 failure,1.1058592232478308,1.283161954425553,0.8618235752967776
capacity,9106,straight,0.4,dropout,L4 slip,0.56608431510565,0.5663620608482092,0.9995095968431517
capacity,9106,straight,0.4,intermittent,intact,0.3697517569143682,0.41133949160904154,0.8988968101944355
capacity,9106,straight,0.4,intermittent,L4 failure,1.1058592232478308,1.2473673616412186,0.8865545606330447
capacity,9106,straight,0.4,intermittent,L4 slip,0.56608431510565,0.592568597372742,0.9553059639263458
capacity,9106,straight,0.4,delayed,intact,0.3697517569143682,0.373678133883408,0.9894926231614481
capacity,9106,straight,0.4,delayed,L4 failure,1.1058592232478308,1.117605535362613,0.9894897513092836
capacity,9106,straight,0.4,delayed,L4 slip,0.56608431510565,0.5668336604612942,0.9986780154251348
capacity,9106,straight,0.4,noisy,intact,0.3697517569143682,0.37400381575145775,0.9886309747173402
capacity,9106,straight,0.4,noisy,L4 failure,1.1058592232478308,1.1057427098866899,1.00010537113209
capacity,9106,straight,0.4,noisy,L4 slip,0.56608431510565,0.5827037124043732,0.9714788202907656
capacity,9106,straight,0.4,stuck,intact,0.3697517569143682,0.38916638501529455,0.9501122685604941
capacity,9106,straight,0.4,stuck,L4 failure,1.1058592232478308,1.148779785921096,0.9626381285610355
capacity,9106,straight,0.4,stuck,L4 slip,0.56608431510565,0.5642533399463442,1.0032449522753024
capacity,9106,straight,1.0,dropout,intact,0.35247634957605667,0.3877989933038667,0.9089150711122853
capacity,9106,straight,1.0,dropout,L4 failure,1.069087036572095,1.226293324897038,0.8718036825829234
capacity,9106,straight,1.0,dropout,L4 slip,0.5642940943026137,0.5618707123816126,1.0043130596907768
capacity,9106,straight,1.0,intermittent,intact,0.35247634957605667,0.3783907506438826,0.9315141793933147
capacity,9106,straight,1.0,intermittent,L4 failure,1.069087036572095,1.12780835693595,0.947933245925407
capacity,9106,straight,1.0,intermittent,L4 slip,0.5642940943026137,0.5702193907847027,0.9896087425684787
capacity,9106,straight,1.0,delayed,intact,0.35247634957605667,0.3517498043768862,1.0020655169956882
capacity,9106,straight,1.0,delayed,L4 failure,1.069087036572095,1.079448541553129,0.9904011126217044
capacity,9106,straight,1.0,delayed,L4 slip,0.5642940943026137,0.5667745049125743,0.9956236376399055
capacity,9106,straight,1.0,noisy,intact,0.35247634957605667,0.4303402655831877,0.819064302752122
capacity,9106,straight,1.0,noisy,L4 failure,1.069087036572095,1.1455788987380173,0.93322863903116
capacity,9106,straight,1.0,noisy,L4 slip,0.5642940943026137,0.6703404670040154,0.841802221525787
capacity,9106,straight,1.0,stuck,intact,0.35247634957605667,0.34731413211764106,1.0148632519700267
capacity,9106,straight,1.0,stuck,L4 failure,1.069087036572095,1.0644515969790764,1.0043547678505758
capacity,9106,straight,1.0,stuck,L4 slip,0.5642940943026137,0.5601898005591315,1.0073266127647909
capacity,9106,s_lr,0.0,dropout,intact,0.8651086030422779,0.8651086030422779,1.0
capacity,9106,s_lr,0.0,dropout,L4 failure,1.9441754400278157,1.9441754400278157,1.0
capacity,9106,s_lr,0.0,dropout,L4 slip,1.318261412204651,1.318261412204651,1.0
capacity,9106,s_lr,0.0,intermittent,intact,0.8651086030422779,0.8651086030422779,1.0
capacity,9106,s_lr,0.0,intermittent,L4 failure,1.9441754400278157,1.9441754400278157,1.0
capacity,9106,s_lr,0.0,intermittent,L4 slip,1.318261412204651,1.318261412204651,1.0
capacity,9106,s_lr,0.0,delayed,intact,0.8651086030422779,0.8651086030422779,1.0
capacity,9106,s_lr,0.0,delayed,L4 failure,1.9441754400278157,1.9441754400278157,1.0
capacity,9106,s_lr,0.0,delayed,L4 slip,1.318261412204651,1.318261412204651,1.0
capacity,9106,s_lr,0.0,noisy,intact,0.8651086030422779,0.8651086030422779,1.0
capacity,9106,s_lr,0.0,noisy,L4 failure,1.9441754400278157,1.9441754400278157,1.0
capacity,9106,s_lr,0.0,noisy,L4 slip,1.318261412204651,1.318261412204651,1.0
capacity,9106,s_lr,0.0,stuck,intact,0.8651086030422779,0.8651086030422779,1.0
capacity,9106,s_lr,0.0,stuck,L4 failure,1.9441754400278157,1.9441754400278157,1.0
capacity,9106,s_lr,0.0,stuck,L4 slip,1.318261412204651,1.318261412204651,1.0
capacity,9106,s_lr,0.025,dropout,intact,0.7231440961431439,0.7899435727247524,0.915437660501247
capacity,9106,s_lr,0.025,dropout,L4 failure,1.7827974150913377,1.8697599332821568,0.9534900087209773
capacity,9106,s_lr,0.025,dropout,L4 slip,1.1508255890432493,1.2368190921524764,0.9304720442505703
capacity,9106,s_lr,0.025,intermittent,intact,0.7231440961431439,0.8142863036098749,0.8880710542929662
capacity,9106,s_lr,0.025,intermittent,L4 failure,1.7827974150913377,1.8885060528126183,0.944025258715033
capacity,9106,s_lr,0.025,intermittent,L4 slip,1.1508255890432493,1.2583418485889815,0.9145571931297576
capacity,9106,s_lr,0.025,delayed,intact,0.7231440961431439,0.7346350663819053,0.9843582606322419
capacity,9106,s_lr,0.025,delayed,L4 failure,1.7827974150913377,1.7984390870376266,0.991302640128861
capacity,9106,s_lr,0.025,delayed,L4 slip,1.1508255890432493,1.1656177693623342,0.9873095789135257
capacity,9106,s_lr,0.025,noisy,intact,0.7231440961431439,0.7160108930055573,1.0099624226492476
capacity,9106,s_lr,0.025,noisy,L4 failure,1.7827974150913377,1.7770754908817612,1.0032198543274813
capacity,9106,s_lr,0.025,noisy,L4 slip,1.1508255890432493,1.1452502464896555,1.0048682308261299
capacity,9106,s_lr,0.025,stuck,intact,0.7231440961431439,0.7331747613856388,0.9863188617901444
capacity,9106,s_lr,0.025,stuck,L4 failure,1.7827974150913377,1.8086291908009664,0.985717483804301
capacity,9106,s_lr,0.025,stuck,L4 slip,1.1508255890432493,1.1699746575356684,0.9836329202781596
capacity,9106,s_lr,0.05,dropout,intact,0.6163765040669344,0.7223353189109185,0.8533107656929463
capacity,9106,s_lr,0.05,dropout,L4 failure,1.6403380433214352,1.8009480073293573,0.9108192111297582
capacity,9106,s_lr,0.05,dropout,L4 slip,1.0120426852635245,1.1621372991088965,0.870846057552355
capacity,9106,s_lr,0.05,intermittent,intact,0.6163765040669344,0.7669657443830988,0.8036558458848911
capacity,9106,s_lr,0.05,intermittent,L4 failure,1.6403380433214352,1.834772177722098,0.8940281868443982
capacity,9106,s_lr,0.05,intermittent,L4 slip,1.0120426852635245,1.2016418095171324,0.8422166050215942
capacity,9106,s_lr,0.05,delayed,intact,0.6163765040669344,0.6328658293974025,0.9739449902893813
capacity,9106,s_lr,0.05,delayed,L4 failure,1.6403380433214352,1.66765373136598,0.9836202878746474
capacity,9106,s_lr,0.05,delayed,L4 slip,1.0120426852635245,1.0357619257111392,0.9770997177451474
capacity,9106,s_lr,0.05,noisy,intact,0.6163765040669344,0.6051839364577842,1.0184944889229244
capacity,9106,s_lr,0.05,noisy,L4 failure,1.6403380433214352,1.6296816953024247,1.0065389137337233
capacity,9106,s_lr,0.05,noisy,L4 slip,1.0120426852635245,1.0026767356854815,1.0093409463336556
capacity,9106,s_lr,0.05,stuck,intact,0.6163765040669344,0.6272801995246537,0.9826175041616457
capacity,9106,s_lr,0.05,stuck,L4 failure,1.6403380433214352,1.6864641121637056,0.9726492437582372
capacity,9106,s_lr,0.05,stuck,L4 slip,1.0120426852635245,1.0402359360321243,0.9728972536017741
capacity,9106,s_lr,0.1,dropout,intact,0.5287105374559602,0.6093094252127503,0.8677209240138576
capacity,9106,s_lr,0.1,dropout,L4 failure,1.419048056772867,1.6785615611765277,0.8453953013068142
capacity,9106,s_lr,0.1,dropout,L4 slip,0.820328372690615,1.0314497051893363,0.7953159214292788
capacity,9106,s_lr,0.1,intermittent,intact,0.5287105374559602,0.6835265527496163,0.7735040216493726
capacity,9106,s_lr,0.1,intermittent,L4 failure,1.419048056772867,1.7333275214856756,0.8186843162546497
capacity,9106,s_lr,0.1,intermittent,L4 slip,0.820328372690615,1.09794952211645,0.747145798751584
capacity,9106,s_lr,0.1,delayed,intact,0.5287105374559602,0.5412852305120504,0.9767688228917781
capacity,9106,s_lr,0.1,delayed,L4 failure,1.419048056772867,1.457139987442217,0.9738584274691311
capacity,9106,s_lr,0.1,delayed,L4 slip,0.820328372690615,0.84786353077345,0.9675240683394927
capacity,9106,s_lr,0.1,noisy,intact,0.5287105374559602,0.5178673400280307,1.0209381758412155
capacity,9106,s_lr,0.1,noisy,L4 failure,1.419048056772867,1.4002246824494753,1.0134431099232326
capacity,9106,s_lr,0.1,noisy,L4 slip,0.820328372690615,0.8083346450316853,1.0148375771503144
capacity,9106,s_lr,0.1,stuck,intact,0.5287105374559602,0.5353366194070593,0.9876225878991087
capacity,9106,s_lr,0.1,stuck,L4 failure,1.419048056772867,1.4806895056935903,0.958369767136393
capacity,9106,s_lr,0.1,stuck,L4 slip,0.820328372690615,0.8425081196771579,0.9736741445351981
capacity,9106,s_lr,0.2,dropout,intact,0.5787367455942322,0.47483837957928793,1.2188078522780728
capacity,9106,s_lr,0.2,dropout,L4 failure,1.1825697547013574,1.4847928653785982,0.7964543622721552
capacity,9106,s_lr,0.2,dropout,L4 slip,0.7137816674338937,0.83497164024784,0.8548573784159015
capacity,9106,s_lr,0.2,intermittent,intact,0.5787367455942322,0.5700956681577454,1.0151572410020415
capacity,9106,s_lr,0.2,intermittent,L4 failure,1.1825697547013574,1.5562960045151193,0.7598617173535697
capacity,9106,s_lr,0.2,intermittent,L4 slip,0.7137816674338937,0.9297581717733465,0.7677067963516616
capacity,9106,s_lr,0.2,delayed,intact,0.5787367455942322,0.5924093556503818,0.9769203340127216
capacity,9106,s_lr,0.2,delayed,L4 failure,1.1825697547013574,1.2162420341041404,0.9723144913112748
capacity,9106,s_lr,0.2,delayed,L4 slip,0.7137816674338937,0.7332985152815259,0.973384852906542
capacity,9106,s_lr,0.2,noisy,intact,0.5787367455942322,0.5677158911288459,1.0194126228234908
capacity,9106,s_lr,0.2,noisy,L4 failure,1.1825697547013574,1.1601848453855008,1.0192942610868345
capacity,9106,s_lr,0.2,noisy,L4 slip,0.7137816674338937,0.7019637621261484,1.0168354920088047
capacity,9106,s_lr,0.2,stuck,intact,0.5787367455942322,0.6418254982578768,0.9017041971144991
capacity,9106,s_lr,0.2,stuck,L4 failure,1.1825697547013574,1.2127102138538177,0.9751461983183284
capacity,9106,s_lr,0.2,stuck,L4 slip,0.7137816674338937,0.7333841484893001,0.973271196144905
capacity,9106,s_lr,0.4,dropout,intact,0.6861094557710166,0.4687196464101365,1.4637949593660957
capacity,9106,s_lr,0.4,dropout,L4 failure,1.0822303047633448,1.2383490034772862,0.8739299678236427
capacity,9106,s_lr,0.4,dropout,L4 slip,0.7685111421092824,0.6392741551502127,1.202162070713937
capacity,9106,s_lr,0.4,intermittent,intact,0.6861094557710166,0.5380019549525319,1.275291752111853
capacity,9106,s_lr,0.4,intermittent,L4 failure,1.0822303047633448,1.3153589393101341,0.8227642451199988
capacity,9106,s_lr,0.4,intermittent,L4 slip,0.7685111421092824,0.7493677152435071,1.025546105705334
capacity,9106,s_lr,0.4,delayed,intact,0.6861094557710166,0.7270960444029407,0.9436297461010388
capacity,9106,s_lr,0.4,delayed,L4 failure,1.0822303047633448,1.1077305175712957,0.976979768631941
capacity,9106,s_lr,0.4,delayed,L4 slip,0.7685111421092824,0.804364172041681,0.9554268686018244
capacity,9106,s_lr,0.4,noisy,intact,0.6861094557710166,0.6582965935901142,1.0422497434313325
capacity,9106,s_lr,0.4,noisy,L4 failure,1.0822303047633448,1.0600991897545315,1.0208764568662088
capacity,9106,s_lr,0.4,noisy,L4 slip,0.7685111421092824,0.7486570082799293,1.026519666028331
capacity,9106,s_lr,0.4,stuck,intact,0.6861094557710166,0.9683851610979499,0.7085088488893296
capacity,9106,s_lr,0.4,stuck,L4 failure,1.0822303047633448,1.1202140712227924,0.9660924037331672
capacity,9106,s_lr,0.4,stuck,L4 slip,0.7685111421092824,0.9719069435001504,0.7907250249099218
capacity,9106,s_lr,1.0,dropout,intact,0.6582665844720771,0.69818125539319,0.942830503378905
capacity,9106,s_lr,1.0,dropout,L4 failure,1.0803939652493955,0.9783165851109363,1.104339823827973
capacity,9106,s_lr,1.0,dropout,L4 slip,0.7719144154491636,0.6834395843085739,1.1294552337498835
capacity,9106,s_lr,1.0,intermittent,intact,0.6582665844720771,0.6786887842536232,0.9699093306750234
capacity,9106,s_lr,1.0,intermittent,L4 failure,1.0803939652493955,1.1084646744976523,0.9746760452596487
capacity,9106,s_lr,1.0,intermittent,L4 slip,0.7719144154491636,0.7688110380749837,1.0040365931555175
capacity,9106,s_lr,1.0,delayed,intact,0.6582665844720771,0.7096925913494145,0.9275376303709812
capacity,9106,s_lr,1.0,delayed,L4 failure,1.0803939652493955,1.1103029586367599,0.9730623131689328
capacity,9106,s_lr,1.0,delayed,L4 slip,0.7719144154491636,0.8164390090411254,0.9454648870290334
capacity,9106,s_lr,1.0,noisy,intact,0.6582665844720771,0.637003227905337,1.0333802964180583
capacity,9106,s_lr,1.0,noisy,L4 failure,1.0803939652493955,1.1040219547796728,0.9785982611777021
capacity,9106,s_lr,1.0,noisy,L4 slip,0.7719144154491636,0.7918289492754085,0.9748499548488744
capacity,9106,s_lr,1.0,stuck,intact,0.6582665844720771,1.5161323031303986,0.4341748956294491
capacity,9106,s_lr,1.0,stuck,L4 failure,1.0803939652493955,1.5883004775946827,0.6802201349744229
capacity,9106,s_lr,1.0,stuck,L4 slip,0.7719144154491636,1.5058456984285087,0.5126118939375587
capacity,9106,s_rl,0.0,dropout,intact,0.7634353389935896,0.7634353389935896,1.0
capacity,9106,s_rl,0.0,dropout,L4 failure,1.3233228552134058,1.3233228552134058,1.0
capacity,9106,s_rl,0.0,dropout,L4 slip,0.505330600149589,0.505330600149589,1.0
capacity,9106,s_rl,0.0,intermittent,intact,0.7634353389935896,0.7634353389935896,1.0
capacity,9106,s_rl,0.0,intermittent,L4 failure,1.3233228552134058,1.3233228552134058,1.0
capacity,9106,s_rl,0.0,intermittent,L4 slip,0.505330600149589,0.505330600149589,1.0
capacity,9106,s_rl,0.0,delayed,intact,0.7634353389935896,0.7634353389935896,1.0
capacity,9106,s_rl,0.0,delayed,L4 failure,1.3233228552134058,1.3233228552134058,1.0
capacity,9106,s_rl,0.0,delayed,L4 slip,0.505330600149589,0.505330600149589,1.0
capacity,9106,s_rl,0.0,noisy,intact,0.7634353389935896,0.7634353389935896,1.0
capacity,9106,s_rl,0.0,noisy,L4 failure,1.3233228552134058,1.3233228552134058,1.0
capacity,9106,s_rl,0.0,noisy,L4 slip,0.505330600149589,0.505330600149589,1.0
capacity,9106,s_rl,0.0,stuck,intact,0.7634353389935896,0.7634353389935896,1.0
capacity,9106,s_rl,0.0,stuck,L4 failure,1.3233228552134058,1.3233228552134058,1.0
capacity,9106,s_rl,0.0,stuck,L4 slip,0.505330600149589,0.505330600149589,1.0
capacity,9106,s_rl,0.025,dropout,intact,0.6808192403243818,0.7489639255914519,0.9090147296303268
capacity,9106,s_rl,0.025,dropout,L4 failure,1.3073310387789312,1.3195900958774893,0.9907099506605449
capacity,9106,s_rl,0.025,dropout,L4 slip,0.5051789180790136,0.506563432892928,0.99726684809046
capacity,9106,s_rl,0.025,intermittent,intact,0.6808192403243818,0.7351046125079341,0.9261528614296833
capacity,9106,s_rl,0.025,intermittent,L4 failure,1.3073310387789312,1.3177378026314508,0.9921025534581023
capacity,9106,s_rl,0.025,intermittent,L4 slip,0.5051789180790136,0.5052560463672394,0.9998473481143266
capacity,9106,s_rl,0.025,delayed,intact,0.6808192403243818,0.6915299438807276,0.9845115838422852
capacity,9106,s_rl,0.025,delayed,L4 failure,1.3073310387789312,1.3095733086705386,0.9982877858942591
capacity,9106,s_rl,0.025,delayed,L4 slip,0.5051789180790136,0.5049077808000089,1.0005370035664238
capacity,9106,s_rl,0.025,noisy,intact,0.6808192403243818,0.6875687623710204,0.9901834952138264
capacity,9106,s_rl,0.025,noisy,L4 failure,1.3073310387789312,1.3023162793589538,1.0038506463441015
capacity,9106,s_rl,0.025,noisy,L4 slip,0.5051789180790136,0.5057842796022463,0.9988031230948722
capacity,9106,s_rl,0.025,stuck,intact,0.6808192403243818,0.7018410343750036,0.9700476418148707
capacity,9106,s_rl,0.025,stuck,L4 failure,1.3073310387789312,1.322153270884544,0.9887893238764244
capacity,9106,s_rl,0.025,stuck,L4 slip,0.5051789180790136,0.5051751952950937,1.0000073692927811
capacity,9106,s_rl,0.05,dropout,intact,0.6009753802403168,0.7312649296098324,0.8218298948931795
capacity,9106,s_rl,0.05,dropout,L4 failure,1.2953089515010636,1.318330856757547,0.9825370807802329
capacity,9106,s_rl,0.05,dropout,L4 slip,0.5081121809151806,0.5075758790801141,1.0010565944072016
capacity,9106,s_rl,0.05,intermittent,intact,0.6009753802403168,0.7068984335462382,0.8501580308014746
capacity,9106,s_rl,0.05,intermittent,L4 failure,1.2953089515010636,1.3126144538402378,0.9868160050435644
capacity,9106,s_rl,0.05,intermittent,L4 slip,0.5081121809151806,0.5056197486392197,1.004929459900783
capacity,9106,s_rl,0.05,delayed,intact,0.6009753802403168,0.6202701881409155,0.9688928981764714
capacity,9106,s_rl,0.05,delayed,L4 failure,1.2953089515010636,1.2991702197223876,0.997027896604535
capacity,9106,s_rl,0.05,delayed,L4 slip,0.5081121809151806,0.5070264060334324,1.0021414562808324
capacity,9106,s_rl,0.05,noisy,intact,0.6009753802403168,0.6124942468773835,0.9811935104765601
capacity,9106,s_rl,0.05,noisy,L4 failure,1.2953089515010636,1.2866635115447511,1.0067192703288312
capacity,9106,s_rl,0.05,noisy,L4 slip,0.5081121809151806,0.5089404635772768,0.9983725352543708
capacity,9106,s_rl,0.05,stuck,intact,0.6009753802403168,0.6375813164449592,0.9425862470237513
capacity,9106,s_rl,0.05,stuck,L4 failure,1.2953089515010636,1.3240179265986896,0.9783167776501507
capacity,9106,s_rl,0.05,stuck,L4 slip,0.5081121809151806,0.5073448604383801,1.0015124238691164
capacity,9106,s_rl,0.1,dropout,intact,0.4565223535998685,0.6883456533800986,0.6632167303710433
capacity,9106,s_rl,0.1,dropout,L4 failure,1.2797233331619118,1.321834786055438,0.9681416669180016
capacity,9106,s_rl,0.1,dropout,L4 slip,0.5220607042357097,0.5092539713816293,1.0251480274554072
capacity,9106,s_rl,0.1,intermittent,intact,0.4565223535998685,0.651103235068441,0.7011520278376145
capacity,9106,s_rl,0.1,intermittent,L4 failure,1.2797233331619118,1.3036272017973691,0.9816635702273625
capacity,9106,s_rl,0.1,intermittent,L4 slip,0.5220607042357097,0.5076416742462779,1.0284039524746278
capacity,9106,s_rl,0.1,delayed,intact,0.4565223535998685,0.48482386536191535,0.9416251678515865
capacity,9106,s_rl,0.1,delayed,L4 failure,1.2797233331619118,1.2858893623304941,0.9952048524941467
capacity,9106,s_rl,0.1,delayed,L4 slip,0.5220607042357097,0.518725354209416,1.0064298958962148
capacity,9106,s_rl,0.1,noisy,intact,0.4565223535998685,0.4720617936974646,0.9670817670375691
capacity,9106,s_rl,0.1,noisy,L4 failure,1.2797233331619118,1.2670473753791256,1.0100043281956945
capacity,9106,s_rl,0.1,noisy,L4 slip,0.5220607042357097,0.5234260612909925,0.9973914996668007
capacity,9106,s_rl,0.1,stuck,intact,0.4565223535998685,0.5063218484807998,0.9016445862836991
capacity,9106,s_rl,0.1,stuck,L4 failure,1.2797233331619118,1.334439632551259,0.9589967968167001
capacity,9106,s_rl,0.1,stuck,L4 slip,0.5220607042357097,0.5208216777173857,1.0023789841539512
capacity,9106,s_rl,0.2,dropout,intact,0.3553979621404779,0.5852287337942769,0.6072804386009686
capacity,9106,s_rl,0.2,dropout,L4 failure,1.2669711953069667,1.3453442156724997,0.9417450051425266
capacity,9106,s_rl,0.2,dropout,L4 slip,0.5675253679529518,0.5150996887608172,1.1017777341668673
capacity,9106,s_rl,0.2,intermittent,intact,0.3553979621404779,0.5437836931041324,0.6535649499008066
capacity,9106,s_rl,0.2,intermittent,L4 failure,1.2669711953069667,1.2899390819550542,0.9821945958771348
capacity,9106,s_rl,0.2,intermittent,L4 slip,0.5675253679529518,0.5164371733695825,1.0989243168729232
capacity,9106,s_rl,0.2,delayed,intact,0.3553979621404779,0.36386096541731605,0.9767411069578958
capacity,9106,s_rl,0.2,delayed,L4 failure,1.2669711953069667,1.277274524015825,0.9919333483013001
capacity,9106,s_rl,0.2,delayed,L4 slip,0.5675253679529518,0.5625437094156621,1.008855593714601
capacity,9106,s_rl,0.2,noisy,intact,0.3553979621404779,0.3659393583277451,0.9711935982086244
capacity,9106,s_rl,0.2,noisy,L4 failure,1.2669711953069667,1.2547923384358826,1.009705874428804
capacity,9106,s_rl,0.2,noisy,L4 slip,0.5675253679529518,0.5738657814211774,0.9889514000076403
capacity,9106,s_rl,0.2,stuck,intact,0.3553979621404779,0.36299539609318243,0.9790701644305312
capacity,9106,s_rl,0.2,stuck,L4 failure,1.2669711953069667,1.3692727630100339,0.9252876633007872
capacity,9106,s_rl,0.2,stuck,L4 slip,0.5675253679529518,0.5832248005670422,0.9730816786274752
capacity,9106,s_rl,0.4,dropout,intact,0.4554103512782694,0.3918145355647923,1.1623110169248956
capacity,9106,s_rl,0.4,dropout,L4 failure,1.2600816259941783,1.41830341411849,0.8884429195126415
capacity,9106,s_rl,0.4,dropout,L4 slip,0.6524244299947387,0.554173020510054,1.1772937437377506
capacity,9106,s_rl,0.4,intermittent,intact,0.4554103512782694,0.3817435511123486,1.1929745766530064
capacity,9106,s_rl,0.4,intermittent,L4 failure,1.2600816259941783,1.274915393380533,0.9883649005546776
capacity,9106,s_rl,0.4,intermittent,L4 slip,0.6524244299947387,0.5476996767727345,1.1912083531600464
capacity,9106,s_rl,0.4,delayed,intact,0.4554103512782694,0.47061348206537224,0.9676950802166119
capacity,9106,s_rl,0.4,delayed,L4 failure,1.2600816259941783,1.281358652094106,0.983394948740421
capacity,9106,s_rl,0.4,delayed,L4 slip,0.6524244299947387,0.6601997924931201,0.988222712901773
capacity,9106,s_rl,0.4,noisy,intact,0.4554103512782694,0.4773279653962482,0.9540826942754461
capacity,9106,s_rl,0.4,noisy,L4 failure,1.2600816259941783,1.2642686655577218,0.9966881726348122
capacity,9106,s_rl,0.4,noisy,L4 slip,0.6524244299947387,0.6800455757379763,0.9593833902775362
capacity,9106,s_rl,0.4,stuck,intact,0.4554103512782694,0.5679327659364711,0.8018737051160234
capacity,9106,s_rl,0.4,stuck,L4 failure,1.2600816259941783,1.432822039717287,0.87944042670003
capacity,9106,s_rl,0.4,stuck,L4 slip,0.6524244299947387,0.7659913497764375,0.8517386393268743
capacity,9106,s_rl,1.0,dropout,intact,0.5632980682783224,0.4568605060661611,1.2329760633692144
capacity,9106,s_rl,1.0,dropout,L4 failure,1.2188806636856786,1.539609687723048,0.7916816017755121
capacity,9106,s_rl,1.0,dropout,L4 slip,0.7171958707828653,0.7262142310952241,0.987581680547959
capacity,9106,s_rl,1.0,intermittent,intact,0.5632980682783224,0.456646154157106,1.2335548282851048
capacity,9106,s_rl,1.0,intermittent,L4 failure,1.2188806636856786,1.2703875272868408,0.9594557861323111
capacity,9106,s_rl,1.0,intermittent,L4 slip,0.7171958707828653,0.6604233797468538,1.0859637813818355
capacity,9106,s_rl,1.0,delayed,intact,0.5632980682783224,0.6100370151532449,0.923383424753035
capacity,9106,s_rl,1.0,delayed,L4 failure,1.2188806636856786,1.2460630247203421,0.9781854043532315
capacity,9106,s_rl,1.0,delayed,L4 slip,0.7171958707828653,0.7499350058245986,0.95634403676658
capacity,9106,s_rl,1.0,noisy,intact,0.5632980682783224,0.6368960794277462,0.8844426688643587
capacity,9106,s_rl,1.0,noisy,L4 failure,1.2188806636856786,1.290238343178678,0.9446941878062622
capacity,9106,s_rl,1.0,noisy,L4 slip,0.7171958707828653,0.8159355925863035,0.8789858872433067
capacity,9106,s_rl,1.0,stuck,intact,0.5632980682783224,1.006302890524797,0.5597698998803002
capacity,9106,s_rl,1.0,stuck,L4 failure,1.2188806636856786,1.3506477595955027,0.9024415544514092
capacity,9106,s_rl,1.0,stuck,L4 slip,0.7171958707828653,1.0487395266913628,0.6838646322843626
capacity,9106,sine,0.0,dropout,intact,0.8774998436517315,0.8774998436517315,1.0
capacity,9106,sine,0.0,dropout,L4 failure,2.324100691055965,2.324100691055965,1.0
capacity,9106,sine,0.0,dropout,L4 slip,1.4167636688606369,1.4167636688606369,1.0
capacity,9106,sine,0.0,intermittent,intact,0.8774998436517315,0.8774998436517315,1.0
capacity,9106,sine,0.0,intermittent,L4 failure,2.324100691055965,2.324100691055965,1.0
capacity,9106,sine,0.0,intermittent,L4 slip,1.4167636688606369,1.4167636688606369,1.0
capacity,9106,sine,0.0,delayed,intact,0.8774998436517315,0.8774998436517315,1.0
capacity,9106,sine,0.0,delayed,L4 failure,2.324100691055965,2.324100691055965,1.0
capacity,9106,sine,0.0,delayed,L4 slip,1.4167636688606369,1.4167636688606369,1.0
capacity,9106,sine,0.0,noisy,intact,0.8774998436517315,0.8774998436517315,1.0
capacity,9106,sine,0.0,noisy,L4 failure,2.324100691055965,2.324100691055965,1.0
capacity,9106,sine,0.0,noisy,L4 slip,1.4167636688606369,1.4167636688606369,1.0
capacity,9106,sine,0.0,stuck,intact,0.8774998436517315,0.8774998436517315,1.0
capacity,9106,sine,0.0,stuck,L4 failure,2.324100691055965,2.324100691055965,1.0
capacity,9106,sine,0.0,stuck,L4 slip,1.4167636688606369,1.4167636688606369,1.0
capacity,9106,sine,0.025,dropout,intact,0.6581737431597602,0.6962466509457957,0.9453169250662584
capacity,9106,sine,0.025,dropout,L4 failure,2.058673535705923,2.142090758100939,0.9610580354359172
capacity,9106,sine,0.025,dropout,L4 slip,1.1646826086432986,1.2268041361722521,0.949363125133586
capacity,9106,sine,0.025,intermittent,intact,0.6581737431597602,0.7987701911394266,0.8239838572604857
capacity,9106,sine,0.025,intermittent,L4 failure,2.058673535705923,2.2316454750746653,0.922491300118826
capacity,9106,sine,0.025,intermittent,L4 slip,1.1646826086432986,1.3307885049958568,0.8751823481124258
capacity,9106,sine,0.025,delayed,intact,0.6581737431597602,0.6702664470124453,0.9819583631157647
capacity,9106,sine,0.025,delayed,L4 failure,2.058673535705923,2.079280200571591,0.9900895199886944
capacity,9106,sine,0.025,delayed,L4 slip,1.1646826086432986,1.181369407990558,0.9858750368560478
capacity,9106,sine,0.025,noisy,intact,0.6581737431597602,0.6515446266886964,1.0101744626530873
capacity,9106,sine,0.025,noisy,L4 failure,2.058673535705923,2.052899502827792,1.0028126232531975
capacity,9106,sine,0.025,noisy,L4 slip,1.1646826086432986,1.159539399627989,1.0044355621007441
capacity,9106,sine,0.025,stuck,intact,0.6581737431597602,0.6568820199630441,1.0019664462680662
capacity,9106,sine,0.025,stuck,L4 failure,2.058673535705923,2.0813784442549403,0.9890914078544015
capacity,9106,sine,0.025,stuck,L4 slip,1.1646826086432986,1.1733127309122282,0.9926446530054951
capacity,9106,sine,0.05,dropout,intact,0.49588063149181794,0.5416348675496137,0.9155256819694965
capacity,9106,sine,0.05,dropout,L4 failure,1.8323934851873382,1.9773058692581258,0.9267122065817982
capacity,9106,sine,0.05,dropout,L4 slip,0.9620537626621328,1.0575349180943934,0.9097134725307121
capacity,9106,sine,0.05,intermittent,intact,0.49588063149181794,0.7261225280857962,0.682915916132031
capacity,9106,sine,0.05,intermittent,L4 failure,1.8323934851873382,2.1434902087401015,0.854864406525272
capacity,9106,sine,0.05,intermittent,L4 slip,0.9620537626621328,1.2502300685593366,0.7695013796706436
capacity,9106,sine,0.05,delayed,intact,0.49588063149181794,0.5111130895241588,0.9701974800791697
capacity,9106,sine,0.05,delayed,L4 failure,1.8323934851873382,1.8658378635037516,0.9820754102108261
capacity,9106,sine,0.05,delayed,L4 slip,0.9620537626621328,0.9861937407121133,0.9755220733478298
capacity,9106,sine,0.05,noisy,intact,0.49588063149181794,0.48543518525379187,1.0215176949577007
capacity,9106,sine,0.05,noisy,L4 failure,1.8323934851873382,1.821317977162004,1.006081040303897
capacity,9106,sine,0.05,noisy,L4 slip,0.9620537626621328,0.9533715283251125,1.0091068739510958
capacity,9106,sine,0.05,stuck,intact,0.49588063149181794,0.48961385545642633,1.012799425436091
capacity,9106,sine,0.05,stuck,L4 failure,1.8323934851873382,1.8700217324124746,0.9798781765083591
capacity,9106,sine,0.05,stuck,L4 slip,0.9620537626621328,0.9691739045889374,0.9926533907969546
capacity,9106,sine,0.1,dropout,intact,0.3378173007554833,0.3414699556636383,0.9893031441051492
capacity,9106,sine,0.1,dropout,L4 failure,1.4931409039929888,1.6967140402206158,0.8800191833143802
capacity,9106,sine,0.1,dropout,L4 slip,0.6857273676892935,0.7812185853021626,0.8777663263401054
capacity,9106,sine,0.1,intermittent,intact,0.3378173007554833,0.5991924393457114,0.5637876558061432
capacity,9106,sine,0.1,intermittent,L4 failure,1.4931409039929888,1.9800175090447965,0.7541048991598628
capacity,9106,sine,0.1,intermittent,L4 slip,0.6857273676892935,1.1047916564645521,0.6206847813131502
capacity,9106,sine,0.1,delayed,intact,0.3378173007554833,0.34827506902749844,0.9699726761917906
capacity,9106,sine,0.1,delayed,L4 failure,1.4931409039929888,1.5326987882826155,0.9741906990518657
capacity,9106,sine,0.1,delayed,L4 slip,0.6857273676892935,0.7073779490687759,0.969393191563316
capacity,9106,sine,0.1,noisy,intact,0.3378173007554833,0.33024530271988717,1.0229284049560536
capacity,9106,sine,0.1,noisy,L4 failure,1.4931409039929888,1.4743380324402953,1.0127534331604886
capacity,9106,sine,0.1,noisy,L4 slip,0.6857273676892935,0.6751039946296024,1.0157359060888385
capacity,9106,sine,0.1,stuck,intact,0.3378173007554833,0.35290092741253937,0.9572581835710978
capacity,9106,sine,0.1,stuck,L4 failure,1.4931409039929888,1.5346615227278293,0.9729447711303543
capacity,9106,sine,0.1,stuck,L4 slip,0.6857273676892935,0.6798520533164562,1.0086420484341798
capacity,9106,sine,0.2,dropout,intact,0.35034756865523276,0.40824420366230757,0.8581813667219489
capacity,9106,sine,0.2,dropout,L4 failure,1.1338429439667714,1.307031917992297,0.8674944569895758
capacity,9106,sine,0.2,dropout,L4 slip,0.4815733713305518,0.48631623567717686,0.9902473658112179
capacity,9106,sine,0.2,intermittent,intact,0.35034756865523276,0.4218662656233514,0.8304706898940063
capacity,9106,sine,0.2,intermittent,L4 failure,1.1338429439667714,1.7032852398830456,0.6656800149601635
capacity,9106,sine,0.2,intermittent,L4 slip,0.4815733713305518,0.8722987871532716,0.5520738747123061
capacity,9106,sine,0.2,delayed,intact,0.35034756865523276,0.3794804206375772,0.9232296308373502
capacity,9106,sine,0.2,delayed,L4 failure,1.1338429439667714,1.152899836810569,0.9834704696493692
capacity,9106,sine,0.2,delayed,L4 slip,0.4815733713305518,0.49032867360341664,0.9821440133033169
capacity,9106,sine,0.2,noisy,intact,0.35034756865523276,0.360715683234251,0.9712568234182234
capacity,9106,sine,0.2,noisy,L4 failure,1.1338429439667714,1.115049339152967,1.016854505136141
capacity,9106,sine,0.2,noisy,L4 slip,0.4815733713305518,0.48047071193766655,1.002294956519698
capacity,9106,sine,0.2,stuck,intact,0.35034756865523276,0.4771286308493101,0.7342832645184142
capacity,9106,sine,0.2,stuck,L4 failure,1.1338429439667714,1.1455463711972753,0.9897835412648796
capacity,9106,sine,0.2,stuck,L4 slip,0.4815733713305518,0.5054998646036475,0.9526676564159795
capacity,9106,sine,0.4,dropout,intact,0.32837763571778933,0.7191605252537568,0.4566124310033852
capacity,9106,sine,0.4,dropout,L4 failure,0.940269848366334,0.9850179683329724,0.9545712652913638
capacity,9106,sine,0.4,dropout,L4 slip,0.4299001213820137,0.5385381757383711,0.7982723245062292
capacity,9106,sine,0.4,intermittent,intact,0.32837763571778933,0.3227851949679936,1.0173255800977805
capacity,9106,sine,0.4,intermittent,L4 failure,0.940269848366334,1.334253313883676,0.7047161424163488
capacity,9106,sine,0.4,intermittent,L4 slip,0.4299001213820137,0.6041048609675798,0.7116316208637246
capacity,9106,sine,0.4,delayed,intact,0.32837763571778933,0.3926909074045928,0.8362241893710542
capacity,9106,sine,0.4,delayed,L4 failure,0.940269848366334,0.9274743446167871,1.0137960729844595
capacity,9106,sine,0.4,delayed,L4 slip,0.4299001213820137,0.4477324236888315,0.9601719657470887
capacity,9106,sine,0.4,noisy,intact,0.32837763571778933,0.33416190743279356,0.9826902121805503
capacity,9106,sine,0.4,noisy,L4 failure,0.940269848366334,0.9422071552871429,0.9979438630773096
capacity,9106,sine,0.4,noisy,L4 slip,0.4299001213820137,0.449072414786567,0.95730690023865
capacity,9106,sine,0.4,stuck,intact,0.32837763571778933,0.5141876608412799,0.6386338310423855
capacity,9106,sine,0.4,stuck,L4 failure,0.940269848366334,0.9269718189331526,1.0143456674319247
capacity,9106,sine,0.4,stuck,L4 slip,0.4299001213820137,0.5014615836777312,0.8572942282619458
capacity,9106,sine,1.0,dropout,intact,0.29631697204919305,0.5318861511195687,0.5571060111745241
capacity,9106,sine,1.0,dropout,L4 failure,0.956738557188318,0.9631314125030765,0.9933624267345365
capacity,9106,sine,1.0,dropout,L4 slip,0.46685122244248,0.49103492040431773,0.9507495354059038
capacity,9106,sine,1.0,intermittent,intact,0.29631697204919305,0.36454024548386654,0.8128511891900483
capacity,9106,sine,1.0,intermittent,L4 failure,0.956738557188318,0.9656666088696992,0.9907545196247063
capacity,9106,sine,1.0,intermittent,L4 slip,0.46685122244248,0.47630031209869,0.98016148758212
capacity,9106,sine,1.0,delayed,intact,0.29631697204919305,0.33096984861638135,0.8952989926059592
capacity,9106,sine,1.0,delayed,L4 failure,0.956738557188318,0.962120973002557,0.9944056766609695
capacity,9106,sine,1.0,delayed,L4 slip,0.46685122244248,0.4845299119704066,0.9635137293051035
capacity,9106,sine,1.0,noisy,intact,0.29631697204919305,0.38817311308737856,0.7633629482794484
capacity,9106,sine,1.0,noisy,L4 failure,0.956738557188318,1.0457566421460314,0.9148768639183238
capacity,9106,sine,1.0,noisy,L4 slip,0.46685122244248,0.5870066785884592,0.7953081957518608
capacity,9106,sine,1.0,stuck,intact,0.29631697204919305,0.5211415901143348,0.5685920634048478
capacity,9106,sine,1.0,stuck,L4 failure,0.956738557188318,1.0230055091048753,0.9352232697411956
capacity,9106,sine,1.0,stuck,L4 slip,0.46685122244248,0.6182773258495514,0.7550838481760551
capacity,9106,chirp,0.0,dropout,intact,1.2184012286748973,1.2184012286748973,1.0
capacity,9106,chirp,0.0,dropout,L4 failure,2.4913721233149517,2.4913721233149517,1.0
capacity,9106,chirp,0.0,dropout,L4 slip,1.6949873236913728,1.6949873236913728,1.0
capacity,9106,chirp,0.0,intermittent,intact,1.2184012286748973,1.2184012286748973,1.0
capacity,9106,chirp,0.0,intermittent,L4 failure,2.4913721233149517,2.4913721233149517,1.0
capacity,9106,chirp,0.0,intermittent,L4 slip,1.6949873236913728,1.6949873236913728,1.0
capacity,9106,chirp,0.0,delayed,intact,1.2184012286748973,1.2184012286748973,1.0
capacity,9106,chirp,0.0,delayed,L4 failure,2.4913721233149517,2.4913721233149517,1.0
capacity,9106,chirp,0.0,delayed,L4 slip,1.6949873236913728,1.6949873236913728,1.0
capacity,9106,chirp,0.0,noisy,intact,1.2184012286748973,1.2184012286748973,1.0
capacity,9106,chirp,0.0,noisy,L4 failure,2.4913721233149517,2.4913721233149517,1.0
capacity,9106,chirp,0.0,noisy,L4 slip,1.6949873236913728,1.6949873236913728,1.0
capacity,9106,chirp,0.0,stuck,intact,1.2184012286748973,1.2184012286748973,1.0
capacity,9106,chirp,0.0,stuck,L4 failure,2.4913721233149517,2.4913721233149517,1.0
capacity,9106,chirp,0.0,stuck,L4 slip,1.6949873236913728,1.6949873236913728,1.0
capacity,9106,chirp,0.025,dropout,intact,0.9651309867411715,1.0387009825228908,0.9291711502929112
capacity,9106,chirp,0.025,dropout,L4 failure,2.2213412914440576,2.3219474265038187,0.9566716567690575
capacity,9106,chirp,0.025,dropout,L4 slip,1.4200254999335677,1.5128856772406043,0.9386204928078856
capacity,9106,chirp,0.025,intermittent,intact,0.9651309867411715,1.128947903061746,0.8548941754740876
capacity,9106,chirp,0.025,intermittent,L4 failure,2.2213412914440576,2.3985026953789186,0.9261366667312113
capacity,9106,chirp,0.025,intermittent,L4 slip,1.4200254999335677,1.600658783069686,0.8871506625605077
capacity,9106,chirp,0.025,delayed,intact,0.9651309867411715,0.9825622639512428,0.9822593663021683
capacity,9106,chirp,0.025,delayed,L4 failure,2.2213412914440576,2.2441582908690845,0.9898327138874903
capacity,9106,chirp,0.025,delayed,L4 slip,1.4200254999335677,1.4409545547721003,0.9854755621756283
capacity,9106,chirp,0.025,noisy,intact,0.9651309867411715,0.9584172604063074,1.007005014008218
capacity,9106,chirp,0.025,noisy,L4 failure,2.2213412914440576,2.2162933491215475,1.0022776508012854
capacity,9106,chirp,0.025,noisy,L4 slip,1.4200254999335677,1.4152759220292173,1.0033559377577346
capacity,9106,chirp,0.025,stuck,intact,0.9651309867411715,0.9703533329334654,0.994618098361649
capacity,9106,chirp,0.025,stuck,L4 failure,2.2213412914440576,2.2456791343571254,0.9891623685054922
capacity,9106,chirp,0.025,stuck,L4 slip,1.4200254999335677,1.4357120809130677,0.9890740064195017
capacity,9106,chirp,0.05,dropout,intact,0.760366017818612,0.8762636496666938,0.8677365746118009
capacity,9106,chirp,0.05,dropout,L4 failure,1.9818004912585507,2.1656438552718464,0.9151091424539801
capacity,9106,chirp,0.05,dropout,L4 slip,1.1914468704767476,1.3464134247674062,0.8849041821478947
capacity,9106,chirp,0.05,intermittent,intact,0.760366017818612,1.044950951507856,0.7276571371330011
capacity,9106,chirp,0.05,intermittent,L4 failure,1.9818004912585507,2.3083793529050096,0.8585246132809707
capacity,9106,chirp,0.05,intermittent,L4 slip,1.1914468704767476,1.5113498822290876,0.7883329230948722
capacity,9106,chirp,0.05,delayed,intact,0.760366017818612,0.7861290350590346,0.9672280044477839
capacity,9106,chirp,0.05,delayed,L4 failure,1.9818004912585507,2.021023528951033,0.9805924883453285
capacity,9106,chirp,0.05,delayed,L4 slip,1.1914468704767476,1.2239679464907798,0.9734297976452138
capacity,9106,chirp,0.05,noisy,intact,0.760366017818612,0.7489412799597763,1.015254517496284
capacity,9106,chirp,0.05,noisy,L4 failure,1.9818004912585507,1.9723150642491902,1.0048092858901179
capacity,9106,chirp,0.05,noisy,L4 slip,1.1914468704767476,1.1829428777478121,1.007188844777633
capacity,9106,chirp,0.05,stuck,intact,0.760366017818612,0.7603725193218288,0.9999914495815517
capacity,9106,chirp,0.05,stuck,L4 failure,1.9818004912585507,2.0262030835920335,0.9780858134640846
capacity,9106,chirp,0.05,stuck,L4 slip,1.1914468704767476,1.2096230426727312,0.9849736888644066
capacity,9106,chirp,0.1,dropout,intact,0.500903542196894,0.6059432305459819,0.8266509417813903
capacity,9106,chirp,0.1,dropout,L4 failure,1.608558658761671,1.8907717962260464,0.8507418303849947
capacity,9106,chirp,0.1,dropout,L4 slip,0.8614177930016342,1.0594945415463335,0.8130459943138489
capacity,9106,chirp,0.1,intermittent,intact,0.500903542196894,0.8930156955358399,0.5609123610042877
capacity,9106,chirp,0.1,intermittent,L4 failure,1.608558658761671,2.1378104982224624,0.7524327624451037
capacity,9106,chirp,0.1,intermittent,L4 slip,0.8614177930016342,1.3477274672323563,0.6391631942996682
capacity,9106,chirp,0.1,delayed,intact,0.500903542196894,0.5246000779500385,0.9548293323825978
capacity,9106,chirp,0.1,delayed,L4 failure,1.608558658761671,1.6603537177298038,0.9688048044130307
capacity,9106,chirp,0.1,delayed,L4 slip,0.8614177930016342,0.8973654476880142,0.9599408972353504
capacity,9106,chirp,0.1,noisy,intact,0.500903542196894,0.48798054282404973,1.0264826119870603
capacity,9106,chirp,0.1,noisy,L4 failure,1.608558658761671,1.5905695637231143,1.0113098448812567
capacity,9106,chirp,0.1,noisy,L4 slip,0.8614177930016342,0.8505150413632279,1.012818999204213
capacity,9106,chirp,0.1,stuck,intact,0.500903542196894,0.5005165426064118,1.0007732003990657
capacity,9106,chirp,0.1,stuck,L4 failure,1.608558658761671,1.6640938164809718,0.966627387729413
capacity,9106,chirp,0.1,stuck,L4 slip,0.8614177930016342,0.8634379673451242,0.9976603132826072
capacity,9106,chirp,0.2,dropout,intact,0.4418290663249156,0.37714175519310517,1.1715198867298293
capacity,9106,chirp,0.2,dropout,L4 failure,1.1997874581080634,1.477408558577375,0.812089148355389
capacity,9106,chirp,0.2,dropout,L4 slip,0.5965101344194762,0.6684460623455317,0.8923833470218416
capacity,9106,chirp,0.2,intermittent,intact,0.4418290663249156,0.6531446738037102,0.6764643180075883
capacity,9106,chirp,0.2,intermittent,L4 failure,1.1997874581080634,1.8420571337433542,0.6513302091069801
capacity,9106,chirp,0.2,intermittent,L4 slip,0.5965101344194762,1.078026696722025,0.5533352153831582
capacity,9106,chirp,0.2,delayed,intact,0.4418290663249156,0.46808947748524987,0.9438987364095109
capacity,9106,chirp,0.2,delayed,L4 failure,1.1997874581080634,1.2374714664119053,0.9695475739629714
capacity,9106,chirp,0.2,delayed,L4 slip,0.5965101344194762,0.6194470915539696,0.9629718866272294
capacity,9106,chirp,0.2,noisy,intact,0.4418290663249156,0.4403419527084139,1.0033771790476806
capacity,9106,chirp,0.2,noisy,L4 failure,1.1997874581080634,1.1810652461172304,1.015851970966365
capacity,9106,chirp,0.2,noisy,L4 slip,0.5965101344194762,0.5924629806514293,1.0068310660753805
capacity,9106,chirp,0.2,stuck,intact,0.4418290663249156,0.582345014605599,0.7587067034894259
capacity,9106,chirp,0.2,stuck,L4 failure,1.1997874581080634,1.2155961451018702,0.986995115888195
capacity,9106,chirp,0.2,stuck,L4 slip,0.5965101344194762,0.638225109996422,0.9346390874887708
capacity,9106,chirp,0.4,dropout,intact,0.4856576987886232,0.645376070798385,0.7525189122488278
capacity,9106,chirp,0.4,dropout,L4 failure,0.963501342271446,1.0570594760291059,0.9114920816857767
capacity,9106,chirp,0.4,dropout,L4 slip,0.5543362695946323,0.5493647554723952,1.0090495687477479
capacity,9106,chirp,0.4,intermittent,intact,0.4856576987886232,0.44385692442539054,1.0941762357709013
capacity,9106,chirp,0.4,intermittent,L4 failure,0.963501342271446,1.4325300309561304,0.672587185923331
capacity,9106,chirp,0.4,intermittent,L4 slip,0.5543362695946323,0.7453597306976297,0.7437164187496333
capacity,9106,chirp,0.4,delayed,intact,0.4856576987886232,0.5539814538652387,0.8766677934795343
capacity,9106,chirp,0.4,delayed,L4 failure,0.963501342271446,0.9755724949461004,0.9876265959350142
capacity,9106,chirp,0.4,delayed,L4 slip,0.5543362695946323,0.5965919946765068,0.9291714849362217
capacity,9106,chirp,0.4,noisy,intact,0.4856576987886232,0.4789054327440687,1.0140993724081702
capacity,9106,chirp,0.4,noisy,L4 failure,0.963501342271446,0.9621364373793991,1.0014186188559333
capacity,9106,chirp,0.4,noisy,L4 slip,0.5543362695946323,0.5595625825482287,0.9906600028011239
capacity,9106,chirp,0.4,stuck,intact,0.4856576987886232,0.8391842346184291,0.578725956415814
capacity,9106,chirp,0.4,stuck,L4 failure,0.963501342271446,0.9769468587092016,0.9862372079730922
capacity,9106,chirp,0.4,stuck,L4 slip,0.5543362695946323,0.7916048354211849,0.7002689281195329
capacity,9106,chirp,1.0,dropout,intact,0.3066345753194556,0.8319753839429967,0.3685620767602721
capacity,9106,chirp,1.0,dropout,L4 failure,0.8910949308760415,0.8730661479031514,1.020649962223584
capacity,9106,chirp,1.0,dropout,L4 slip,0.467084698536533,0.7152018422931887,0.6530809499020516
capacity,9106,chirp,1.0,intermittent,intact,0.3066345753194556,0.5056427369447418,0.6064253531500158
capacity,9106,chirp,1.0,intermittent,L4 failure,0.8910949308760415,1.0090619126661147,0.883092424449572
capacity,9106,chirp,1.0,intermittent,L4 slip,0.467084698536533,0.5969824814421083,0.7824093889794118
capacity,9106,chirp,1.0,delayed,intact,0.3066345753194556,0.3394078951250483,0.9034397246607418
capacity,9106,chirp,1.0,delayed,L4 failure,0.8910949308760415,0.892142517678649,0.9988257629449907
capacity,9106,chirp,1.0,delayed,L4 slip,0.467084698536533,0.48747942338584915,0.9581629010971129
capacity,9106,chirp,1.0,noisy,intact,0.3066345753194556,0.3662778431673009,0.8371638662822346
capacity,9106,chirp,1.0,noisy,L4 failure,0.8910949308760415,0.9733095265744061,0.9155308835949428
capacity,9106,chirp,1.0,noisy,L4 slip,0.467084698536533,0.5653928289041839,0.8261242001279239
capacity,9106,chirp,1.0,stuck,intact,0.3066345753194556,0.4185035913433012,0.7326928171278733
capacity,9106,chirp,1.0,stuck,L4 failure,0.8910949308760415,0.8717120097897906,1.0222354640851226
capacity,9106,chirp,1.0,stuck,L4 slip,0.467084698536533,0.5162723658083948,0.9047253532641782
sensor_comm,9101,straight,0.0,dropout,intact,0.45734013769749354,0.45734013769749354,1.0
sensor_comm,9101,straight,0.0,dropout,L4 failure,1.3610863813615661,1.3610863813615661,1.0
sensor_comm,9101,straight,0.0,dropout,L4 slip,0.4519577729166788,0.4519577729166788,1.0
sensor_comm,9101,straight,0.0,intermittent,intact,0.45734013769749354,0.45734013769749354,1.0
sensor_comm,9101,straight,0.0,intermittent,L4 failure,1.3610863813615661,1.3610863813615661,1.0
sensor_comm,9101,straight,0.0,intermittent,L4 slip,0.4519577729166788,0.4519577729166788,1.0
sensor_comm,9101,straight,0.0,delayed,intact,0.45734013769749354,0.45734013769749354,1.0
sensor_comm,9101,straight,0.0,delayed,L4 failure,1.3610863813615661,1.3610863813615661,1.0
sensor_comm,9101,straight,0.0,delayed,L4 slip,0.4519577729166788,0.4519577729166788,1.0
sensor_comm,9101,straight,0.0,noisy,intact,0.45734013769749354,0.45734013769749354,1.0
sensor_comm,9101,straight,0.0,noisy,L4 failure,1.3610863813615661,1.3610863813615661,1.0
sensor_comm,9101,straight,0.0,noisy,L4 slip,0.4519577729166788,0.4519577729166788,1.0
sensor_comm,9101,straight,0.0,stuck,intact,0.45734013769749354,0.45734013769749354,1.0
sensor_comm,9101,straight,0.0,stuck,L4 failure,1.3610863813615661,1.3610863813615661,1.0
sensor_comm,9101,straight,0.0,stuck,L4 slip,0.4519577729166788,0.4519577729166788,1.0
sensor_comm,9101,straight,0.025,dropout,intact,0.4241458685967344,0.4444349803137409,0.9543485265208338
sensor_comm,9101,straight,0.025,dropout,L4 failure,1.3580926466589016,1.3630081084768833,0.9963936664885475
sensor_comm,9101,straight,0.025,dropout,L4 slip,0.44259747914705905,0.4478324595794364,0.9883104042139027
sensor_comm,9101,straight,0.025,intermittent,intact,0.4241458685967344,0.445976901183296,0.9510489612160674
sensor_comm,9101,straight,0.025,intermittent,L4 failure,1.3580926466589016,1.3599194904701326,0.9986566529680375
sensor_comm,9101,straight,0.025,intermittent,L4 slip,0.44259747914705905,0.44867348335109,0.9864578486817408
sensor_comm,9101,straight,0.025,delayed,intact,0.4241458685967344,0.42747633606172125,0.9922090015656306
sensor_comm,9101,straight,0.025,delayed,L4 failure,1.3580926466589016,1.3592339151091257,0.9991603590540687
sensor_comm,9101,straight,0.025,delayed,L4 slip,0.44259747914705905,0.44318190448670103,0.998681296926329
sensor_comm,9101,straight,0.025,noisy,intact,0.4241458685967344,0.43031788792201897,0.985657070043988
sensor_comm,9101,straight,0.025,noisy,L4 failure,1.3580926466589016,1.3571087422265156,1.0007250004378956
sensor_comm,9101,straight,0.025,noisy,L4 slip,0.44259747914705905,0.4459288734663212,0.9925293146116188
sensor_comm,9101,straight,0.025,stuck,intact,0.4241458685967344,0.4326617201363222,0.9803175295080309
sensor_comm,9101,straight,0.025,stuck,L4 failure,1.3580926466589016,1.3617352408741656,0.9973250349216741
sensor_comm,9101,straight,0.025,stuck,L4 slip,0.44259747914705905,0.4441099586085414,0.9965943581490018
sensor_comm,9101,straight,0.05,dropout,intact,0.3938407567918599,0.43220161368388743,0.911243142835453
sensor_comm,9101,straight,0.05,dropout,L4 failure,1.3555818603861205,1.3647559371410203,0.9932778627260503
sensor_comm,9101,straight,0.05,dropout,L4 slip,0.4349681995957747,0.44412023672631146,0.9793928842378405
sensor_comm,9101,straight,0.05,intermittent,intact,0.3938407567918599,0.4349296130054522,0.905527572772845
sensor_comm,9101,straight,0.05,intermittent,L4 failure,1.3555818603861205,1.3588303191036906,0.997609371330695
sensor_comm,9101,straight,0.05,intermittent,L4 slip,0.4349681995957747,0.4455941008654339,0.9761534067685781
sensor_comm,9101,straight,0.05,delayed,intact,0.3938407567918599,0.399752402849356,0.9852117310231058
sensor_comm,9101,straight,0.05,delayed,L4 failure,1.3555818603861205,1.357654261510358,0.9984735427987889
sensor_comm,9101,straight,0.05,delayed,L4 slip,0.4349681995957747,0.43580483688826843,0.9980802478043441
sensor_comm,9101,straight,0.05,noisy,intact,0.3938407567918599,0.40483060373437196,0.972853220974067
sensor_comm,9101,straight,0.05,noisy,L4 failure,1.3555818603861205,1.3542217146331699,1.001004374496623
sensor_comm,9101,straight,0.05,noisy,L4 slip,0.4349681995957747,0.4408150300346937,0.9867363178645274
sensor_comm,9101,straight,0.05,stuck,intact,0.3938407567918599,0.40945976148432345,0.9618546041353528
sensor_comm,9101,straight,0.05,stuck,L4 failure,1.3555818603861205,1.362027319765995,0.9952677458914835
sensor_comm,9101,straight,0.05,stuck,L4 slip,0.4349681995957747,0.43728773226485884,0.9946956374534669
sensor_comm,9101,straight,0.1,dropout,intact,0.34096046157951515,0.4096030565284968,0.8324167902194204
sensor_comm,9101,straight,0.1,dropout,L4 failure,1.3517532689532423,1.3677518956135462,0.9883029760648753
sensor_comm,9101,straight,0.1,dropout,L4 slip,0.42382177409269917,0.43777818813071256,0.9681198962935854
sensor_comm,9101,straight,0.1,intermittent,intact,0.34096046157951515,0.4137522021384788,0.8240692371358039
sensor_comm,9101,straight,0.1,intermittent,L4 failure,1.3517532689532423,1.356878564363699,0.996222730946553
sensor_comm,9101,straight,0.1,intermittent,L4 slip,0.42382177409269917,0.44000771553509316,0.9632144144956406
sensor_comm,9101,straight,0.1,delayed,intact,0.34096046157951515,0.35019549621485757,0.9736289166046944
sensor_comm,9101,straight,0.1,delayed,L4 failure,1.3517532689532423,1.3552329337582822,0.9974324230777138
sensor_comm,9101,straight,0.1,delayed,L4 slip,0.42382177409269917,0.42452753965600465,0.998337527021504
sensor_comm,9101,straight,0.1,noisy,intact,0.34096046157951515,0.3579146600439757,0.9526306118269158
sensor_comm,9101,straight,0.1,noisy,L4 failure,1.3517532689532423,1.351069442859299,1.0005061368958919
sensor_comm,9101,straight,0.1,noisy,L4 slip,0.42382177409269917,0.4329686817035528,0.9788739740369573
sensor_comm,9101,straight,0.1,stuck,intact,0.34096046157951515,0.36714723188136783,0.928675016375136
sensor_comm,9101,straight,0.1,stuck,L4 failure,1.3517532689532423,1.3616607531839517,0.9927239701904143
sensor_comm,9101,straight,0.1,stuck,L4 slip,0.42382177409269917,0.42626631809427984,0.9942652189539405
sensor_comm,9101,straight,0.2,dropout,intact,0.2605463153596037,0.37096421963020054,0.7023489101437652
sensor_comm,9101,straight,0.2,dropout,L4 failure,1.3473001657550838,1.371920731275231,0.9820539445473195
sensor_comm,9101,straight,0.2,dropout,L4 slip,0.41238327707186845,0.42851317333829203,0.9623584588059099
sensor_comm,9101,straight,0.2,intermittent,intact,0.2605463153596037,0.374858666799946,0.6950521314707969
sensor_comm,9101,straight,0.2,intermittent,L4 failure,1.3473001657550838,1.353815739423615,0.9951872522391377
sensor_comm,9101,straight,0.2,intermittent,L4 slip,0.41238327707186845,0.43085014932793547,0.9571385265042319
sensor_comm,9101,straight,0.2,delayed,intact,0.2605463153596037,0.2713152048193668,0.9603085663152102
sensor_comm,9101,straight,0.2,delayed,L4 failure,1.3473001657550838,1.3525630645253652,0.9961089438945102
sensor_comm,9101,straight,0.2,delayed,L4 slip,0.41238327707186845,0.4118440825166706,1.0013092201104432
sensor_comm,9101,straight,0.2,noisy,intact,0.2605463153596037,0.27759986276968973,0.9385678824191838
sensor_comm,9101,straight,0.2,noisy,L4 failure,1.3473001657550838,1.3517374468094123,0.9967173499078522
sensor_comm,9101,straight,0.2,noisy,L4 slip,0.41238327707186845,0.42513888926136056,0.969996599907259
sensor_comm,9101,straight,0.2,stuck,intact,0.2605463153596037,0.29680434586763355,0.8778386131711161
sensor_comm,9101,straight,0.2,stuck,L4 failure,1.3473001657550838,1.357959082127906,0.9921507823666382
sensor_comm,9101,straight,0.2,stuck,L4 slip,0.41238327707186845,0.41208840171198036,1.000715563356462
sensor_comm,9101,straight,0.4,dropout,intact,0.1689727453745205,0.31403590628865613,0.53806823357073
sensor_comm,9101,straight,0.4,dropout,L4 failure,1.3430834745796951,1.3744409156178565,0.977185311727958
sensor_comm,9101,straight,0.4,dropout,L4 slip,0.40838845843379606,0.4185669769394874,0.9756824616692996
sensor_comm,9101,straight,0.4,intermittent,intact,0.1689727453745205,0.30938323251395144,0.5461599971061806
sensor_comm,9101,straight,0.4,intermittent,L4 failure,1.3430834745796951,1.3503726515727617,0.9946020996614698
sensor_comm,9101,straight,0.4,intermittent,L4 slip,0.40838845843379606,0.4187295615188754,0.9753036230650431
sensor_comm,9101,straight,0.4,delayed,intact,0.1689727453745205,0.173540936947386,0.9736765765287386
sensor_comm,9101,straight,0.4,delayed,L4 failure,1.3430834745796951,1.350373552668683,0.994601435969639
sensor_comm,9101,straight,0.4,delayed,L4 slip,0.40838845843379606,0.4059466972245563,1.0060149798629574
sensor_comm,9101,straight,0.4,noisy,intact,0.1689727453745205,0.16066746674485258,1.0516923481644054
sensor_comm,9101,straight,0.4,noisy,L4 failure,1.3430834745796951,1.3661524749219744,0.9831138904582397
sensor_comm,9101,straight,0.4,noisy,L4 slip,0.40838845843379606,0.43337786584943777,0.942338062497351
sensor_comm,9101,straight,0.4,stuck,intact,0.1689727453745205,0.20010273706132234,0.8444299556119419
sensor_comm,9101,straight,0.4,stuck,L4 failure,1.3430834745796951,1.3445255475008584,0.9989274484788752
sensor_comm,9101,straight,0.4,stuck,L4 slip,0.40838845843379606,0.4011721745765849,1.0179879969612238
sensor_comm,9101,straight,1.0,dropout,intact,0.12260737282876064,0.2331812319924734,0.5258029206772445
sensor_comm,9101,straight,1.0,dropout,L4 failure,1.3334004975739215,1.3589306082539712,0.9812130873166128
sensor_comm,9101,straight,1.0,dropout,L4 slip,0.41590070720226213,0.41257148812550526,1.008069435655583
sensor_comm,9101,straight,1.0,intermittent,intact,0.12260737282876064,0.18654293783221262,0.6572608658015278
sensor_comm,9101,straight,1.0,intermittent,L4 failure,1.3334004975739215,1.3489276490498183,0.9884892629439139
sensor_comm,9101,straight,1.0,intermittent,L4 slip,0.41590070720226213,0.4076399885112023,1.0202647407611554
sensor_comm,9101,straight,1.0,delayed,intact,0.12260737282876064,0.11853125178122222,1.0343885767363858
sensor_comm,9101,straight,1.0,delayed,L4 failure,1.3334004975739215,1.3395508021712401,0.9954086813375426
sensor_comm,9101,straight,1.0,delayed,L4 slip,0.41590070720226213,0.41428843098639145,1.0038916756908514
sensor_comm,9101,straight,1.0,noisy,intact,0.12260737282876064,0.17258546917654763,0.7104153867284069
sensor_comm,9101,straight,1.0,noisy,L4 failure,1.3334004975739215,1.4416696669757463,0.9249001543960166
sensor_comm,9101,straight,1.0,noisy,L4 slip,0.41590070720226213,0.5602112374748369,0.7423997938294539
sensor_comm,9101,straight,1.0,stuck,intact,0.12260737282876064,0.11125562844311317,1.102032989651861
sensor_comm,9101,straight,1.0,stuck,L4 failure,1.3334004975739215,1.3181974162201282,1.0115332355887843
sensor_comm,9101,straight,1.0,stuck,L4 slip,0.41590070720226213,0.40475366198318385,1.0275403196217194
sensor_comm,9101,s_lr,0.0,dropout,intact,0.35800707126766274,0.35800707126766274,1.0
sensor_comm,9101,s_lr,0.0,dropout,L4 failure,1.4887239871243323,1.4887239871243323,1.0
sensor_comm,9101,s_lr,0.0,dropout,L4 slip,0.5192041818594362,0.5192041818594362,1.0
sensor_comm,9101,s_lr,0.0,intermittent,intact,0.35800707126766274,0.35800707126766274,1.0
sensor_comm,9101,s_lr,0.0,intermittent,L4 failure,1.4887239871243323,1.4887239871243323,1.0
sensor_comm,9101,s_lr,0.0,intermittent,L4 slip,0.5192041818594362,0.5192041818594362,1.0
sensor_comm,9101,s_lr,0.0,delayed,intact,0.35800707126766274,0.35800707126766274,1.0
sensor_comm,9101,s_lr,0.0,delayed,L4 failure,1.4887239871243323,1.4887239871243323,1.0
sensor_comm,9101,s_lr,0.0,delayed,L4 slip,0.5192041818594362,0.5192041818594362,1.0
sensor_comm,9101,s_lr,0.0,noisy,intact,0.35800707126766274,0.35800707126766274,1.0
sensor_comm,9101,s_lr,0.0,noisy,L4 failure,1.4887239871243323,1.4887239871243323,1.0
sensor_comm,9101,s_lr,0.0,noisy,L4 slip,0.5192041818594362,0.5192041818594362,1.0
sensor_comm,9101,s_lr,0.0,stuck,intact,0.35800707126766274,0.35800707126766274,1.0
sensor_comm,9101,s_lr,0.0,stuck,L4 failure,1.4887239871243323,1.4887239871243323,1.0
sensor_comm,9101,s_lr,0.0,stuck,L4 slip,0.5192041818594362,0.5192041818594362,1.0
sensor_comm,9101,s_lr,0.025,dropout,intact,0.38318935727228315,0.36578649688014203,1.0475765522800136
sensor_comm,9101,s_lr,0.025,dropout,L4 failure,1.439412864788213,1.4751521383816761,0.9757724829435754
sensor_comm,9101,s_lr,0.025,dropout,L4 slip,0.5253184625362701,0.5182106615510302,1.013716045447552
sensor_comm,9101,s_lr,0.025,intermittent,intact,0.38318935727228315,0.36662050298190046,1.0451934743300504
sensor_comm,9101,s_lr,0.025,intermittent,L4 failure,1.439412864788213,1.471090411800711,0.978466621250204
sensor_comm,9101,s_lr,0.025,intermittent,L4 slip,0.5253184625362701,0.5197251717613114,1.0107620163095112
sensor_comm,9101,s_lr,0.025,delayed,intact,0.38318935727228315,0.381787271457123,1.0036724268198072
sensor_comm,9101,s_lr,0.025,delayed,L4 failure,1.439412864788213,1.4458251079218496,0.9955649939273408
sensor_comm,9101,s_lr,0.025,delayed,L4 slip,0.5253184625362701,0.525314959696766,1.000006668074913
sensor_comm,9101,s_lr,0.025,noisy,intact,0.38318935727228315,0.38692744237912297,0.9903390540514386
sensor_comm,9101,s_lr,0.025,noisy,L4 failure,1.439412864788213,1.4369334788213202,1.0017254702485787
sensor_comm,9101,s_lr,0.025,noisy,L4 slip,0.5253184625362701,0.5260067299113572,0.9986915236327811
sensor_comm,9101,s_lr,0.025,stuck,intact,0.38318935727228315,0.38169885289737593,1.0039049223323393
sensor_comm,9101,s_lr,0.025,stuck,L4 failure,1.439412864788213,1.4550544681464235,0.989250159564036
sensor_comm,9101,s_lr,0.025,stuck,L4 slip,0.5253184625362701,0.5226561649891727,1.0050937838782645
sensor_comm,9101,s_lr,0.05,dropout,intact,0.4066235479900728,0.37368438790573977,1.088147006271618
sensor_comm,9101,s_lr,0.05,dropout,L4 failure,1.4002743665307558,1.461999775380856,0.9577801516186824
sensor_comm,9101,s_lr,0.05,dropout,L4 slip,0.536820810193474,0.5178652300737273,1.0366033072292729
sensor_comm,9101,s_lr,0.05,intermittent,intact,0.4066235479900728,0.3750647654758287,1.0841422213419776
sensor_comm,9101,s_lr,0.05,intermittent,L4 failure,1.4002743665307558,1.4546692517981612,0.9626066989453677
sensor_comm,9101,s_lr,0.05,intermittent,L4 slip,0.536820810193474,0.5210834770602688,1.0302011747177027
sensor_comm,9101,s_lr,0.05,delayed,intact,0.4066235479900728,0.4043515019246572,1.0056189875754165
sensor_comm,9101,s_lr,0.05,delayed,L4 failure,1.4002743665307558,1.4106092508467973,0.9926734605562544
sensor_comm,9101,s_lr,0.05,delayed,L4 slip,0.536820810193474,0.5361827814381901,1.0011899463715948
sensor_comm,9101,s_lr,0.05,noisy,intact,0.4066235479900728,0.4131057651189419,0.9843085774244695
sensor_comm,9101,s_lr,0.05,noisy,L4 failure,1.4002743665307558,1.3967123239755637,1.0025503050943614
sensor_comm,9101,s_lr,0.05,noisy,L4 slip,0.536820810193474,0.5389727756797924,0.996007283515194
sensor_comm,9101,s_lr,0.05,stuck,intact,0.4066235479900728,0.4052280211103575,1.0034438064670144
sensor_comm,9101,s_lr,0.05,stuck,L4 failure,1.4002743665307558,1.4246760056839487,0.9828721484352659
sensor_comm,9101,s_lr,0.05,stuck,L4 slip,0.536820810193474,0.5302812135115604,1.012332318240369
sensor_comm,9101,s_lr,0.1,dropout,intact,0.44817433948151375,0.3897467686753967,1.1499116233976499
sensor_comm,9101,s_lr,0.1,dropout,L4 failure,1.34713468265929,1.4370157592951114,0.937452963856214
sensor_comm,9101,s_lr,0.1,dropout,L4 slip,0.5676819701136038,0.5190425669716064,1.0937098539447114
sensor_comm,9101,s_lr,0.1,intermittent,intact,0.44817433948151375,0.3914271275267814,1.1449751638658456
sensor_comm,9101,s_lr,0.1,intermittent,L4 failure,1.34713468265929,1.425366196929303,0.9451147961565605
sensor_comm,9101,s_lr,0.1,intermittent,L4 slip,0.5676819701136038,0.5259548067776392,1.079336024309035
sensor_comm,9101,s_lr,0.1,delayed,intact,0.44817433948151375,0.4456548325469343,1.0056534940285071
sensor_comm,9101,s_lr,0.1,delayed,L4 failure,1.34713468265929,1.3602146480446637,0.9903838960974458
sensor_comm,9101,s_lr,0.1,delayed,L4 slip,0.5676819701136038,0.5658649987608442,1.0032109626089942
sensor_comm,9101,s_lr,0.1,noisy,intact,0.44817433948151375,0.45719144486461294,0.9802771782272317
sensor_comm,9101,s_lr,0.1,noisy,L4 failure,1.34713468265929,1.3442796215777524,1.0021238595272215
sensor_comm,9101,s_lr,0.1,noisy,L4 slip,0.5676819701136038,0.5727273447537561,0.9911906168155432
sensor_comm,9101,s_lr,0.1,stuck,intact,0.44817433948151375,0.4513835169650219,0.992890352963959
sensor_comm,9101,s_lr,0.1,stuck,L4 failure,1.34713468265929,1.3738744020644642,0.9805369986040984
sensor_comm,9101,s_lr,0.1,stuck,L4 slip,0.5676819701136038,0.5549575210707463,1.0229286901424577
sensor_comm,9101,s_lr,0.2,dropout,intact,0.5112062360125138,0.422376062420172,1.210310624809924
sensor_comm,9101,s_lr,0.2,dropout,L4 failure,1.3053588323911431,1.392597933466234,0.9373551410794148
sensor_comm,9101,s_lr,0.2,dropout,L4 slip,0.630803922543272,0.5279873110947771,1.19473311060318
sensor_comm,9101,s_lr,0.2,intermittent,intact,0.5112062360125138,0.4219679952817053,1.2114810642717895
sensor_comm,9101,s_lr,0.2,intermittent,L4 failure,1.3053588323911431,1.379900561056377,0.9459803620862588
sensor_comm,9101,s_lr,0.2,intermittent,L4 slip,0.630803922543272,0.5419351145325357,1.1639842217779024
sensor_comm,9101,s_lr,0.2,delayed,intact,0.5112062360125138,0.5128957118428676,0.9967060051559342
sensor_comm,9101,s_lr,0.2,delayed,L4 failure,1.3053588323911431,1.315955744216063,0.9919473645892001
sensor_comm,9101,s_lr,0.2,delayed,L4 slip,0.630803922543272,0.6310092531461804,0.9996745996958292
sensor_comm,9101,s_lr,0.2,noisy,intact,0.5112062360125138,0.5157699883098904,0.9911515745374573
sensor_comm,9101,s_lr,0.2,noisy,L4 failure,1.3053588323911431,1.308117264594489,0.9978912959273564
sensor_comm,9101,s_lr,0.2,noisy,L4 slip,0.630803922543272,0.6374459466244593,0.9895802552100934
sensor_comm,9101,s_lr,0.2,stuck,intact,0.5112062360125138,0.5381462823228353,0.9499391760284239
sensor_comm,9101,s_lr,0.2,stuck,L4 failure,1.3053588323911431,1.3106742019350637,0.9959445531650253
sensor_comm,9101,s_lr,0.2,stuck,L4 slip,0.630803922543272,0.6234176905170916,1.011847966681943
sensor_comm,9101,s_lr,0.4,dropout,intact,0.5742338806432782,0.48611155524166294,1.181280046630051
sensor_comm,9101,s_lr,0.4,dropout,L4 failure,1.3085005868989554,1.3260821999099732,0.9867416868937602
sensor_comm,9101,s_lr,0.4,dropout,L4 slip,0.7068310764399255,0.5631535982331404,1.255130178795917
sensor_comm,9101,s_lr,0.4,intermittent,intact,0.5742338806432782,0.47416830934965387,1.2110338656559934
sensor_comm,9101,s_lr,0.4,intermittent,L4 failure,1.3085005868989554,1.330878109352677,0.9831858963668689
sensor_comm,9101,s_lr,0.4,intermittent,L4 slip,0.7068310764399255,0.5847156392636581,1.208845854251563
sensor_comm,9101,s_lr,0.4,delayed,intact,0.5742338806432782,0.592773800731908,0.9687234488674461
sensor_comm,9101,s_lr,0.4,delayed,L4 failure,1.3085005868989554,1.316433983412947,0.9939735705595933
sensor_comm,9101,s_lr,0.4,delayed,L4 slip,0.7068310764399255,0.7216785434209985,0.97942648133795
sensor_comm,9101,s_lr,0.4,noisy,intact,0.5742338806432782,0.5532123727607674,1.0379989836048034
sensor_comm,9101,s_lr,0.4,noisy,L4 failure,1.3085005868989554,1.3235979651942142,0.9885936827554404
sensor_comm,9101,s_lr,0.4,noisy,L4 slip,0.7068310764399255,0.7104800904711306,0.9948640164866754
sensor_comm,9101,s_lr,0.4,stuck,intact,0.5742338806432782,0.6819686953730664,0.8420238121474878
sensor_comm,9101,s_lr,0.4,stuck,L4 failure,1.3085005868989554,1.3016684013799051,1.005248791099029
sensor_comm,9101,s_lr,0.4,stuck,L4 slip,0.7068310764399255,0.762580284771771,0.926893981597583
sensor_comm,9101,s_lr,1.0,dropout,intact,0.5494570786368108,0.6318081547626546,0.869658098736032
sensor_comm,9101,s_lr,1.0,dropout,L4 failure,1.3367156135333331,1.256389789074081,1.0639338405626886
sensor_comm,9101,s_lr,1.0,dropout,L4 slip,0.7098705384651129,0.6809633649914091,1.0424504091700566
sensor_comm,9101,s_lr,1.0,intermittent,intact,0.5494570786368108,0.5674098105834253,0.9683602017241206
sensor_comm,9101,s_lr,1.0,intermittent,L4 failure,1.3367156135333331,1.3276407089337146,1.00683536181028
sensor_comm,9101,s_lr,1.0,intermittent,L4 slip,0.7098705384651129,0.6923835568061969,1.0252562058804218
sensor_comm,9101,s_lr,1.0,delayed,intact,0.5494570786368108,0.592511741468415,0.927335342376672
sensor_comm,9101,s_lr,1.0,delayed,L4 failure,1.3367156135333331,1.342538516559173,0.995662766502399
sensor_comm,9101,s_lr,1.0,delayed,L4 slip,0.7098705384651129,0.7398225891879477,0.9595145496223478
sensor_comm,9101,s_lr,1.0,noisy,intact,0.5494570786368108,0.510419173280344,1.0764820512238584
sensor_comm,9101,s_lr,1.0,noisy,L4 failure,1.3367156135333331,1.412671923197103,0.9462321658578245
sensor_comm,9101,s_lr,1.0,noisy,L4 slip,0.7098705384651129,0.793246841412817,0.8948923606185356
sensor_comm,9101,s_lr,1.0,stuck,intact,0.5494570786368108,0.8793064324335091,0.6248755364113173
sensor_comm,9101,s_lr,1.0,stuck,L4 failure,1.3367156135333331,1.4604117409380422,0.9153005115357007
sensor_comm,9101,s_lr,1.0,stuck,L4 slip,0.7098705384651129,0.9410863544132448,0.7543096710903943
sensor_comm,9101,s_rl,0.0,dropout,intact,0.7211535828798427,0.7211535828798427,1.0
sensor_comm,9101,s_rl,0.0,dropout,L4 failure,1.2441406813659783,1.2441406813659783,1.0
sensor_comm,9101,s_rl,0.0,dropout,L4 slip,0.5902850828505518,0.5902850828505518,1.0
sensor_comm,9101,s_rl,0.0,intermittent,intact,0.7211535828798427,0.7211535828798427,1.0
sensor_comm,9101,s_rl,0.0,intermittent,L4 failure,1.2441406813659783,1.2441406813659783,1.0
sensor_comm,9101,s_rl,0.0,intermittent,L4 slip,0.5902850828505518,0.5902850828505518,1.0
sensor_comm,9101,s_rl,0.0,delayed,intact,0.7211535828798427,0.7211535828798427,1.0
sensor_comm,9101,s_rl,0.0,delayed,L4 failure,1.2441406813659783,1.2441406813659783,1.0
sensor_comm,9101,s_rl,0.0,delayed,L4 slip,0.5902850828505518,0.5902850828505518,1.0
sensor_comm,9101,s_rl,0.0,noisy,intact,0.7211535828798427,0.7211535828798427,1.0
sensor_comm,9101,s_rl,0.0,noisy,L4 failure,1.2441406813659783,1.2441406813659783,1.0
sensor_comm,9101,s_rl,0.0,noisy,L4 slip,0.5902850828505518,0.5902850828505518,1.0
sensor_comm,9101,s_rl,0.0,stuck,intact,0.7211535828798427,0.7211535828798427,1.0
sensor_comm,9101,s_rl,0.0,stuck,L4 failure,1.2441406813659783,1.2441406813659783,1.0
sensor_comm,9101,s_rl,0.0,stuck,L4 slip,0.5902850828505518,0.5902850828505518,1.0
sensor_comm,9101,s_rl,0.025,dropout,intact,0.6254064521568958,0.6805921846059062,0.9189151246557945
sensor_comm,9101,s_rl,0.025,dropout,L4 failure,1.2473350727883403,1.244269243540987,1.002463959680164
sensor_comm,9101,s_rl,0.025,dropout,L4 slip,0.5009691437157118,0.5549773595353035,0.9026839295483798
sensor_comm,9101,s_rl,0.025,intermittent,intact,0.6254064521568958,0.6883330164451366,0.908581220448756
sensor_comm,9101,s_rl,0.025,intermittent,L4 failure,1.2473350727883403,1.2445944722834654,1.002202002793606
sensor_comm,9101,s_rl,0.025,intermittent,L4 slip,0.5009691437157118,0.5600432425064834,0.8945186830102896
sensor_comm,9101,s_rl,0.025,delayed,intact,0.6254064521568958,0.6348808307172031,0.9850769182153375
sensor_comm,9101,s_rl,0.025,delayed,L4 failure,1.2473350727883403,1.2469581220137393,1.0003022962583477
sensor_comm,9101,s_rl,0.025,delayed,L4 slip,0.5009691437157118,0.5084887335916168,0.9852118849855496
sensor_comm,9101,s_rl,0.025,noisy,intact,0.6254064521568958,0.6318806393401081,0.9897540978784009
sensor_comm,9101,s_rl,0.025,noisy,L4 failure,1.2473350727883403,1.2481543185934139,0.999343634202222
sensor_comm,9101,s_rl,0.025,noisy,L4 slip,0.5009691437157118,0.5059710919548076,0.9901141620171008
sensor_comm,9101,s_rl,0.025,stuck,intact,0.6254064521568958,0.6360876879186977,0.9832079193408831
sensor_comm,9101,s_rl,0.025,stuck,L4 failure,1.2473350727883403,1.2453085837955873,1.001627298662454
sensor_comm,9101,s_rl,0.025,stuck,L4 slip,0.5009691437157118,0.5098861487542259,0.9825117723627118
sensor_comm,9101,s_rl,0.05,dropout,intact,0.5369259659368164,0.641157834005396,0.8374318107954329
sensor_comm,9101,s_rl,0.05,dropout,L4 failure,1.2534702103728983,1.245318740834637,1.0065456892849762
sensor_comm,9101,s_rl,0.05,dropout,L4 slip,0.42104499036454845,0.5211720468868941,0.807880992235803
sensor_comm,9101,s_rl,0.05,intermittent,intact,0.5369259659368164,0.6562504871493507,0.8181722931271848
sensor_comm,9101,s_rl,0.05,intermittent,L4 failure,1.2534702103728983,1.2455007091978267,1.006398632386331
sensor_comm,9101,s_rl,0.05,intermittent,L4 slip,0.42104499036454845,0.5307316975671036,0.7933292703161247
sensor_comm,9101,s_rl,0.05,delayed,intact,0.5369259659368164,0.5540283975374465,0.9691307671652803
sensor_comm,9101,s_rl,0.05,delayed,L4 failure,1.2534702103728983,1.252606506960871,1.0006895249284014
sensor_comm,9101,s_rl,0.05,delayed,L4 slip,0.42104499036454845,0.43338347111663955,0.9715298769463906
sensor_comm,9101,s_rl,0.05,noisy,intact,0.5369259659368164,0.5489591141074379,0.9780800648693365
sensor_comm,9101,s_rl,0.05,noisy,L4 failure,1.2534702103728983,1.2549025618488745,0.9988585954642838
sensor_comm,9101,s_rl,0.05,noisy,L4 slip,0.42104499036454845,0.43002067285253176,0.9791273232785686
sensor_comm,9101,s_rl,0.05,stuck,intact,0.5369259659368164,0.5545899862796599,0.9681494062643673
sensor_comm,9101,s_rl,0.05,stuck,L4 failure,1.2534702103728983,1.2507150771465825,1.0022028464169486
sensor_comm,9101,s_rl,0.05,stuck,L4 slip,0.42104499036454845,0.43359599586349684,0.9710536867990367
sensor_comm,9101,s_rl,0.1,dropout,intact,0.3843998678662068,0.5655080455996518,0.6797425268434474
sensor_comm,9101,s_rl,0.1,dropout,L4 failure,1.2703643334794832,1.2498110728334937,1.0164450940568102
sensor_comm,9101,s_rl,0.1,dropout,L4 slip,0.30395196529001434,0.45825571820543115,0.6632802455369601
sensor_comm,9101,s_rl,0.1,intermittent,intact,0.3843998678662068,0.5943463424158768,0.6467607191855721
sensor_comm,9101,s_rl,0.1,intermittent,L4 failure,1.2703643334794832,1.2484492244498913,1.01755386490728
sensor_comm,9101,s_rl,0.1,intermittent,L4 slip,0.30395196529001434,0.4750832059505948,0.6397868025703758
sensor_comm,9101,s_rl,0.1,delayed,intact,0.3843998678662068,0.41178779257684306,0.9334901976106408
sensor_comm,9101,s_rl,0.1,delayed,L4 failure,1.2703643334794832,1.2689541627417866,1.0011112857966828
sensor_comm,9101,s_rl,0.1,delayed,L4 slip,0.30395196529001434,0.3151539948527026,0.9644553781781382
sensor_comm,9101,s_rl,0.1,noisy,intact,0.3843998678662068,0.40486943215949917,0.9494415664227563
sensor_comm,9101,s_rl,0.1,noisy,L4 failure,1.2703643334794832,1.2730423629854413,0.9978963547609855
sensor_comm,9101,s_rl,0.1,noisy,L4 slip,0.30395196529001434,0.31661390749284235,0.9600082564183816
sensor_comm,9101,s_rl,0.1,stuck,intact,0.3843998678662068,0.40671563681697975,0.9451317654629173
sensor_comm,9101,s_rl,0.1,stuck,L4 failure,1.2703643334794832,1.2715241018603805,0.9990878911542452
sensor_comm,9101,s_rl,0.1,stuck,L4 slip,0.30395196529001434,0.3068526333514342,0.9905470322032474
sensor_comm,9101,s_rl,0.2,dropout,intact,0.27252740430778954,0.4260745550026844,0.6396237491958949
sensor_comm,9101,s_rl,0.2,dropout,L4 failure,1.3078965580781456,1.2661757019282596,1.0329502896686056
sensor_comm,9101,s_rl,0.2,dropout,L4 slip,0.2767171653558774,0.3540454774347177,0.7815864994544414
sensor_comm,9101,s_rl,0.2,intermittent,intact,0.27252740430778954,0.4800083454727474,0.5677555544151729
sensor_comm,9101,s_rl,0.2,intermittent,L4 failure,1.3078965580781456,1.2576465166373691,1.039955616125851
sensor_comm,9101,s_rl,0.2,intermittent,L4 slip,0.2767171653558774,0.37824838020306034,0.7315752818487247
sensor_comm,9101,s_rl,0.2,delayed,intact,0.27252740430778954,0.29523070621657604,0.9230997947343196
sensor_comm,9101,s_rl,0.2,delayed,L4 failure,1.3078965580781456,1.3082412442998788,0.9997365270180596
sensor_comm,9101,s_rl,0.2,delayed,L4 slip,0.2767171653558774,0.2755106824577661,1.0043790784711089
sensor_comm,9101,s_rl,0.2,noisy,intact,0.27252740430778954,0.2908119897179561,0.9371257511497383
sensor_comm,9101,s_rl,0.2,noisy,L4 failure,1.3078965580781456,1.314917032461016,0.994660899349877
sensor_comm,9101,s_rl,0.2,noisy,L4 slip,0.2767171653558774,0.2875322230770692,0.9623866236435944
sensor_comm,9101,s_rl,0.2,stuck,intact,0.27252740430778954,0.31152061651606083,0.8748294329782795
sensor_comm,9101,s_rl,0.2,stuck,L4 failure,1.3078965580781456,1.3380731990239862,0.9774476904792264
sensor_comm,9101,s_rl,0.2,stuck,L4 slip,0.2767171653558774,0.2887052371056388,0.9584764312904555
sensor_comm,9101,s_rl,0.4,dropout,intact,0.4293913676502649,0.18881920307115116,2.2740873844725473
sensor_comm,9101,s_rl,0.4,dropout,L4 failure,1.3637510280125262,1.315678016569189,1.0365385837856393
sensor_comm,9101,s_rl,0.4,dropout,L4 slip,0.4107531384984428,0.26436424082923426,1.5537394059424559
sensor_comm,9101,s_rl,0.4,intermittent,intact,0.4293913676502649,0.30263984055189297,1.418819699571703
sensor_comm,9101,s_rl,0.4,intermittent,L4 failure,1.3637510280125262,1.2826213574361456,1.0632530170389118
sensor_comm,9101,s_rl,0.4,intermittent,L4 slip,0.4107531384984428,0.28137054105608006,1.459829934422934
sensor_comm,9101,s_rl,0.4,delayed,intact,0.4293913676502649,0.45967514645665464,0.9341191729859049
sensor_comm,9101,s_rl,0.4,delayed,L4 failure,1.3637510280125262,1.3743896423694488,0.9922593898928243
sensor_comm,9101,s_rl,0.4,delayed,L4 slip,0.4107531384984428,0.41923003790392477,0.9797798377047003
sensor_comm,9101,s_rl,0.4,noisy,intact,0.4293913676502649,0.4413651386214525,0.9728710540923415
sensor_comm,9101,s_rl,0.4,noisy,L4 failure,1.3637510280125262,1.3876468342967347,0.9827796196455714
sensor_comm,9101,s_rl,0.4,noisy,L4 slip,0.4107531384984428,0.4231215020419808,0.9707687662199903
sensor_comm,9101,s_rl,0.4,stuck,intact,0.4293913676502649,0.6259364855705383,0.68599830421912
sensor_comm,9101,s_rl,0.4,stuck,L4 failure,1.3637510280125262,1.4999460621193161,0.9092000455574009
sensor_comm,9101,s_rl,0.4,stuck,L4 slip,0.4107531384984428,0.5654478945939843,0.7264208469524519
sensor_comm,9101,s_rl,1.0,dropout,intact,0.7381262894253602,0.388801824553925,1.8984640575496723
sensor_comm,9101,s_rl,1.0,dropout,L4 failure,1.4038996365218757,1.4786711566718218,0.9494333004247941
sensor_comm,9101,s_rl,1.0,dropout,L4 slip,0.6807135062034659,0.45898347215931246,1.483089364854496
sensor_comm,9101,s_rl,1.0,intermittent,intact,0.7381262894253602,0.36972657096834605,1.9964112600621136
sensor_comm,9101,s_rl,1.0,intermittent,L4 failure,1.4038996365218757,1.3564748965944804,1.03496175273605
sensor_comm,9101,s_rl,1.0,intermittent,L4 slip,0.6807135062034659,0.3805098080317298,1.7889512749345553
sensor_comm,9101,s_rl,1.0,delayed,intact,0.7381262894253602,0.8611192517056636,0.8571708134074522
sensor_comm,9101,s_rl,1.0,delayed,L4 failure,1.4038996365218757,1.4266757809551418,0.9840355147698535
sensor_comm,9101,s_rl,1.0,delayed,L4 slip,0.6807135062034659,0.7637912656439279,0.8912297597820502
sensor_comm,9101,s_rl,1.0,noisy,intact,0.7381262894253602,0.7503314904563995,0.9837335881723219
sensor_comm,9101,s_rl,1.0,noisy,L4 failure,1.4038996365218757,1.5049016787774065,0.9328846238396215
sensor_comm,9101,s_rl,1.0,noisy,L4 slip,0.6807135062034659,0.7004416949107675,0.9718346454092588
sensor_comm,9101,s_rl,1.0,stuck,intact,0.7381262894253602,1.5555757113275388,0.4745036092106621
sensor_comm,9101,s_rl,1.0,stuck,L4 failure,1.4038996365218757,1.8280966151220277,0.7679570242124012
sensor_comm,9101,s_rl,1.0,stuck,L4 slip,0.6807135062034659,1.3624561682493008,0.499622315981111
sensor_comm,9101,sine,0.0,dropout,intact,0.365487222510093,0.365487222510093,1.0
sensor_comm,9101,sine,0.0,dropout,L4 failure,1.584237145945421,1.584237145945421,1.0
sensor_comm,9101,sine,0.0,dropout,L4 slip,0.5761881187734048,0.5761881187734048,1.0
sensor_comm,9101,sine,0.0,intermittent,intact,0.365487222510093,0.365487222510093,1.0
sensor_comm,9101,sine,0.0,intermittent,L4 failure,1.584237145945421,1.584237145945421,1.0
sensor_comm,9101,sine,0.0,intermittent,L4 slip,0.5761881187734048,0.5761881187734048,1.0
sensor_comm,9101,sine,0.0,delayed,intact,0.365487222510093,0.365487222510093,1.0
sensor_comm,9101,sine,0.0,delayed,L4 failure,1.584237145945421,1.584237145945421,1.0
sensor_comm,9101,sine,0.0,delayed,L4 slip,0.5761881187734048,0.5761881187734048,1.0
sensor_comm,9101,sine,0.0,noisy,intact,0.365487222510093,0.365487222510093,1.0
sensor_comm,9101,sine,0.0,noisy,L4 failure,1.584237145945421,1.584237145945421,1.0
sensor_comm,9101,sine,0.0,noisy,L4 slip,0.5761881187734048,0.5761881187734048,1.0
sensor_comm,9101,sine,0.0,stuck,intact,0.365487222510093,0.365487222510093,1.0
sensor_comm,9101,sine,0.0,stuck,L4 failure,1.584237145945421,1.584237145945421,1.0
sensor_comm,9101,sine,0.0,stuck,L4 slip,0.5761881187734048,0.5761881187734048,1.0
sensor_comm,9101,sine,0.025,dropout,intact,0.3788694621456977,0.3803859311829488,0.9960133408916175
sensor_comm,9101,sine,0.025,dropout,L4 failure,1.5469440140446291,1.5598523585248503,0.9917246370083201
sensor_comm,9101,sine,0.025,dropout,L4 slip,0.5683815831547939,0.5657410675800604,1.004667357075611
sensor_comm,9101,sine,0.025,intermittent,intact,0.3788694621456977,0.3698686525457435,1.0243351512435648
sensor_comm,9101,sine,0.025,intermittent,L4 failure,1.5469440140446291,1.57147114791976,0.9843922467761506
sensor_comm,9101,sine,0.025,intermittent,L4 slip,0.5683815831547939,0.573535962194607,0.9910129802147191
sensor_comm,9101,sine,0.025,delayed,intact,0.3788694621456977,0.3793781590108442,0.9986591298073858
sensor_comm,9101,sine,0.025,delayed,L4 failure,1.5469440140446291,1.5494833630318707,0.9983611640835737
sensor_comm,9101,sine,0.025,delayed,L4 slip,0.5683815831547939,0.5691729346017048,0.9986096467368663
sensor_comm,9101,sine,0.025,noisy,intact,0.3788694621456977,0.38017002538830297,0.9965789958288351
sensor_comm,9101,sine,0.025,noisy,L4 failure,1.5469440140446291,1.5453161458406979,1.0010534208215662
sensor_comm,9101,sine,0.025,noisy,L4 slip,0.5683815831547939,0.5688215326016108,0.9992265597879098
sensor_comm,9101,sine,0.025,stuck,intact,0.3788694621456977,0.38756651599393066,0.9775598420159467
sensor_comm,9101,sine,0.025,stuck,L4 failure,1.5469440140446291,1.551096009920692,0.9973231857670273
sensor_comm,9101,sine,0.025,stuck,L4 slip,0.5683815831547939,0.5697577479323884,0.9975846492959709
sensor_comm,9101,sine,0.05,dropout,intact,0.3915382704583032,0.399990086424251,0.9788699363989153
sensor_comm,9101,sine,0.05,dropout,L4 failure,1.5203057977233323,1.5391486789968007,0.9877575951364556
sensor_comm,9101,sine,0.05,dropout,L4 slip,0.5663124550116481,0.5621552693654527,1.0073950843703519
sensor_comm,9101,sine,0.05,intermittent,intact,0.3915382704583032,0.37438777167232173,1.045809452347691
sensor_comm,9101,sine,0.05,intermittent,L4 failure,1.5203057977233323,1.5600555061971082,0.9745203242346984
sensor_comm,9101,sine,0.05,intermittent,L4 slip,0.5663124550116481,0.5718100501293598,0.9903856269814285
sensor_comm,9101,sine,0.05,delayed,intact,0.3915382704583032,0.3931812836014707,0.9958212325670291
sensor_comm,9101,sine,0.05,delayed,L4 failure,1.5203057977233323,1.5235375423724875,0.9978787889636623
sensor_comm,9101,sine,0.05,delayed,L4 slip,0.5663124550116481,0.5675438206516652,0.9978303602379051
sensor_comm,9101,sine,0.05,noisy,intact,0.3915382704583032,0.39472861999573977,0.9919176128210034
sensor_comm,9101,sine,0.05,noisy,L4 failure,1.5203057977233323,1.5181541502095772,1.0014172786824433
sensor_comm,9101,sine,0.05,noisy,L4 slip,0.5663124550116481,0.5681282646758643,0.9968038737427503
sensor_comm,9101,sine,0.05,stuck,intact,0.3915382704583032,0.4123695775558476,0.9494838896190804
sensor_comm,9101,sine,0.05,stuck,L4 failure,1.5203057977233323,1.525009909126105,0.9969153568284234
sensor_comm,9101,sine,0.05,stuck,L4 slip,0.5663124550116481,0.5722912043260742,0.9895529596309861
sensor_comm,9101,sine,0.1,dropout,intact,0.40923305420947964,0.4460914968776549,0.9173747024407325
sensor_comm,9101,sine,0.1,dropout,L4 failure,1.4883720159512337,1.5071212014349222,0.9875596033909964
sensor_comm,9101,sine,0.1,dropout,L4 slip,0.5676352770541078,0.5701115258265427,0.9956565537438576
sensor_comm,9101,sine,0.1,intermittent,intact,0.40923305420947964,0.3833950031066129,1.0673927695809895
sensor_comm,9101,sine,0.1,intermittent,L4 failure,1.4883720159512337,1.5408613606312276,0.9659350633216663
sensor_comm,9101,sine,0.1,intermittent,L4 slip,0.5676352770541078,0.5704828377157517,0.995008507752756
sensor_comm,9101,sine,0.1,delayed,intact,0.40923305420947964,0.4151582376610147,0.9857278914061364
sensor_comm,9101,sine,0.1,delayed,L4 failure,1.4883720159512337,1.4903829977484961,0.9986506946199062
sensor_comm,9101,sine,0.1,delayed,L4 slip,0.5676352770541078,0.5703903960722986,0.9951697661160452
sensor_comm,9101,sine,0.1,noisy,intact,0.40923305420947964,0.41587386145151595,0.9840316791758491
sensor_comm,9101,sine,0.1,noisy,L4 failure,1.4883720159512337,1.4874522936297976,1.0006183205507666
sensor_comm,9101,sine,0.1,noisy,L4 slip,0.5676352770541078,0.5730427279991529,0.9905636164969305
sensor_comm,9101,sine,0.1,stuck,intact,0.40923305420947964,0.4598986887808856,0.8898330527844903
sensor_comm,9101,sine,0.1,stuck,L4 failure,1.4883720159512337,1.489288583085623,0.9993845604238163
sensor_comm,9101,sine,0.1,stuck,L4 slip,0.5676352770541078,0.590703711463186,0.9609475377225289
sensor_comm,9101,sine,0.2,dropout,intact,0.40813374095163546,0.538232959202481,0.758284556851334
sensor_comm,9101,sine,0.2,dropout,L4 failure,1.4673278115265478,1.4705837070558654,0.9977859842226622
sensor_comm,9101,sine,0.2,dropout,L4 slip,0.5620534407329079,0.6149469360962578,0.913986895033378
sensor_comm,9101,sine,0.2,intermittent,intact,0.40813374095163546,0.3992817128710572,1.0221698810519702
sensor_comm,9101,sine,0.2,intermittent,L4 failure,1.4673278115265478,1.5140807025081768,0.9691212688305322
sensor_comm,9101,sine,0.2,intermittent,L4 slip,0.5620534407329079,0.5727720369488333,0.98128645338026
sensor_comm,9101,sine,0.2,delayed,intact,0.40813374095163546,0.42623053961838486,0.9575422289473863
sensor_comm,9101,sine,0.2,delayed,L4 failure,1.4673278115265478,1.4649195570500129,1.0016439499800143
sensor_comm,9101,sine,0.2,delayed,L4 slip,0.5620534407329079,0.5699017453359659,0.9862286707010672
sensor_comm,9101,sine,0.2,noisy,intact,0.40813374095163546,0.415829503202651,0.9814929864481861
sensor_comm,9101,sine,0.2,noisy,L4 failure,1.4673278115265478,1.4732093047536605,0.9960077001902345
sensor_comm,9101,sine,0.2,noisy,L4 slip,0.5620534407329079,0.5735317176618107,0.9799866745370287
sensor_comm,9101,sine,0.2,stuck,intact,0.40813374095163546,0.5200767212327795,0.7847567950824705
sensor_comm,9101,sine,0.2,stuck,L4 failure,1.4673278115265478,1.4580956321853065,1.0063316692934638
sensor_comm,9101,sine,0.2,stuck,L4 slip,0.5620534407329079,0.6287406073854679,0.8939353274319762
sensor_comm,9101,sine,0.4,dropout,intact,0.31842314403447664,0.6573087646304604,0.48443465410581343
sensor_comm,9101,sine,0.4,dropout,L4 failure,1.473760915444386,1.4530483536428442,1.0142545578401536
sensor_comm,9101,sine,0.4,dropout,L4 slip,0.5127263884479272,0.7005870990399057,0.7318524551059741
sensor_comm,9101,sine,0.4,intermittent,intact,0.31842314403447664,0.4156476432767796,0.7660891362794009
sensor_comm,9101,sine,0.4,intermittent,L4 failure,1.473760915444386,1.4901808579511067,0.9889812418277223
sensor_comm,9101,sine,0.4,intermittent,L4 slip,0.5127263884479272,0.5807960602996245,0.8827993567714955
sensor_comm,9101,sine,0.4,delayed,intact,0.31842314403447664,0.34639157466347437,0.9192577629632893
sensor_comm,9101,sine,0.4,delayed,L4 failure,1.473760915444386,1.4669241335181433,1.00466062407048
sensor_comm,9101,sine,0.4,delayed,L4 slip,0.5127263884479272,0.5182635596652512,0.9893159163632873
sensor_comm,9101,sine,0.4,noisy,intact,0.31842314403447664,0.3109677462472318,1.023974826576765
sensor_comm,9101,sine,0.4,noisy,L4 failure,1.473760915444386,1.5002187790460382,0.9823639965242428
sensor_comm,9101,sine,0.4,noisy,L4 slip,0.5127263884479272,0.5392561303665422,0.9508030777497471
sensor_comm,9101,sine,0.4,stuck,intact,0.31842314403447664,0.49060571993808644,0.649040830740133
sensor_comm,9101,sine,0.4,stuck,L4 failure,1.473760915444386,1.4521665241188184,1.014870464899796
sensor_comm,9101,sine,0.4,stuck,L4 slip,0.5127263884479272,0.6096855956931321,0.8409685124101135
sensor_comm,9101,sine,1.0,dropout,intact,0.21696397157500996,0.6429604666036792,0.33744527516766676
sensor_comm,9101,sine,1.0,dropout,L4 failure,1.5184547161452568,1.4786520269234358,1.0269182258550964
sensor_comm,9101,sine,1.0,dropout,L4 slip,0.48491914625733584,0.7009736645002114,0.6917794074376237
sensor_comm,9101,sine,1.0,intermittent,intact,0.21696397157500996,0.3535132628061475,0.6137364404740433
sensor_comm,9101,sine,1.0,intermittent,L4 failure,1.5184547161452568,1.4981453747408633,1.0135563222013126
sensor_comm,9101,sine,1.0,intermittent,L4 slip,0.48491914625733584,0.5653558807762573,0.8577237148245836
sensor_comm,9101,sine,1.0,delayed,intact,0.21696397157500996,0.2088311600225079,1.0389444350719763
sensor_comm,9101,sine,1.0,delayed,L4 failure,1.5184547161452568,1.519535677470182,0.9992886239257476
sensor_comm,9101,sine,1.0,delayed,L4 slip,0.48491914625733584,0.4672256389901591,1.0378692986656697
sensor_comm,9101,sine,1.0,noisy,intact,0.21696397157500996,0.2814803708766494,0.770796098141025
sensor_comm,9101,sine,1.0,noisy,L4 failure,1.5184547161452568,1.6241345255767285,0.9349316157207206
sensor_comm,9101,sine,1.0,noisy,L4 slip,0.48491914625733584,0.6346303331390748,0.7640970198489854
sensor_comm,9101,sine,1.0,stuck,intact,0.21696397157500996,0.2614728277261957,0.8297763613212089
sensor_comm,9101,sine,1.0,stuck,L4 failure,1.5184547161452568,1.5291715809154944,0.9929917185854177
sensor_comm,9101,sine,1.0,stuck,L4 slip,0.48491914625733584,0.4520304034149986,1.0727578114079703
sensor_comm,9101,chirp,0.0,dropout,intact,0.4651532138498398,0.4651532138498398,1.0
sensor_comm,9101,chirp,0.0,dropout,L4 failure,1.62827464464402,1.62827464464402,1.0
sensor_comm,9101,chirp,0.0,dropout,L4 slip,0.731230847836108,0.731230847836108,1.0
sensor_comm,9101,chirp,0.0,intermittent,intact,0.4651532138498398,0.4651532138498398,1.0
sensor_comm,9101,chirp,0.0,intermittent,L4 failure,1.62827464464402,1.62827464464402,1.0
sensor_comm,9101,chirp,0.0,intermittent,L4 slip,0.731230847836108,0.731230847836108,1.0
sensor_comm,9101,chirp,0.0,delayed,intact,0.4651532138498398,0.4651532138498398,1.0
sensor_comm,9101,chirp,0.0,delayed,L4 failure,1.62827464464402,1.62827464464402,1.0
sensor_comm,9101,chirp,0.0,delayed,L4 slip,0.731230847836108,0.731230847836108,1.0
sensor_comm,9101,chirp,0.0,noisy,intact,0.4651532138498398,0.4651532138498398,1.0
sensor_comm,9101,chirp,0.0,noisy,L4 failure,1.62827464464402,1.62827464464402,1.0
sensor_comm,9101,chirp,0.0,noisy,L4 slip,0.731230847836108,0.731230847836108,1.0
sensor_comm,9101,chirp,0.0,stuck,intact,0.4651532138498398,0.4651532138498398,1.0
sensor_comm,9101,chirp,0.0,stuck,L4 failure,1.62827464464402,1.62827464464402,1.0
sensor_comm,9101,chirp,0.0,stuck,L4 slip,0.731230847836108,0.731230847836108,1.0
sensor_comm,9101,chirp,0.025,dropout,intact,0.4710786851748928,0.46440685294078926,1.0143663518138355
sensor_comm,9101,chirp,0.025,dropout,L4 failure,1.5835110862357376,1.602523995656639,0.9881356475956474
sensor_comm,9101,chirp,0.025,dropout,L4 slip,0.7136181021155896,0.7124772457766353,1.0016012530164535
sensor_comm,9101,chirp,0.025,intermittent,intact,0.4710786851748928,0.46618008470527367,1.0105079573974425
sensor_comm,9101,chirp,0.025,intermittent,L4 failure,1.5835110862357376,1.6125966658042699,0.981963512522813
sensor_comm,9101,chirp,0.025,intermittent,L4 slip,0.7136181021155896,0.7244971544147276,0.9849839958199332
sensor_comm,9101,chirp,0.025,delayed,intact,0.4710786851748928,0.4718266320408073,0.9984147845519458
sensor_comm,9101,chirp,0.025,delayed,L4 failure,1.5835110862357376,1.5872902101314363,0.99761913488058
sensor_comm,9101,chirp,0.025,delayed,L4 slip,0.7136181021155896,0.7154919276796218,0.9973810667995807
sensor_comm,9101,chirp,0.025,noisy,intact,0.4710786851748928,0.47056407644704973,1.0010935996893953
sensor_comm,9101,chirp,0.025,noisy,L4 failure,1.5835110862357376,1.5814744422369338,1.0012878134128573
sensor_comm,9101,chirp,0.025,noisy,L4 slip,0.7136181021155896,0.7131162773163486,1.000703706836043
sensor_comm,9101,chirp,0.025,stuck,intact,0.4710786851748928,0.47734702509428806,0.9868683796276785
sensor_comm,9101,chirp,0.025,stuck,L4 failure,1.5835110862357376,1.5876834551013062,0.997372039840711
sensor_comm,9101,chirp,0.025,stuck,L4 slip,0.7136181021155896,0.7140960083756499,0.9993307534918906
sensor_comm,9101,chirp,0.05,dropout,intact,0.4827537158358723,0.4698154607847097,1.0275390150625363
sensor_comm,9101,chirp,0.05,dropout,L4 failure,1.5511199769275024,1.580004886057489,0.9817184684776123
sensor_comm,9101,chirp,0.05,dropout,L4 slip,0.7064395577047836,0.6992899863620965,1.0102240436473018
sensor_comm,9101,chirp,0.05,intermittent,intact,0.4827537158358723,0.46827596050794984,1.0309171440537286
sensor_comm,9101,chirp,0.05,intermittent,L4 failure,1.5511199769275024,1.5984943398353393,0.9703631337770536
sensor_comm,9101,chirp,0.05,intermittent,L4 slip,0.7064395577047836,0.7192428656325708,0.982198908686391
sensor_comm,9101,chirp,0.05,delayed,intact,0.4827537158358723,0.48410314064839516,0.9972125262176249
sensor_comm,9101,chirp,0.05,delayed,L4 failure,1.5511199769275024,1.5563845688254379,0.9966174221953971
sensor_comm,9101,chirp,0.05,delayed,L4 slip,0.7064395577047836,0.7090246133257712,0.9963540678667528
sensor_comm,9101,chirp,0.05,noisy,intact,0.4827537158358723,0.48301264216345874,0.9994639346779275
sensor_comm,9101,chirp,0.05,noisy,L4 failure,1.5511199769275024,1.548378620092791,1.0017704693148934
sensor_comm,9101,chirp,0.05,noisy,L4 slip,0.7064395577047836,0.7067236595733271,0.9995980014752655
sensor_comm,9101,chirp,0.05,stuck,intact,0.4827537158358723,0.5005583071981109,0.9644305346525957
sensor_comm,9101,chirp,0.05,stuck,L4 failure,1.5511199769275024,1.5553540593450734,0.9972777372508007
sensor_comm,9101,chirp,0.05,stuck,L4 slip,0.7064395577047836,0.7103346792714736,0.9945164980953979
sensor_comm,9101,chirp,0.1,dropout,intact,0.5092852467717497,0.49354509545066805,1.031892022565251
sensor_comm,9101,chirp,0.1,dropout,L4 failure,1.5117753511074805,1.5434780747810737,0.9794602047210228
sensor_comm,9101,chirp,0.1,dropout,L4 slip,0.70843474194486,0.6872193174779436,1.030871402952955
sensor_comm,9101,chirp,0.1,intermittent,intact,0.5092852467717497,0.4748095642050785,1.072609494765317
sensor_comm,9101,chirp,0.1,intermittent,L4 failure,1.5117753511074805,1.5745241481252172,0.9601474533798344
sensor_comm,9101,chirp,0.1,intermittent,L4 slip,0.70843474194486,0.7125220412973625,0.9942636169611534
sensor_comm,9101,chirp,0.1,delayed,intact,0.5092852467717497,0.5133361952405024,0.9921085859397566
sensor_comm,9101,chirp,0.1,delayed,L4 failure,1.5117753511074805,1.5166169013681645,0.996807664311062
sensor_comm,9101,chirp,0.1,delayed,L4 slip,0.70843474194486,0.7120930397370555,0.9948626126249649
sensor_comm,9101,chirp,0.1,noisy,intact,0.5092852467717497,0.5115489172749487,0.9955748699161407
sensor_comm,9101,chirp,0.1,noisy,L4 failure,1.5117753511074805,1.510175191633774,1.001059585326637
sensor_comm,9101,chirp,0.1,noisy,L4 slip,0.70843474194486,0.7117759934332791,0.995305754170912
sensor_comm,9101,chirp,0.1,stuck,intact,0.5092852467717497,0.5611202096063698,0.9076223562309711
sensor_comm,9101,chirp,0.1,stuck,L4 failure,1.5117753511074805,1.5111448476944753,1.000417235590597
sensor_comm,9101,chirp,0.1,stuck,L4 slip,0.70843474194486,0.7306489658113386,0.9695965848089428
sensor_comm,9101,chirp,0.2,dropout,intact,0.5413099694105913,0.5633871625869564,0.9608134607203486
sensor_comm,9101,chirp,0.2,dropout,L4 failure,1.4846627032585613,1.496971224046066,0.9917777171733223
sensor_comm,9101,chirp,0.2,dropout,L4 slip,0.7238909427704474,0.7021127408650686,1.0310180981455286
sensor_comm,9101,chirp,0.2,intermittent,intact,0.5413099694105913,0.4926229583674395,1.0988322006032794
sensor_comm,9101,chirp,0.2,intermittent,L4 failure,1.4846627032585613,1.540464241893012,0.9637761545403492
sensor_comm,9101,chirp,0.2,intermittent,L4 slip,0.7238909427704474,0.7100916074589392,1.0194331761797455
sensor_comm,9101,chirp,0.2,delayed,intact,0.5413099694105913,0.5561281430981193,0.9733547494917667
sensor_comm,9101,chirp,0.2,delayed,L4 failure,1.4846627032585613,1.4857940007507922,0.9992385906177712
sensor_comm,9101,chirp,0.2,delayed,L4 slip,0.7238909427704474,0.7332907702802531,0.9871813093921621
sensor_comm,9101,chirp,0.2,noisy,intact,0.5413099694105913,0.5425159858359893,0.9977769937533922
sensor_comm,9101,chirp,0.2,noisy,L4 failure,1.4846627032585613,1.4894470677768497,0.9967878250783162
sensor_comm,9101,chirp,0.2,noisy,L4 slip,0.7238909427704474,0.7325797093641478,0.9881394932419819
sensor_comm,9101,chirp,0.2,stuck,intact,0.5413099694105913,0.6788195541592807,0.797428368251714
sensor_comm,9101,chirp,0.2,stuck,L4 failure,1.4846627032585613,1.4772049574223547,1.0050485518605488
sensor_comm,9101,chirp,0.2,stuck,L4 slip,0.7238909427704474,0.8128637554779294,0.8905440030904443
sensor_comm,9101,chirp,0.4,dropout,intact,0.5155698054634942,0.6924218327909427,0.7445891811143338
sensor_comm,9101,chirp,0.4,dropout,L4 failure,1.4844075858481833,1.4647223231945719,1.0134395866997354
sensor_comm,9101,chirp,0.4,dropout,L4 slip,0.7116486711219361,0.7810594884670043,0.9111324830310918
sensor_comm,9101,chirp,0.4,intermittent,intact,0.5155698054634942,0.5268523085027367,0.9785850743042082
sensor_comm,9101,chirp,0.4,intermittent,L4 failure,1.4844075858481833,1.5084112997961707,0.9840867580670929
sensor_comm,9101,chirp,0.4,intermittent,L4 slip,0.7116486711219361,0.7250849674052313,0.9814693492662274
sensor_comm,9101,chirp,0.4,delayed,intact,0.5155698054634942,0.5480729998302812,0.9406955015538949
sensor_comm,9101,chirp,0.4,delayed,L4 failure,1.4844075858481833,1.4815840922241401,1.0019057262013422
sensor_comm,9101,chirp,0.4,delayed,L4 slip,0.7116486711219361,0.7307411311876572,0.9738724710422547
sensor_comm,9101,chirp,0.4,noisy,intact,0.5155698054634942,0.5011012968531093,1.0288734208058257
sensor_comm,9101,chirp,0.4,noisy,L4 failure,1.4844075858481833,1.5068779871688924,0.9850881083192898
sensor_comm,9101,chirp,0.4,noisy,L4 slip,0.7116486711219361,0.7304663585898845,0.9742388034073538
sensor_comm,9101,chirp,0.4,stuck,intact,0.5155698054634942,0.8038503856306598,0.6413753288915879
sensor_comm,9101,chirp,0.4,stuck,L4 failure,1.4844075858481833,1.4866800480911944,0.9984714517115308
sensor_comm,9101,chirp,0.4,stuck,L4 slip,0.7116486711219361,0.932653179247656,0.7630367718212275
sensor_comm,9101,chirp,1.0,dropout,intact,0.34938271749227434,0.8167020214640548,0.4277970524255052
sensor_comm,9101,chirp,1.0,dropout,L4 failure,1.509570797821299,1.4743201338919305,1.0239097758478775
sensor_comm,9101,chirp,1.0,dropout,L4 slip,0.6224032386629783,0.8897272746179163,0.6995438449723401
sensor_comm,9101,chirp,1.0,intermittent,intact,0.34938271749227434,0.5366962831180689,0.6509877718221739
sensor_comm,9101,chirp,1.0,intermittent,L4 failure,1.509570797821299,1.5047259378510776,1.0032197623822054
sensor_comm,9101,chirp,1.0,intermittent,L4 slip,0.6224032386629783,0.7551300866862742,0.8242331349744796
sensor_comm,9101,chirp,1.0,delayed,intact,0.34938271749227434,0.3483829698291358,1.0028696800639505
sensor_comm,9101,chirp,1.0,delayed,L4 failure,1.509570797821299,1.508428444177031,1.0007573137782424
sensor_comm,9101,chirp,1.0,delayed,L4 slip,0.6224032386629783,0.6172182104444428,1.0084006403744987
sensor_comm,9101,chirp,1.0,noisy,intact,0.34938271749227434,0.3824690895264869,0.9134926901539288
sensor_comm,9101,chirp,1.0,noisy,L4 failure,1.509570797821299,1.605576493105552,0.9402048449908755
sensor_comm,9101,chirp,1.0,noisy,L4 slip,0.6224032386629783,0.7622224167879772,0.8165638073015484
sensor_comm,9101,chirp,1.0,stuck,intact,0.34938271749227434,0.6867120035299243,0.5087761910325331
sensor_comm,9101,chirp,1.0,stuck,L4 failure,1.509570797821299,1.4972725913920601,1.0082137391013115
sensor_comm,9101,chirp,1.0,stuck,L4 slip,0.6224032386629783,0.8624207712609777,0.721693237690622
sensor_comm,9102,straight,0.0,dropout,intact,0.9893437942001752,0.9893437942001752,1.0
sensor_comm,9102,straight,0.0,dropout,L4 failure,1.877814504009465,1.877814504009465,1.0
sensor_comm,9102,straight,0.0,dropout,L4 slip,1.0653604552180087,1.0653604552180087,1.0
sensor_comm,9102,straight,0.0,intermittent,intact,0.9893437942001752,0.9893437942001752,1.0
sensor_comm,9102,straight,0.0,intermittent,L4 failure,1.877814504009465,1.877814504009465,1.0
sensor_comm,9102,straight,0.0,intermittent,L4 slip,1.0653604552180087,1.0653604552180087,1.0
sensor_comm,9102,straight,0.0,delayed,intact,0.9893437942001752,0.9893437942001752,1.0
sensor_comm,9102,straight,0.0,delayed,L4 failure,1.877814504009465,1.877814504009465,1.0
sensor_comm,9102,straight,0.0,delayed,L4 slip,1.0653604552180087,1.0653604552180087,1.0
sensor_comm,9102,straight,0.0,noisy,intact,0.9893437942001752,0.9893437942001752,1.0
sensor_comm,9102,straight,0.0,noisy,L4 failure,1.877814504009465,1.877814504009465,1.0
sensor_comm,9102,straight,0.0,noisy,L4 slip,1.0653604552180087,1.0653604552180087,1.0
sensor_comm,9102,straight,0.0,stuck,intact,0.9893437942001752,0.9893437942001752,1.0
sensor_comm,9102,straight,0.0,stuck,L4 failure,1.877814504009465,1.877814504009465,1.0
sensor_comm,9102,straight,0.0,stuck,L4 slip,1.0653604552180087,1.0653604552180087,1.0
sensor_comm,9102,straight,0.025,dropout,intact,0.8968653722851586,0.9213275130112102,0.9734490282981988
sensor_comm,9102,straight,0.025,dropout,L4 failure,1.8931041070070431,1.8964410191405563,0.9982404345298197
sensor_comm,9102,straight,0.025,dropout,L4 slip,1.0441977408089518,1.0466561087862343,0.9976512170935176
sensor_comm,9102,straight,0.025,intermittent,intact,0.8968653722851586,0.9542467530269658,0.9398673555243571
sensor_comm,9102,straight,0.025,intermittent,L4 failure,1.8931041070070431,1.8831170886039423,1.0053034505732752
sensor_comm,9102,straight,0.025,intermittent,L4 slip,1.0441977408089518,1.0562515405165587,0.9885881352639618
sensor_comm,9102,straight,0.025,delayed,intact,0.8968653722851586,0.9017753092840219,0.99455525456473
sensor_comm,9102,straight,0.025,delayed,L4 failure,1.8931041070070431,1.8931584960152381,0.9999712707582015
sensor_comm,9102,straight,0.025,delayed,L4 slip,1.0441977408089518,1.0449060270433115,0.9993221531735597
sensor_comm,9102,straight,0.025,noisy,intact,0.8968653722851586,0.9012452929330699,0.995140145882308
sensor_comm,9102,straight,0.025,noisy,L4 failure,1.8931041070070431,1.8911874614252748,1.0010134614472983
sensor_comm,9102,straight,0.025,noisy,L4 slip,1.0441977408089518,1.0464665184355435,0.9978319634822301
sensor_comm,9102,straight,0.025,stuck,intact,0.8968653722851586,0.8991457031495406,0.9974638917181116
sensor_comm,9102,straight,0.025,stuck,L4 failure,1.8931041070070431,1.8971769205622202,0.9978532241716443
sensor_comm,9102,straight,0.025,stuck,L4 slip,1.0441977408089518,1.0433114567356991,1.0008494913647605
sensor_comm,9102,straight,0.05,dropout,intact,0.8382986771758679,0.8698478148844524,0.9637302788272506
sensor_comm,9102,straight,0.05,dropout,L4 failure,1.9061566093395386,1.9152437382246394,0.995255366873814
sensor_comm,9102,straight,0.05,dropout,L4 slip,1.0365476146158374,1.037737271096907,0.9988536053255443
sensor_comm,9102,straight,0.05,intermittent,intact,0.8382986771758679,0.9235971292510914,0.9076453906430083
sensor_comm,9102,straight,0.05,intermittent,L4 failure,1.9061566093395386,1.888279303195778,1.009467511566485
sensor_comm,9102,straight,0.05,intermittent,L4 slip,1.0365476146158374,1.0492679608000763,0.9878769326240177
sensor_comm,9102,straight,0.05,delayed,intact,0.8382986771758679,0.8435324510545344,0.9937954089707829
sensor_comm,9102,straight,0.05,delayed,L4 failure,1.9061566093395386,1.9068201814630057,0.9996520006815965
sensor_comm,9102,straight,0.05,delayed,L4 slip,1.0365476146158374,1.0369749072194376,0.9995879431598341
sensor_comm,9102,straight,0.05,noisy,intact,0.8382986771758679,0.8444120267988197,0.9927602290955903
sensor_comm,9102,straight,0.05,noisy,L4 failure,1.9061566093395386,1.902516222133326,1.0019134592198802
sensor_comm,9102,straight,0.05,noisy,L4 slip,1.0365476146158374,1.0401667578757816,0.9965206124570495
sensor_comm,9102,straight,0.05,stuck,intact,0.8382986771758679,0.838895750323244,0.9992882629967478
sensor_comm,9102,straight,0.05,stuck,L4 failure,1.9061566093395386,1.9151336980329616,0.9953125524851641
sensor_comm,9102,straight,0.05,stuck,L4 slip,1.0365476146158374,1.0360971902150398,1.00043473180417
sensor_comm,9102,straight,0.1,dropout,intact,0.7836791237803767,0.8059415345819776,0.972377139226175
sensor_comm,9102,straight,0.1,dropout,L4 failure,1.9261661933757086,1.9501374418429265,0.9877079184508326
sensor_comm,9102,straight,0.1,dropout,L4 slip,1.0377901062987667,1.0377698464620233,1.0000195224758288
sensor_comm,9102,straight,0.1,intermittent,intact,0.7836791237803767,0.8741955430370798,0.8964574688378802
sensor_comm,9102,straight,0.1,intermittent,L4 failure,1.9261661933757086,1.898138107697467,1.014766093976292
sensor_comm,9102,straight,0.1,intermittent,L4 slip,1.0377901062987667,1.0402184121920537,0.9976655807426348
sensor_comm,9102,straight,0.1,delayed,intact,0.7836791237803767,0.7857209238001721,0.9974013673838287
sensor_comm,9102,straight,0.1,delayed,L4 failure,1.9261661933757086,1.928858426610971,0.9986042349204485
sensor_comm,9102,straight,0.1,delayed,L4 slip,1.0377901062987667,1.0382077222393948,0.999597753000982
sensor_comm,9102,straight,0.1,noisy,intact,0.7836791237803767,0.7894324653276701,0.9927120535321469
sensor_comm,9102,straight,0.1,noisy,L4 failure,1.9261661933757086,1.920067693057853,1.003176190266575
sensor_comm,9102,straight,0.1,noisy,L4 slip,1.0377901062987667,1.0435865435134928,0.9944456573815038
sensor_comm,9102,straight,0.1,stuck,intact,0.7836791237803767,0.7814432064347488,1.0028612665990522
sensor_comm,9102,straight,0.1,stuck,L4 failure,1.9261661933757086,1.9428313541435749,0.99142222986451
sensor_comm,9102,straight,0.1,stuck,L4 slip,1.0377901062987667,1.042329030672872,0.9956454015569581
sensor_comm,9102,straight,0.2,dropout,intact,0.7660719963786884,0.7682762772572188,0.9971308747337614
sensor_comm,9102,straight,0.2,dropout,L4 failure,1.9484070051503615,2.0000046460287715,0.9742012394916868
sensor_comm,9102,straight,0.2,dropout,L4 slip,1.0495018408620769,1.0617619576618347,0.9884530457026767
sensor_comm,9102,straight,0.2,intermittent,intact,0.7660719963786884,0.8127816636740359,0.9425311010533817
sensor_comm,9102,straight,0.2,intermittent,L4 failure,1.9484070051503615,1.9160737385242839,1.0168747506820797
sensor_comm,9102,straight,0.2,intermittent,L4 slip,1.0495018408620769,1.0342770342617147,1.014720240415306
sensor_comm,9102,straight,0.2,delayed,intact,0.7660719963786884,0.7657892085501448,1.000369276330074
sensor_comm,9102,straight,0.2,delayed,L4 failure,1.9484070051503615,1.9556231996270668,0.9963100281904606
sensor_comm,9102,straight,0.2,delayed,L4 slip,1.0495018408620769,1.0526632609197193,0.9969967413369397
sensor_comm,9102,straight,0.2,noisy,intact,0.7660719963786884,0.7705866751424348,0.9941412447043521
sensor_comm,9102,straight,0.2,noisy,L4 failure,1.9484070051503615,1.941571224304005,1.0035207468882872
sensor_comm,9102,straight,0.2,noisy,L4 slip,1.0495018408620769,1.0619878154518594,0.9882428268873594
sensor_comm,9102,straight,0.2,stuck,intact,0.7660719963786884,0.7704174530376717,0.9943596077141689
sensor_comm,9102,straight,0.2,stuck,L4 failure,1.9484070051503615,1.9643993718546369,0.9918589025564711
sensor_comm,9102,straight,0.2,stuck,L4 slip,1.0495018408620769,1.064105097740277,0.9862764900673707
sensor_comm,9102,straight,0.4,dropout,intact,0.7734891280305923,0.7778705824872879,0.9943673734997336
sensor_comm,9102,straight,0.4,dropout,L4 failure,1.9629482236555933,2.026625915526693,0.968579454460124
sensor_comm,9102,straight,0.4,dropout,L4 slip,1.057753938812732,1.0886682303602975,0.9716035696776654
sensor_comm,9102,straight,0.4,intermittent,intact,0.7734891280305923,0.7722954186574686,1.001545664190523
sensor_comm,9102,straight,0.4,intermittent,L4 failure,1.9629482236555933,1.9455198397902902,1.0089582144107982
sensor_comm,9102,straight,0.4,intermittent,L4 slip,1.057753938812732,1.0390150818300083,1.0180352117215845
sensor_comm,9102,straight,0.4,delayed,intact,0.7734891280305923,0.7747582416504686,0.9983619230468944
sensor_comm,9102,straight,0.4,delayed,L4 failure,1.9629482236555933,1.9740465719162255,0.9943778690844872
sensor_comm,9102,straight,0.4,delayed,L4 slip,1.057753938812732,1.0645222949962563,0.993641884049457
sensor_comm,9102,straight,0.4,noisy,intact,0.7734891280305923,0.7876838551972932,0.9819791569002699
sensor_comm,9102,straight,0.4,noisy,L4 failure,1.9629482236555933,1.9646974535349329,0.9991096695950858
sensor_comm,9102,straight,0.4,noisy,L4 slip,1.057753938812732,1.093201588110554,0.9675744623102055
sensor_comm,9102,straight,0.4,stuck,intact,0.7734891280305923,0.7777196944031889,0.9945602941483396
sensor_comm,9102,straight,0.4,stuck,L4 failure,1.9629482236555933,1.950902666000769,1.0061743509118868
sensor_comm,9102,straight,0.4,stuck,L4 slip,1.057753938812732,1.0643585492349341,0.9937947504372943
sensor_comm,9102,straight,1.0,dropout,intact,0.7817748178648293,0.777964380699079,1.0048979583902367
sensor_comm,9102,straight,1.0,dropout,L4 failure,1.9624598975310252,1.9579959404200236,1.0022798602483538
sensor_comm,9102,straight,1.0,dropout,L4 slip,1.055730212052393,1.0629308144813598,0.9932257092081009
sensor_comm,9102,straight,1.0,intermittent,intact,0.7817748178648293,0.7780931728247125,1.0047316249116431
sensor_comm,9102,straight,1.0,intermittent,L4 failure,1.9624598975310252,1.9948823102689288,0.9837472052506533
sensor_comm,9102,straight,1.0,intermittent,L4 slip,1.055730212052393,1.0496579134752433,1.0057850262444508
sensor_comm,9102,straight,1.0,delayed,intact,0.7817748178648293,0.7840258420345508,0.9971288903387672
sensor_comm,9102,straight,1.0,delayed,L4 failure,1.9624598975310252,1.9650114412879198,0.9987015120099136
sensor_comm,9102,straight,1.0,delayed,L4 slip,1.055730212052393,1.0663250813229674,0.9900641282324246
sensor_comm,9102,straight,1.0,noisy,intact,0.7817748178648293,0.8950260482014627,0.8734659951358851
sensor_comm,9102,straight,1.0,noisy,L4 failure,1.9624598975310252,2.045727920114685,0.9592966289578764
sensor_comm,9102,straight,1.0,noisy,L4 slip,1.055730212052393,1.2280175565569031,0.8597028653339723
sensor_comm,9102,straight,1.0,stuck,intact,0.7817748178648293,0.7867337047142281,0.9936968674156396
sensor_comm,9102,straight,1.0,stuck,L4 failure,1.9624598975310252,1.9821648008024197,0.9900588975934708
sensor_comm,9102,straight,1.0,stuck,L4 slip,1.055730212052393,1.0631114084083428,0.9930569869746759
sensor_comm,9102,s_lr,0.0,dropout,intact,0.7334687760187459,0.7334687760187459,1.0
sensor_comm,9102,s_lr,0.0,dropout,L4 failure,2.0211369570099422,2.0211369570099422,1.0
sensor_comm,9102,s_lr,0.0,dropout,L4 slip,1.0869143634770273,1.0869143634770273,1.0
sensor_comm,9102,s_lr,0.0,intermittent,intact,0.7334687760187459,0.7334687760187459,1.0
sensor_comm,9102,s_lr,0.0,intermittent,L4 failure,2.0211369570099422,2.0211369570099422,1.0
sensor_comm,9102,s_lr,0.0,intermittent,L4 slip,1.0869143634770273,1.0869143634770273,1.0
sensor_comm,9102,s_lr,0.0,delayed,intact,0.7334687760187459,0.7334687760187459,1.0
sensor_comm,9102,s_lr,0.0,delayed,L4 failure,2.0211369570099422,2.0211369570099422,1.0
sensor_comm,9102,s_lr,0.0,delayed,L4 slip,1.0869143634770273,1.0869143634770273,1.0
sensor_comm,9102,s_lr,0.0,noisy,intact,0.7334687760187459,0.7334687760187459,1.0
sensor_comm,9102,s_lr,0.0,noisy,L4 failure,2.0211369570099422,2.0211369570099422,1.0
sensor_comm,9102,s_lr,0.0,noisy,L4 slip,1.0869143634770273,1.0869143634770273,1.0
sensor_comm,9102,s_lr,0.0,stuck,intact,0.7334687760187459,0.7334687760187459,1.0
sensor_comm,9102,s_lr,0.0,stuck,L4 failure,2.0211369570099422,2.0211369570099422,1.0
sensor_comm,9102,s_lr,0.0,stuck,L4 slip,1.0869143634770273,1.0869143634770273,1.0
sensor_comm,9102,s_lr,0.025,dropout,intact,0.7394698176157349,0.743154664679476,0.9950416148362194
sensor_comm,9102,s_lr,0.025,dropout,L4 failure,2.0098164995891445,2.0488864069651718,0.9809311500905031
sensor_comm,9102,s_lr,0.025,dropout,L4 slip,1.0895731922785683,1.113534578612612,0.9784816863398189
sensor_comm,9102,s_lr,0.025,intermittent,intact,0.7394698176157349,0.7351844556865246,1.005828961556605
sensor_comm,9102,s_lr,0.025,intermittent,L4 failure,2.0098164995891445,2.017336265254733,0.9962724282534826
sensor_comm,9102,s_lr,0.025,intermittent,L4 slip,1.0895731922785683,1.0864660659850038,1.002859846608046
sensor_comm,9102,s_lr,0.025,delayed,intact,0.7394698176157349,0.7389159092225488,1.000749623044074
sensor_comm,9102,s_lr,0.025,delayed,L4 failure,2.0098164995891445,2.01404649135232,0.9978997546574332
sensor_comm,9102,s_lr,0.025,delayed,L4 slip,1.0895731922785683,1.0915286262845216,0.9982085362134665
sensor_comm,9102,s_lr,0.025,noisy,intact,0.7394698176157349,0.738455090629977,1.0013741214579375
sensor_comm,9102,s_lr,0.025,noisy,L4 failure,2.0098164995891445,2.0065140327269533,1.0016458727964654
sensor_comm,9102,s_lr,0.025,noisy,L4 slip,1.0895731922785683,1.088368326561687,1.001107038570929
sensor_comm,9102,s_lr,0.025,stuck,intact,0.7394698176157349,0.741533593253404,0.9972168818021927
sensor_comm,9102,s_lr,0.025,stuck,L4 failure,2.0098164995891445,2.031017951392946,0.9895611696640787
sensor_comm,9102,s_lr,0.025,stuck,L4 slip,1.0895731922785683,1.103059225211947,0.9877739720360097
sensor_comm,9102,s_lr,0.05,dropout,intact,0.7458388345142026,0.7574383733259731,0.9846858315867522
sensor_comm,9102,s_lr,0.05,dropout,L4 failure,1.9973320415544578,2.072203006682053,0.9638689043080405
sensor_comm,9102,s_lr,0.05,dropout,L4 slip,1.08844155213249,1.137610795727518,0.956778501241645
sensor_comm,9102,s_lr,0.05,intermittent,intact,0.7458388345142026,0.7371371338455754,1.0118047243438018
sensor_comm,9102,s_lr,0.05,intermittent,L4 failure,1.9973320415544578,2.0133414536888643,0.9920483373026101
sensor_comm,9102,s_lr,0.05,intermittent,L4 slip,1.08844155213249,1.0855858973612764,1.0026305194072203
sensor_comm,9102,s_lr,0.05,delayed,intact,0.7458388345142026,0.7450900179552861,1.0010050014640801
sensor_comm,9102,s_lr,0.05,delayed,L4 failure,1.9973320415544578,2.005379693232919,0.9959869685997031
sensor_comm,9102,s_lr,0.05,delayed,L4 slip,1.08844155213249,1.092456006823357,0.996325293956193
sensor_comm,9102,s_lr,0.05,noisy,intact,0.7458388345142026,0.7436645020793597,1.002923808288231
sensor_comm,9102,s_lr,0.05,noisy,L4 failure,1.9973320415544578,1.9913091804637741,1.00302457355682
sensor_comm,9102,s_lr,0.05,noisy,L4 slip,1.08844155213249,1.0868162726609314,1.0014954500704882
sensor_comm,9102,s_lr,0.05,stuck,intact,0.7458388345142026,0.750933633792585,0.9932153800960397
sensor_comm,9102,s_lr,0.05,stuck,L4 failure,1.9973320415544578,2.03406045849074,0.9819433012509695
sensor_comm,9102,s_lr,0.05,stuck,L4 slip,1.08844155213249,1.112773872206804,0.9781336346206088
sensor_comm,9102,s_lr,0.1,dropout,intact,0.7577547725757812,0.7889587393262854,0.9604491778909121
sensor_comm,9102,s_lr,0.1,dropout,L4 failure,1.9772969423968925,2.106238304218077,0.9387812093422863
sensor_comm,9102,s_lr,0.1,dropout,L4 slip,1.0823473968867214,1.1758188202810238,0.9205052498037389
sensor_comm,9102,s_lr,0.1,intermittent,intact,0.7577547725757812,0.7414278272586913,1.022020950275708
sensor_comm,9102,s_lr,0.1,intermittent,L4 failure,1.9772969423968925,2.005174999958322,0.9860969453728432
sensor_comm,9102,s_lr,0.1,intermittent,L4 slip,1.0823473968867214,1.0828593889309097,0.999527185108776
sensor_comm,9102,s_lr,0.1,delayed,intact,0.7577547725757812,0.7567731965905984,1.0012970543745536
sensor_comm,9102,s_lr,0.1,delayed,L4 failure,1.9772969423968925,1.989778038617893,0.9937273927147825
sensor_comm,9102,s_lr,0.1,delayed,L4 slip,1.0823473968867214,1.0889766665304277,0.9939123859606398
sensor_comm,9102,s_lr,0.1,noisy,intact,0.7577547725757812,0.7540314388698934,1.0049379024719023
sensor_comm,9102,s_lr,0.1,noisy,L4 failure,1.9772969423968925,1.966944481661257,1.0052632195937183
sensor_comm,9102,s_lr,0.1,noisy,L4 slip,1.0823473968867214,1.0817276268717482,1.000572944611543
sensor_comm,9102,s_lr,0.1,stuck,intact,0.7577547725757812,0.7649540090702507,0.9905886675419615
sensor_comm,9102,s_lr,0.1,stuck,L4 failure,1.9772969423968925,2.0253280131828175,0.9762847941304856
sensor_comm,9102,s_lr,0.1,stuck,L4 slip,1.0823473968867214,1.1163066018577035,0.9695789625229585
sensor_comm,9102,s_lr,0.2,dropout,intact,0.7882221949398229,0.8331851810554021,0.9460348225845494
sensor_comm,9102,s_lr,0.2,dropout,L4 failure,1.9630875480037795,2.132703871610628,0.9204688818430505
sensor_comm,9102,s_lr,0.2,dropout,L4 slip,1.082899489978306,1.2127798335506905,0.892906906942763
sensor_comm,9102,s_lr,0.2,intermittent,intact,0.7882221949398229,0.7506268490638737,1.0500852666312634
sensor_comm,9102,s_lr,0.2,intermittent,L4 failure,1.9630875480037795,1.9908426834568516,0.9860585993641252
sensor_comm,9102,s_lr,0.2,intermittent,L4 slip,1.082899489978306,1.0756505030196828,1.0067391656846467
sensor_comm,9102,s_lr,0.2,delayed,intact,0.7882221949398229,0.785609985615876,1.0033250714371955
sensor_comm,9102,s_lr,0.2,delayed,L4 failure,1.9630875480037795,1.9776585076368438,0.9926322165445663
sensor_comm,9102,s_lr,0.2,delayed,L4 slip,1.082899489978306,1.0887950552080636,0.9945852387907557
sensor_comm,9102,s_lr,0.2,noisy,intact,0.7882221949398229,0.7828496090096232,1.0068628582915133
sensor_comm,9102,s_lr,0.2,noisy,L4 failure,1.9630875480037795,1.9501216948752798,1.0066487405183855
sensor_comm,9102,s_lr,0.2,noisy,L4 slip,1.082899489978306,1.0870811008171406,0.9961533589023934
sensor_comm,9102,s_lr,0.2,stuck,intact,0.7882221949398229,0.7800352672853282,1.0104955865431402
sensor_comm,9102,s_lr,0.2,stuck,L4 failure,1.9630875480037795,1.9852467122889952,0.9888380803514007
sensor_comm,9102,s_lr,0.2,stuck,L4 slip,1.082899489978306,1.0969407004118028,0.9871996631830458
sensor_comm,9102,s_lr,0.4,dropout,intact,0.8700122493324457,0.8398330645236743,1.0359347423715546
sensor_comm,9102,s_lr,0.4,dropout,L4 failure,1.9824925634492268,2.093351832555231,0.9470422184259943
sensor_comm,9102,s_lr,0.4,dropout,L4 slip,1.132290741013346,1.193289097764,0.9488821637062188
sensor_comm,9102,s_lr,0.4,intermittent,intact,0.8700122493324457,0.7729272704649339,1.1256068747698769
sensor_comm,9102,s_lr,0.4,intermittent,L4 failure,1.9824925634492268,1.9831002248505007,0.9996935800855351
sensor_comm,9102,s_lr,0.4,intermittent,L4 slip,1.132290741013346,1.066371786547657,1.0618161088817808
sensor_comm,9102,s_lr,0.4,delayed,intact,0.8700122493324457,0.877862009280874,0.9910580935665975
sensor_comm,9102,s_lr,0.4,delayed,L4 failure,1.9824925634492268,1.997785764874127,0.9923449242187068
sensor_comm,9102,s_lr,0.4,delayed,L4 slip,1.132290741013346,1.1440237483861477,0.9897440875774185
sensor_comm,9102,s_lr,0.4,noisy,intact,0.8700122493324457,0.8609261290313386,1.0105538907401153
sensor_comm,9102,s_lr,0.4,noisy,L4 failure,1.9824925634492268,1.9716693163175214,1.0054893825461158
sensor_comm,9102,s_lr,0.4,noisy,L4 slip,1.132290741013346,1.1476131488054102,0.986648455703027
sensor_comm,9102,s_lr,0.4,stuck,intact,0.8700122493324457,0.8994487146943511,0.9672727695520601
sensor_comm,9102,s_lr,0.4,stuck,L4 failure,1.9824925634492268,1.9811523538775362,1.000676479811897
sensor_comm,9102,s_lr,0.4,stuck,L4 slip,1.132290741013346,1.1429917695906084,0.9906377028584421
sensor_comm,9102,s_lr,1.0,dropout,intact,0.9509938177665266,0.8423928306165951,1.1289196479395964
sensor_comm,9102,s_lr,1.0,dropout,L4 failure,2.021700471379263,1.9444251881177745,1.039741967823556
sensor_comm,9102,s_lr,1.0,dropout,L4 slip,1.195607486710428,1.1168786047399248,1.070490097702996
sensor_comm,9102,s_lr,1.0,intermittent,intact,0.9509938177665266,0.8900821971352612,1.0684337028954294
sensor_comm,9102,s_lr,1.0,intermittent,L4 failure,2.021700471379263,2.0377696345927774,0.9921143376853165
sensor_comm,9102,s_lr,1.0,intermittent,L4 slip,1.195607486710428,1.1216483132412325,1.0659379349089158
sensor_comm,9102,s_lr,1.0,delayed,intact,0.9509938177665266,0.9795080205035186,0.9708892605878467
sensor_comm,9102,s_lr,1.0,delayed,L4 failure,2.021700471379263,2.034078394994503,0.9939147263715598
sensor_comm,9102,s_lr,1.0,delayed,L4 slip,1.195607486710428,1.2241325992328682,0.976697693909699
sensor_comm,9102,s_lr,1.0,noisy,intact,0.9509938177665266,1.0048895039174321,0.9463665547895563
sensor_comm,9102,s_lr,1.0,noisy,L4 failure,2.021700471379263,2.072584115777422,0.9754491776662716
sensor_comm,9102,s_lr,1.0,noisy,L4 slip,1.195607486710428,1.316160997302238,0.9084051944717167
sensor_comm,9102,s_lr,1.0,stuck,intact,0.9509938177665266,1.2728516457304668,0.7471364168451605
sensor_comm,9102,s_lr,1.0,stuck,L4 failure,2.021700471379263,2.238216389587884,0.903264081517834
sensor_comm,9102,s_lr,1.0,stuck,L4 slip,1.195607486710428,1.3913978789756984,0.8592851151897652
sensor_comm,9102,s_rl,0.0,dropout,intact,1.3911218119186788,1.3911218119186788,1.0
sensor_comm,9102,s_rl,0.0,dropout,L4 failure,1.8077658351959034,1.8077658351959034,1.0
sensor_comm,9102,s_rl,0.0,dropout,L4 slip,1.272693484854575,1.272693484854575,1.0
sensor_comm,9102,s_rl,0.0,intermittent,intact,1.3911218119186788,1.3911218119186788,1.0
sensor_comm,9102,s_rl,0.0,intermittent,L4 failure,1.8077658351959034,1.8077658351959034,1.0
sensor_comm,9102,s_rl,0.0,intermittent,L4 slip,1.272693484854575,1.272693484854575,1.0
sensor_comm,9102,s_rl,0.0,delayed,intact,1.3911218119186788,1.3911218119186788,1.0
sensor_comm,9102,s_rl,0.0,delayed,L4 failure,1.8077658351959034,1.8077658351959034,1.0
sensor_comm,9102,s_rl,0.0,delayed,L4 slip,1.272693484854575,1.272693484854575,1.0
sensor_comm,9102,s_rl,0.0,noisy,intact,1.3911218119186788,1.3911218119186788,1.0
sensor_comm,9102,s_rl,0.0,noisy,L4 failure,1.8077658351959034,1.8077658351959034,1.0
sensor_comm,9102,s_rl,0.0,noisy,L4 slip,1.272693484854575,1.272693484854575,1.0
sensor_comm,9102,s_rl,0.0,stuck,intact,1.3911218119186788,1.3911218119186788,1.0
sensor_comm,9102,s_rl,0.0,stuck,L4 failure,1.8077658351959034,1.8077658351959034,1.0
sensor_comm,9102,s_rl,0.0,stuck,L4 slip,1.272693484854575,1.272693484854575,1.0
sensor_comm,9102,s_rl,0.025,dropout,intact,1.1715756112096003,1.2637833373897582,0.9270383431620443
sensor_comm,9102,s_rl,0.025,dropout,L4 failure,1.8003424245047106,1.8000344190354063,1.000171110877685
sensor_comm,9102,s_rl,0.025,dropout,L4 slip,1.1386154662239074,1.1889444491769035,0.9576691888440723
sensor_comm,9102,s_rl,0.025,intermittent,intact,1.1715756112096003,1.31191706482285,0.8930256665026305
sensor_comm,9102,s_rl,0.025,intermittent,L4 failure,1.8003424245047106,1.8037229853196002,0.9981257871400411
sensor_comm,9102,s_rl,0.025,intermittent,L4 slip,1.1386154662239074,1.222702633307496,0.9312284403476527
sensor_comm,9102,s_rl,0.025,delayed,intact,1.1715756112096003,1.1880567793186392,0.9861276258879723
sensor_comm,9102,s_rl,0.025,delayed,L4 failure,1.8003424245047106,1.800301740426756,1.0000225984772668
sensor_comm,9102,s_rl,0.025,delayed,L4 slip,1.1386154662239074,1.1474126753967913,0.9923330033199768
sensor_comm,9102,s_rl,0.025,noisy,intact,1.1715756112096003,1.1783555978934213,0.9942462303434195
sensor_comm,9102,s_rl,0.025,noisy,L4 failure,1.8003424245047106,1.8004184875142442,0.9999577525947101
sensor_comm,9102,s_rl,0.025,noisy,L4 slip,1.1386154662239074,1.1430730366863506,0.9961003625145728
sensor_comm,9102,s_rl,0.025,stuck,intact,1.1715756112096003,1.1942197895704003,0.9810385168973411
sensor_comm,9102,s_rl,0.025,stuck,L4 failure,1.8003424245047106,1.7970521851323498,1.0018309091965065
sensor_comm,9102,s_rl,0.025,stuck,L4 slip,1.1386154662239074,1.1486584757619251,0.9912567488509968
sensor_comm,9102,s_rl,0.05,dropout,intact,1.0041808502628267,1.1543925314386627,0.8698781592179615
sensor_comm,9102,s_rl,0.05,dropout,L4 failure,1.8030994065462,1.7985211367418656,1.0025455746450822
sensor_comm,9102,s_rl,0.05,dropout,L4 slip,1.0532550505922653,1.1226945048783814,0.9381492881773406
sensor_comm,9102,s_rl,0.05,intermittent,intact,1.0041808502628267,1.2385335376559041,0.8107821223504191
sensor_comm,9102,s_rl,0.05,intermittent,L4 failure,1.8030994065462,1.8014665112277015,1.0009064255751197
sensor_comm,9102,s_rl,0.05,intermittent,L4 slip,1.0532550505922653,1.1788113476339332,0.8934890665129074
sensor_comm,9102,s_rl,0.05,delayed,intact,1.0041808502628267,1.0272484930379575,0.9775442427694284
sensor_comm,9102,s_rl,0.05,delayed,L4 failure,1.8030994065462,1.8025025241292567,1.0003311409603888
sensor_comm,9102,s_rl,0.05,delayed,L4 slip,1.0532550505922653,1.0636644636487567,0.9902136308843268
sensor_comm,9102,s_rl,0.05,noisy,intact,1.0041808502628267,1.0144691586738213,0.9898584315520798
sensor_comm,9102,s_rl,0.05,noisy,L4 failure,1.8030994065462,1.802617473784911,1.00026735165297
sensor_comm,9102,s_rl,0.05,noisy,L4 slip,1.0532550505922653,1.0604333230547875,0.9932308120591271
sensor_comm,9102,s_rl,0.05,stuck,intact,1.0041808502628267,1.035006057140799,0.9702173657194558
sensor_comm,9102,s_rl,0.05,stuck,L4 failure,1.8030994065462,1.7982294819123559,1.0027081775061686
sensor_comm,9102,s_rl,0.05,stuck,L4 slip,1.0532550505922653,1.0632521045248091,0.9905976636302904
sensor_comm,9102,s_rl,0.1,dropout,intact,0.808305562510062,0.9833819299899581,0.8219650350076253
sensor_comm,9102,s_rl,0.1,dropout,L4 failure,1.8202400191074388,1.8068914640356284,1.0073875799058771
sensor_comm,9102,s_rl,0.1,dropout,L4 slip,0.9786481406436304,1.0330241029942535,0.9473623488619358
sensor_comm,9102,s_rl,0.1,intermittent,intact,0.808305562510062,1.1092108978701507,0.7287212594666429
sensor_comm,9102,s_rl,0.1,intermittent,L4 failure,1.8202400191074388,1.8010450575437855,1.0106576798194216
sensor_comm,9102,s_rl,0.1,intermittent,L4 slip,0.9786481406436304,1.1081584990112128,0.8831301131714083
sensor_comm,9102,s_rl,0.1,delayed,intact,0.808305562510062,0.8269061360225187,0.9775058223634343
sensor_comm,9102,s_rl,0.1,delayed,L4 failure,1.8202400191074388,1.8195515791406158,1.0003783569395424
sensor_comm,9102,s_rl,0.1,delayed,L4 slip,0.9786481406436304,0.9853883900340191,0.9931598043385146
sensor_comm,9102,s_rl,0.1,noisy,intact,0.808305562510062,0.8199098597506553,0.9858468621854086
sensor_comm,9102,s_rl,0.1,noisy,L4 failure,1.8202400191074388,1.8184872738424018,1.0009638479687204
sensor_comm,9102,s_rl,0.1,noisy,L4 slip,0.9786481406436304,0.9891582612422536,0.9893746824846573
sensor_comm,9102,s_rl,0.1,stuck,intact,0.808305562510062,0.8281478740388643,0.9760401346778426
sensor_comm,9102,s_rl,0.1,stuck,L4 failure,1.8202400191074388,1.818007130666804,1.001228206646151
sensor_comm,9102,s_rl,0.1,stuck,L4 slip,0.9786481406436304,0.9819685222132388,0.9966186476506144
sensor_comm,9102,s_rl,0.2,dropout,intact,0.7272943554540647,0.790489532900636,0.9200556429701456
sensor_comm,9102,s_rl,0.2,dropout,L4 failure,1.8554340188524592,1.8393913489478713,1.0087217273875755
sensor_comm,9102,s_rl,0.2,dropout,L4 slip,0.9715007060547889,0.961975899986086,1.0099012938565723
sensor_comm,9102,s_rl,0.2,intermittent,intact,0.7272943554540647,0.9190826039331107,0.7913264295741104
sensor_comm,9102,s_rl,0.2,intermittent,L4 failure,1.8554340188524592,1.8102665769201032,1.0249507130652555
sensor_comm,9102,s_rl,0.2,intermittent,L4 slip,0.9715007060547889,1.02384602575698,0.9488738361185809
sensor_comm,9102,s_rl,0.2,delayed,intact,0.7272943554540647,0.7356643082335891,0.988622592280409
sensor_comm,9102,s_rl,0.2,delayed,L4 failure,1.8554340188524592,1.8588224724845173,0.998177096693086
sensor_comm,9102,s_rl,0.2,delayed,L4 slip,0.9715007060547889,0.9769740151759105,0.994397692225073
sensor_comm,9102,s_rl,0.2,noisy,intact,0.7272943554540647,0.7390499912931124,0.9840935850381665
sensor_comm,9102,s_rl,0.2,noisy,L4 failure,1.8554340188524592,1.8542531636346626,1.0006368360270081
sensor_comm,9102,s_rl,0.2,noisy,L4 slip,0.9715007060547889,0.9902402638412482,0.9810757464923042
sensor_comm,9102,s_rl,0.2,stuck,intact,0.7272943554540647,0.7429955809862658,0.9788676730602368
sensor_comm,9102,s_rl,0.2,stuck,L4 failure,1.8554340188524592,1.8667751237050116,0.9939247610981425
sensor_comm,9102,s_rl,0.2,stuck,L4 slip,0.9715007060547889,0.987046098073342,0.9842505916908068
sensor_comm,9102,s_rl,0.4,dropout,intact,0.758392820659141,0.6998542523210366,1.083643941783541
sensor_comm,9102,s_rl,0.4,dropout,L4 failure,1.883683032579698,1.8864143950922585,0.9985520877492949
sensor_comm,9102,s_rl,0.4,dropout,L4 slip,1.000926431413673,0.9582741783931159,1.0445094462339355
sensor_comm,9102,s_rl,0.4,intermittent,intact,0.758392820659141,0.7636890839429263,0.9930648959175367
sensor_comm,9102,s_rl,0.4,intermittent,L4 failure,1.883683032579698,1.842057756948457,1.022597160959924
sensor_comm,9102,s_rl,0.4,intermittent,L4 slip,1.000926431413673,0.9843770043169131,1.0168120821841464
sensor_comm,9102,s_rl,0.4,delayed,intact,0.758392820659141,0.7743192851062032,0.9794316572589591
sensor_comm,9102,s_rl,0.4,delayed,L4 failure,1.883683032579698,1.894875801547768,0.9940931384743382
sensor_comm,9102,s_rl,0.4,delayed,L4 slip,1.000926431413673,1.0147744219512167,0.9863536267391164
sensor_comm,9102,s_rl,0.4,noisy,intact,0.758392820659141,0.7872307084269528,0.9633679333655115
sensor_comm,9102,s_rl,0.4,noisy,L4 failure,1.883683032579698,1.8956989359570358,0.9936614917329837
sensor_comm,9102,s_rl,0.4,noisy,L4 slip,1.000926431413673,1.0476477975693075,0.9554035561721843
sensor_comm,9102,s_rl,0.4,stuck,intact,0.758392820659141,0.853007717094985,0.8890808435378923
sensor_comm,9102,s_rl,0.4,stuck,L4 failure,1.883683032579698,1.9034993229132902,0.9895895469491087
sensor_comm,9102,s_rl,0.4,stuck,L4 slip,1.000926431413673,1.0716710095338837,0.9339866642926353
sensor_comm,9102,s_rl,1.0,dropout,intact,0.769859850162055,0.723787246777798,1.0636548980233707
sensor_comm,9102,s_rl,1.0,dropout,L4 failure,1.874725423749836,1.8913910808799854,0.991188677318709
sensor_comm,9102,s_rl,1.0,dropout,L4 slip,0.9985301999468333,0.9834020305772964,1.015383504303582
sensor_comm,9102,s_rl,1.0,intermittent,intact,0.769859850162055,0.7871270189459969,0.978063046537186
sensor_comm,9102,s_rl,1.0,intermittent,L4 failure,1.874725423749836,1.9074463053093698,0.9828457128945359
sensor_comm,9102,s_rl,1.0,intermittent,L4 slip,0.9985301999468333,1.0357451215079052,0.9640694213390144
sensor_comm,9102,s_rl,1.0,delayed,intact,0.769859850162055,0.7844796202528065,0.9813637349992087
sensor_comm,9102,s_rl,1.0,delayed,L4 failure,1.874725423749836,1.8775012043639432,0.9985215558809468
sensor_comm,9102,s_rl,1.0,delayed,L4 slip,0.9985301999468333,1.0138402877332242,0.9848989155672422
sensor_comm,9102,s_rl,1.0,noisy,intact,0.769859850162055,0.8936411271474309,0.861486593191503
sensor_comm,9102,s_rl,1.0,noisy,L4 failure,1.874725423749836,1.9741381845878343,0.9496424507594671
sensor_comm,9102,s_rl,1.0,noisy,L4 slip,0.9985301999468333,1.1759644289560833,0.849115989701525
sensor_comm,9102,s_rl,1.0,stuck,intact,0.769859850162055,1.0108375525647078,0.7616059061208782
sensor_comm,9102,s_rl,1.0,stuck,L4 failure,1.874725423749836,1.8672074078977452,1.00402634213012
sensor_comm,9102,s_rl,1.0,stuck,L4 slip,0.9985301999468333,1.1556080428838116,0.8640734253242202
sensor_comm,9102,sine,0.0,dropout,intact,0.7826924645340678,0.7826924645340678,1.0
sensor_comm,9102,sine,0.0,dropout,L4 failure,2.1101783605258,2.1101783605258,1.0
sensor_comm,9102,sine,0.0,dropout,L4 slip,1.1336121126490013,1.1336121126490013,1.0
sensor_comm,9102,sine,0.0,intermittent,intact,0.7826924645340678,0.7826924645340678,1.0
sensor_comm,9102,sine,0.0,intermittent,L4 failure,2.1101783605258,2.1101783605258,1.0
sensor_comm,9102,sine,0.0,intermittent,L4 slip,1.1336121126490013,1.1336121126490013,1.0
sensor_comm,9102,sine,0.0,delayed,intact,0.7826924645340678,0.7826924645340678,1.0
sensor_comm,9102,sine,0.0,delayed,L4 failure,2.1101783605258,2.1101783605258,1.0
sensor_comm,9102,sine,0.0,delayed,L4 slip,1.1336121126490013,1.1336121126490013,1.0
sensor_comm,9102,sine,0.0,noisy,intact,0.7826924645340678,0.7826924645340678,1.0
sensor_comm,9102,sine,0.0,noisy,L4 failure,2.1101783605258,2.1101783605258,1.0
sensor_comm,9102,sine,0.0,noisy,L4 slip,1.1336121126490013,1.1336121126490013,1.0
sensor_comm,9102,sine,0.0,stuck,intact,0.7826924645340678,0.7826924645340678,1.0
sensor_comm,9102,sine,0.0,stuck,L4 failure,2.1101783605258,2.1101783605258,1.0
sensor_comm,9102,sine,0.0,stuck,L4 slip,1.1336121126490013,1.1336121126490013,1.0
sensor_comm,9102,sine,0.025,dropout,intact,0.778678288356502,0.7789674720479441,0.999628760247611
sensor_comm,9102,sine,0.025,dropout,L4 failure,2.072007398079762,2.0941014237236306,0.9894494003998231
sensor_comm,9102,sine,0.025,dropout,L4 slip,1.1111573412735447,1.1191056931602867,0.9928975860498963
sensor_comm,9102,sine,0.025,intermittent,intact,0.778678288356502,0.7811741930506713,0.9968049319647617
sensor_comm,9102,sine,0.025,intermittent,L4 failure,2.072007398079762,2.096514552908503,0.9883105248209502
sensor_comm,9102,sine,0.025,intermittent,L4 slip,1.1111573412735447,1.1263530427732675,0.9865089355444822
sensor_comm,9102,sine,0.025,delayed,intact,0.778678288356502,0.7789833512837424,0.9996083832514037
sensor_comm,9102,sine,0.025,delayed,L4 failure,2.072007398079762,2.076689287154889,0.9977455033335577
sensor_comm,9102,sine,0.025,delayed,L4 slip,1.1111573412735447,1.11336647613411,0.9980158061986598
sensor_comm,9102,sine,0.025,noisy,intact,0.778678288356502,0.7776637444928145,1.0013046048126484
sensor_comm,9102,sine,0.025,noisy,L4 failure,2.072007398079762,2.0685203065981663,1.0016857903064682
sensor_comm,9102,sine,0.025,noisy,L4 slip,1.1111573412735447,1.1101939724053094,1.0008677482423618
sensor_comm,9102,sine,0.025,stuck,intact,0.778678288356502,0.7787094815335155,0.9999599424718034
sensor_comm,9102,sine,0.025,stuck,L4 failure,2.072007398079762,2.080058990285646,0.996129151988724
sensor_comm,9102,sine,0.025,stuck,L4 slip,1.1111573412735447,1.1119204542892507,0.9993136981941808
sensor_comm,9102,sine,0.05,dropout,intact,0.7757326671522623,0.7761181358692966,0.9995033375729553
sensor_comm,9102,sine,0.05,dropout,L4 failure,2.0419566184481175,2.0782628319098797,0.9825304995574609
sensor_comm,9102,sine,0.05,dropout,L4 slip,1.0937510139632403,1.1056268541172245,0.9892587267487579
sensor_comm,9102,sine,0.05,intermittent,intact,0.7757326671522623,0.7798143806804861,0.9947657883345752
sensor_comm,9102,sine,0.05,intermittent,L4 failure,2.0419566184481175,2.0838835294477396,0.9798803961895446
sensor_comm,9102,sine,0.05,intermittent,L4 slip,1.0937510139632403,1.1197162522666755,0.9768108766387261
sensor_comm,9102,sine,0.05,delayed,intact,0.7757326671522623,0.7761785715399774,0.9994255131434119
sensor_comm,9102,sine,0.05,delayed,L4 failure,2.0419566184481175,2.0494308305566724,0.9963530303159708
sensor_comm,9102,sine,0.05,delayed,L4 slip,1.0937510139632403,1.0970995510530994,0.9969478274905454
sensor_comm,9102,sine,0.05,noisy,intact,0.7757326671522623,0.7744942689606547,1.0015989765725053
sensor_comm,9102,sine,0.05,noisy,L4 failure,2.0419566184481175,2.036053379858955,1.0028993535471902
sensor_comm,9102,sine,0.05,noisy,L4 slip,1.0937510139632403,1.0929878793492733,1.0006982095852894
sensor_comm,9102,sine,0.05,stuck,intact,0.7757326671522623,0.7765005287441255,0.9990111254745634
sensor_comm,9102,sine,0.05,stuck,L4 failure,2.0419566184481175,2.0529999044184235,0.9946209028327089
sensor_comm,9102,sine,0.05,stuck,L4 slip,1.0937510139632403,1.0941058727674713,0.9996756631939709
sensor_comm,9102,sine,0.1,dropout,intact,0.7718082409546818,0.7732582471097543,0.9981248099706763
sensor_comm,9102,sine,0.1,dropout,L4 failure,2.000789308486033,2.0478684691366436,0.9770106521194407
sensor_comm,9102,sine,0.1,dropout,L4 slip,1.0698952634303043,1.0822405332967313,0.9885928594553554
sensor_comm,9102,sine,0.1,intermittent,intact,0.7718082409546818,0.777510064933945,0.9926665592685959
sensor_comm,9102,sine,0.1,intermittent,L4 failure,2.000789308486033,2.061632000588113,0.9704880928872254
sensor_comm,9102,sine,0.1,intermittent,L4 slip,1.0698952634303043,1.1081404649577937,0.9654870454270921
sensor_comm,9102,sine,0.1,delayed,intact,0.7718082409546818,0.772389228944489,0.9992478041277179
sensor_comm,9102,sine,0.1,delayed,L4 failure,2.000789308486033,2.0100858163377495,0.9953750691755766
sensor_comm,9102,sine,0.1,delayed,L4 slip,1.0698952634303043,1.0737997723556423,0.99636383893361
sensor_comm,9102,sine,0.1,noisy,intact,0.7718082409546818,0.7713590239790817,1.0005823708048203
sensor_comm,9102,sine,0.1,noisy,L4 failure,2.000789308486033,1.9923824496984543,1.004219500522528
sensor_comm,9102,sine,0.1,noisy,L4 slip,1.0698952634303043,1.0717160532372798,0.998301052035681
sensor_comm,9102,sine,0.1,stuck,intact,0.7718082409546818,0.7762328307835833,0.994299919233724
sensor_comm,9102,sine,0.1,stuck,L4 failure,2.000789308486033,2.00789496280726,0.9964611424138977
sensor_comm,9102,sine,0.1,stuck,L4 slip,1.0698952634303043,1.0689185950756719,1.0009136975997346
sensor_comm,9102,sine,0.2,dropout,intact,0.7666736991244507,0.7780139635612005,0.9854240862402495
sensor_comm,9102,sine,0.2,dropout,L4 failure,1.958065290284533,1.9946272174367952,0.9816697943191379
sensor_comm,9102,sine,0.2,dropout,L4 slip,1.0460404285158826,1.0506223970927775,0.9956388055408167
sensor_comm,9102,sine,0.2,intermittent,intact,0.7666736991244507,0.7741914265663201,0.9902895754410355
sensor_comm,9102,sine,0.2,intermittent,L4 failure,1.958065290284533,2.0278210730846635,0.9656006223990857
sensor_comm,9102,sine,0.2,intermittent,L4 slip,1.0460404285158826,1.0906899100347984,0.9590630837343207
sensor_comm,9102,sine,0.2,delayed,intact,0.7666736991244507,0.7675821721212339,0.9988164485448214
sensor_comm,9102,sine,0.2,delayed,L4 failure,1.958065290284533,1.9660920434058569,0.9959174072504667
sensor_comm,9102,sine,0.2,delayed,L4 slip,1.0460404285158826,1.0492553098137147,0.9969360352358828
sensor_comm,9102,sine,0.2,noisy,intact,0.7666736991244507,0.7697224983005561,0.996039093072066
sensor_comm,9102,sine,0.2,noisy,L4 failure,1.958065290284533,1.950705041378228,1.0037731224096826
sensor_comm,9102,sine,0.2,noisy,L4 slip,1.0460404285158826,1.0571598164411127,0.9894818288093251
sensor_comm,9102,sine,0.2,stuck,intact,0.7666736991244507,0.7830820484542713,0.9790464493954253
sensor_comm,9102,sine,0.2,stuck,L4 failure,1.958065290284533,1.9489034155644382,1.004701040927388
sensor_comm,9102,sine,0.2,stuck,L4 slip,1.0460404285158826,1.0478846492601985,0.9982400536684854
sensor_comm,9102,sine,0.4,dropout,intact,0.7572615488497925,0.8080478703780148,0.9371493652913608
sensor_comm,9102,sine,0.4,dropout,L4 failure,1.9259730915696565,1.922430453880218,1.0018427910784955
sensor_comm,9102,sine,0.4,dropout,L4 slip,1.027708707939428,1.0334659433705182,0.9944291967548406
sensor_comm,9102,sine,0.4,intermittent,intact,0.7572615488497925,0.7705113120623712,0.982803934212057
sensor_comm,9102,sine,0.4,intermittent,L4 failure,1.9259730915696565,1.9905982373161286,0.9675348121308474
sensor_comm,9102,sine,0.4,intermittent,L4 slip,1.027708707939428,1.071597563783813,0.9590435277872288
sensor_comm,9102,sine,0.4,delayed,intact,0.7572615488497925,0.7569129991751391,1.0004604884247372
sensor_comm,9102,sine,0.4,delayed,L4 failure,1.9259730915696565,1.9288530469482787,0.9985069078314811
sensor_comm,9102,sine,0.4,delayed,L4 slip,1.027708707939428,1.0295428572851457,0.9982184817924392
sensor_comm,9102,sine,0.4,noisy,intact,0.7572615488497925,0.7745988426636684,0.9776177127321066
sensor_comm,9102,sine,0.4,noisy,L4 failure,1.9259730915696565,1.9307938895997665,0.9975032042228447
sensor_comm,9102,sine,0.4,noisy,L4 slip,1.027708707939428,1.0660963180513492,0.9639923621703455
sensor_comm,9102,sine,0.4,stuck,intact,0.7572615488497925,0.7827325173207658,0.9674589110490024
sensor_comm,9102,sine,0.4,stuck,L4 failure,1.9259730915696565,1.9031098838973945,1.0120136035578986
sensor_comm,9102,sine,0.4,stuck,L4 slip,1.027708707939428,1.0399985360060782,0.9881828409933663
sensor_comm,9102,sine,1.0,dropout,intact,0.7585553851593796,0.8352805910552018,0.9081443927735756
sensor_comm,9102,sine,1.0,dropout,L4 failure,1.9077984880967342,1.8592347770851894,1.026120268193176
sensor_comm,9102,sine,1.0,dropout,L4 slip,1.019438326988667,1.0437491612011214,0.9767081640722203
sensor_comm,9102,sine,1.0,intermittent,intact,0.7585553851593796,0.7669317503096226,0.9890780827018032
sensor_comm,9102,sine,1.0,intermittent,L4 failure,1.9077984880967342,1.953784087680066,0.9764633155355793
sensor_comm,9102,sine,1.0,intermittent,L4 slip,1.019438326988667,1.0686360132463935,0.9539621670541784
sensor_comm,9102,sine,1.0,delayed,intact,0.7585553851593796,0.7548889046925703,1.00485698020466
sensor_comm,9102,sine,1.0,delayed,L4 failure,1.9077984880967342,1.8981111024644732,1.005103697891911
sensor_comm,9102,sine,1.0,delayed,L4 slip,1.019438326988667,1.0231637571336474,0.9963589111527787
sensor_comm,9102,sine,1.0,noisy,intact,0.7585553851593796,0.8817374301924767,0.8602962278620662
sensor_comm,9102,sine,1.0,noisy,L4 failure,1.9077984880967342,1.997468135546378,0.9551083464842778
sensor_comm,9102,sine,1.0,noisy,L4 slip,1.019438326988667,1.199875931800332,0.8496197814877988
sensor_comm,9102,sine,1.0,stuck,intact,0.7585553851593796,0.7902997857538254,0.9598324570413915
sensor_comm,9102,sine,1.0,stuck,L4 failure,1.9077984880967342,1.8656646052173262,1.0225838464006771
sensor_comm,9102,sine,1.0,stuck,L4 slip,1.019438326988667,1.0288855364679683,0.9908180170247778
sensor_comm,9102,chirp,0.0,dropout,intact,0.9145632039896215,0.9145632039896215,1.0
sensor_comm,9102,chirp,0.0,dropout,L4 failure,2.247414773781272,2.247414773781272,1.0
sensor_comm,9102,chirp,0.0,dropout,L4 slip,1.3125281228265795,1.3125281228265795,1.0
sensor_comm,9102,chirp,0.0,intermittent,intact,0.9145632039896215,0.9145632039896215,1.0
sensor_comm,9102,chirp,0.0,intermittent,L4 failure,2.247414773781272,2.247414773781272,1.0
sensor_comm,9102,chirp,0.0,intermittent,L4 slip,1.3125281228265795,1.3125281228265795,1.0
sensor_comm,9102,chirp,0.0,delayed,intact,0.9145632039896215,0.9145632039896215,1.0
sensor_comm,9102,chirp,0.0,delayed,L4 failure,2.247414773781272,2.247414773781272,1.0
sensor_comm,9102,chirp,0.0,delayed,L4 slip,1.3125281228265795,1.3125281228265795,1.0
sensor_comm,9102,chirp,0.0,noisy,intact,0.9145632039896215,0.9145632039896215,1.0
sensor_comm,9102,chirp,0.0,noisy,L4 failure,2.247414773781272,2.247414773781272,1.0
sensor_comm,9102,chirp,0.0,noisy,L4 slip,1.3125281228265795,1.3125281228265795,1.0
sensor_comm,9102,chirp,0.0,stuck,intact,0.9145632039896215,0.9145632039896215,1.0
sensor_comm,9102,chirp,0.0,stuck,L4 failure,2.247414773781272,2.247414773781272,1.0
sensor_comm,9102,chirp,0.0,stuck,L4 slip,1.3125281228265795,1.3125281228265795,1.0
sensor_comm,9102,chirp,0.025,dropout,intact,0.8974081234278366,0.9097355082332588,0.9864494848295386
sensor_comm,9102,chirp,0.025,dropout,L4 failure,2.1995576008866307,2.2383027690553154,0.982689934219651
sensor_comm,9102,chirp,0.025,dropout,L4 slip,1.272287112729415,1.300345875333651,0.9784220774361003
sensor_comm,9102,chirp,0.025,intermittent,intact,0.8974081234278366,0.908400415233333,0.9878992879999148
sensor_comm,9102,chirp,0.025,intermittent,L4 failure,2.1995576008866307,2.2307001415869157,0.9860391183379178
sensor_comm,9102,chirp,0.025,intermittent,L4 slip,1.272287112729415,1.2981223581346983,0.9800979890351734
sensor_comm,9102,chirp,0.025,delayed,intact,0.8974081234278366,0.899598457991357,0.9975652086282907
sensor_comm,9102,chirp,0.025,delayed,L4 failure,2.1995576008866307,2.2061052100275353,0.997032050370425
sensor_comm,9102,chirp,0.025,delayed,L4 slip,1.272287112729415,1.277260220784629,0.9961064253201599
sensor_comm,9102,chirp,0.025,noisy,intact,0.8974081234278366,0.8943776100513166,1.0033884047883825
sensor_comm,9102,chirp,0.025,noisy,L4 failure,2.1995576008866307,2.1958988946443467,1.0016661542346996
sensor_comm,9102,chirp,0.025,noisy,L4 slip,1.272287112729415,1.2704864839118346,1.0014172750677648
sensor_comm,9102,chirp,0.025,stuck,intact,0.8974081234278366,0.8977645130915469,0.9996030254498666
sensor_comm,9102,chirp,0.025,stuck,L4 failure,2.1995576008866307,2.213173771656322,0.9938476720878989
sensor_comm,9102,chirp,0.025,stuck,L4 slip,1.272287112729415,1.2777168837512973,0.9957504114636564
sensor_comm,9102,chirp,0.05,dropout,intact,0.8832305509131881,0.9033584010858611,0.9777188653490367
sensor_comm,9102,chirp,0.05,dropout,L4 failure,2.159778515737951,2.2273381577582625,0.9696679905630909
sensor_comm,9102,chirp,0.05,dropout,L4 slip,1.2389654981399822,1.2865770850463114,0.9629935994821365
sensor_comm,9102,chirp,0.05,intermittent,intact,0.8832305509131881,0.9025914348214791,0.9785496702479564
sensor_comm,9102,chirp,0.05,intermittent,L4 failure,2.159778515737951,2.214831223313563,0.9751436104945059
sensor_comm,9102,chirp,0.05,intermittent,L4 slip,1.2389654981399822,1.2845881374587607,0.9644846172960685
sensor_comm,9102,chirp,0.05,delayed,intact,0.8832305509131881,0.8866857503609655,0.9961032423873162
sensor_comm,9102,chirp,0.05,delayed,L4 failure,2.159778515737951,2.1708299352332547,0.9949091270044071
sensor_comm,9102,chirp,0.05,delayed,L4 slip,1.2389654981399822,1.2469829842707862,0.9935704927557673
sensor_comm,9102,chirp,0.05,noisy,intact,0.8832305509131881,0.8787030537941247,1.0051524768231024
sensor_comm,9102,chirp,0.05,noisy,L4 failure,2.159778515737951,2.1532803745810853,1.0030177868305377
sensor_comm,9102,chirp,0.05,noisy,L4 slip,1.2389654981399822,1.2367542334785386,1.001787958028835
sensor_comm,9102,chirp,0.05,stuck,intact,0.8832305509131881,0.882630178345672,1.0006802085202224
sensor_comm,9102,chirp,0.05,stuck,L4 failure,2.159778515737951,2.180283749239348,0.990595153723202
sensor_comm,9102,chirp,0.05,stuck,L4 slip,1.2389654981399822,1.2455926817701295,0.9946794937645834
sensor_comm,9102,chirp,0.1,dropout,intact,0.8640689951221908,0.8880693651462407,0.9729746673334491
sensor_comm,9102,chirp,0.1,dropout,L4 failure,2.104039196337849,2.2014668917112195,0.9557441923200403
sensor_comm,9102,chirp,0.1,dropout,L4 slip,1.1910810435782155,1.2564710161588284,0.9479574365507314
sensor_comm,9102,chirp,0.1,intermittent,intact,0.8640689951221908,0.8920995412536243,0.9685791272888186
sensor_comm,9102,chirp,0.1,intermittent,L4 failure,2.104039196337849,2.1858284008737314,0.9625820560739401
sensor_comm,9102,chirp,0.1,intermittent,L4 slip,1.1910810435782155,1.2601019171202448,0.9452259594209926
sensor_comm,9102,chirp,0.1,delayed,intact,0.8640689951221908,0.8680925398099906,0.9953650739946683
sensor_comm,9102,chirp,0.1,delayed,L4 failure,2.104039196337849,2.1188403580527284,0.9930144988702773
sensor_comm,9102,chirp,0.1,delayed,L4 slip,1.1910810435782155,1.2011727851447767,0.9915984263951295
sensor_comm,9102,chirp,0.1,noisy,intact,0.8640689951221908,0.859393717698931,1.0054402043289055
sensor_comm,9102,chirp,0.1,noisy,L4 failure,2.104039196337849,2.0941664631136514,1.0047143975410238
sensor_comm,9102,chirp,0.1,noisy,L4 slip,1.1910810435782155,1.1908246345610218,1.0002153205516178
sensor_comm,9102,chirp,0.1,stuck,intact,0.8640689951221908,0.861798939053641,1.0026340901174033
sensor_comm,9102,chirp,0.1,stuck,L4 failure,2.104039196337849,2.121694648043744,0.991678608548985
sensor_comm,9102,chirp,0.1,stuck,L4 slip,1.1910810435782155,1.1937140897522558,0.9977942405165153
sensor_comm,9102,chirp,0.2,dropout,intact,0.8524408039573921,0.8590158681282076,0.9923458175631347
sensor_comm,9102,chirp,0.2,dropout,L4 failure,2.047183813550808,2.1429145593951078,0.9553268489289082
sensor_comm,9102,chirp,0.2,dropout,L4 slip,1.147169762537488,1.1976237620024848,0.9578715778145256
sensor_comm,9102,chirp,0.2,intermittent,intact,0.8524408039573921,0.8757744128761,0.9733565989418681
sensor_comm,9102,chirp,0.2,intermittent,L4 failure,2.047183813550808,2.139946282860703,0.9566519636250452
sensor_comm,9102,chirp,0.2,intermittent,L4 slip,1.147169762537488,1.2209215666487259,0.9395933316882286
sensor_comm,9102,chirp,0.2,delayed,intact,0.8524408039573921,0.855807406245059,0.9960661683188298
sensor_comm,9102,chirp,0.2,delayed,L4 failure,2.047183813550808,2.0622761044426148,0.9926817311904578
sensor_comm,9102,chirp,0.2,delayed,L4 slip,1.147169762537488,1.15593225293709,0.9924195467534214
sensor_comm,9102,chirp,0.2,noisy,intact,0.8524408039573921,0.8513302368736758,1.0013045079754181
sensor_comm,9102,chirp,0.2,noisy,L4 failure,2.047183813550808,2.037467829185288,1.0047686565777116
sensor_comm,9102,chirp,0.2,noisy,L4 slip,1.147169762537488,1.1554891606977957,0.9928001071379295
sensor_comm,9102,chirp,0.2,stuck,intact,0.8524408039573921,0.8674056181117408,0.9827476167529031
sensor_comm,9102,chirp,0.2,stuck,L4 failure,2.047183813550808,2.044257351317379,1.0014315527502167
sensor_comm,9102,chirp,0.2,stuck,L4 slip,1.147169762537488,1.1503110582681952,0.9972691771428881
sensor_comm,9102,chirp,0.4,dropout,intact,0.8589718358022408,0.8487321744536753,1.0120646555612867
sensor_comm,9102,chirp,0.4,dropout,L4 failure,2.01151144438659,2.0399735589393044,0.9860478022237142
sensor_comm,9102,chirp,0.4,dropout,L4 slip,1.1318067717632663,1.1295186463268572,1.0020257526901835
sensor_comm,9102,chirp,0.4,intermittent,intact,0.8589718358022408,0.8599053939094917,0.9989143478877291
sensor_comm,9102,chirp,0.4,intermittent,L4 failure,2.01151144438659,2.0896735408792457,0.9625960251859395
sensor_comm,9102,chirp,0.4,intermittent,L4 slip,1.1318067717632663,1.1749202256923759,0.963305207463168
sensor_comm,9102,chirp,0.4,delayed,intact,0.8589718358022408,0.8663377377442594,0.9914976554510974
sensor_comm,9102,chirp,0.4,delayed,L4 failure,2.01151144438659,2.0233418144870554,0.9941530541128738
sensor_comm,9102,chirp,0.4,delayed,L4 slip,1.1318067717632663,1.1419096368392574,0.9911526580124542
sensor_comm,9102,chirp,0.4,noisy,intact,0.8589718358022408,0.8676821957769623,0.989961347579661
sensor_comm,9102,chirp,0.4,noisy,L4 failure,2.01151144438659,2.0102640839691435,1.0006204957982354
sensor_comm,9102,chirp,0.4,noisy,L4 slip,1.1318067717632663,1.1628312125718554,0.9733199105139501
sensor_comm,9102,chirp,0.4,stuck,intact,0.8589718358022408,0.9692142991324812,0.886255843079373
sensor_comm,9102,chirp,0.4,stuck,L4 failure,2.01151144438659,2.025566098101623,0.9930613699902436
sensor_comm,9102,chirp,0.4,stuck,L4 slip,1.1318067717632663,1.2080748595031008,0.93686807805006
sensor_comm,9102,chirp,1.0,dropout,intact,0.8536418168257438,0.9559752426259098,0.8929538954177594
sensor_comm,9102,chirp,1.0,dropout,L4 failure,1.9886856190900353,1.9345308364365175,1.027993755195587
sensor_comm,9102,chirp,1.0,dropout,L4 slip,1.1195713533854215,1.1553011772676656,0.9690731520184662
sensor_comm,9102,chirp,1.0,intermittent,intact,0.8536418168257438,0.87289661250642,0.9779414934084939
sensor_comm,9102,chirp,1.0,intermittent,L4 failure,1.9886856190900353,2.049600677731969,0.9702795479608541
sensor_comm,9102,chirp,1.0,intermittent,L4 slip,1.1195713533854215,1.1635343243449054,0.9622160085528753
sensor_comm,9102,chirp,1.0,delayed,intact,0.8536418168257438,0.8611951343633144,0.9912292612484919
sensor_comm,9102,chirp,1.0,delayed,L4 failure,1.9886856190900353,1.9919889703382352,0.99834168195839
sensor_comm,9102,chirp,1.0,delayed,L4 slip,1.1195713533854215,1.1336671040756592,0.9875662347089706
sensor_comm,9102,chirp,1.0,noisy,intact,0.8536418168257438,0.9548369243127258,0.8940184392640446
sensor_comm,9102,chirp,1.0,noisy,L4 failure,1.9886856190900353,2.061352093190705,0.9647481503326337
sensor_comm,9102,chirp,1.0,noisy,L4 slip,1.1195713533854215,1.282751353927118,0.872789063880444
sensor_comm,9102,chirp,1.0,stuck,intact,0.8536418168257438,0.9938931598494506,0.8588869018426978
sensor_comm,9102,chirp,1.0,stuck,L4 failure,1.9886856190900353,2.0783126770049747,0.9568750848192392
sensor_comm,9102,chirp,1.0,stuck,L4 slip,1.1195713533854215,1.2335496881799906,0.9076013427860085
sensor_comm,9103,straight,0.0,dropout,intact,0.6708092908823413,0.6708092908823413,1.0
sensor_comm,9103,straight,0.0,dropout,L4 failure,2.0150521654518974,2.0150521654518974,1.0
sensor_comm,9103,straight,0.0,dropout,L4 slip,1.1676586674374523,1.1676586674374523,1.0
sensor_comm,9103,straight,0.0,intermittent,intact,0.6708092908823413,0.6708092908823413,1.0
sensor_comm,9103,straight,0.0,intermittent,L4 failure,2.0150521654518974,2.0150521654518974,1.0
sensor_comm,9103,straight,0.0,intermittent,L4 slip,1.1676586674374523,1.1676586674374523,1.0
sensor_comm,9103,straight,0.0,delayed,intact,0.6708092908823413,0.6708092908823413,1.0
sensor_comm,9103,straight,0.0,delayed,L4 failure,2.0150521654518974,2.0150521654518974,1.0
sensor_comm,9103,straight,0.0,delayed,L4 slip,1.1676586674374523,1.1676586674374523,1.0
sensor_comm,9103,straight,0.0,noisy,intact,0.6708092908823413,0.6708092908823413,1.0
sensor_comm,9103,straight,0.0,noisy,L4 failure,2.0150521654518974,2.0150521654518974,1.0
sensor_comm,9103,straight,0.0,noisy,L4 slip,1.1676586674374523,1.1676586674374523,1.0
sensor_comm,9103,straight,0.0,stuck,intact,0.6708092908823413,0.6708092908823413,1.0
sensor_comm,9103,straight,0.0,stuck,L4 failure,2.0150521654518974,2.0150521654518974,1.0
sensor_comm,9103,straight,0.0,stuck,L4 slip,1.1676586674374523,1.1676586674374523,1.0
sensor_comm,9103,straight,0.025,dropout,intact,0.6143612401958809,0.6344707794886035,0.9683050190129617
sensor_comm,9103,straight,0.025,dropout,L4 failure,1.958385245431614,1.9861539774286416,0.9860188422888652
sensor_comm,9103,straight,0.025,dropout,L4 slip,1.103769530715717,1.1303680116648462,0.9764691846596454
sensor_comm,9103,straight,0.025,intermittent,intact,0.6143612401958809,0.6507993865451086,0.9440101710257188
sensor_comm,9103,straight,0.025,intermittent,L4 failure,1.958385245431614,1.9947434278149991,0.9817730030457044
sensor_comm,9103,straight,0.025,intermittent,L4 slip,1.103769530715717,1.1449861640796082,0.9640025053079807
sensor_comm,9103,straight,0.025,delayed,intact,0.6143612401958809,0.6188082519520297,0.9928135868548605
sensor_comm,9103,straight,0.025,delayed,L4 failure,1.958385245431614,1.9643502928674201,0.9969633484122128
sensor_comm,9103,straight,0.025,delayed,L4 slip,1.103769530715717,1.1094239841893667,0.9949032529003946
sensor_comm,9103,straight,0.025,noisy,intact,0.6143612401958809,0.608880638177421,1.009001110685446
sensor_comm,9103,straight,0.025,noisy,L4 failure,1.958385245431614,1.9548376941026349,1.0018147549229695
sensor_comm,9103,straight,0.025,noisy,L4 slip,1.103769530715717,1.0997866506661715,1.0036215024497095
sensor_comm,9103,straight,0.025,stuck,intact,0.6143612401958809,0.6195444544649671,0.9916338299346698
sensor_comm,9103,straight,0.025,stuck,L4 failure,1.958385245431614,1.9688456597032604,0.9946870318553954
sensor_comm,9103,straight,0.025,stuck,L4 slip,1.103769530715717,1.1119447546790648,0.9926478146248304
sensor_comm,9103,straight,0.05,dropout,intact,0.5694564559045062,0.602456363055183,0.945224402671544
sensor_comm,9103,straight,0.05,dropout,L4 failure,1.9143859635690503,1.9600836617733948,0.9766858430098849
sensor_comm,9103,straight,0.05,dropout,L4 slip,1.0529977185197914,1.0971572487115435,0.9597509561700374
sensor_comm,9103,straight,0.05,intermittent,intact,0.5694564559045062,0.6321330879809913,0.9008489932449639
sensor_comm,9103,straight,0.05,intermittent,L4 failure,1.9143859635690503,1.9759376362193268,0.9688493849593114
sensor_comm,9103,straight,0.05,intermittent,L4 slip,1.0529977185197914,1.1238840907069,0.9369273283844399
sensor_comm,9103,straight,0.05,delayed,intact,0.5694564559045062,0.576206329342197,0.9882856659256131
sensor_comm,9103,straight,0.05,delayed,L4 failure,1.9143859635690503,1.9238156464115115,0.9950984477852385
sensor_comm,9103,straight,0.05,delayed,L4 slip,1.0529977185197914,1.061772536431461,0.991735689509204
sensor_comm,9103,straight,0.05,noisy,intact,0.5694564559045062,0.5603228301887299,1.016300648882538
sensor_comm,9103,straight,0.05,noisy,L4 failure,1.9143859635690503,1.908178452413091,1.003253108297135
sensor_comm,9103,straight,0.05,noisy,L4 slip,1.0529977185197914,1.0465607767991838,1.006150566563649
sensor_comm,9103,straight,0.05,stuck,intact,0.5694564559045062,0.5768368923053346,0.9872053322190742
sensor_comm,9103,straight,0.05,stuck,L4 failure,1.9143859635690503,1.9294001500454285,0.9922182101644261
sensor_comm,9103,straight,0.05,stuck,L4 slip,1.0529977185197914,1.0650477832600458,0.9886858928494552
sensor_comm,9103,straight,0.1,dropout,intact,0.507423012020726,0.5500395440907492,0.9225209668507179
sensor_comm,9103,straight,0.1,dropout,L4 failure,1.854224694370942,1.9153736255260312,0.9680746720430091
sensor_comm,9103,straight,0.1,dropout,L4 slip,0.9817109963847208,1.0415315858923992,0.9425647860151805
sensor_comm,9103,straight,0.1,intermittent,intact,0.507423012020726,0.5986152301663383,0.8476613798812427
sensor_comm,9103,straight,0.1,intermittent,L4 failure,1.854224694370942,1.942687035566721,0.9544639256986791
sensor_comm,9103,straight,0.1,intermittent,L4 slip,0.9817109963847208,1.0860644606771046,0.9039159570442763
sensor_comm,9103,straight,0.1,delayed,intact,0.507423012020726,0.5147752289087233,0.9857176171752023
sensor_comm,9103,straight,0.1,delayed,L4 failure,1.854224694370942,1.8660682029191555,0.9936532284673806
sensor_comm,9103,straight,0.1,delayed,L4 slip,0.9817109963847208,0.9920786043113257,0.9895496104022908
sensor_comm,9103,straight,0.1,noisy,intact,0.507423012020726,0.4953370283062254,1.0243995159332786
sensor_comm,9103,straight,0.1,noisy,L4 failure,1.854224694370942,1.8450824549197093,1.0049549218935208
sensor_comm,9103,straight,0.1,noisy,L4 slip,0.9817109963847208,0.973736680761807,1.0081893963537196
sensor_comm,9103,straight,0.1,stuck,intact,0.507423012020726,0.5138801785866253,0.9874344899161921
sensor_comm,9103,straight,0.1,stuck,L4 failure,1.854224694370942,1.8675052119337565,0.9928886315936635
sensor_comm,9103,straight,0.1,stuck,L4 slip,0.9817109963847208,0.9937797186775263,0.9878557369747232
sensor_comm,9103,straight,0.2,dropout,intact,0.45229035408567003,0.4823120482351184,0.9377546253316621
sensor_comm,9103,straight,0.2,dropout,L4 failure,1.7928767585872394,1.849424156004749,0.9694243220334771
sensor_comm,9103,straight,0.2,dropout,L4 slip,0.9119569681853271,0.9643643548091585,0.9456560309778326
sensor_comm,9103,straight,0.2,intermittent,intact,0.45229035408567003,0.5452949158777447,0.8294417221140453
sensor_comm,9103,straight,0.2,intermittent,L4 failure,1.7928767585872394,1.8914408982240556,0.9478893896555998
sensor_comm,9103,straight,0.2,intermittent,L4 slip,0.9119569681853271,1.0257364644140328,0.8890753130301321
sensor_comm,9103,straight,0.2,delayed,intact,0.45229035408567003,0.4562283785238767,0.9913683045080446
sensor_comm,9103,straight,0.2,delayed,L4 failure,1.7928767585872394,1.8036691967767537,0.9940163982348864
sensor_comm,9103,straight,0.2,delayed,L4 slip,0.9119569681853271,0.9192609750875814,0.9920544795219242
sensor_comm,9103,straight,0.2,noisy,intact,0.45229035408567003,0.4428144677883291,1.021399224701643
sensor_comm,9103,straight,0.2,noisy,L4 failure,1.7928767585872394,1.7829011425049515,1.0055951593974932
sensor_comm,9103,straight,0.2,noisy,L4 slip,0.9119569681853271,0.9076483313903451,1.004747033235198
sensor_comm,9103,straight,0.2,stuck,intact,0.45229035408567003,0.45330443175823465,0.9977629213360405
sensor_comm,9103,straight,0.2,stuck,L4 failure,1.7928767585872394,1.7926410799050085,1.00013147008895
sensor_comm,9103,straight,0.2,stuck,L4 slip,0.9119569681853271,0.9158340018767532,0.9957666632998107
sensor_comm,9103,straight,0.4,dropout,intact,0.42920781210971126,0.43162519575352365,0.9943993453867026
sensor_comm,9103,straight,0.4,dropout,L4 failure,1.7519396174686697,1.775800611756527,0.986563246949073
sensor_comm,9103,straight,0.4,dropout,L4 slip,0.8730489540855524,0.8912128660368829,0.9796188849560675
sensor_comm,9103,straight,0.4,intermittent,intact,0.42920781210971126,0.48105353944248075,0.8922246214156196
sensor_comm,9103,straight,0.4,intermittent,L4 failure,1.7519396174686697,1.8292249108652168,0.9577497042941584
sensor_comm,9103,straight,0.4,intermittent,L4 slip,0.8730489540855524,0.9503435878460585,0.9186666435707811
sensor_comm,9103,straight,0.4,delayed,intact,0.42920781210971126,0.4306256593056389,0.9967074716397211
sensor_comm,9103,straight,0.4,delayed,L4 failure,1.7519396174686697,1.7588144703935804,0.9960912006123236
sensor_comm,9103,straight,0.4,delayed,L4 slip,0.8730489540855524,0.875871806311514,0.9967770943126378
sensor_comm,9103,straight,0.4,noisy,intact,0.42920781210971126,0.4282341570018081,1.0022736512069004
sensor_comm,9103,straight,0.4,noisy,L4 failure,1.7519396174686697,1.7475419168789905,1.0025165064981865
sensor_comm,9103,straight,0.4,noisy,L4 slip,0.8730489540855524,0.8824081064877898,0.9893936237287198
sensor_comm,9103,straight,0.4,stuck,intact,0.42920781210971126,0.4336038138036037,0.9898617088827463
sensor_comm,9103,straight,0.4,stuck,L4 failure,1.7519396174686697,1.7406138382160037,1.006506773072811
sensor_comm,9103,straight,0.4,stuck,L4 slip,0.8730489540855524,0.8746303576836221,0.998191917780835
sensor_comm,9103,straight,1.0,dropout,intact,0.4212811140231377,0.417360542997284,1.00939372705838
sensor_comm,9103,straight,1.0,dropout,L4 failure,1.7292000765840534,1.710316088578915,1.0110412269002444
sensor_comm,9103,straight,1.0,dropout,L4 slip,0.8556690791215656,0.8502993743913386,1.0063150754804104
sensor_comm,9103,straight,1.0,intermittent,intact,0.4212811140231377,0.4326301750348412,0.9737672920970215
sensor_comm,9103,straight,1.0,intermittent,L4 failure,1.7292000765840534,1.7657139656177,0.9793206092579819
sensor_comm,9103,straight,1.0,intermittent,L4 slip,0.8556690791215656,0.8808503858152598,0.9714125042127468
sensor_comm,9103,straight,1.0,delayed,intact,0.4212811140231377,0.42054984480438956,1.0017388407766226
sensor_comm,9103,straight,1.0,delayed,L4 failure,1.7292000765840534,1.7306006650376276,0.9991906922943753
sensor_comm,9103,straight,1.0,delayed,L4 slip,0.8556690791215656,0.8549159953889124,1.0008808862352736
sensor_comm,9103,straight,1.0,noisy,intact,0.4212811140231377,0.4737695454726687,0.8892110479639115
sensor_comm,9103,straight,1.0,noisy,L4 failure,1.7292000765840534,1.7714102214376932,0.9761714455845345
sensor_comm,9103,straight,1.0,noisy,L4 slip,0.8556690791215656,0.9332750470484118,0.9168455556887717
sensor_comm,9103,straight,1.0,stuck,intact,0.4212811140231377,0.4204330133882522,1.0020172075167237
sensor_comm,9103,straight,1.0,stuck,L4 failure,1.7292000765840534,1.744556677807345,0.991197419138831
sensor_comm,9103,straight,1.0,stuck,L4 slip,0.8556690791215656,0.8611150326439836,0.9936756956783154
sensor_comm,9103,s_lr,0.0,dropout,intact,0.9497316619174174,0.9497316619174174,1.0
sensor_comm,9103,s_lr,0.0,dropout,L4 failure,2.2028320643763823,2.2028320643763823,1.0
sensor_comm,9103,s_lr,0.0,dropout,L4 slip,1.3917162055634502,1.3917162055634502,1.0
sensor_comm,9103,s_lr,0.0,intermittent,intact,0.9497316619174174,0.9497316619174174,1.0
sensor_comm,9103,s_lr,0.0,intermittent,L4 failure,2.2028320643763823,2.2028320643763823,1.0
sensor_comm,9103,s_lr,0.0,intermittent,L4 slip,1.3917162055634502,1.3917162055634502,1.0
sensor_comm,9103,s_lr,0.0,delayed,intact,0.9497316619174174,0.9497316619174174,1.0
sensor_comm,9103,s_lr,0.0,delayed,L4 failure,2.2028320643763823,2.2028320643763823,1.0
sensor_comm,9103,s_lr,0.0,delayed,L4 slip,1.3917162055634502,1.3917162055634502,1.0
sensor_comm,9103,s_lr,0.0,noisy,intact,0.9497316619174174,0.9497316619174174,1.0
sensor_comm,9103,s_lr,0.0,noisy,L4 failure,2.2028320643763823,2.2028320643763823,1.0
sensor_comm,9103,s_lr,0.0,noisy,L4 slip,1.3917162055634502,1.3917162055634502,1.0
sensor_comm,9103,s_lr,0.0,stuck,intact,0.9497316619174174,0.9497316619174174,1.0
sensor_comm,9103,s_lr,0.0,stuck,L4 failure,2.2028320643763823,2.2028320643763823,1.0
sensor_comm,9103,s_lr,0.0,stuck,L4 slip,1.3917162055634502,1.3917162055634502,1.0
sensor_comm,9103,s_lr,0.025,dropout,intact,0.8192462909431774,0.8792492364838698,0.9317566134255117
sensor_comm,9103,s_lr,0.025,dropout,L4 failure,2.093845529683221,2.148819697207736,0.9744165750174615
sensor_comm,9103,s_lr,0.025,dropout,L4 slip,1.2655166193827303,1.3259682574503964,0.9544094379876755
sensor_comm,9103,s_lr,0.025,intermittent,intact,0.8192462909431774,0.9037617311112583,0.9064848208784394
sensor_comm,9103,s_lr,0.025,intermittent,L4 failure,2.093845529683221,2.164046950441379,0.9675601212146345
sensor_comm,9103,s_lr,0.025,intermittent,L4 slip,1.2655166193827303,1.346153918814079,0.9400980093699927
sensor_comm,9103,s_lr,0.025,delayed,intact,0.8192462909431774,0.8305593132318355,0.9863790314449218
sensor_comm,9103,s_lr,0.025,delayed,L4 failure,2.093845529683221,2.1047384488442846,0.9948245734917585
sensor_comm,9103,s_lr,0.025,delayed,L4 slip,1.2655166193827303,1.277072963060283,0.9909509135250503
sensor_comm,9103,s_lr,0.025,noisy,intact,0.8192462909431774,0.8128492081280061,1.0078699502333326
sensor_comm,9103,s_lr,0.025,noisy,L4 failure,2.093845529683221,2.090648988051651,1.0015289709797477
sensor_comm,9103,s_lr,0.025,noisy,L4 slip,1.2655166193827303,1.2609170885743561,1.0036477662568397
sensor_comm,9103,s_lr,0.025,stuck,intact,0.8192462909431774,0.8343374579791265,0.9819123942097698
sensor_comm,9103,s_lr,0.025,stuck,L4 failure,2.093845529683221,2.11272245650236,0.9910651175401476
sensor_comm,9103,s_lr,0.025,stuck,L4 slip,1.2655166193827303,1.2844242780621582,0.9852792733659984
sensor_comm,9103,s_lr,0.05,dropout,intact,0.7121243619421955,0.8149492192426979,0.8738266693524123
sensor_comm,9103,s_lr,0.05,dropout,L4 failure,2.0065127306670916,2.0997117005047032,0.9556134445432629
sensor_comm,9103,s_lr,0.05,dropout,L4 slip,1.1653078775898191,1.2665496951505895,0.9200648676096891
sensor_comm,9103,s_lr,0.05,intermittent,intact,0.7121243619421955,0.8602867698185059,0.8277755591806112
sensor_comm,9103,s_lr,0.05,intermittent,L4 failure,2.0065127306670916,2.127613766297331,0.9430812878030064
sensor_comm,9103,s_lr,0.05,intermittent,L4 slip,1.1653078775898191,1.3035802212611096,0.8939287805874171
sensor_comm,9103,s_lr,0.05,delayed,intact,0.7121243619421955,0.7299320852974663,0.9756035887256365
sensor_comm,9103,s_lr,0.05,delayed,L4 failure,2.0065127306670916,2.0242063514602173,0.9912589836602568
sensor_comm,9103,s_lr,0.05,delayed,L4 slip,1.1653078775898191,1.1832494581344348,0.9848370261898085
sensor_comm,9103,s_lr,0.05,noisy,intact,0.7121243619421955,0.7014741874368131,1.015182560807117
sensor_comm,9103,s_lr,0.05,noisy,L4 failure,2.0065127306670916,2.0007727004228095,1.0028689067194234
sensor_comm,9103,s_lr,0.05,noisy,L4 slip,1.1653078775898191,1.1579859382855862,1.0063229950055121
sensor_comm,9103,s_lr,0.05,stuck,intact,0.7121243619421955,0.7345551786094172,0.9694634013612355
sensor_comm,9103,s_lr,0.05,stuck,L4 failure,2.0065127306670916,2.0362600479339124,0.9853911992738826
sensor_comm,9103,s_lr,0.05,stuck,L4 slip,1.1653078775898191,1.1935552344472495,0.9763334313803147
sensor_comm,9103,s_lr,0.1,dropout,intact,0.569000882982893,0.70402122966973,0.8082155182306395
sensor_comm,9103,s_lr,0.1,dropout,L4 failure,1.8917140447118903,2.014750465213996,0.9389321791326464
sensor_comm,9103,s_lr,0.1,dropout,L4 slip,1.031697483420984,1.1651856171247967,0.885436164211152
sensor_comm,9103,s_lr,0.1,intermittent,intact,0.569000882982893,0.7808572692346456,0.7286874380264106
sensor_comm,9103,s_lr,0.1,intermittent,L4 failure,1.8917140447118903,2.062162839634179,0.9173446482274282
sensor_comm,9103,s_lr,0.1,intermittent,L4 slip,1.031697483420984,1.2271768029922345,0.8407081040852371
sensor_comm,9103,s_lr,0.1,delayed,intact,0.569000882982893,0.5877589739524709,0.968085402689071
sensor_comm,9103,s_lr,0.1,delayed,L4 failure,1.8917140447118903,1.9132116603730764,0.9887635978253477
sensor_comm,9103,s_lr,0.1,delayed,L4 slip,1.031697483420984,1.0518200732176293,0.980868790861646
sensor_comm,9103,s_lr,0.1,noisy,intact,0.569000882982893,0.5563057439998061,1.0228204348418364
sensor_comm,9103,s_lr,0.1,noisy,L4 failure,1.8917140447118903,1.882124544838329,1.0050950400173357
sensor_comm,9103,s_lr,0.1,noisy,L4 slip,1.031697483420984,1.0235115224899616,1.007997917708936
sensor_comm,9103,s_lr,0.1,stuck,intact,0.569000882982893,0.5867056177789163,0.969823478317716
sensor_comm,9103,s_lr,0.1,stuck,L4 failure,1.8917140447118903,1.9192087176608734,0.9856739536997865
sensor_comm,9103,s_lr,0.1,stuck,L4 slip,1.031697483420984,1.058074780257356,0.9750704795837245
sensor_comm,9103,s_lr,0.2,dropout,intact,0.5166347837111376,0.5480292165371271,0.9427139432011238
sensor_comm,9103,s_lr,0.2,dropout,L4 failure,1.7960226826738848,1.8884329568831675,0.9510651019553246
sensor_comm,9103,s_lr,0.2,dropout,L4 slip,0.9378265658113477,1.0217778105186626,0.9178380624015504
sensor_comm,9103,s_lr,0.2,intermittent,intact,0.5166347837111376,0.6527752336096266,0.7914436043388497
sensor_comm,9103,s_lr,0.2,intermittent,L4 failure,1.7960226826738848,1.9601847866724547,0.9162517201874391
sensor_comm,9103,s_lr,0.2,intermittent,L4 slip,0.9378265658113477,1.107272308749249,0.8469701250550521
sensor_comm,9103,s_lr,0.2,delayed,intact,0.5166347837111376,0.5247205399433233,0.9845903569296922
sensor_comm,9103,s_lr,0.2,delayed,L4 failure,1.7960226826738848,1.8138106422975095,0.9901930448477835
sensor_comm,9103,s_lr,0.2,delayed,L4 slip,0.9378265658113477,0.9500231977766681,0.9871617535299516
sensor_comm,9103,s_lr,0.2,noisy,intact,0.5166347837111376,0.5096341396209219,1.013736607393341
sensor_comm,9103,s_lr,0.2,noisy,L4 failure,1.7960226826738848,1.7858275059350266,1.00570893700818
sensor_comm,9103,s_lr,0.2,noisy,L4 slip,0.9378265658113477,0.9347432912345962,1.0032985254942874
sensor_comm,9103,s_lr,0.2,stuck,intact,0.5166347837111376,0.5227350559440802,0.9883300877498539
sensor_comm,9103,s_lr,0.2,stuck,L4 failure,1.7960226826738848,1.7930689663720862,1.0016472965386127
sensor_comm,9103,s_lr,0.2,stuck,L4 slip,0.9378265658113477,0.9393120929993429,0.9984184945567434
sensor_comm,9103,s_lr,0.4,dropout,intact,0.5914516144543418,0.4534320148467172,1.304388739851733
sensor_comm,9103,s_lr,0.4,dropout,L4 failure,1.7602410134355313,1.749990933108855,1.0058572191048254
sensor_comm,9103,s_lr,0.4,dropout,L4 slip,0.9419301729837976,0.8933082898063935,1.0544290070205682
sensor_comm,9103,s_lr,0.4,intermittent,intact,0.5914516144543418,0.5261302896962665,1.1241542751621183
sensor_comm,9103,s_lr,0.4,intermittent,L4 failure,1.7602410134355313,1.8491758558756959,0.9519056869807287
sensor_comm,9103,s_lr,0.4,intermittent,L4 slip,0.9419301729837976,0.9757289411077898,0.9653604943954834
sensor_comm,9103,s_lr,0.4,delayed,intact,0.5914516144543418,0.6122885004385825,0.9659688431690041
sensor_comm,9103,s_lr,0.4,delayed,L4 failure,1.7602410134355313,1.7735080040068145,0.9925193511721911
sensor_comm,9103,s_lr,0.4,delayed,L4 slip,0.9419301729837976,0.9549192827586944,0.9863976882555222
sensor_comm,9103,s_lr,0.4,noisy,intact,0.5914516144543418,0.5779457787235786,1.0233686899843641
sensor_comm,9103,s_lr,0.4,noisy,L4 failure,1.7602410134355313,1.7527230541240377,1.0042893024621342
sensor_comm,9103,s_lr,0.4,noisy,L4 slip,0.9419301729837976,0.9452525518240286,0.9964851945294197
sensor_comm,9103,s_lr,0.4,stuck,intact,0.5914516144543418,0.6882012794267957,0.8594166156548897
sensor_comm,9103,s_lr,0.4,stuck,L4 failure,1.7602410134355313,1.7490509822073652,1.0063977730449252
sensor_comm,9103,s_lr,0.4,stuck,L4 slip,0.9419301729837976,0.9676208134979974,0.9734496817804829
sensor_comm,9103,s_lr,1.0,dropout,intact,0.5935246649562002,0.5624498611738193,1.0552490202727198
sensor_comm,9103,s_lr,1.0,dropout,L4 failure,1.749634618676731,1.64900031602863,1.0610274611047157
sensor_comm,9103,s_lr,1.0,dropout,L4 slip,0.9448854106856384,0.8646384059489245,1.0928099008609782
sensor_comm,9103,s_lr,1.0,intermittent,intact,0.5935246649562002,0.5865775508756024,1.0118434707742012
sensor_comm,9103,s_lr,1.0,intermittent,L4 failure,1.749634618676731,1.7817302059952858,0.9819862809697241
sensor_comm,9103,s_lr,1.0,intermittent,L4 slip,0.9448854106856384,0.9401755755565027,1.005009527211285
sensor_comm,9103,s_lr,1.0,delayed,intact,0.5935246649562002,0.6217219188484361,0.9546465179409094
sensor_comm,9103,s_lr,1.0,delayed,L4 failure,1.749634618676731,1.7565293058513902,0.9960748237153281
sensor_comm,9103,s_lr,1.0,delayed,L4 slip,0.9448854106856384,0.9573163146451762,0.9870148416261502
sensor_comm,9103,s_lr,1.0,noisy,intact,0.5935246649562002,0.587010653880997,1.0110969213797671
sensor_comm,9103,s_lr,1.0,noisy,L4 failure,1.749634618676731,1.7762265941452475,0.9850289509479431
sensor_comm,9103,s_lr,1.0,noisy,L4 slip,0.9448854106856384,0.9942147851313005,0.9503835839263369
sensor_comm,9103,s_lr,1.0,stuck,intact,0.5935246649562002,0.8866000178915432,0.6694390401295992
sensor_comm,9103,s_lr,1.0,stuck,L4 failure,1.749634618676731,1.780764020761056,0.9825190751152862
sensor_comm,9103,s_lr,1.0,stuck,L4 slip,0.9448854106856384,1.040106379966342,0.9084507401216163
sensor_comm,9103,s_rl,0.0,dropout,intact,0.32235065302848653,0.32235065302848653,1.0
sensor_comm,9103,s_rl,0.0,dropout,L4 failure,1.6764608752787353,1.6764608752787353,1.0
sensor_comm,9103,s_rl,0.0,dropout,L4 slip,0.8025917029614383,0.8025917029614383,1.0
sensor_comm,9103,s_rl,0.0,intermittent,intact,0.32235065302848653,0.32235065302848653,1.0
sensor_comm,9103,s_rl,0.0,intermittent,L4 failure,1.6764608752787353,1.6764608752787353,1.0
sensor_comm,9103,s_rl,0.0,intermittent,L4 slip,0.8025917029614383,0.8025917029614383,1.0
sensor_comm,9103,s_rl,0.0,delayed,intact,0.32235065302848653,0.32235065302848653,1.0
sensor_comm,9103,s_rl,0.0,delayed,L4 failure,1.6764608752787353,1.6764608752787353,1.0
sensor_comm,9103,s_rl,0.0,delayed,L4 slip,0.8025917029614383,0.8025917029614383,1.0
sensor_comm,9103,s_rl,0.0,noisy,intact,0.32235065302848653,0.32235065302848653,1.0
sensor_comm,9103,s_rl,0.0,noisy,L4 failure,1.6764608752787353,1.6764608752787353,1.0
sensor_comm,9103,s_rl,0.0,noisy,L4 slip,0.8025917029614383,0.8025917029614383,1.0
sensor_comm,9103,s_rl,0.0,stuck,intact,0.32235065302848653,0.32235065302848653,1.0
sensor_comm,9103,s_rl,0.0,stuck,L4 failure,1.6764608752787353,1.6764608752787353,1.0
sensor_comm,9103,s_rl,0.0,stuck,L4 slip,0.8025917029614383,0.8025917029614383,1.0
sensor_comm,9103,s_rl,0.025,dropout,intact,0.32755372134214167,0.32024351186720756,1.0228270338165832
sensor_comm,9103,s_rl,0.025,dropout,L4 failure,1.6666976440547068,1.6693987778656756,0.9983819720927182
sensor_comm,9103,s_rl,0.025,dropout,L4 slip,0.7954662729154788,0.7935593660307185,1.0024029794951552
sensor_comm,9103,s_rl,0.025,intermittent,intact,0.32755372134214167,0.3240344315536305,1.0108608513349566
sensor_comm,9103,s_rl,0.025,intermittent,L4 failure,1.6666976440547068,1.6730616502085762,0.9961961914833944
sensor_comm,9103,s_rl,0.025,intermittent,L4 slip,0.7954662729154788,0.8004682055924286,0.9937512412835338
sensor_comm,9103,s_rl,0.025,delayed,intact,0.32755372134214167,0.32669224089594684,1.0026369785943867
sensor_comm,9103,s_rl,0.025,delayed,L4 failure,1.6666976440547068,1.667623427407276,0.9994448486766532
sensor_comm,9103,s_rl,0.025,delayed,L4 slip,0.7954662729154788,0.7955682786254842,0.999871782582657
sensor_comm,9103,s_rl,0.025,noisy,intact,0.32755372134214167,0.3254864676655799,1.0063512738068292
sensor_comm,9103,s_rl,0.025,noisy,L4 failure,1.6666976440547068,1.6640259602615857,1.0016055541541558
sensor_comm,9103,s_rl,0.025,noisy,L4 slip,0.7954662729154788,0.7929484859145097,1.003175221399238
sensor_comm,9103,s_rl,0.025,stuck,intact,0.32755372134214167,0.32715372130822273,1.001222666923425
sensor_comm,9103,s_rl,0.025,stuck,L4 failure,1.6666976440547068,1.6683874047866005,0.9989871892301238
sensor_comm,9103,s_rl,0.025,stuck,L4 slip,0.7954662729154788,0.7962993837673137,0.9989537718239924
sensor_comm,9103,s_rl,0.05,dropout,intact,0.33418846678192127,0.3190988569912405,1.047288197560341
sensor_comm,9103,s_rl,0.05,dropout,L4 failure,1.6594186532179058,1.6634296933418558,0.9975886927232304
sensor_comm,9103,s_rl,0.05,dropout,L4 slip,0.7906186522413517,0.7861475269218989,1.005687387120531
sensor_comm,9103,s_rl,0.05,intermittent,intact,0.33418846678192127,0.3258802800892937,1.0254945978638261
sensor_comm,9103,s_rl,0.05,intermittent,L4 failure,1.6594186532179058,1.6699801052215846,0.9936757019016837
sensor_comm,9103,s_rl,0.05,intermittent,L4 slip,0.7906186522413517,0.7986022690370318,0.990003012631924
sensor_comm,9103,s_rl,0.05,delayed,intact,0.33418846678192127,0.3323792169177432,1.0054433303049324
sensor_comm,9103,s_rl,0.05,delayed,L4 failure,1.6594186532179058,1.6607637590697863,0.9991900679163218
sensor_comm,9103,s_rl,0.05,delayed,L4 slip,0.7906186522413517,0.7904936634485199,1.0001581148573495
sensor_comm,9103,s_rl,0.05,noisy,intact,0.33418846678192127,0.3304438136496024,1.0113321931827408
sensor_comm,9103,s_rl,0.05,noisy,L4 failure,1.6594186532179058,1.654719185816638,1.0028400392293444
sensor_comm,9103,s_rl,0.05,noisy,L4 slip,0.7906186522413517,0.786396580829454,1.0053688832261256
sensor_comm,9103,s_rl,0.05,stuck,intact,0.33418846678192127,0.3339049472150578,1.0008491026240496
sensor_comm,9103,s_rl,0.05,stuck,L4 failure,1.6594186532179058,1.6618962584570123,0.9985091697351755
sensor_comm,9103,s_rl,0.05,stuck,L4 slip,0.7906186522413517,0.7921509462293834,0.9980656540330788
sensor_comm,9103,s_rl,0.1,dropout,intact,0.3511958348940101,0.31893894021571756,1.1011381509466207
sensor_comm,9103,s_rl,0.1,dropout,L4 failure,1.6499509375321213,1.6542731603962537,0.9973872375085279
sensor_comm,9103,s_rl,0.1,dropout,L4 slip,0.7859863402299538,0.7753164368878618,1.0137619981138557
sensor_comm,9103,s_rl,0.1,intermittent,intact,0.3511958348940101,0.33004862877979385,1.0640730009768515
sensor_comm,9103,s_rl,0.1,intermittent,L4 failure,1.6499509375321213,1.6646423107071702,0.9911744564699863
sensor_comm,9103,s_rl,0.1,intermittent,L4 slip,0.7859863402299538,0.7955717595322966,0.9879515339911287
sensor_comm,9103,s_rl,0.1,delayed,intact,0.3511958348940101,0.34751796972491206,1.0105832373848447
sensor_comm,9103,s_rl,0.1,delayed,L4 failure,1.6499509375321213,1.6513762821120266,0.9991368747417867
sensor_comm,9103,s_rl,0.1,delayed,L4 slip,0.7859863402299538,0.7849267110538404,1.001349972119933
sensor_comm,9103,s_rl,0.1,noisy,intact,0.3511958348940101,0.3452482695639277,1.0172269229259123
sensor_comm,9103,s_rl,0.1,noisy,L4 failure,1.6499509375321213,1.6427241204530294,1.0043992883461763
sensor_comm,9103,s_rl,0.1,noisy,L4 slip,0.7859863402299538,0.7802252673684814,1.00738385835786
sensor_comm,9103,s_rl,0.1,stuck,intact,0.3511958348940101,0.3535629237750548,0.9933050421244091
sensor_comm,9103,s_rl,0.1,stuck,L4 failure,1.6499509375321213,1.6527334773939368,0.9983164013436678
sensor_comm,9103,s_rl,0.1,stuck,L4 slip,0.7859863402299538,0.7891852958610819,0.9959465088263744
sensor_comm,9103,s_rl,0.2,dropout,intact,0.39497750753344196,0.3244674581190252,1.2173100804104409
sensor_comm,9103,s_rl,0.2,dropout,L4 failure,1.642563546786738,1.6444012888846373,0.9988824248008552
sensor_comm,9103,s_rl,0.2,dropout,L4 slip,0.789265209738695,0.765159313681085,1.031504414344301
sensor_comm,9103,s_rl,0.2,intermittent,intact,0.39497750753344196,0.3401937695483489,1.1610368645428915
sensor_comm,9103,s_rl,0.2,intermittent,L4 failure,1.642563546786738,1.6566514606057972,0.9914961510287098
sensor_comm,9103,s_rl,0.2,intermittent,L4 slip,0.789265209738695,0.7918945950211234,0.9966796271890728
sensor_comm,9103,s_rl,0.2,delayed,intact,0.39497750753344196,0.38953017973545767,1.0139843536685238
sensor_comm,9103,s_rl,0.2,delayed,L4 failure,1.642563546786738,1.6433533109282987,0.9995194191435837
sensor_comm,9103,s_rl,0.2,delayed,L4 slip,0.789265209738695,0.7863221893047277,1.0037427666089005
sensor_comm,9103,s_rl,0.2,noisy,intact,0.39497750753344196,0.38963374629538605,1.013714831656303
sensor_comm,9103,s_rl,0.2,noisy,L4 failure,1.642563546786738,1.6343562296344682,1.00502174312029
sensor_comm,9103,s_rl,0.2,noisy,L4 slip,0.789265209738695,0.7856665514593594,1.0045803888082687
sensor_comm,9103,s_rl,0.2,stuck,intact,0.39497750753344196,0.41685008305882504,0.9475289164754791
sensor_comm,9103,s_rl,0.2,stuck,L4 failure,1.642563546786738,1.6451451268422868,0.99843078886268
sensor_comm,9103,s_rl,0.2,stuck,L4 slip,0.789265209738695,0.799836702673766,0.9867829359421345
sensor_comm,9103,s_rl,0.4,dropout,intact,0.48515527851865015,0.35575296571073967,1.3637420493442256
sensor_comm,9103,s_rl,0.4,dropout,L4 failure,1.6444128712709787,1.6448116288623589,0.9997575664079807
sensor_comm,9103,s_rl,0.4,dropout,L4 slip,0.8145829821749248,0.7710822145667193,1.056415213302059
sensor_comm,9103,s_rl,0.4,intermittent,intact,0.48515527851865015,0.36653499399574796,1.3236260833645757
sensor_comm,9103,s_rl,0.4,intermittent,L4 failure,1.6444128712709787,1.6480560784291562,0.9977893912677717
sensor_comm,9103,s_rl,0.4,intermittent,L4 slip,0.8145829821749248,0.7915554025820175,1.0290915576064446
sensor_comm,9103,s_rl,0.4,delayed,intact,0.48515527851865015,0.4892853352946894,0.9915590015107405
sensor_comm,9103,s_rl,0.4,delayed,L4 failure,1.6444128712709787,1.6453941931500928,0.9994035946624831
sensor_comm,9103,s_rl,0.4,delayed,L4 slip,0.8145829821749248,0.8131309203193929,1.0017857663744498
sensor_comm,9103,s_rl,0.4,noisy,intact,0.48515527851865015,0.496152490456394,0.9778350161507244
sensor_comm,9103,s_rl,0.4,noisy,L4 failure,1.6444128712709787,1.6439512964101937,1.000280771615189
sensor_comm,9103,s_rl,0.4,noisy,L4 slip,0.8145829821749248,0.8276445740557523,0.984218356175742
sensor_comm,9103,s_rl,0.4,stuck,intact,0.48515527851865015,0.6081391535539213,0.7977701742823788
sensor_comm,9103,s_rl,0.4,stuck,L4 failure,1.6444128712709787,1.652174530765679,0.9953021552201853
sensor_comm,9103,s_rl,0.4,stuck,L4 slip,0.8145829821749248,0.8660805319792144,0.940539536564106
sensor_comm,9103,s_rl,1.0,dropout,intact,0.5909846961630778,0.5664048938499272,1.0433961686772841
sensor_comm,9103,s_rl,1.0,dropout,L4 failure,1.6545666611575853,1.6909071164518195,0.9785083077948773
sensor_comm,9103,s_rl,1.0,dropout,L4 slip,0.8620228929676645,0.864083380367008,0.9976154067464319
sensor_comm,9103,s_rl,1.0,intermittent,intact,0.5909846961630778,0.46455020263562635,1.2721654038898813
sensor_comm,9103,s_rl,1.0,intermittent,L4 failure,1.6545666611575853,1.6473266933690591,1.0043949799500422
sensor_comm,9103,s_rl,1.0,intermittent,L4 slip,0.8620228929676645,0.8172024693584875,1.054846167614204
sensor_comm,9103,s_rl,1.0,delayed,intact,0.5909846961630778,0.6432893238567179,0.9186919077405828
sensor_comm,9103,s_rl,1.0,delayed,L4 failure,1.6545666611575853,1.6582127133965188,0.9978012156043207
sensor_comm,9103,s_rl,1.0,delayed,L4 slip,0.8620228929676645,0.880548650952915,0.9789611193371289
sensor_comm,9103,s_rl,1.0,noisy,intact,0.5909846961630778,0.6573519979820807,0.8990384116535202
sensor_comm,9103,s_rl,1.0,noisy,L4 failure,1.6545666611575853,1.7068055202831267,0.9693937835888439
sensor_comm,9103,s_rl,1.0,noisy,L4 slip,0.8620228929676645,0.9456504746412783,0.9115660765619169
sensor_comm,9103,s_rl,1.0,stuck,intact,0.5909846961630778,1.157318382315529,0.5106500555021452
sensor_comm,9103,s_rl,1.0,stuck,L4 failure,1.6545666611575853,1.6806090497588528,0.9845041959014773
sensor_comm,9103,s_rl,1.0,stuck,L4 slip,0.8620228929676645,1.1176766277488395,0.7712632362223606
sensor_comm,9103,sine,0.0,dropout,intact,1.0641036867244937,1.0641036867244937,1.0
sensor_comm,9103,sine,0.0,dropout,L4 failure,2.288298910467856,2.288298910467856,1.0
sensor_comm,9103,sine,0.0,dropout,L4 slip,1.5251789116731582,1.5251789116731582,1.0
sensor_comm,9103,sine,0.0,intermittent,intact,1.0641036867244937,1.0641036867244937,1.0
sensor_comm,9103,sine,0.0,intermittent,L4 failure,2.288298910467856,2.288298910467856,1.0
sensor_comm,9103,sine,0.0,intermittent,L4 slip,1.5251789116731582,1.5251789116731582,1.0
sensor_comm,9103,sine,0.0,delayed,intact,1.0641036867244937,1.0641036867244937,1.0
sensor_comm,9103,sine,0.0,delayed,L4 failure,2.288298910467856,2.288298910467856,1.0
sensor_comm,9103,sine,0.0,delayed,L4 slip,1.5251789116731582,1.5251789116731582,1.0
sensor_comm,9103,sine,0.0,noisy,intact,1.0641036867244937,1.0641036867244937,1.0
sensor_comm,9103,sine,0.0,noisy,L4 failure,2.288298910467856,2.288298910467856,1.0
sensor_comm,9103,sine,0.0,noisy,L4 slip,1.5251789116731582,1.5251789116731582,1.0
sensor_comm,9103,sine,0.0,stuck,intact,1.0641036867244937,1.0641036867244937,1.0
sensor_comm,9103,sine,0.0,stuck,L4 failure,2.288298910467856,2.288298910467856,1.0
sensor_comm,9103,sine,0.0,stuck,L4 slip,1.5251789116731582,1.5251789116731582,1.0
sensor_comm,9103,sine,0.025,dropout,intact,0.9065069533834121,0.946036459597573,0.9582156630295454
sensor_comm,9103,sine,0.025,dropout,L4 failure,2.161142641065515,2.2054886799387305,0.9798928739573274
sensor_comm,9103,sine,0.025,dropout,L4 slip,1.3676359769288666,1.4137284437011133,0.9673965201891408
sensor_comm,9103,sine,0.025,intermittent,intact,0.9065069533834121,1.0079731228293671,0.8993364335339212
sensor_comm,9103,sine,0.025,intermittent,L4 failure,2.161142641065515,2.242656933344932,0.9636528034816995
sensor_comm,9103,sine,0.025,intermittent,L4 slip,1.3676359769288666,1.4695213521075954,0.9306676456026963
sensor_comm,9103,sine,0.025,delayed,intact,0.9065069533834121,0.9171201422612014,0.9884277005937063
sensor_comm,9103,sine,0.025,delayed,L4 failure,2.161142641065515,2.17137434081076,0.9952879153295028
sensor_comm,9103,sine,0.025,delayed,L4 slip,1.3676359769288666,1.3790483043688275,0.9917244904302434
sensor_comm,9103,sine,0.025,noisy,intact,0.9065069533834121,0.9000192770504285,1.0072083748630865
sensor_comm,9103,sine,0.025,noisy,L4 failure,2.161142641065515,2.1571955385212433,1.001829737950866
sensor_comm,9103,sine,0.025,noisy,L4 slip,1.3676359769288666,1.3626926997756565,1.00362758027105
sensor_comm,9103,sine,0.025,stuck,intact,0.9065069533834121,0.9110113194695117,0.995055642021306
sensor_comm,9103,sine,0.025,stuck,L4 failure,2.161142641065515,2.1717457838335745,0.9951176869562777
sensor_comm,9103,sine,0.025,stuck,L4 slip,1.3676359769288666,1.3749431961239402,0.994685439212563
sensor_comm,9103,sine,0.05,dropout,intact,0.7821989365920995,0.8418821560011039,0.9291073946827706
sensor_comm,9103,sine,0.05,dropout,L4 failure,2.0646709754910963,2.1327500927832723,0.968079186810241
sensor_comm,9103,sine,0.05,dropout,L4 slip,1.2454457320854098,1.3158647705707913,0.9464845932041821
sensor_comm,9103,sine,0.05,intermittent,intact,0.7821989365920995,0.955616167224437,0.8185283625579259
sensor_comm,9103,sine,0.05,intermittent,L4 failure,2.0646709754910963,2.2004982007584117,0.9382743302309895
sensor_comm,9103,sine,0.05,intermittent,L4 slip,1.2454457320854098,1.4179666829876292,0.878332154787501
sensor_comm,9103,sine,0.05,delayed,intact,0.7821989365920995,0.7975065336121265,0.9808056782297511
sensor_comm,9103,sine,0.05,delayed,L4 failure,2.0646709754910963,2.0798638532247367,0.9926952537253415
sensor_comm,9103,sine,0.05,delayed,L4 slip,1.2454457320854098,1.2620790486017535,0.9868207014966522
sensor_comm,9103,sine,0.05,noisy,intact,0.7821989365920995,0.7712905816682427,1.0141429899225047
sensor_comm,9103,sine,0.05,noisy,L4 failure,2.0646709754910963,2.0576521744386143,1.003411072648562
sensor_comm,9103,sine,0.05,noisy,L4 slip,1.2454457320854098,1.237456525991464,1.006456150924207
sensor_comm,9103,sine,0.05,stuck,intact,0.7821989365920995,0.7848182707362847,0.9966624959664511
sensor_comm,9103,sine,0.05,stuck,L4 failure,2.0646709754910963,2.076994319267181,0.9940667417037362
sensor_comm,9103,sine,0.05,stuck,L4 slip,1.2454457320854098,1.2523396612392201,0.9944951602451138
sensor_comm,9103,sine,0.1,dropout,intact,0.6192464301335467,0.6752463812923262,0.9170673805735864
sensor_comm,9103,sine,0.1,dropout,L4 failure,1.9391095538049463,2.0141711779948515,0.9627332448155521
sensor_comm,9103,sine,0.1,dropout,L4 slip,1.0841146868160014,1.1584471650068928,0.9358343820622591
sensor_comm,9103,sine,0.1,intermittent,intact,0.6192464301335467,0.8618638837532275,0.7184967856372688
sensor_comm,9103,sine,0.1,intermittent,L4 failure,1.9391095538049463,2.1264391578877535,0.9119045549044128
sensor_comm,9103,sine,0.1,intermittent,L4 slip,1.0841146868160014,1.3265498936354585,0.8172438081804413
sensor_comm,9103,sine,0.1,delayed,intact,0.6192464301335467,0.6331791067626769,0.9779956785049886
sensor_comm,9103,sine,0.1,delayed,L4 failure,1.9391095538049463,1.9552236680038952,0.9917584292464094
sensor_comm,9103,sine,0.1,delayed,L4 slip,1.0841146868160014,1.1006733259896404,0.9849559003723919
sensor_comm,9103,sine,0.1,noisy,intact,0.6192464301335467,0.6053491826664692,1.022957406840565
sensor_comm,9103,sine,0.1,noisy,L4 failure,1.9391095538049463,1.929246797888903,1.0051122313261507
sensor_comm,9103,sine,0.1,noisy,L4 slip,1.0841146868160014,1.074605936869767,1.0088485924188477
sensor_comm,9103,sine,0.1,stuck,intact,0.6192464301335467,0.6139232547390809,1.0086707505431247
sensor_comm,9103,sine,0.1,stuck,L4 failure,1.9391095538049463,1.9424488334948802,0.9982808918143158
sensor_comm,9103,sine,0.1,stuck,L4 slip,1.0841146868160014,1.082839986729438,1.0011771823188886
sensor_comm,9103,sine,0.2,dropout,intact,0.5061177173392057,0.5063064507827129,0.9996272347642118
sensor_comm,9103,sine,0.2,dropout,L4 failure,1.8243022858521598,1.8613976341481397,0.9800712391509209
sensor_comm,9103,sine,0.2,dropout,L4 slip,0.9510790643514822,0.9737135842136867,0.9767544376198851
sensor_comm,9103,sine,0.2,intermittent,intact,0.5061177173392057,0.7155050472047135,0.7073572986193067
sensor_comm,9103,sine,0.2,intermittent,L4 failure,1.8243022858521598,2.015356457206221,0.9052008042195626
sensor_comm,9103,sine,0.2,intermittent,L4 slip,0.9510790643514822,1.185421471575672,0.8023130060967262
sensor_comm,9103,sine,0.2,delayed,intact,0.5061177173392057,0.513030748787959,0.9865251128415103
sensor_comm,9103,sine,0.2,delayed,L4 failure,1.8243022858521598,1.8339205798869025,0.9947553377500481
sensor_comm,9103,sine,0.2,delayed,L4 slip,0.9510790643514822,0.9593528987726072,0.9913756090884693
sensor_comm,9103,sine,0.2,noisy,intact,0.5061177173392057,0.49776597755285223,1.0167784464245886
sensor_comm,9103,sine,0.2,noisy,L4 failure,1.8243022858521598,1.8148741687089942,1.005194915055666
sensor_comm,9103,sine,0.2,noisy,L4 slip,0.9510790643514822,0.947143170129461,1.00415554305426
sensor_comm,9103,sine,0.2,stuck,intact,0.5061177173392057,0.5280214559290031,0.9585173323094233
sensor_comm,9103,sine,0.2,stuck,L4 failure,1.8243022858521598,1.819023370511856,1.0029020602076257
sensor_comm,9103,sine,0.2,stuck,L4 slip,0.9510790643514822,0.9583662059255389,0.9923962870049041
sensor_comm,9103,sine,0.4,dropout,intact,0.4675207716929625,0.5368903089526138,0.870793836091063
sensor_comm,9103,sine,0.4,dropout,L4 failure,1.7602747828178458,1.7430217081303425,1.00989837051772
sensor_comm,9103,sine,0.4,dropout,L4 slip,0.8916161879424731,0.8956102537384227,0.9955403974225644
sensor_comm,9103,sine,0.4,intermittent,intact,0.4675207716929625,0.5582269692783269,0.8375101838905616
sensor_comm,9103,sine,0.4,intermittent,L4 failure,1.7602747828178458,1.8891653246955755,0.931773815561378
sensor_comm,9103,sine,0.4,intermittent,L4 slip,0.8916161879424731,1.0270259395989385,0.8681535232602363
sensor_comm,9103,sine,0.4,delayed,intact,0.4675207716929625,0.47467551975776834,0.9849270759350367
sensor_comm,9103,sine,0.4,delayed,L4 failure,1.7602747828178458,1.7598801077557469,1.000224262471267
sensor_comm,9103,sine,0.4,delayed,L4 slip,0.8916161879424731,0.89315662924514,0.998275284253369
sensor_comm,9103,sine,0.4,noisy,intact,0.4675207716929625,0.4700379937042147,0.9946446414014009
sensor_comm,9103,sine,0.4,noisy,L4 failure,1.7602747828178458,1.7589917623976887,1.0007294067246841
sensor_comm,9103,sine,0.4,noisy,L4 slip,0.8916161879424731,0.9042474622529493,0.9860311752725243
sensor_comm,9103,sine,0.4,stuck,intact,0.4675207716929625,0.5355508325118763,0.8729717952265434
sensor_comm,9103,sine,0.4,stuck,L4 failure,1.7602747828178458,1.7688869043453876,0.9951313328701876
sensor_comm,9103,sine,0.4,stuck,L4 slip,0.8916161879424731,0.9381017274180617,0.9504472296373114
sensor_comm,9103,sine,1.0,dropout,intact,0.48279368863567446,0.5459868802693968,0.8842587726603577
sensor_comm,9103,sine,1.0,dropout,L4 failure,1.7483457647046492,1.7030994242338537,1.026567057581591
sensor_comm,9103,sine,1.0,dropout,L4 slip,0.8852110743209523,0.898081942216967,0.9856684927165529
sensor_comm,9103,sine,1.0,intermittent,intact,0.48279368863567446,0.47791069032032374,1.0102173866671151
sensor_comm,9103,sine,1.0,intermittent,L4 failure,1.7483457647046492,1.7773564381643303,0.983677627719039
sensor_comm,9103,sine,1.0,intermittent,L4 slip,0.8852110743209523,0.9243219839707695,0.957686920436749
sensor_comm,9103,sine,1.0,delayed,intact,0.48279368863567446,0.4932153466554488,0.9788699640219128
sensor_comm,9103,sine,1.0,delayed,L4 failure,1.7483457647046492,1.7454695276438035,1.0016478300052183
sensor_comm,9103,sine,1.0,delayed,L4 slip,0.8852110743209523,0.8848095867248432,1.0004537559291091
sensor_comm,9103,sine,1.0,noisy,intact,0.48279368863567446,0.5513594725132878,0.8756423217595833
sensor_comm,9103,sine,1.0,noisy,L4 failure,1.7483457647046492,1.7993336815588414,0.9716628897815001
sensor_comm,9103,sine,1.0,noisy,L4 slip,0.8852110743209523,0.9728287130969993,0.9099351842760517
sensor_comm,9103,sine,1.0,stuck,intact,0.48279368863567446,0.5598398086215802,0.8623782753577202
sensor_comm,9103,sine,1.0,stuck,L4 failure,1.7483457647046492,1.7147899072178205,1.0195684948608497
sensor_comm,9103,sine,1.0,stuck,L4 slip,0.8852110743209523,0.8677508306210647,1.0201212641737156
sensor_comm,9103,chirp,0.0,dropout,intact,1.2502279188684686,1.2502279188684686,1.0
sensor_comm,9103,chirp,0.0,dropout,L4 failure,2.472683773943266,2.472683773943266,1.0
sensor_comm,9103,chirp,0.0,dropout,L4 slip,1.703451021702635,1.703451021702635,1.0
sensor_comm,9103,chirp,0.0,intermittent,intact,1.2502279188684686,1.2502279188684686,1.0
sensor_comm,9103,chirp,0.0,intermittent,L4 failure,2.472683773943266,2.472683773943266,1.0
sensor_comm,9103,chirp,0.0,intermittent,L4 slip,1.703451021702635,1.703451021702635,1.0
sensor_comm,9103,chirp,0.0,delayed,intact,1.2502279188684686,1.2502279188684686,1.0
sensor_comm,9103,chirp,0.0,delayed,L4 failure,2.472683773943266,2.472683773943266,1.0
sensor_comm,9103,chirp,0.0,delayed,L4 slip,1.703451021702635,1.703451021702635,1.0
sensor_comm,9103,chirp,0.0,noisy,intact,1.2502279188684686,1.2502279188684686,1.0
sensor_comm,9103,chirp,0.0,noisy,L4 failure,2.472683773943266,2.472683773943266,1.0
sensor_comm,9103,chirp,0.0,noisy,L4 slip,1.703451021702635,1.703451021702635,1.0
sensor_comm,9103,chirp,0.0,stuck,intact,1.2502279188684686,1.2502279188684686,1.0
sensor_comm,9103,chirp,0.0,stuck,L4 failure,2.472683773943266,2.472683773943266,1.0
sensor_comm,9103,chirp,0.0,stuck,L4 slip,1.703451021702635,1.703451021702635,1.0
sensor_comm,9103,chirp,0.025,dropout,intact,1.0778789088642657,1.134576338105493,0.9500276646559541
sensor_comm,9103,chirp,0.025,dropout,L4 failure,2.3304654692913664,2.3882411716888226,0.9758082629667587
sensor_comm,9103,chirp,0.025,dropout,L4 slip,1.5320686348722663,1.5939282959745398,0.9611904366974977
sensor_comm,9103,chirp,0.025,intermittent,intact,1.0778789088642657,1.1890648983796752,0.9064929175296308
sensor_comm,9103,chirp,0.025,intermittent,L4 failure,2.3304654692913664,2.421958349042984,0.9622235948905686
sensor_comm,9103,chirp,0.025,intermittent,L4 slip,1.5320686348722663,1.6427027868312862,0.9326511449022199
sensor_comm,9103,chirp,0.025,delayed,intact,1.0778789088642657,1.0909359352650927,0.9880313536489619
sensor_comm,9103,chirp,0.025,delayed,L4 failure,2.3304654692913664,2.342844494823737,0.9947162410652006
sensor_comm,9103,chirp,0.025,delayed,L4 slip,1.5320686348722663,1.5457947114643464,0.9911203754998765
sensor_comm,9103,chirp,0.025,noisy,intact,1.0778789088642657,1.071145003492438,1.0062866421911807
sensor_comm,9103,chirp,0.025,noisy,L4 failure,2.3304654692913664,2.32655578177739,1.0016804615408748
sensor_comm,9103,chirp,0.025,noisy,L4 slip,1.5320686348722663,1.5269630866426775,1.0033435963673583
sensor_comm,9103,chirp,0.025,stuck,intact,1.0778789088642657,1.0844814194889056,0.9939118268824269
sensor_comm,9103,chirp,0.025,stuck,L4 failure,2.3304654692913664,2.3432561327649357,0.9945415000542528
sensor_comm,9103,chirp,0.025,stuck,L4 slip,1.5320686348722663,1.5421761875670221,0.9934459157285382
sensor_comm,9103,chirp,0.05,dropout,intact,0.9398564363536301,1.0310000577888372,0.9115968803816745
sensor_comm,9103,chirp,0.05,dropout,L4 failure,2.219418703027508,2.312776472758969,0.9596338985496112
sensor_comm,9103,chirp,0.05,dropout,L4 slip,1.3976386259101172,1.4963857523092354,0.9340095785817722
sensor_comm,9103,chirp,0.05,intermittent,intact,0.9398564363536301,1.1317378911382723,0.8304541570207101
sensor_comm,9103,chirp,0.05,intermittent,L4 failure,2.219418703027508,2.374759636115079,0.9345866711202416
sensor_comm,9103,chirp,0.05,intermittent,L4 slip,1.3976386259101172,1.5861786309612176,0.8811357047870164
sensor_comm,9103,chirp,0.05,delayed,intact,0.9398564363536301,0.9595225360695396,0.979504285749799
sensor_comm,9103,chirp,0.05,delayed,L4 failure,2.219418703027508,2.2386369120278404,0.9914152183871014
sensor_comm,9103,chirp,0.05,delayed,L4 slip,1.3976386259101172,1.4182822323061122,0.9854446414643236
sensor_comm,9103,chirp,0.05,noisy,intact,0.9398564363536301,0.9285717572808722,1.012152727007122
sensor_comm,9103,chirp,0.05,noisy,L4 failure,2.219418703027508,2.2121955906092077,1.0032651328159963
sensor_comm,9103,chirp,0.05,noisy,L4 slip,1.3976386259101172,1.3893110688335395,1.005994019095788
sensor_comm,9103,chirp,0.05,stuck,intact,0.9398564363536301,0.9455274365489336,0.9940022891181224
sensor_comm,9103,chirp,0.05,stuck,L4 failure,2.219418703027508,2.2365077873813375,0.9923590320363522
sensor_comm,9103,chirp,0.05,stuck,L4 slip,1.3976386259101172,1.4087692650785772,0.9920990332168844
sensor_comm,9103,chirp,0.1,dropout,intact,0.7543568582297825,0.8592228359446221,0.8779525248539852
sensor_comm,9103,chirp,0.1,dropout,L4 failure,2.0740618490975042,2.1861872669128504,0.9487118878092817
sensor_comm,9103,chirp,0.1,dropout,L4 slip,1.2182554061850355,1.335023628148315,0.9125347151156885
sensor_comm,9103,chirp,0.1,intermittent,intact,0.7543568582297825,1.0283382449274652,0.7335688057415308
sensor_comm,9103,chirp,0.1,intermittent,L4 failure,2.0740618490975042,2.2907587859005454,0.905403860879288
sensor_comm,9103,chirp,0.1,intermittent,L4 slip,1.2182554061850355,1.4853750987043548,0.8201668435452302
sensor_comm,9103,chirp,0.1,delayed,intact,0.7543568582297825,0.7745877369847475,0.9738817466518149
sensor_comm,9103,chirp,0.1,delayed,L4 failure,2.0740618490975042,2.0962805917898564,0.9894008737287496
sensor_comm,9103,chirp,0.1,delayed,L4 slip,1.2182554061850355,1.240423374216144,0.9821287082363174
sensor_comm,9103,chirp,0.1,noisy,intact,0.7543568582297825,0.7399376516616083,1.0194870561537102
sensor_comm,9103,chirp,0.1,noisy,L4 failure,2.0740618490975042,2.063232160538526,1.005248894800162
sensor_comm,9103,chirp,0.1,noisy,L4 slip,1.2182554061850355,1.208419995563995,1.0081390664314935
sensor_comm,9103,chirp,0.1,stuck,intact,0.7543568582297825,0.7512701291439532,1.0041086807076258
sensor_comm,9103,chirp,0.1,stuck,L4 failure,2.0740618490975042,2.0824940387515887,0.9959509177470974
sensor_comm,9103,chirp,0.1,stuck,L4 slip,1.2182554061850355,1.2210007163243948,0.9977515900665287
sensor_comm,9103,chirp,0.2,dropout,intact,0.6257552386374282,0.6501665673786575,0.9624537311420811
sensor_comm,9103,chirp,0.2,dropout,L4 failure,1.9417273629979301,2.012105106614793,0.9650228293812803
sensor_comm,9103,chirp,0.2,dropout,L4 slip,1.0732125388084959,1.1283596266390388,0.9511263195451211
sensor_comm,9103,chirp,0.2,intermittent,intact,0.6257552386374282,0.86444820589034,0.7238782316552216
sensor_comm,9103,chirp,0.2,intermittent,L4 failure,1.9417273629979301,2.161783339596836,0.8982062760091649
sensor_comm,9103,chirp,0.2,intermittent,L4 slip,1.0732125388084959,1.3281838890488973,0.808030083527828
sensor_comm,9103,chirp,0.2,delayed,intact,0.6257552386374282,0.6380752338292044,0.9806919395416092
sensor_comm,9103,chirp,0.2,delayed,L4 failure,1.9417273629979301,1.9587379239001401,0.9913155503374645
sensor_comm,9103,chirp,0.2,delayed,L4 slip,1.0732125388084959,1.0874080620293736,0.9869455416815788
sensor_comm,9103,chirp,0.2,noisy,intact,0.6257552386374282,0.6167361617203705,1.0146238821020308
sensor_comm,9103,chirp,0.2,noisy,L4 failure,1.9417273629979301,1.9306645872981207,1.0057300350214076
sensor_comm,9103,chirp,0.2,noisy,L4 slip,1.0732125388084959,1.0688911370424763,1.0040428829618482
sensor_comm,9103,chirp,0.2,stuck,intact,0.6257552386374282,0.6595245968195005,0.9487974241674654
sensor_comm,9103,chirp,0.2,stuck,L4 failure,1.9417273629979301,1.9440682249969856,0.9987958951394007
sensor_comm,9103,chirp,0.2,stuck,L4 slip,1.0732125388084959,1.0892638128143457,0.9852641079075436
sensor_comm,9103,chirp,0.4,dropout,intact,0.6051929317831194,0.6040617080807829,1.0018726955991477
sensor_comm,9103,chirp,0.4,dropout,L4 failure,1.8669555506564506,1.8559556111737556,1.005926833280101
sensor_comm,9103,chirp,0.4,dropout,L4 slip,1.0185715982940966,1.0037318665855262,1.0147845577116645
sensor_comm,9103,chirp,0.4,intermittent,intact,0.6051929317831194,0.6836114053790169,0.8852879384708047
sensor_comm,9103,chirp,0.4,intermittent,L4 failure,1.8669555506564506,2.0159865381425925,0.9260754054322952
sensor_comm,9103,chirp,0.4,intermittent,L4 slip,1.0185715982940966,1.150642804162279,0.885219630809462
sensor_comm,9103,chirp,0.4,delayed,intact,0.6051929317831194,0.6263109205177729,0.9662819407376847
sensor_comm,9103,chirp,0.4,delayed,L4 failure,1.8669555506564506,1.8764452350206398,0.9949427331066847
sensor_comm,9103,chirp,0.4,delayed,L4 slip,1.0185715982940966,1.0311521840747675,0.9877994868507608
sensor_comm,9103,chirp,0.4,noisy,intact,0.6051929317831194,0.6013678650049517,1.006360610536009
sensor_comm,9103,chirp,0.4,noisy,L4 failure,1.8669555506564506,1.8613684708122833,1.0030015979811504
sensor_comm,9103,chirp,0.4,noisy,L4 slip,1.0185715982940966,1.0272884982748678,0.9915146524122391
sensor_comm,9103,chirp,0.4,stuck,intact,0.6051929317831194,0.7753186637860234,0.7805731501778265
sensor_comm,9103,chirp,0.4,stuck,L4 failure,1.8669555506564506,1.9266469007186715,0.9690180125689066
sensor_comm,9103,chirp,0.4,stuck,L4 slip,1.0185715982940966,1.136591086233079,0.896163634073424
sensor_comm,9103,chirp,1.0,dropout,intact,0.555384358906912,0.7046628163688194,0.7881561876201293
sensor_comm,9103,chirp,1.0,dropout,L4 failure,1.8258492773275603,1.7835850346733697,1.0236962308118551
sensor_comm,9103,chirp,1.0,dropout,L4 slip,0.9782010346567074,1.0201563437301258,0.9588736478175376
sensor_comm,9103,chirp,1.0,intermittent,intact,0.555384358906912,0.6152915992294107,0.9026360177881083
sensor_comm,9103,chirp,1.0,intermittent,L4 failure,1.8258492773275603,1.8877335095365957,0.967217707427238
sensor_comm,9103,chirp,1.0,intermittent,L4 slip,0.9782010346567074,1.0469094537523707,0.9343702372259644
sensor_comm,9103,chirp,1.0,delayed,intact,0.555384358906912,0.5621365597387274,0.987988326475414
sensor_comm,9103,chirp,1.0,delayed,L4 failure,1.8258492773275603,1.8282129213514111,0.9987071286958722
sensor_comm,9103,chirp,1.0,delayed,L4 slip,0.9782010346567074,0.9819276614092691,0.9962047848339324
sensor_comm,9103,chirp,1.0,noisy,intact,0.555384358906912,0.5992329837396537,0.9268254151180161
sensor_comm,9103,chirp,1.0,noisy,L4 failure,1.8258492773275603,1.864561367412793,0.9792379640800193
sensor_comm,9103,chirp,1.0,noisy,L4 slip,0.9782010346567074,1.0523117966917257,0.9295733809427882
sensor_comm,9103,chirp,1.0,stuck,intact,0.555384358906912,0.6574541871900672,0.8447499000357764
sensor_comm,9103,chirp,1.0,stuck,L4 failure,1.8258492773275603,1.9311111964179268,0.9454915287707824
sensor_comm,9103,chirp,1.0,stuck,L4 slip,0.9782010346567074,1.0744890490975858,0.9103871607423581
sensor_comm,9104,straight,0.0,dropout,intact,0.2545453260219901,0.2545453260219901,1.0
sensor_comm,9104,straight,0.0,dropout,L4 failure,1.7413587157177717,1.7413587157177717,1.0
sensor_comm,9104,straight,0.0,dropout,L4 slip,0.6494053947323414,0.6494053947323414,1.0
sensor_comm,9104,straight,0.0,intermittent,intact,0.2545453260219901,0.2545453260219901,1.0
sensor_comm,9104,straight,0.0,intermittent,L4 failure,1.7413587157177717,1.7413587157177717,1.0
sensor_comm,9104,straight,0.0,intermittent,L4 slip,0.6494053947323414,0.6494053947323414,1.0
sensor_comm,9104,straight,0.0,delayed,intact,0.2545453260219901,0.2545453260219901,1.0
sensor_comm,9104,straight,0.0,delayed,L4 failure,1.7413587157177717,1.7413587157177717,1.0
sensor_comm,9104,straight,0.0,delayed,L4 slip,0.6494053947323414,0.6494053947323414,1.0
sensor_comm,9104,straight,0.0,noisy,intact,0.2545453260219901,0.2545453260219901,1.0
sensor_comm,9104,straight,0.0,noisy,L4 failure,1.7413587157177717,1.7413587157177717,1.0
sensor_comm,9104,straight,0.0,noisy,L4 slip,0.6494053947323414,0.6494053947323414,1.0
sensor_comm,9104,straight,0.0,stuck,intact,0.2545453260219901,0.2545453260219901,1.0
sensor_comm,9104,straight,0.0,stuck,L4 failure,1.7413587157177717,1.7413587157177717,1.0
sensor_comm,9104,straight,0.0,stuck,L4 slip,0.6494053947323414,0.6494053947323414,1.0
sensor_comm,9104,straight,0.025,dropout,intact,0.2554144517699576,0.25582927483754225,0.9983785160324279
sensor_comm,9104,straight,0.025,dropout,L4 failure,1.6409060381225082,1.7195270264824516,0.9542775500767939
sensor_comm,9104,straight,0.025,dropout,L4 slip,0.5980962485379772,0.6296687542035304,0.9498585479193907
sensor_comm,9104,straight,0.025,intermittent,intact,0.2554144517699576,0.2548176396194628,1.0023421147428648
sensor_comm,9104,straight,0.025,intermittent,L4 failure,1.6409060381225082,1.7071752395321504,0.9611819572618666
sensor_comm,9104,straight,0.025,intermittent,L4 slip,0.5980962485379772,0.6318207247985329,0.9466233459320136
sensor_comm,9104,straight,0.025,delayed,intact,0.2554144517699576,0.2554874133751139,0.9997144219192936
sensor_comm,9104,straight,0.025,delayed,L4 failure,1.6409060381225082,1.6540686776688525,0.9920422654004337
sensor_comm,9104,straight,0.025,delayed,L4 slip,0.5980962485379772,0.603734926665011,0.9906603413551348
sensor_comm,9104,straight,0.025,noisy,intact,0.2554144517699576,0.257763509166805,0.9908867729010963
sensor_comm,9104,straight,0.025,noisy,L4 failure,1.6409060381225082,1.6318372505873289,1.0055574093138977
sensor_comm,9104,straight,0.025,noisy,L4 slip,0.5980962485379772,0.5898965149516747,1.0139002916248356
sensor_comm,9104,straight,0.025,stuck,intact,0.2554144517699576,0.25571780365400276,0.9988137240359861
sensor_comm,9104,straight,0.025,stuck,L4 failure,1.6409060381225082,1.6846102338519011,0.9740567907928102
sensor_comm,9104,straight,0.025,stuck,L4 slip,0.5980962485379772,0.613175406506073,0.975408084198911
sensor_comm,9104,straight,0.05,dropout,intact,0.25578413473913447,0.2569413934657526,0.9954960206644462
sensor_comm,9104,straight,0.05,dropout,L4 failure,1.5486578124367743,1.6990769842570188,0.911470066857494
sensor_comm,9104,straight,0.05,dropout,L4 slip,0.5548209201576517,0.6117748253349757,0.906903810325737
sensor_comm,9104,straight,0.05,intermittent,intact,0.25578413473913447,0.2550465515911509,1.002891954991675
sensor_comm,9104,straight,0.05,intermittent,L4 failure,1.5486578124367743,1.6738465501838415,0.9252089519595942
sensor_comm,9104,straight,0.05,intermittent,L4 slip,0.5548209201576517,0.6151230932097125,0.9019673074905967
sensor_comm,9104,straight,0.05,delayed,intact,0.25578413473913447,0.25600007680287745,0.9991564765665705
sensor_comm,9104,straight,0.05,delayed,L4 failure,1.5486578124367743,1.572893287504034,0.9845917868301681
sensor_comm,9104,straight,0.05,delayed,L4 slip,0.5548209201576517,0.5641448113597942,0.9834725215682326
sensor_comm,9104,straight,0.05,noisy,intact,0.25578413473913447,0.2599910523129568,0.9838189909368174
sensor_comm,9104,straight,0.05,noisy,L4 failure,1.5486578124367743,1.5330058706456473,1.0102099685923152
sensor_comm,9104,straight,0.05,noisy,L4 slip,0.5548209201576517,0.5418874253391838,1.0238674938994432
sensor_comm,9104,straight,0.05,stuck,intact,0.25578413473913447,0.25646499899703257,0.9973451961844276
sensor_comm,9104,straight,0.05,stuck,L4 failure,1.5486578124367743,1.6309451422429226,0.9495462307867789
sensor_comm,9104,straight,0.05,stuck,L4 slip,0.5548209201576517,0.5810115338369662,0.954922385952731
sensor_comm,9104,straight,0.1,dropout,intact,0.2553369610521848,0.25847480901034164,0.9878601401422012
sensor_comm,9104,straight,0.1,dropout,L4 failure,1.3876435156350577,1.661782709530487,0.8350330688102517
sensor_comm,9104,straight,0.1,dropout,L4 slip,0.48836734404456605,0.5807802141972862,0.8408815109508392
sensor_comm,9104,straight,0.1,intermittent,intact,0.2553369610521848,0.25537492526437416,0.9998513393116021
sensor_comm,9104,straight,0.1,intermittent,L4 failure,1.3876435156350577,1.609849531949589,0.8619709408211392
sensor_comm,9104,straight,0.1,intermittent,L4 slip,0.48836734404456605,0.584260152514505,0.8358730985550853
sensor_comm,9104,straight,0.1,delayed,intact,0.2553369610521848,0.25586481816078843,0.9979369687775053
sensor_comm,9104,straight,0.1,delayed,L4 failure,1.3876435156350577,1.4280755163255312,0.9716877712500065
sensor_comm,9104,straight,0.1,delayed,L4 slip,0.48836734404456605,0.5008361050696075,0.9751041091110864
sensor_comm,9104,straight,0.1,noisy,intact,0.2553369610521848,0.2604569422302324,0.9803423124981564
sensor_comm,9104,straight,0.1,noisy,L4 failure,1.3876435156350577,1.3653136833252133,1.0163550930328775
sensor_comm,9104,straight,0.1,noisy,L4 slip,0.48836734404456605,0.4733566266124084,1.031711222761541
sensor_comm,9104,straight,0.1,stuck,intact,0.2553369610521848,0.2566804224038285,0.9947660155026157
sensor_comm,9104,straight,0.1,stuck,L4 failure,1.3876435156350577,1.5317690113439182,0.905909119037204
sensor_comm,9104,straight,0.1,stuck,L4 slip,0.48836734404456605,0.5272282703911083,0.9262920284647967
sensor_comm,9104,straight,0.2,dropout,intact,0.2523888871092328,0.2588409051302497,0.9750734219625363
sensor_comm,9104,straight,0.2,dropout,L4 failure,1.1496606978650865,1.5984937802438253,0.7192149960631837
sensor_comm,9104,straight,0.2,dropout,L4 slip,0.4127705672495763,0.5337281307536396,0.773372328467552
sensor_comm,9104,straight,0.2,intermittent,intact,0.2523888871092328,0.2555551342225234,0.9876103169559739
sensor_comm,9104,straight,0.2,intermittent,L4 failure,1.1496606978650865,1.4929955470359086,0.770036253723291
sensor_comm,9104,straight,0.2,intermittent,L4 slip,0.4127705672495763,0.5318015564354165,0.776174048861973
sensor_comm,9104,straight,0.2,delayed,intact,0.2523888871092328,0.25298107846452283,0.9976591476371104
sensor_comm,9104,straight,0.2,delayed,L4 failure,1.1496606978650865,1.202459344486274,0.9560911170400156
sensor_comm,9104,straight,0.2,delayed,L4 slip,0.4127705672495763,0.42306262499652103,0.9756724958934168
sensor_comm,9104,straight,0.2,noisy,intact,0.2523888871092328,0.25308649261403277,0.9972436083111561
sensor_comm,9104,straight,0.2,noisy,L4 failure,1.1496606978650865,1.129577725069633,1.0177791862832772
sensor_comm,9104,straight,0.2,noisy,L4 slip,0.4127705672495763,0.4064721029318039,1.0154954405784378
sensor_comm,9104,straight,0.2,stuck,intact,0.2523888871092328,0.253871872007565,0.9941585301017987
sensor_comm,9104,straight,0.2,stuck,L4 failure,1.1496606978650865,1.359969921003058,0.8453574451243333
sensor_comm,9104,straight,0.2,stuck,L4 slip,0.4127705672495763,0.45234921545886414,0.9125042182970535
sensor_comm,9104,straight,0.4,dropout,intact,0.2481828387599264,0.2544352854436512,0.9754261808741559
sensor_comm,9104,straight,0.4,dropout,L4 failure,0.8993654223510099,1.499684901461945,0.5997029252440144
sensor_comm,9104,straight,0.4,dropout,L4 slip,0.3675757045998046,0.4761028378902479,0.7720510682705463
sensor_comm,9104,straight,0.4,intermittent,intact,0.2481828387599264,0.2545555983492177,0.9749651564113365
sensor_comm,9104,straight,0.4,intermittent,L4 failure,0.8993654223510099,1.3017430296897647,0.690893211516062
sensor_comm,9104,straight,0.4,intermittent,L4 slip,0.3675757045998046,0.4576376459537805,0.8032025071576568
sensor_comm,9104,straight,0.4,delayed,intact,0.2481828387599264,0.24744185484765616,1.002994577908925
sensor_comm,9104,straight,0.4,delayed,L4 failure,0.8993654223510099,0.9417388376862629,0.955005131317129
sensor_comm,9104,straight,0.4,delayed,L4 slip,0.3675757045998046,0.3715194717461469,0.9893847632593615
sensor_comm,9104,straight,0.4,noisy,intact,0.2481828387599264,0.2518582287773919,0.9854069091357184
sensor_comm,9104,straight,0.4,noisy,L4 failure,0.8993654223510099,0.9028485885708376,0.9961420261781199
sensor_comm,9104,straight,0.4,noisy,L4 slip,0.3675757045998046,0.3784239949886727,0.9713329743025603
sensor_comm,9104,straight,0.4,stuck,intact,0.2481828387599264,0.2488327622575981,0.997388111228702
sensor_comm,9104,straight,0.4,stuck,L4 failure,0.8993654223510099,1.0925017223503595,0.8232164800767136
sensor_comm,9104,straight,0.4,stuck,L4 slip,0.3675757045998046,0.38132986937977154,0.9639310584236742
sensor_comm,9104,straight,1.0,dropout,intact,0.25053789709191177,0.24984568906935523,1.002770542190001
sensor_comm,9104,straight,1.0,dropout,L4 failure,0.7421769767513775,1.2816302513077802,0.5790882167411837
sensor_comm,9104,straight,1.0,dropout,L4 slip,0.355605360919552,0.40450010683048176,0.8791230333805065
sensor_comm,9104,straight,1.0,intermittent,intact,0.25053789709191177,0.24951424814310402,1.0041025671136048
sensor_comm,9104,straight,1.0,intermittent,L4 failure,0.7421769767513775,0.9844587353904257,0.753893434098117
sensor_comm,9104,straight,1.0,intermittent,L4 slip,0.355605360919552,0.37706444800695293,0.9430890734970452
sensor_comm,9104,straight,1.0,delayed,intact,0.25053789709191177,0.24999540997259437,1.002169988318493
sensor_comm,9104,straight,1.0,delayed,L4 failure,0.7421769767513775,0.7636251349248958,0.9719127131984363
sensor_comm,9104,straight,1.0,delayed,L4 slip,0.355605360919552,0.35903206866789994,0.9904557056391595
sensor_comm,9104,straight,1.0,noisy,intact,0.25053789709191177,0.31897093758807793,0.7854568161800959
sensor_comm,9104,straight,1.0,noisy,L4 failure,0.7421769767513775,0.8139407318638782,0.9118317190636649
sensor_comm,9104,straight,1.0,noisy,L4 slip,0.355605360919552,0.43663450148409827,0.8144234129709578
sensor_comm,9104,straight,1.0,stuck,intact,0.25053789709191177,0.25016010983765746,1.0015101818371421
sensor_comm,9104,straight,1.0,stuck,L4 failure,0.7421769767513775,0.7495080737856965,0.9902187884417438
sensor_comm,9104,straight,1.0,stuck,L4 slip,0.355605360919552,0.35691519112413317,0.996330136017871
sensor_comm,9104,s_lr,0.0,dropout,intact,0.3025812372369624,0.3025812372369624,1.0
sensor_comm,9104,s_lr,0.0,dropout,L4 failure,2.2392080533958527,2.2392080533958527,1.0
sensor_comm,9104,s_lr,0.0,dropout,L4 slip,0.7731879379075579,0.7731879379075579,1.0
sensor_comm,9104,s_lr,0.0,intermittent,intact,0.3025812372369624,0.3025812372369624,1.0
sensor_comm,9104,s_lr,0.0,intermittent,L4 failure,2.2392080533958527,2.2392080533958527,1.0
sensor_comm,9104,s_lr,0.0,intermittent,L4 slip,0.7731879379075579,0.7731879379075579,1.0
sensor_comm,9104,s_lr,0.0,delayed,intact,0.3025812372369624,0.3025812372369624,1.0
sensor_comm,9104,s_lr,0.0,delayed,L4 failure,2.2392080533958527,2.2392080533958527,1.0
sensor_comm,9104,s_lr,0.0,delayed,L4 slip,0.7731879379075579,0.7731879379075579,1.0
sensor_comm,9104,s_lr,0.0,noisy,intact,0.3025812372369624,0.3025812372369624,1.0
sensor_comm,9104,s_lr,0.0,noisy,L4 failure,2.2392080533958527,2.2392080533958527,1.0
sensor_comm,9104,s_lr,0.0,noisy,L4 slip,0.7731879379075579,0.7731879379075579,1.0
sensor_comm,9104,s_lr,0.0,stuck,intact,0.3025812372369624,0.3025812372369624,1.0
sensor_comm,9104,s_lr,0.0,stuck,L4 failure,2.2392080533958527,2.2392080533958527,1.0
sensor_comm,9104,s_lr,0.0,stuck,L4 slip,0.7731879379075579,0.7731879379075579,1.0
sensor_comm,9104,s_lr,0.025,dropout,intact,0.3636004095528763,0.3341925142321959,1.0879968702717497
sensor_comm,9104,s_lr,0.025,dropout,L4 failure,2.009250962675208,2.1607802410296477,0.9298728878221169
sensor_comm,9104,s_lr,0.025,dropout,L4 slip,0.6195905858249882,0.6979691261548643,0.8877048605836391
sensor_comm,9104,s_lr,0.025,intermittent,intact,0.3636004095528763,0.3221914597048025,1.128522804068157
sensor_comm,9104,s_lr,0.025,intermittent,L4 failure,2.009250962675208,2.16087209468816,0.9298333610833951
sensor_comm,9104,s_lr,0.025,intermittent,L4 slip,0.6195905858249882,0.7182616145426761,0.8626252235677209
sensor_comm,9104,s_lr,0.025,delayed,intact,0.3636004095528763,0.3600960490287748,1.009731738333573
sensor_comm,9104,s_lr,0.025,delayed,L4 failure,2.009250962675208,2.035183922899767,0.9872576822503546
sensor_comm,9104,s_lr,0.025,delayed,L4 slip,0.6195905858249882,0.6334299159471564,0.9781517579549831
sensor_comm,9104,s_lr,0.025,noisy,intact,0.3636004095528763,0.3695650134113985,0.9838604747687996
sensor_comm,9104,s_lr,0.025,noisy,L4 failure,2.009250962675208,2.0016895468230764,1.0037775167803282
sensor_comm,9104,s_lr,0.025,noisy,L4 slip,0.6195905858249882,0.610956313693352,1.0141323887455067
sensor_comm,9104,s_lr,0.025,stuck,intact,0.3636004095528763,0.36518397020550963,0.9956636632989609
sensor_comm,9104,s_lr,0.025,stuck,L4 failure,2.009250962675208,2.0722040356232454,0.9696202343660125
sensor_comm,9104,s_lr,0.025,stuck,L4 slip,0.6195905858249882,0.6409583346334944,0.9666628115215562
sensor_comm,9104,s_lr,0.05,dropout,intact,0.42176887641574795,0.37029546960896764,1.1390063099101273
sensor_comm,9104,s_lr,0.05,dropout,L4 failure,1.8010857330711327,2.087272308061773,0.862889679566347
sensor_comm,9104,s_lr,0.05,dropout,L4 slip,0.5013641688992262,0.629746119409725,0.7961369724186088
sensor_comm,9104,s_lr,0.05,intermittent,intact,0.42176887641574795,0.34278177527612685,1.2304296985333987
sensor_comm,9104,s_lr,0.05,intermittent,L4 failure,1.8010857330711327,2.0848132949668026,0.8639074479327955
sensor_comm,9104,s_lr,0.05,intermittent,L4 slip,0.5013641688992262,0.667295567616019,0.7513374780689769
sensor_comm,9104,s_lr,0.05,delayed,intact,0.42176887641574795,0.41689408678752493,1.0116931129097726
sensor_comm,9104,s_lr,0.05,delayed,L4 failure,1.8010857330711327,1.847634785884604,0.9748061396283006
sensor_comm,9104,s_lr,0.05,delayed,L4 slip,0.5013641688992262,0.5209857288992197,0.9623376247916589
sensor_comm,9104,s_lr,0.05,noisy,intact,0.42176887641574795,0.43248282114349335,0.9752268894764016
sensor_comm,9104,s_lr,0.05,noisy,L4 failure,1.8010857330711327,1.7885106767966406,1.0070310210823092
sensor_comm,9104,s_lr,0.05,noisy,L4 slip,0.5013641688992262,0.48905073080802597,1.0251782429010086
sensor_comm,9104,s_lr,0.05,stuck,intact,0.42176887641574795,0.43183652145994583,0.9766864437260625
sensor_comm,9104,s_lr,0.05,stuck,L4 failure,1.8010857330711327,1.918864280875812,0.9386206992445956
sensor_comm,9104,s_lr,0.05,stuck,L4 slip,0.5013641688992262,0.5295309033007466,0.9468081386261925
sensor_comm,9104,s_lr,0.1,dropout,intact,0.5114673957613916,0.4443120961992634,1.151144432340664
sensor_comm,9104,s_lr,0.1,dropout,L4 failure,1.456692217219725,1.9536499483949115,0.745626010645623
sensor_comm,9104,s_lr,0.1,dropout,L4 slip,0.3905169511532038,0.513497513160052,0.7605040747908814
sensor_comm,9104,s_lr,0.1,intermittent,intact,0.5114673957613916,0.38380719586689077,1.3326154414748779
sensor_comm,9104,s_lr,0.1,intermittent,L4 failure,1.456692217219725,1.940243331513932,0.7507781078588209
sensor_comm,9104,s_lr,0.1,intermittent,L4 slip,0.3905169511532038,0.5771193729065593,0.6766658155771733
sensor_comm,9104,s_lr,0.1,delayed,intact,0.5114673957613916,0.5106188855935738,1.0016617289171186
sensor_comm,9104,s_lr,0.1,delayed,L4 failure,1.456692217219725,1.5261382597368771,0.9544955759584158
sensor_comm,9104,s_lr,0.1,delayed,L4 slip,0.3905169511532038,0.39993549874748313,0.9764498334762072
sensor_comm,9104,s_lr,0.1,noisy,intact,0.5114673957613916,0.524348487157325,0.9754341021068521
sensor_comm,9104,s_lr,0.1,noisy,L4 failure,1.456692217219725,1.4384495857632533,1.0126821486390793
sensor_comm,9104,s_lr,0.1,noisy,L4 slip,0.3905169511532038,0.38265026291866616,1.0205584289281142
sensor_comm,9104,s_lr,0.1,stuck,intact,0.5114673957613916,0.5536153436351883,0.9238678111826852
sensor_comm,9104,s_lr,0.1,stuck,L4 failure,1.456692217219725,1.6495836336185732,0.8830666039188834
sensor_comm,9104,s_lr,0.1,stuck,L4 slip,0.3905169511532038,0.391707968800367,0.9969594245151284
sensor_comm,9104,s_lr,0.2,dropout,intact,0.5958650203641247,0.5748964570817195,1.0364736345547256
sensor_comm,9104,s_lr,0.2,dropout,L4 failure,1.0269603837170265,1.7318040699079738,0.5930003292875955
sensor_comm,9104,s_lr,0.2,dropout,L4 slip,0.46068073713158186,0.3659626879963113,1.2588188693603246
sensor_comm,9104,s_lr,0.2,intermittent,intact,0.5958650203641247,0.4570876626729358,1.303612127441054
sensor_comm,9104,s_lr,0.2,intermittent,L4 failure,1.0269603837170265,1.6829375062063971,0.6102189653090297
sensor_comm,9104,s_lr,0.2,intermittent,L4 slip,0.46068073713158186,0.4466189980355593,1.0314848655293947
sensor_comm,9104,s_lr,0.2,delayed,intact,0.5958650203641247,0.6144178986845779,0.9698041376070368
sensor_comm,9104,s_lr,0.2,delayed,L4 failure,1.0269603837170265,1.0936729657124091,0.9390013431008357
sensor_comm,9104,s_lr,0.2,delayed,L4 slip,0.46068073713158186,0.4653739313697075,0.9899152188771888
sensor_comm,9104,s_lr,0.2,noisy,intact,0.5958650203641247,0.5940452448121472,1.0030633618699414
sensor_comm,9104,s_lr,0.2,noisy,L4 failure,1.0269603837170265,1.011406066649705,1.0153789042603287
sensor_comm,9104,s_lr,0.2,noisy,L4 slip,0.46068073713158186,0.4507516678741263,1.0220278037001702
sensor_comm,9104,s_lr,0.2,stuck,intact,0.5958650203641247,0.7265388346786011,0.820142010203374
sensor_comm,9104,s_lr,0.2,stuck,L4 failure,1.0269603837170265,1.2390143858553104,0.8288526714789515
sensor_comm,9104,s_lr,0.2,stuck,L4 slip,0.46068073713158186,0.4777901346473016,0.9641905592539083
sensor_comm,9104,s_lr,0.4,dropout,intact,0.5816433700660759,0.7433210984892468,0.7824927494298619
sensor_comm,9104,s_lr,0.4,dropout,L4 failure,0.7575139547473807,1.4205622764583417,0.5332493811084212
sensor_comm,9104,s_lr,0.4,dropout,L4 slip,0.5436059813064589,0.4108547561464542,1.3231098658930551
sensor_comm,9104,s_lr,0.4,intermittent,intact,0.5816433700660759,0.5566425424089015,1.0449136128708056
sensor_comm,9104,s_lr,0.4,intermittent,L4 failure,0.7575139547473807,1.296781880472192,0.584149089491866
sensor_comm,9104,s_lr,0.4,intermittent,L4 slip,0.5436059813064589,0.41320369623810216,1.3155883799093957
sensor_comm,9104,s_lr,0.4,delayed,intact,0.5816433700660759,0.6212705282862035,0.9362159374766408
sensor_comm,9104,s_lr,0.4,delayed,L4 failure,0.7575139547473807,0.7870814493936129,0.9624340089974021
sensor_comm,9104,s_lr,0.4,delayed,L4 slip,0.5436059813064589,0.5736115978402493,0.9476900107202034
sensor_comm,9104,s_lr,0.4,noisy,intact,0.5816433700660759,0.5454172722860047,1.0664190512857008
sensor_comm,9104,s_lr,0.4,noisy,L4 failure,0.7575139547473807,0.7553752080292832,1.0028313700203073
sensor_comm,9104,s_lr,0.4,noisy,L4 slip,0.5436059813064589,0.5145738777889879,1.0564196994262818
sensor_comm,9104,s_lr,0.4,stuck,intact,0.5816433700660759,0.8473207592542291,0.6864500411603398
sensor_comm,9104,s_lr,0.4,stuck,L4 failure,0.7575139547473807,0.8053896110027118,0.940555905363957
sensor_comm,9104,s_lr,0.4,stuck,L4 slip,0.5436059813064589,0.6807363147956044,0.7985558717690567
sensor_comm,9104,s_lr,1.0,dropout,intact,0.4281268429585309,0.8385513762932891,0.5105552922124006
sensor_comm,9104,s_lr,1.0,dropout,L4 failure,0.7401403126611921,1.0141116093122602,0.729841080473512
sensor_comm,9104,s_lr,1.0,dropout,L4 slip,0.48246772194254184,0.5777252997661843,0.8351161393447806
sensor_comm,9104,s_lr,1.0,intermittent,intact,0.4281268429585309,0.5998063344131539,0.7137751277291978
sensor_comm,9104,s_lr,1.0,intermittent,L4 failure,0.7401403126611921,0.8608416185863248,0.8597868605338244
sensor_comm,9104,s_lr,1.0,intermittent,L4 slip,0.48246772194254184,0.5615218377258367,0.8592145301000865
sensor_comm,9104,s_lr,1.0,delayed,intact,0.4281268429585309,0.43810097106665696,0.9772332663772879
sensor_comm,9104,s_lr,1.0,delayed,L4 failure,0.7401403126611921,0.7620305846482701,0.9712737619354452
sensor_comm,9104,s_lr,1.0,delayed,L4 slip,0.48246772194254184,0.49904561723125945,0.9667808017617849
sensor_comm,9104,s_lr,1.0,noisy,intact,0.4281268429585309,0.43938709254050357,0.974372825754014
sensor_comm,9104,s_lr,1.0,noisy,L4 failure,0.7401403126611921,0.7983840612922817,0.9270479566728637
sensor_comm,9104,s_lr,1.0,noisy,L4 slip,0.48246772194254184,0.5216105078695236,0.9249578270827838
sensor_comm,9104,s_lr,1.0,stuck,intact,0.4281268429585309,0.604107887960582,0.7086926879962642
sensor_comm,9104,s_lr,1.0,stuck,L4 failure,0.7401403126611921,0.7411680853913291,0.9986133068187976
sensor_comm,9104,s_lr,1.0,stuck,L4 slip,0.48246772194254184,0.5349572187126549,0.901880944991403
sensor_comm,9104,s_rl,0.0,dropout,intact,0.5866524628657699,0.5866524628657699,1.0
sensor_comm,9104,s_rl,0.0,dropout,L4 failure,0.7362167196508765,0.7362167196508765,1.0
sensor_comm,9104,s_rl,0.0,dropout,L4 slip,0.24258257620104634,0.24258257620104634,1.0
sensor_comm,9104,s_rl,0.0,intermittent,intact,0.5866524628657699,0.5866524628657699,1.0
sensor_comm,9104,s_rl,0.0,intermittent,L4 failure,0.7362167196508765,0.7362167196508765,1.0
sensor_comm,9104,s_rl,0.0,intermittent,L4 slip,0.24258257620104634,0.24258257620104634,1.0
sensor_comm,9104,s_rl,0.0,delayed,intact,0.5866524628657699,0.5866524628657699,1.0
sensor_comm,9104,s_rl,0.0,delayed,L4 failure,0.7362167196508765,0.7362167196508765,1.0
sensor_comm,9104,s_rl,0.0,delayed,L4 slip,0.24258257620104634,0.24258257620104634,1.0
sensor_comm,9104,s_rl,0.0,noisy,intact,0.5866524628657699,0.5866524628657699,1.0
sensor_comm,9104,s_rl,0.0,noisy,L4 failure,0.7362167196508765,0.7362167196508765,1.0
sensor_comm,9104,s_rl,0.0,noisy,L4 slip,0.24258257620104634,0.24258257620104634,1.0
sensor_comm,9104,s_rl,0.0,stuck,intact,0.5866524628657699,0.5866524628657699,1.0
sensor_comm,9104,s_rl,0.0,stuck,L4 failure,0.7362167196508765,0.7362167196508765,1.0
sensor_comm,9104,s_rl,0.0,stuck,L4 slip,0.24258257620104634,0.24258257620104634,1.0
sensor_comm,9104,s_rl,0.025,dropout,intact,0.4241472960945206,0.5126867821390377,0.827302967174009
sensor_comm,9104,s_rl,0.025,dropout,L4 failure,0.781337182113383,0.7697760412257346,1.0150188369973678
sensor_comm,9104,s_rl,0.025,dropout,L4 slip,0.2805842483225172,0.2508229156145044,1.1186547594150196
sensor_comm,9104,s_rl,0.025,intermittent,intact,0.4241472960945206,0.5300766282880174,0.8001622283638207
sensor_comm,9104,s_rl,0.025,intermittent,L4 failure,0.781337182113383,0.7517317328219386,1.039382997948361
sensor_comm,9104,s_rl,0.025,intermittent,L4 slip,0.2805842483225172,0.2533799176149006,1.1073657729613882
sensor_comm,9104,s_rl,0.025,delayed,intact,0.4241472960945206,0.43961648231545203,0.9648120877100524
sensor_comm,9104,s_rl,0.025,delayed,L4 failure,0.781337182113383,0.7798057758936512,1.0019638303114347
sensor_comm,9104,s_rl,0.025,delayed,L4 slip,0.2805842483225172,0.27968547351136885,1.0032135198151857
sensor_comm,9104,s_rl,0.025,noisy,intact,0.4241472960945206,0.43682195429825477,0.9709843837311343
sensor_comm,9104,s_rl,0.025,noisy,L4 failure,0.781337182113383,0.7743394215735178,1.0090370712699157
sensor_comm,9104,s_rl,0.025,noisy,L4 slip,0.2805842483225172,0.27977593891392666,1.0028891312517023
sensor_comm,9104,s_rl,0.025,stuck,intact,0.4241472960945206,0.425268739699988,0.9973629766291815
sensor_comm,9104,s_rl,0.025,stuck,L4 failure,0.781337182113383,0.8074784958903566,0.9676259938685436
sensor_comm,9104,s_rl,0.025,stuck,L4 slip,0.2805842483225172,0.29155673807264737,0.9623658509055066
sensor_comm,9104,s_rl,0.05,dropout,intact,0.29227266694731796,0.4388544314633703,0.6659900094268798
sensor_comm,9104,s_rl,0.05,dropout,L4 failure,0.8259308966533603,0.8060284819959685,1.0246919496046931
sensor_comm,9104,s_rl,0.05,dropout,L4 slip,0.3324114439851432,0.26594902628331474,1.2499066028954973
sensor_comm,9104,s_rl,0.05,intermittent,intact,0.29227266694731796,0.4744878322720226,0.6159750515578212
sensor_comm,9104,s_rl,0.05,intermittent,L4 failure,0.8259308966533603,0.7671682076408255,1.0765968772262346
sensor_comm,9104,s_rl,0.05,intermittent,L4 slip,0.3324114439851432,0.26764399370381475,1.2419910470810065
sensor_comm,9104,s_rl,0.05,delayed,intact,0.29227266694731796,0.31017703576400923,0.9422769362258224
sensor_comm,9104,s_rl,0.05,delayed,L4 failure,0.8259308966533603,0.8233478284420496,1.0031372745783498
sensor_comm,9104,s_rl,0.05,delayed,L4 slip,0.3324114439851432,0.32974400167400936,1.0080894339171966
sensor_comm,9104,s_rl,0.05,noisy,intact,0.29227266694731796,0.3077237034264142,0.9497892547533602
sensor_comm,9104,s_rl,0.05,noisy,L4 failure,0.8259308966533603,0.8124968055715355,1.0165343309533075
sensor_comm,9104,s_rl,0.05,noisy,L4 slip,0.3324114439851432,0.3295476087693235,1.0086902017784762
sensor_comm,9104,s_rl,0.05,stuck,intact,0.29227266694731796,0.29913924592340757,0.9770455429380612
sensor_comm,9104,s_rl,0.05,stuck,L4 failure,0.8259308966533603,0.881838923818879,0.9366006357222199
sensor_comm,9104,s_rl,0.05,stuck,L4 slip,0.3324114439851432,0.3607478299671115,0.9214509870106449
sensor_comm,9104,s_rl,0.1,dropout,intact,0.33230389084225986,0.29239769694492024,1.1364791662666784
sensor_comm,9104,s_rl,0.1,dropout,L4 failure,0.9085978913184075,0.8838476789882295,1.0280028028794628
sensor_comm,9104,s_rl,0.1,dropout,L4 slip,0.44938354922757584,0.31150776574852296,1.4426078532833708
sensor_comm,9104,s_rl,0.1,intermittent,intact,0.33230389084225986,0.3664955037631861,0.9067065964797771
sensor_comm,9104,s_rl,0.1,intermittent,L4 failure,0.9085978913184075,0.798137223867271,1.1383980901378257
sensor_comm,9104,s_rl,0.1,intermittent,L4 slip,0.44938354922757584,0.30223289172255263,1.4868783694135659
sensor_comm,9104,s_rl,0.1,delayed,intact,0.33230389084225986,0.3345664470127324,0.9932373488415398
sensor_comm,9104,s_rl,0.1,delayed,L4 failure,0.9085978913184075,0.9068905733476254,1.0018826063705568
sensor_comm,9104,s_rl,0.1,delayed,L4 slip,0.44938354922757584,0.44379484927846063,1.012592980649058
sensor_comm,9104,s_rl,0.1,noisy,intact,0.33230389084225986,0.337244413513493,0.9853503202031975
sensor_comm,9104,s_rl,0.1,noisy,L4 failure,0.9085978913184075,0.8861473116156358,1.025335042389103
sensor_comm,9104,s_rl,0.1,noisy,L4 slip,0.44938354922757584,0.44255275214152423,1.0154349895080241
sensor_comm,9104,s_rl,0.1,stuck,intact,0.33230389084225986,0.38060052332304,0.8731041353829466
sensor_comm,9104,s_rl,0.1,stuck,L4 failure,0.9085978913184075,1.0327676178135203,0.8797699265997578
sensor_comm,9104,s_rl,0.1,stuck,L4 slip,0.44938354922757584,0.5277474694891369,0.8515124661091832
sensor_comm,9104,s_rl,0.2,dropout,intact,0.5774940865379385,0.2585910106241928,2.2332334180680538
sensor_comm,9104,s_rl,0.2,dropout,L4 failure,1.038987558851958,1.0478137043838107,0.9915766080411754
sensor_comm,9104,s_rl,0.2,dropout,L4 slip,0.6669222567121702,0.44877048466224834,1.486109892485702
sensor_comm,9104,s_rl,0.2,intermittent,intact,0.5774940865379385,0.28057049330548167,2.0582851736628274
sensor_comm,9104,s_rl,0.2,intermittent,L4 failure,1.038987558851958,0.8585050142843738,1.210228876435893
sensor_comm,9104,s_rl,0.2,intermittent,L4 slip,0.6669222567121702,0.38356191915644094,1.7387603497732966
sensor_comm,9104,s_rl,0.2,delayed,intact,0.5774940865379385,0.5823496402407973,0.9916621332489345
sensor_comm,9104,s_rl,0.2,delayed,L4 failure,1.038987558851958,1.0505708003139718,0.9889743352294276
sensor_comm,9104,s_rl,0.2,delayed,L4 slip,0.6669222567121702,0.671399917813825,0.9933308584304944
sensor_comm,9104,s_rl,0.2,noisy,intact,0.5774940865379385,0.5810119827381227,0.9939452260801827
sensor_comm,9104,s_rl,0.2,noisy,L4 failure,1.038987558851958,1.013143442512872,1.0255088423362693
sensor_comm,9104,s_rl,0.2,noisy,L4 slip,0.6669222567121702,0.6640006207215098,1.0044000500895403
sensor_comm,9104,s_rl,0.2,stuck,intact,0.5774940865379385,0.7819112464812339,0.7385673107232875
sensor_comm,9104,s_rl,0.2,stuck,L4 failure,1.038987558851958,1.3229025024297305,0.7853848314170427
sensor_comm,9104,s_rl,0.2,stuck,L4 slip,0.6669222567121702,0.8980780056490965,0.7426106112354286
sensor_comm,9104,s_rl,0.4,dropout,intact,0.9266866931964668,0.6201582467288305,1.4942745631207714
sensor_comm,9104,s_rl,0.4,dropout,L4 failure,1.1674243879336543,1.3635271534222657,0.8561797871084412
sensor_comm,9104,s_rl,0.4,dropout,L4 slip,0.934631896597379,0.7826504955615744,1.1941880851001743
sensor_comm,9104,s_rl,0.4,intermittent,intact,0.9266866931964668,0.42176770940869923,2.197149455788455
sensor_comm,9104,s_rl,0.4,intermittent,L4 failure,1.1674243879336543,0.9657559182020392,1.208819294741744
sensor_comm,9104,s_rl,0.4,intermittent,L4 slip,0.934631896597379,0.5560623412583331,1.6808041603435462
sensor_comm,9104,s_rl,0.4,delayed,intact,0.9266866931964668,1.0018263870794728,0.9249972900972857
sensor_comm,9104,s_rl,0.4,delayed,L4 failure,1.1674243879336543,1.2307754658726515,0.9485275099353077
sensor_comm,9104,s_rl,0.4,delayed,L4 slip,0.934631896597379,1.001046497043415,0.9336548295786549
sensor_comm,9104,s_rl,0.4,noisy,intact,0.9266866931964668,0.9549639400925235,0.9703891993101676
sensor_comm,9104,s_rl,0.4,noisy,L4 failure,1.1674243879336543,1.165966804432983,1.001250107202992
sensor_comm,9104,s_rl,0.4,noisy,L4 slip,0.934631896597379,0.9638495475880677,0.9696865023552661
sensor_comm,9104,s_rl,0.4,stuck,intact,0.9266866931964668,1.616413936684919,0.5732978862437895
sensor_comm,9104,s_rl,0.4,stuck,L4 failure,1.1674243879336543,1.798843144348745,0.6489862062744275
sensor_comm,9104,s_rl,0.4,stuck,L4 slip,0.934631896597379,1.5826768360485075,0.5905386844043843
sensor_comm,9104,s_rl,1.0,dropout,intact,1.1518226967735388,1.6113004495504046,0.714840424139972
sensor_comm,9104,s_rl,1.0,dropout,L4 failure,1.1806811448580952,1.9897494616609612,0.5933818139458176
sensor_comm,9104,s_rl,1.0,dropout,L4 slip,1.1030878276730696,1.576142246221698,0.6998656563627892
sensor_comm,9104,s_rl,1.0,intermittent,intact,1.1518226967735388,0.8757358233067134,1.3152627380530602
sensor_comm,9104,s_rl,1.0,intermittent,L4 failure,1.1806811448580952,1.169170285230986,1.0098453234507538
sensor_comm,9104,s_rl,1.0,intermittent,L4 slip,1.1030878276730696,0.939512466624833,1.1741066423906812
sensor_comm,9104,s_rl,1.0,delayed,intact,1.1518226967735388,1.3563615116784784,0.8492003694119676
sensor_comm,9104,s_rl,1.0,delayed,L4 failure,1.1806811448580952,1.330882746739077,0.8871413712071893
sensor_comm,9104,s_rl,1.0,delayed,L4 slip,1.1030878276730696,1.277708523056138,0.8633329180857344
sensor_comm,9104,s_rl,1.0,noisy,intact,1.1518226967735388,1.138412044416528,1.0117801392059973
sensor_comm,9104,s_rl,1.0,noisy,L4 failure,1.1806811448580952,1.2054525059050718,0.9794505706980319
sensor_comm,9104,s_rl,1.0,noisy,L4 slip,1.1030878276730696,1.1065882324808318,0.9968367594150944
sensor_comm,9104,s_rl,1.0,stuck,intact,1.1518226967735388,2.9231726350833873,0.3940317047818428
sensor_comm,9104,s_rl,1.0,stuck,L4 failure,1.1806811448580952,2.4052541704349033,0.49087583315347155
sensor_comm,9104,s_rl,1.0,stuck,L4 slip,1.1030878276730696,2.70839213774808,0.407285124003588
sensor_comm,9104,sine,0.0,dropout,intact,0.48064740777849924,0.48064740777849924,1.0
sensor_comm,9104,sine,0.0,dropout,L4 failure,2.009479377305097,2.009479377305097,1.0
sensor_comm,9104,sine,0.0,dropout,L4 slip,0.9626146703850257,0.9626146703850257,1.0
sensor_comm,9104,sine,0.0,intermittent,intact,0.48064740777849924,0.48064740777849924,1.0
sensor_comm,9104,sine,0.0,intermittent,L4 failure,2.009479377305097,2.009479377305097,1.0
sensor_comm,9104,sine,0.0,intermittent,L4 slip,0.9626146703850257,0.9626146703850257,1.0
sensor_comm,9104,sine,0.0,delayed,intact,0.48064740777849924,0.48064740777849924,1.0
sensor_comm,9104,sine,0.0,delayed,L4 failure,2.009479377305097,2.009479377305097,1.0
sensor_comm,9104,sine,0.0,delayed,L4 slip,0.9626146703850257,0.9626146703850257,1.0
sensor_comm,9104,sine,0.0,noisy,intact,0.48064740777849924,0.48064740777849924,1.0
sensor_comm,9104,sine,0.0,noisy,L4 failure,2.009479377305097,2.009479377305097,1.0
sensor_comm,9104,sine,0.0,noisy,L4 slip,0.9626146703850257,0.9626146703850257,1.0
sensor_comm,9104,sine,0.0,stuck,intact,0.48064740777849924,0.48064740777849924,1.0
sensor_comm,9104,sine,0.0,stuck,L4 failure,2.009479377305097,2.009479377305097,1.0
sensor_comm,9104,sine,0.0,stuck,L4 slip,0.9626146703850257,0.9626146703850257,1.0
sensor_comm,9104,sine,0.025,dropout,intact,0.4710851643800712,0.47052297514498403,1.001194817819287
sensor_comm,9104,sine,0.025,dropout,L4 failure,1.7863084266408695,1.879516797070591,0.950408333367919
sensor_comm,9104,sine,0.025,dropout,L4 slip,0.7946542700877328,0.8359833282142694,0.9505623416978675
sensor_comm,9104,sine,0.025,intermittent,intact,0.4710851643800712,0.47147256045563707,0.9991783274191154
sensor_comm,9104,sine,0.025,intermittent,L4 failure,1.7863084266408695,1.9307176851825751,0.9252043633049076
sensor_comm,9104,sine,0.025,intermittent,L4 slip,0.7946542700877328,0.9010959413128955,0.8818753183261736
sensor_comm,9104,sine,0.025,delayed,intact,0.4710851643800712,0.471803844243018,0.9984767401289408
sensor_comm,9104,sine,0.025,delayed,L4 failure,1.7863084266408695,1.8054981054008554,0.989371532042829
sensor_comm,9104,sine,0.025,delayed,L4 slip,0.7946542700877328,0.8051928674476526,0.9869117104907726
sensor_comm,9104,sine,0.025,noisy,intact,0.4710851643800712,0.4714729380211494,0.9991775272559529
sensor_comm,9104,sine,0.025,noisy,L4 failure,1.7863084266408695,1.777603859733952,1.0048967979334946
sensor_comm,9104,sine,0.025,noisy,L4 slip,0.7946542700877328,0.78720467384202,1.0094633536782174
sensor_comm,9104,sine,0.025,stuck,intact,0.4710851643800712,0.47386662009147484,0.9941302982875926
sensor_comm,9104,sine,0.025,stuck,L4 failure,1.7863084266408695,1.8243495807125485,0.9791481005209424
sensor_comm,9104,sine,0.025,stuck,L4 slip,0.7946542700877328,0.8040964616890989,0.9882573894411478
sensor_comm,9104,sine,0.05,dropout,intact,0.4865905779192756,0.4955068475168908,0.9820057590681202
sensor_comm,9104,sine,0.05,dropout,L4 failure,1.6029370159960663,1.7678528990198572,0.9067140240484802
sensor_comm,9104,sine,0.05,dropout,L4 slip,0.6836607024853619,0.7365048175913054,0.9282501433204918
sensor_comm,9104,sine,0.05,intermittent,intact,0.4865905779192756,0.4691306423291019,1.0372176404924012
sensor_comm,9104,sine,0.05,intermittent,L4 failure,1.6029370159960663,1.8563159119481143,0.8635044313733544
sensor_comm,9104,sine,0.05,intermittent,L4 slip,0.6836607024853619,0.8465532110012812,0.8075814887958971
sensor_comm,9104,sine,0.05,delayed,intact,0.4865905779192756,0.4885502307713174,0.9959888405969067
sensor_comm,9104,sine,0.05,delayed,L4 failure,1.6029370159960663,1.6335929970253833,0.9812340153972632
sensor_comm,9104,sine,0.05,delayed,L4 slip,0.6836607024853619,0.6957002292907959,0.9826943756828898
sensor_comm,9104,sine,0.05,noisy,intact,0.4865905779192756,0.49045423189711046,0.9921222945454259
sensor_comm,9104,sine,0.05,noisy,L4 failure,1.6029370159960663,1.588206902770222,1.0092746815293092
sensor_comm,9104,sine,0.05,noisy,L4 slip,0.6836607024853619,0.673758525276642,1.014696923062538
sensor_comm,9104,sine,0.05,stuck,intact,0.4865905779192756,0.4992886973614973,0.9745675808218268
sensor_comm,9104,sine,0.05,stuck,L4 failure,1.6029370159960663,1.6697463018758847,0.9599883612230425
sensor_comm,9104,sine,0.05,stuck,L4 slip,0.6836607024853619,0.6919993603146841,0.9879499052924988
sensor_comm,9104,sine,0.1,dropout,intact,0.5094304515753404,0.5736088317019268,0.8881147280522759
sensor_comm,9104,sine,0.1,dropout,L4 failure,1.3395579121015304,1.5912302600422639,0.8418378821340107
sensor_comm,9104,sine,0.1,dropout,L4 slip,0.578474082654054,0.6081845520359661,0.951148924643921
sensor_comm,9104,sine,0.1,intermittent,intact,0.5094304515753404,0.4753374088845025,1.0717238787724401
sensor_comm,9104,sine,0.1,intermittent,L4 failure,1.3395579121015304,1.7202872590836642,0.7786826909449212
sensor_comm,9104,sine,0.1,intermittent,L4 slip,0.578474082654054,0.756585876413233,0.7645848286204358
sensor_comm,9104,sine,0.1,delayed,intact,0.5094304515753404,0.5195252241695666,0.9805692349002646
sensor_comm,9104,sine,0.1,delayed,L4 failure,1.3395579121015304,1.3762502468155737,0.9733389078047807
sensor_comm,9104,sine,0.1,delayed,L4 slip,0.578474082654054,0.5847821216092361,0.989213009902178
sensor_comm,9104,sine,0.1,noisy,intact,0.5094304515753404,0.5164627511620837,0.9863837235678273
sensor_comm,9104,sine,0.1,noisy,L4 failure,1.3395579121015304,1.3202708965800638,1.0146083773954468
sensor_comm,9104,sine,0.1,noisy,L4 slip,0.578474082654054,0.5714776903863339,1.0122426341140112
sensor_comm,9104,sine,0.1,stuck,intact,0.5094304515753404,0.5470411674502544,0.9312470100738183
sensor_comm,9104,sine,0.1,stuck,L4 failure,1.3395579121015304,1.4367983180714288,0.9323214645042032
sensor_comm,9104,sine,0.1,stuck,L4 slip,0.578474082654054,0.5778557296515977,1.0010700819784708
sensor_comm,9104,sine,0.2,dropout,intact,0.4813673292962212,0.6810551051442049,0.7067964481292563
sensor_comm,9104,sine,0.2,dropout,L4 failure,1.0759320740996352,1.3755262684544258,0.7821966753921596
sensor_comm,9104,sine,0.2,dropout,L4 slip,0.5386821348696185,0.5392383270476178,0.9989685596329094
sensor_comm,9104,sine,0.2,intermittent,intact,0.4813673292962212,0.4976298608858478,0.9673200246450703
sensor_comm,9104,sine,0.2,intermittent,L4 failure,1.0759320740996352,1.5012377814933615,0.716696640174715
sensor_comm,9104,sine,0.2,intermittent,L4 slip,0.5386821348696185,0.6402121459984113,0.8414119260882552
sensor_comm,9104,sine,0.2,delayed,intact,0.4813673292962212,0.5008931518213575,0.9610179886585869
sensor_comm,9104,sine,0.2,delayed,L4 failure,1.0759320740996352,1.100802755143556,0.9774067779829663
sensor_comm,9104,sine,0.2,delayed,L4 slip,0.5386821348696185,0.5425179265611444,0.9929296498719594
sensor_comm,9104,sine,0.2,noisy,intact,0.4813673292962212,0.483529294630553,0.9955287810721299
sensor_comm,9104,sine,0.2,noisy,L4 failure,1.0759320740996352,1.0629410249455546,1.0122217967405538
sensor_comm,9104,sine,0.2,noisy,L4 slip,0.5386821348696185,0.5399625251006747,0.9976287424190827
sensor_comm,9104,sine,0.2,stuck,intact,0.4813673292962212,0.5199327660479163,0.925826108162337
sensor_comm,9104,sine,0.2,stuck,L4 failure,1.0759320740996352,1.1807296774438925,0.9112433562514252
sensor_comm,9104,sine,0.2,stuck,L4 slip,0.5386821348696185,0.539153103166554,0.9991264665005739
sensor_comm,9104,sine,0.4,dropout,intact,0.45878109104648174,0.6367897749181204,0.7204592616228372
sensor_comm,9104,sine,0.4,dropout,L4 failure,0.9248528842365552,1.227411671057332,0.7534985254294162
sensor_comm,9104,sine,0.4,dropout,L4 slip,0.5353367199055408,0.5419234719377752,0.9878456048255633
sensor_comm,9104,sine,0.4,intermittent,intact,0.45878109104648174,0.5073007830982621,0.9043571512832017
sensor_comm,9104,sine,0.4,intermittent,L4 failure,0.9248528842365552,1.2259953892940623,0.7543689742333312
sensor_comm,9104,sine,0.4,intermittent,L4 slip,0.5353367199055408,0.5585380369921313,0.9584606319534914
sensor_comm,9104,sine,0.4,delayed,intact,0.45878109104648174,0.4923812368512559,0.9317598980423284
sensor_comm,9104,sine,0.4,delayed,L4 failure,0.9248528842365552,0.9367548368608416,0.9872944850072287
sensor_comm,9104,sine,0.4,delayed,L4 slip,0.5353367199055408,0.5499464247938498,0.9734343124536439
sensor_comm,9104,sine,0.4,noisy,intact,0.45878109104648174,0.4873180871435755,0.9414407204453176
sensor_comm,9104,sine,0.4,noisy,L4 failure,0.9248528842365552,0.9299267685286982,0.9945437807966635
sensor_comm,9104,sine,0.4,noisy,L4 slip,0.5353367199055408,0.5571118415425798,0.9609142724793892
sensor_comm,9104,sine,0.4,stuck,intact,0.45878109104648174,0.6130107391380599,0.7484062867994175
sensor_comm,9104,sine,0.4,stuck,L4 failure,0.9248528842365552,1.0217728716284513,0.9051452724151603
sensor_comm,9104,sine,0.4,stuck,L4 slip,0.5353367199055408,0.6189222763808375,0.8649498335007988
sensor_comm,9104,sine,1.0,dropout,intact,0.44312878500341846,0.4301885877853982,1.030080289401995
sensor_comm,9104,sine,1.0,dropout,L4 failure,0.8732065604879267,1.182236335336555,0.7386057545248305
sensor_comm,9104,sine,1.0,dropout,L4 slip,0.522567777176068,0.5406963588208308,0.9664717889273413
sensor_comm,9104,sine,1.0,intermittent,intact,0.44312878500341846,0.47954141464155453,0.9240678103572063
sensor_comm,9104,sine,1.0,intermittent,L4 failure,0.8732065604879267,0.968895296845715,0.9012393427140089
sensor_comm,9104,sine,1.0,intermittent,L4 slip,0.522567777176068,0.54812941056864,0.9533656963123839
sensor_comm,9104,sine,1.0,delayed,intact,0.44312878500341846,0.47331702565482797,0.9362198293846614
sensor_comm,9104,sine,1.0,delayed,L4 failure,0.8732065604879267,0.9133282779585243,0.9560708691071321
sensor_comm,9104,sine,1.0,delayed,L4 slip,0.522567777176068,0.5418350939335748,0.9644406259889308
sensor_comm,9104,sine,1.0,noisy,intact,0.44312878500341846,0.5022690443249364,0.8822538239420985
sensor_comm,9104,sine,1.0,noisy,L4 failure,0.8732065604879267,0.9223986042980655,0.9466694294842593
sensor_comm,9104,sine,1.0,noisy,L4 slip,0.522567777176068,0.5939857724529178,0.8797648048337541
sensor_comm,9104,sine,1.0,stuck,intact,0.44312878500341846,1.2515077616608132,0.35407593830290307
sensor_comm,9104,sine,1.0,stuck,L4 failure,0.8732065604879267,0.8767095059369268,0.9960044399823673
sensor_comm,9104,sine,1.0,stuck,L4 slip,0.522567777176068,1.0986171873761452,0.47565956839263507
sensor_comm,9104,chirp,0.0,dropout,intact,0.6699457884032751,0.6699457884032751,1.0
sensor_comm,9104,chirp,0.0,dropout,L4 failure,2.3872831828436842,2.3872831828436842,1.0
sensor_comm,9104,chirp,0.0,dropout,L4 slip,1.1551752938188837,1.1551752938188837,1.0
sensor_comm,9104,chirp,0.0,intermittent,intact,0.6699457884032751,0.6699457884032751,1.0
sensor_comm,9104,chirp,0.0,intermittent,L4 failure,2.3872831828436842,2.3872831828436842,1.0
sensor_comm,9104,chirp,0.0,intermittent,L4 slip,1.1551752938188837,1.1551752938188837,1.0
sensor_comm,9104,chirp,0.0,delayed,intact,0.6699457884032751,0.6699457884032751,1.0
sensor_comm,9104,chirp,0.0,delayed,L4 failure,2.3872831828436842,2.3872831828436842,1.0
sensor_comm,9104,chirp,0.0,delayed,L4 slip,1.1551752938188837,1.1551752938188837,1.0
sensor_comm,9104,chirp,0.0,noisy,intact,0.6699457884032751,0.6699457884032751,1.0
sensor_comm,9104,chirp,0.0,noisy,L4 failure,2.3872831828436842,2.3872831828436842,1.0
sensor_comm,9104,chirp,0.0,noisy,L4 slip,1.1551752938188837,1.1551752938188837,1.0
sensor_comm,9104,chirp,0.0,stuck,intact,0.6699457884032751,0.6699457884032751,1.0
sensor_comm,9104,chirp,0.0,stuck,L4 failure,2.3872831828436842,2.3872831828436842,1.0
sensor_comm,9104,chirp,0.0,stuck,L4 slip,1.1551752938188837,1.1551752938188837,1.0
sensor_comm,9104,chirp,0.025,dropout,intact,0.6383521860202725,0.6379229744802808,1.0006728265906106
sensor_comm,9104,chirp,0.025,dropout,L4 failure,2.1251295462809368,2.2495350996959,0.9446972161351114
sensor_comm,9104,chirp,0.025,dropout,L4 slip,0.9757947376391394,1.0345662631164514,0.9431921109622567
sensor_comm,9104,chirp,0.025,intermittent,intact,0.6383521860202725,0.6527937595134435,0.9778772801015516
sensor_comm,9104,chirp,0.025,intermittent,L4 failure,2.1251295462809368,2.295205832913151,0.9258993314702639
sensor_comm,9104,chirp,0.025,intermittent,L4 slip,0.9757947376391394,1.088871162899714,0.8961526128036609
sensor_comm,9104,chirp,0.025,delayed,intact,0.6383521860202725,0.6397985834990351,0.9977392924647438
sensor_comm,9104,chirp,0.025,delayed,L4 failure,2.1251295462809368,2.1492473717732508,0.9887784785459965
sensor_comm,9104,chirp,0.025,delayed,L4 slip,0.9757947376391394,0.988409606149013,0.987237205677287
sensor_comm,9104,chirp,0.025,noisy,intact,0.6383521860202725,0.6365439096134764,1.002840772458092
sensor_comm,9104,chirp,0.025,noisy,L4 failure,2.1251295462809368,2.1162793636164556,1.0041819538651822
sensor_comm,9104,chirp,0.025,noisy,L4 slip,0.9757947376391394,0.9677732293150395,1.008288623906013
sensor_comm,9104,chirp,0.025,stuck,intact,0.6383521860202725,0.6388142274482194,0.9992767201979948
sensor_comm,9104,chirp,0.025,stuck,L4 failure,2.1251295462809368,2.1622301702824274,0.9828415010985418
sensor_comm,9104,chirp,0.025,stuck,L4 slip,0.9757947376391394,0.9846696581302734,0.9909869056918175
sensor_comm,9104,chirp,0.05,dropout,intact,0.6455555693800787,0.6364644360763881,1.0142838040719677
sensor_comm,9104,chirp,0.05,dropout,L4 failure,1.90290285985169,2.1281626861444027,0.8941529105085398
sensor_comm,9104,chirp,0.05,dropout,L4 slip,0.8583676333584126,0.9379255604342926,0.9151767150486421
sensor_comm,9104,chirp,0.05,intermittent,intact,0.6455555693800787,0.6428722593698473,1.0041739396452753
sensor_comm,9104,chirp,0.05,intermittent,L4 failure,1.90290285985169,2.2078747657606237,0.8618708313359117
sensor_comm,9104,chirp,0.05,intermittent,L4 slip,0.8583676333584126,1.0302670860483907,0.8331505926785434
sensor_comm,9104,chirp,0.05,delayed,intact,0.6455555693800787,0.6466735814853026,0.9982711337879986
sensor_comm,9104,chirp,0.05,delayed,L4 failure,1.90290285985169,1.942706929165773,0.979511027259693
sensor_comm,9104,chirp,0.05,delayed,L4 slip,0.8583676333584126,0.8732704403682467,0.9829344881941157
sensor_comm,9104,chirp,0.05,noisy,intact,0.6455555693800787,0.6463321766472181,0.9987984394167595
sensor_comm,9104,chirp,0.05,noisy,L4 failure,1.90290285985169,1.8879104267164777,1.007941284143066
sensor_comm,9104,chirp,0.05,noisy,L4 slip,0.8583676333584126,0.8475064233484527,1.012815489901596
sensor_comm,9104,chirp,0.05,stuck,intact,0.6455555693800787,0.6543102921621559,0.9866199219438421
sensor_comm,9104,chirp,0.05,stuck,L4 failure,1.90290285985169,1.9686449920177829,0.966605389781979
sensor_comm,9104,chirp,0.05,stuck,L4 slip,0.8583676333584126,0.8645348792537317,0.9928664001380225
sensor_comm,9104,chirp,0.1,dropout,intact,0.6812544206777288,0.6808124736108591,1.0006491465476914
sensor_comm,9104,chirp,0.1,dropout,L4 failure,1.572800520178621,1.927722802810844,0.8158852081249934
sensor_comm,9104,chirp,0.1,dropout,L4 slip,0.7515131500282347,0.8068579766196429,0.9314069784334573
sensor_comm,9104,chirp,0.1,intermittent,intact,0.6812544206777288,0.6385512798237796,1.0668750376097187
sensor_comm,9104,chirp,0.1,intermittent,L4 failure,1.572800520178621,2.0474811822055337,0.7681636021115517
sensor_comm,9104,chirp,0.1,intermittent,L4 slip,0.7515131500282347,0.9343196429479248,0.8043426633492292
sensor_comm,9104,chirp,0.1,delayed,intact,0.6812544206777288,0.6877380976518425,0.9905724621098482
sensor_comm,9104,chirp,0.1,delayed,L4 failure,1.572800520178621,1.6227562121886447,0.9692155287190998
sensor_comm,9104,chirp,0.1,delayed,L4 slip,0.7515131500282347,0.760592601452258,0.9880626613949607
sensor_comm,9104,chirp,0.1,noisy,intact,0.6812544206777288,0.6852271593798201,0.99420230408601
sensor_comm,9104,chirp,0.1,noisy,L4 failure,1.572800520178621,1.5508188514260197,1.0141742336523627
sensor_comm,9104,chirp,0.1,noisy,L4 slip,0.7515131500282347,0.7422029422585977,1.0125440189462267
sensor_comm,9104,chirp,0.1,stuck,intact,0.6812544206777288,0.7232564069176372,0.9419265618137946
sensor_comm,9104,chirp,0.1,stuck,L4 failure,1.572800520178621,1.6630944680662207,0.94570726460741
sensor_comm,9104,chirp,0.1,stuck,L4 slip,0.7515131500282347,0.7495151219549667,1.0026657608562406
sensor_comm,9104,chirp,0.2,dropout,intact,0.6959292479903303,0.7891177647357448,0.8819079725361132
sensor_comm,9104,chirp,0.2,dropout,L4 failure,1.2394268125579646,1.655574155580829,0.7486386570966576
sensor_comm,9104,chirp,0.2,dropout,L4 slip,0.72294903440444,0.7148118482317372,1.0113836755683783
sensor_comm,9104,chirp,0.2,intermittent,intact,0.6959292479903303,0.6587920179054257,1.0563717062070352
sensor_comm,9104,chirp,0.2,intermittent,L4 failure,1.2394268125579646,1.7798514174822422,0.6963653259951574
sensor_comm,9104,chirp,0.2,intermittent,L4 slip,0.72294903440444,0.8133898926649945,0.8888099556238231
sensor_comm,9104,chirp,0.2,delayed,intact,0.6959292479903303,0.7179332501833061,0.9693509080581549
sensor_comm,9104,chirp,0.2,delayed,L4 failure,1.2394268125579646,1.2727423299854461,0.9738238317037334
sensor_comm,9104,chirp,0.2,delayed,L4 slip,0.72294903440444,0.7316908997143647,0.9880525160100565
sensor_comm,9104,chirp,0.2,noisy,intact,0.6959292479903303,0.6919414445843584,1.005763209354178
sensor_comm,9104,chirp,0.2,noisy,L4 failure,1.2394268125579646,1.2207096869678005,1.01533298686001
sensor_comm,9104,chirp,0.2,noisy,L4 slip,0.72294903440444,0.7148204417564115,1.011371516779872
sensor_comm,9104,chirp,0.2,stuck,intact,0.6959292479903303,0.7944149012930268,0.8760274346032575
sensor_comm,9104,chirp,0.2,stuck,L4 failure,1.2394268125579646,1.2965289239780857,0.9559577034001547
sensor_comm,9104,chirp,0.2,stuck,L4 slip,0.72294903440444,0.7488478919147912,0.9654150625380967
sensor_comm,9104,chirp,0.4,dropout,intact,0.6296042686491342,0.8437583782191052,0.7461902422563442
sensor_comm,9104,chirp,0.4,dropout,L4 failure,1.066002753757605,1.4009903695787276,0.76089227799485
sensor_comm,9104,chirp,0.4,dropout,L4 slip,0.7048143332386252,0.7243143677667294,0.973077940469097
sensor_comm,9104,chirp,0.4,intermittent,intact,0.6296042686491342,0.6982310724966445,0.9017133345238798
sensor_comm,9104,chirp,0.4,intermittent,L4 failure,1.066002753757605,1.4375053180354649,0.7415643896291348
sensor_comm,9104,chirp,0.4,intermittent,L4 slip,0.7048143332386252,0.7384070572927428,0.9545064964881562
sensor_comm,9104,chirp,0.4,delayed,intact,0.6296042686491342,0.6437654093028204,0.9780026381519592
sensor_comm,9104,chirp,0.4,delayed,L4 failure,1.066002753757605,1.0751005826781903,0.9915376951076319
sensor_comm,9104,chirp,0.4,delayed,L4 slip,0.7048143332386252,0.7146541845134186,0.9862313109080961
sensor_comm,9104,chirp,0.4,noisy,intact,0.6296042686491342,0.618514903781169,1.017929018040103
sensor_comm,9104,chirp,0.4,noisy,L4 failure,1.066002753757605,1.058676677496894,1.0069200317872613
sensor_comm,9104,chirp,0.4,noisy,L4 slip,0.7048143332386252,0.6971525919474686,1.0109900492082426
sensor_comm,9104,chirp,0.4,stuck,intact,0.6296042686491342,0.6916531108723729,0.9102890722995848
sensor_comm,9104,chirp,0.4,stuck,L4 failure,1.066002753757605,1.0675448899006428,0.9985554367243691
sensor_comm,9104,chirp,0.4,stuck,L4 slip,0.7048143332386252,0.7511640535444931,0.9382961417187643
sensor_comm,9104,chirp,1.0,dropout,intact,0.5667096194371104,0.6823747397951889,0.8304961869004782
sensor_comm,9104,chirp,1.0,dropout,L4 failure,1.0520238987071586,1.2110573904214068,0.8686821178153168
sensor_comm,9104,chirp,1.0,dropout,L4 slip,0.6677705425061481,0.6947636232333005,0.9611478208926201
sensor_comm,9104,chirp,1.0,intermittent,intact,0.5667096194371104,0.646612443946837,0.8764285697596379
sensor_comm,9104,chirp,1.0,intermittent,L4 failure,1.0520238987071586,1.1301418572767727,0.9308777406423564
sensor_comm,9104,chirp,1.0,intermittent,L4 slip,0.6677705425061481,0.721448224169099,0.9255973195792779
sensor_comm,9104,chirp,1.0,delayed,intact,0.5667096194371104,0.5573467163452299,1.0167990638812356
sensor_comm,9104,chirp,1.0,delayed,L4 failure,1.0520238987071586,1.0841491745449994,0.9703682144559828
sensor_comm,9104,chirp,1.0,delayed,L4 slip,0.6677705425061481,0.6603720117915272,1.0112035800768562
sensor_comm,9104,chirp,1.0,noisy,intact,0.5667096194371104,0.6171313253106728,0.9182966350830118
sensor_comm,9104,chirp,1.0,noisy,L4 failure,1.0520238987071586,1.100186250977527,0.9562234555943817
sensor_comm,9104,chirp,1.0,noisy,L4 slip,0.6677705425061481,0.7338371974257953,0.9099709647434058
sensor_comm,9104,chirp,1.0,stuck,intact,0.5667096194371104,0.6090862241934202,0.9304259346656103
sensor_comm,9104,chirp,1.0,stuck,L4 failure,1.0520238987071586,1.3085929997570334,0.8039351417151765
sensor_comm,9104,chirp,1.0,stuck,L4 slip,0.6677705425061481,0.6771756827313958,0.9861112256906331
sensor_comm,9105,straight,0.0,dropout,intact,0.07819997702766737,0.07819997702766737,1.0
sensor_comm,9105,straight,0.0,dropout,L4 failure,2.4909734504181125,2.4909734504181125,1.0
sensor_comm,9105,straight,0.0,dropout,L4 slip,0.7208623644875871,0.7208623644875871,1.0
sensor_comm,9105,straight,0.0,intermittent,intact,0.07819997702766737,0.07819997702766737,1.0
sensor_comm,9105,straight,0.0,intermittent,L4 failure,2.4909734504181125,2.4909734504181125,1.0
sensor_comm,9105,straight,0.0,intermittent,L4 slip,0.7208623644875871,0.7208623644875871,1.0
sensor_comm,9105,straight,0.0,delayed,intact,0.07819997702766737,0.07819997702766737,1.0
sensor_comm,9105,straight,0.0,delayed,L4 failure,2.4909734504181125,2.4909734504181125,1.0
sensor_comm,9105,straight,0.0,delayed,L4 slip,0.7208623644875871,0.7208623644875871,1.0
sensor_comm,9105,straight,0.0,noisy,intact,0.07819997702766737,0.07819997702766737,1.0
sensor_comm,9105,straight,0.0,noisy,L4 failure,2.4909734504181125,2.4909734504181125,1.0
sensor_comm,9105,straight,0.0,noisy,L4 slip,0.7208623644875871,0.7208623644875871,1.0
sensor_comm,9105,straight,0.0,stuck,intact,0.07819997702766737,0.07819997702766737,1.0
sensor_comm,9105,straight,0.0,stuck,L4 failure,2.4909734504181125,2.4909734504181125,1.0
sensor_comm,9105,straight,0.0,stuck,L4 slip,0.7208623644875871,0.7208623644875871,1.0
sensor_comm,9105,straight,0.025,dropout,intact,0.09118770665997336,0.09011829069114127,1.0118668026283062
sensor_comm,9105,straight,0.025,dropout,L4 failure,2.3858552119768506,2.4487411931997265,0.9743190577274914
sensor_comm,9105,straight,0.025,dropout,L4 slip,0.6631994571755679,0.687595890911531,0.9645192269784784
sensor_comm,9105,straight,0.025,intermittent,intact,0.09118770665997336,0.08242453943262511,1.106317454579305
sensor_comm,9105,straight,0.025,intermittent,L4 failure,2.3858552119768506,2.455614948179507,0.971591744766673
sensor_comm,9105,straight,0.025,intermittent,L4 slip,0.6631994571755679,0.7014356886078985,0.9454886142046522
sensor_comm,9105,straight,0.025,delayed,intact,0.09118770665997336,0.09074469796924485,1.0048819236896755
sensor_comm,9105,straight,0.025,delayed,L4 failure,2.3858552119768506,2.398742401678189,0.9946275224499629
sensor_comm,9105,straight,0.025,delayed,L4 slip,0.6631994571755679,0.6684964457598649,0.9920762651501072
sensor_comm,9105,straight,0.025,noisy,intact,0.09118770665997336,0.08804211786511532,1.0357282272522934
sensor_comm,9105,straight,0.025,noisy,L4 failure,2.3858552119768506,2.392904996162548,0.9970538804520016
sensor_comm,9105,straight,0.025,noisy,L4 slip,0.6631994571755679,0.6671252331166269,0.9941153838197384
sensor_comm,9105,straight,0.025,stuck,intact,0.09118770665997336,0.09366341158180747,0.9735680680425379
sensor_comm,9105,straight,0.025,stuck,L4 failure,2.3858552119768506,2.41597221683291,0.9875342089423779
sensor_comm,9105,straight,0.025,stuck,L4 slip,0.6631994571755679,0.6714940317252743,0.9876475826175326
sensor_comm,9105,straight,0.05,dropout,intact,0.10424843902299752,0.10326364208021643,1.0095367248621356
sensor_comm,9105,straight,0.05,dropout,L4 failure,2.284567637339449,2.408778922310053,0.9484339206806559
sensor_comm,9105,straight,0.05,dropout,L4 slip,0.610766613477151,0.656279498840016,0.9306501491463474
sensor_comm,9105,straight,0.05,intermittent,intact,0.10424843902299752,0.0867803831341685,1.2012903752893347
sensor_comm,9105,straight,0.05,intermittent,L4 failure,2.284567637339449,2.420515845046759,0.9438350267421265
sensor_comm,9105,straight,0.05,intermittent,L4 slip,0.610766613477151,0.6825919406813785,0.8947756002912518
sensor_comm,9105,straight,0.05,delayed,intact,0.10424843902299752,0.10360098313854535,1.006249514867888
sensor_comm,9105,straight,0.05,delayed,L4 failure,2.284567637339449,2.309278648544585,0.9892992509930708
sensor_comm,9105,straight,0.05,delayed,L4 slip,0.610766613477151,0.6201542515807232,0.9848624143434574
sensor_comm,9105,straight,0.05,noisy,intact,0.10424843902299752,0.09744676906161162,1.06979882480337
sensor_comm,9105,straight,0.05,noisy,L4 failure,2.284567637339449,2.2975601430906574,0.9943450856813127
sensor_comm,9105,straight,0.05,noisy,L4 slip,0.610766613477151,0.6179997823423218,0.9882958391380724
sensor_comm,9105,straight,0.05,stuck,intact,0.10424843902299752,0.10991477983873081,0.948447871850837
sensor_comm,9105,straight,0.05,stuck,L4 failure,2.284567637339449,2.3447201200190038,0.9743455595548575
sensor_comm,9105,straight,0.05,stuck,L4 slip,0.610766613477151,0.6257419061067798,0.976067940338531
sensor_comm,9105,straight,0.1,dropout,intact,0.1274087549704249,0.13026281565932346,0.9780899815925767
sensor_comm,9105,straight,0.1,dropout,L4 failure,2.09359562395034,2.3351987563692815,0.8965385144369548
sensor_comm,9105,straight,0.1,dropout,L4 slip,0.5201717323018945,0.5990961171990692,0.8682608973228423
sensor_comm,9105,straight,0.1,intermittent,intact,0.1274087549704249,0.09562412143268581,1.3323913784673436
sensor_comm,9105,straight,0.1,intermittent,L4 failure,2.09359562395034,2.3511255202310575,0.8904652711798183
sensor_comm,9105,straight,0.1,intermittent,L4 slip,0.5201717323018945,0.6465954483404625,0.8044778750561201
sensor_comm,9105,straight,0.1,delayed,intact,0.1274087549704249,0.12736089295105402,1.000375798396681
sensor_comm,9105,straight,0.1,delayed,L4 failure,2.09359562395034,2.138882927629525,0.9788266561511266
sensor_comm,9105,straight,0.1,delayed,L4 slip,0.5201717323018945,0.5347509066698595,0.9727365130453799
sensor_comm,9105,straight,0.1,noisy,intact,0.1274087549704249,0.11345701645756964,1.1229693759669142
sensor_comm,9105,straight,0.1,noisy,L4 failure,2.09359562395034,2.114695943914387,0.9900220549319306
sensor_comm,9105,straight,0.1,noisy,L4 slip,0.5201717323018945,0.5321484098569422,0.9774937266875092
sensor_comm,9105,straight,0.1,stuck,intact,0.1274087549704249,0.14087689609847692,0.9043978004836406
sensor_comm,9105,straight,0.1,stuck,L4 failure,2.09359562395034,2.2127572060571716,0.9461479181807022
sensor_comm,9105,straight,0.1,stuck,L4 slip,0.5201717323018945,0.5443037949141141,0.9556643498764741
sensor_comm,9105,straight,0.2,dropout,intact,0.15672671736553972,0.17848046311608018,0.8781169357657245
sensor_comm,9105,straight,0.2,dropout,L4 failure,1.757327460101802,2.210418221145391,0.7950203465076364
sensor_comm,9105,straight,0.2,dropout,L4 slip,0.38683805745761657,0.5039883365877283,0.7675535907769572
sensor_comm,9105,straight,0.2,intermittent,intact,0.15672671736553972,0.11271507358115293,1.3904681280512066
sensor_comm,9105,straight,0.2,intermittent,L4 failure,1.757327460101802,2.2157992893675975,0.7930896397224471
sensor_comm,9105,straight,0.2,intermittent,L4 slip,0.38683805745761657,0.5809803149768303,0.6658367718931127
sensor_comm,9105,straight,0.2,delayed,intact,0.15672671736553972,0.16091259630012905,0.9739866298174572
sensor_comm,9105,straight,0.2,delayed,L4 failure,1.757327460101802,1.8325590595894774,0.9589472442407786
sensor_comm,9105,straight,0.2,delayed,L4 slip,0.38683805745761657,0.40359884762145626,0.9584716600093963
sensor_comm,9105,straight,0.2,noisy,intact,0.15672671736553972,0.1330815730985906,1.1776740664872676
sensor_comm,9105,straight,0.2,noisy,L4 failure,1.757327460101802,1.7793486376560725,0.9876240231463134
sensor_comm,9105,straight,0.2,noisy,L4 slip,0.38683805745761657,0.4012369563798825,0.9641137270799319
sensor_comm,9105,straight,0.2,stuck,intact,0.15672671736553972,0.1878574870383841,0.8342851798795565
sensor_comm,9105,straight,0.2,stuck,L4 failure,1.757327460101802,1.986135364304824,0.8847974270459114
sensor_comm,9105,straight,0.2,stuck,L4 slip,0.38683805745761657,0.4166951321961048,0.9283479157024639
sensor_comm,9105,straight,0.4,dropout,intact,0.1626009191159023,0.23872101535298418,0.6811336608780458
sensor_comm,9105,straight,0.4,dropout,L4 failure,1.25288709758758,2.0300019132675784,0.6171851806636375
sensor_comm,9105,straight,0.4,dropout,L4 slip,0.24940338542750098,0.3738347844807519,0.6671486864816945
sensor_comm,9105,straight,0.4,intermittent,intact,0.1626009191159023,0.14046914468599586,1.1575561272148394
sensor_comm,9105,straight,0.4,intermittent,L4 failure,1.25288709758758,1.9614043731230342,0.6387704212123675
sensor_comm,9105,straight,0.4,intermittent,L4 slip,0.24940338542750098,0.47244178265062475,0.5279028963700638
sensor_comm,9105,straight,0.4,delayed,intact,0.1626009191159023,0.17679251923332961,0.9197273720688525
sensor_comm,9105,straight,0.4,delayed,L4 failure,1.25288709758758,1.350563216105098,0.927677492358183
sensor_comm,9105,straight,0.4,delayed,L4 slip,0.24940338542750098,0.2585607999526855,0.9645831288932419
sensor_comm,9105,straight,0.4,noisy,intact,0.1626009191159023,0.14016344229760694,1.1600808060253986
sensor_comm,9105,straight,0.4,noisy,L4 failure,1.25288709758758,1.227207348477893,1.0209253547426502
sensor_comm,9105,straight,0.4,noisy,L4 slip,0.24940338542750098,0.24905141775134276,1.001413232975488
sensor_comm,9105,straight,0.4,stuck,intact,0.1626009191159023,0.22112617438101614,0.7353309465560116
sensor_comm,9105,straight,0.4,stuck,L4 failure,1.25288709758758,1.6468479277264205,0.7607788651847601
sensor_comm,9105,straight,0.4,stuck,L4 slip,0.24940338542750098,0.26803687120753866,0.9304816322616677
sensor_comm,9105,straight,1.0,dropout,intact,0.08444649496245281,0.2416484460771479,0.349460119993872
sensor_comm,9105,straight,1.0,dropout,L4 failure,0.58701142988783,1.7681858755204227,0.331985136865239
sensor_comm,9105,straight,1.0,dropout,L4 slip,0.16897652851504336,0.23554888407356223,0.7173735047807391
sensor_comm,9105,straight,1.0,intermittent,intact,0.08444649496245281,0.1663028009385991,0.5077875687351256
sensor_comm,9105,straight,1.0,intermittent,L4 failure,0.58701142988783,1.356269775119142,0.4328131767415253
sensor_comm,9105,straight,1.0,intermittent,L4 slip,0.16897652851504336,0.2813209881811275,0.6006538282392512
sensor_comm,9105,straight,1.0,delayed,intact,0.08444649496245281,0.09565192635771531,0.8828520049522383
sensor_comm,9105,straight,1.0,delayed,L4 failure,0.58701142988783,0.6372616092313532,0.921146702365872
sensor_comm,9105,straight,1.0,delayed,L4 slip,0.16897652851504336,0.16874673974593296,1.0013617375331598
sensor_comm,9105,straight,1.0,noisy,intact,0.08444649496245281,0.1387130695901288,0.608785424560039
sensor_comm,9105,straight,1.0,noisy,L4 failure,0.58701142988783,0.4293102273510435,1.3673362349409752
sensor_comm,9105,straight,1.0,noisy,L4 slip,0.16897652851504336,0.08545276605638305,1.9774260835927773
sensor_comm,9105,straight,1.0,stuck,intact,0.08444649496245281,0.11729407959297485,0.719955305975312
sensor_comm,9105,straight,1.0,stuck,L4 failure,0.58701142988783,1.0604492532653782,0.5535497602363155
sensor_comm,9105,straight,1.0,stuck,L4 slip,0.16897652851504336,0.17141545105378242,0.9857718628994895
sensor_comm,9105,s_lr,0.0,dropout,intact,0.9095299042370385,0.9095299042370385,1.0
sensor_comm,9105,s_lr,0.0,dropout,L4 failure,1.464643175970648,1.464643175970648,1.0
sensor_comm,9105,s_lr,0.0,dropout,L4 slip,0.42434142883890547,0.42434142883890547,1.0
sensor_comm,9105,s_lr,0.0,intermittent,intact,0.9095299042370385,0.9095299042370385,1.0
sensor_comm,9105,s_lr,0.0,intermittent,L4 failure,1.464643175970648,1.464643175970648,1.0
sensor_comm,9105,s_lr,0.0,intermittent,L4 slip,0.42434142883890547,0.42434142883890547,1.0
sensor_comm,9105,s_lr,0.0,delayed,intact,0.9095299042370385,0.9095299042370385,1.0
sensor_comm,9105,s_lr,0.0,delayed,L4 failure,1.464643175970648,1.464643175970648,1.0
sensor_comm,9105,s_lr,0.0,delayed,L4 slip,0.42434142883890547,0.42434142883890547,1.0
sensor_comm,9105,s_lr,0.0,noisy,intact,0.9095299042370385,0.9095299042370385,1.0
sensor_comm,9105,s_lr,0.0,noisy,L4 failure,1.464643175970648,1.464643175970648,1.0
sensor_comm,9105,s_lr,0.0,noisy,L4 slip,0.42434142883890547,0.42434142883890547,1.0
sensor_comm,9105,s_lr,0.0,stuck,intact,0.9095299042370385,0.9095299042370385,1.0
sensor_comm,9105,s_lr,0.0,stuck,L4 failure,1.464643175970648,1.464643175970648,1.0
sensor_comm,9105,s_lr,0.0,stuck,L4 slip,0.42434142883890547,0.42434142883890547,1.0
sensor_comm,9105,s_lr,0.025,dropout,intact,0.8327080260867383,0.8881535741142521,0.9375721163056635
sensor_comm,9105,s_lr,0.025,dropout,L4 failure,1.5027821652561624,1.487350454773851,1.0103753022246917
sensor_comm,9105,s_lr,0.025,dropout,L4 slip,0.39326182311767766,0.41248834525152506,0.9533889324263851
sensor_comm,9105,s_lr,0.025,intermittent,intact,0.8327080260867383,0.8832486746324542,0.942778687364861
sensor_comm,9105,s_lr,0.025,intermittent,L4 failure,1.5027821652561624,1.4775322352293352,1.0170892583084037
sensor_comm,9105,s_lr,0.025,intermittent,L4 slip,0.39326182311767766,0.41229304586884813,0.9538405438998736
sensor_comm,9105,s_lr,0.025,delayed,intact,0.8327080260867383,0.8412634013616426,0.989830325126403
sensor_comm,9105,s_lr,0.025,delayed,L4 failure,1.5027821652561624,1.5010993272988007,1.001121070356077
sensor_comm,9105,s_lr,0.025,delayed,L4 slip,0.39326182311767766,0.39655471434178097,0.9916962499624573
sensor_comm,9105,s_lr,0.025,noisy,intact,0.8327080260867383,0.8271217751851507,1.0067538433507413
sensor_comm,9105,s_lr,0.025,noisy,L4 failure,1.5027821652561624,1.507875361205508,0.9966222699300068
sensor_comm,9105,s_lr,0.025,noisy,L4 slip,0.39326182311767766,0.39080988529077987,1.0062739913169634
sensor_comm,9105,s_lr,0.025,stuck,intact,0.8327080260867383,0.8435369398090234,0.9871624902108771
sensor_comm,9105,s_lr,0.025,stuck,L4 failure,1.5027821652561624,1.5230886196414093,0.986667581831169
sensor_comm,9105,s_lr,0.025,stuck,L4 slip,0.39326182311767766,0.39339867086037794,0.9996521397939627
sensor_comm,9105,s_lr,0.05,dropout,intact,0.7581682547178177,0.8658506498669638,0.8756339847227795
sensor_comm,9105,s_lr,0.05,dropout,L4 failure,1.5397896370327542,1.5111110466029642,1.0189784797710668
sensor_comm,9105,s_lr,0.05,dropout,L4 slip,0.37549568767288655,0.4010671480959293,0.9362414484845155
sensor_comm,9105,s_lr,0.05,intermittent,intact,0.7581682547178177,0.8569785262785482,0.8846992444608657
sensor_comm,9105,s_lr,0.05,intermittent,L4 failure,1.5397896370327542,1.4902621316670424,1.0332340897036074
sensor_comm,9105,s_lr,0.05,intermittent,L4 slip,0.37549568767288655,0.40184806409132745,0.9344220396382155
sensor_comm,9105,s_lr,0.05,delayed,intact,0.7581682547178177,0.7743984692394837,0.9790415203976252
sensor_comm,9105,s_lr,0.05,delayed,L4 failure,1.5397896370327542,1.5371204046080564,1.0017365148603166
sensor_comm,9105,s_lr,0.05,delayed,L4 slip,0.37549568767288655,0.3799199069810272,0.9883548631518233
sensor_comm,9105,s_lr,0.05,noisy,intact,0.7581682547178177,0.747602135207108,1.0141333458174013
sensor_comm,9105,s_lr,0.05,noisy,L4 failure,1.5397896370327542,1.549225216757695,0.9939094848038376
sensor_comm,9105,s_lr,0.05,noisy,L4 slip,0.37549568767288655,0.37179478347489764,1.0099541584833418
sensor_comm,9105,s_lr,0.05,stuck,intact,0.7581682547178177,0.7773087392178236,0.9753759561236037
sensor_comm,9105,s_lr,0.05,stuck,L4 failure,1.5397896370327542,1.582387908218944,0.9730797543605244
sensor_comm,9105,s_lr,0.05,stuck,L4 slip,0.37549568767288655,0.37524262875296677,1.0006743874510227
sensor_comm,9105,s_lr,0.1,dropout,intact,0.6172359539876917,0.8187412443735671,0.7538840362927477
sensor_comm,9105,s_lr,0.1,dropout,L4 failure,1.6097258170872322,1.5615336855712636,1.0308620505348485
sensor_comm,9105,s_lr,0.1,dropout,L4 slip,0.37236472611087945,0.38042070048615145,0.9788235120618384
sensor_comm,9105,s_lr,0.1,intermittent,intact,0.6172359539876917,0.8045538566248454,0.7671779196697109
sensor_comm,9105,s_lr,0.1,intermittent,L4 failure,1.6097258170872322,1.515213413193361,1.0623756383562386
sensor_comm,9105,s_lr,0.1,intermittent,L4 slip,0.37236472611087945,0.38577122712608436,0.9652475351386869
sensor_comm,9105,s_lr,0.1,delayed,intact,0.6172359539876917,0.6460226677986975,0.9554400870961762
sensor_comm,9105,s_lr,0.1,delayed,L4 failure,1.6097258170872322,1.607304974536547,1.0015061501015905
sensor_comm,9105,s_lr,0.1,delayed,L4 slip,0.37236472611087945,0.3753397359932052,0.9920738211357947
sensor_comm,9105,s_lr,0.1,noisy,intact,0.6172359539876917,0.5985065703914204,1.0312935304687172
sensor_comm,9105,s_lr,0.1,noisy,L4 failure,1.6097258170872322,1.625603724748315,0.9902326087106246
sensor_comm,9105,s_lr,0.1,noisy,L4 slip,0.37236472611087945,0.36817841588570743,1.0113703303739336
sensor_comm,9105,s_lr,0.1,stuck,intact,0.6172359539876917,0.6452679158201057,0.9565576388579825
sensor_comm,9105,s_lr,0.1,stuck,L4 failure,1.6097258170872322,1.702715091407751,0.945387648943877
sensor_comm,9105,s_lr,0.1,stuck,L4 slip,0.37236472611087945,0.3750744903276633,0.9927753971899912
sensor_comm,9105,s_lr,0.2,dropout,intact,0.39943596472471465,0.7163409474058751,0.5576059363508593
sensor_comm,9105,s_lr,0.2,dropout,L4 failure,1.7294036106796262,1.6722242409182904,1.0341936017683466
sensor_comm,9105,s_lr,0.2,dropout,L4 slip,0.44342073148205297,0.3529744154734679,1.2562404300245484
sensor_comm,9105,s_lr,0.2,intermittent,intact,0.39943596472471465,0.700741490954109,0.5700190011310082
sensor_comm,9105,s_lr,0.2,intermittent,L4 failure,1.7294036106796262,1.5628770787640316,1.1065512663652912
sensor_comm,9105,s_lr,0.2,intermittent,L4 slip,0.44342073148205297,0.3714272080737081,1.1938294283332578
sensor_comm,9105,s_lr,0.2,delayed,intact,0.39943596472471465,0.43292633497657834,0.9226418733485559
sensor_comm,9105,s_lr,0.2,delayed,L4 failure,1.7294036106796262,1.7367991582381919,0.9957418521747399
sensor_comm,9105,s_lr,0.2,delayed,L4 slip,0.44342073148205297,0.44286838643244586,1.0012471990923908
sensor_comm,9105,s_lr,0.2,noisy,intact,0.39943596472471465,0.3756893649996974,1.0632080701167477
sensor_comm,9105,s_lr,0.2,noisy,L4 failure,1.7294036106796262,1.7492282177686527,0.9886666548780495
sensor_comm,9105,s_lr,0.2,noisy,L4 slip,0.44342073148205297,0.43893433760146594,1.0102211048356406
sensor_comm,9105,s_lr,0.2,stuck,intact,0.39943596472471465,0.4223263489021944,0.9457992989616169
sensor_comm,9105,s_lr,0.2,stuck,L4 failure,1.7294036106796262,1.9449667832081126,0.8891687126024194
sensor_comm,9105,s_lr,0.2,stuck,L4 slip,0.44342073148205297,0.4840234452875549,0.9161141589300903
sensor_comm,9105,s_lr,0.4,dropout,intact,0.47488479462948624,0.4923096464726804,0.9646059101867281
sensor_comm,9105,s_lr,0.4,dropout,L4 failure,1.8656435268682525,1.9194896853890462,0.9719476697735523
sensor_comm,9105,s_lr,0.4,dropout,L4 slip,0.6413076813615995,0.3723193859608568,1.722466531541343
sensor_comm,9105,s_lr,0.4,intermittent,intact,0.47488479462948624,0.5019814628837415,0.9460205799262138
sensor_comm,9105,s_lr,0.4,intermittent,L4 failure,1.8656435268682525,1.647801394539174,1.1322016919338755
sensor_comm,9105,s_lr,0.4,intermittent,L4 slip,0.6413076813615995,0.3972632855720043,1.6143139944034974
sensor_comm,9105,s_lr,0.4,delayed,intact,0.47488479462948624,0.5070170628217772,0.9366248780396847
sensor_comm,9105,s_lr,0.4,delayed,L4 failure,1.8656435268682525,1.929192737827687,0.9670591695099411
sensor_comm,9105,s_lr,0.4,delayed,L4 slip,0.6413076813615995,0.661873299396649,0.9689281648711368
sensor_comm,9105,s_lr,0.4,noisy,intact,0.47488479462948624,0.4496664079197596,1.056082434145774
sensor_comm,9105,s_lr,0.4,noisy,L4 failure,1.8656435268682525,1.8626624018201117,1.0016004644992178
sensor_comm,9105,s_lr,0.4,noisy,L4 slip,0.6413076813615995,0.6232022148465519,1.0290523141345151
sensor_comm,9105,s_lr,0.4,stuck,intact,0.47488479462948624,0.6078204538986076,0.7812912375415113
sensor_comm,9105,s_lr,0.4,stuck,L4 failure,1.8656435268682525,2.402461479131734,0.7765550220361946
sensor_comm,9105,s_lr,0.4,stuck,L4 slip,0.6413076813615995,0.851843270507618,0.7528470360274617
sensor_comm,9105,s_lr,1.0,dropout,intact,0.6747918199430567,0.39432673256229894,1.7112505042666555
sensor_comm,9105,s_lr,1.0,dropout,L4 failure,1.4857713743966037,2.624844099661378,0.5660417601899776
sensor_comm,9105,s_lr,1.0,dropout,L4 slip,0.8141057469812731,0.7993453936473768,1.0184655512513128
sensor_comm,9105,s_lr,1.0,intermittent,intact,0.6747918199430567,0.4656064496745418,1.4492750699968506
sensor_comm,9105,s_lr,1.0,intermittent,L4 failure,1.4857713743966037,1.802271663904087,0.8243881342383871
sensor_comm,9105,s_lr,1.0,intermittent,L4 slip,0.8141057469812731,0.6346078521735316,1.282848524790485
sensor_comm,9105,s_lr,1.0,delayed,intact,0.6747918199430567,0.7878879459754351,0.856456585469954
sensor_comm,9105,s_lr,1.0,delayed,L4 failure,1.4857713743966037,1.7657228516831336,0.8414521978805038
sensor_comm,9105,s_lr,1.0,delayed,L4 slip,0.8141057469812731,0.9401612864068877,0.8659213676970532
sensor_comm,9105,s_lr,1.0,noisy,intact,0.6747918199430567,0.6194400768583033,1.089357704082513
sensor_comm,9105,s_lr,1.0,noisy,L4 failure,1.4857713743966037,1.3477118516872841,1.102439941102005
sensor_comm,9105,s_lr,1.0,noisy,L4 slip,0.8141057469812731,0.7360716436065282,1.1060142773499622
sensor_comm,9105,s_lr,1.0,stuck,intact,0.6747918199430567,1.5150623909064247,0.44538879982318436
sensor_comm,9105,s_lr,1.0,stuck,L4 failure,1.4857713743966037,3.2530166301774583,0.45673648287360646
sensor_comm,9105,s_lr,1.0,stuck,L4 slip,0.8141057469812731,1.794083533356892,0.45377248709150564
sensor_comm,9105,s_rl,0.0,dropout,intact,0.835708996910552,0.835708996910552,1.0
sensor_comm,9105,s_rl,0.0,dropout,L4 failure,3.501763273774576,3.501763273774576,1.0
sensor_comm,9105,s_rl,0.0,dropout,L4 slip,1.827601244133406,1.827601244133406,1.0
sensor_comm,9105,s_rl,0.0,intermittent,intact,0.835708996910552,0.835708996910552,1.0
sensor_comm,9105,s_rl,0.0,intermittent,L4 failure,3.501763273774576,3.501763273774576,1.0
sensor_comm,9105,s_rl,0.0,intermittent,L4 slip,1.827601244133406,1.827601244133406,1.0
sensor_comm,9105,s_rl,0.0,delayed,intact,0.835708996910552,0.835708996910552,1.0
sensor_comm,9105,s_rl,0.0,delayed,L4 failure,3.501763273774576,3.501763273774576,1.0
sensor_comm,9105,s_rl,0.0,delayed,L4 slip,1.827601244133406,1.827601244133406,1.0
sensor_comm,9105,s_rl,0.0,noisy,intact,0.835708996910552,0.835708996910552,1.0
sensor_comm,9105,s_rl,0.0,noisy,L4 failure,3.501763273774576,3.501763273774576,1.0
sensor_comm,9105,s_rl,0.0,noisy,L4 slip,1.827601244133406,1.827601244133406,1.0
sensor_comm,9105,s_rl,0.0,stuck,intact,0.835708996910552,0.835708996910552,1.0
sensor_comm,9105,s_rl,0.0,stuck,L4 failure,3.501763273774576,3.501763273774576,1.0
sensor_comm,9105,s_rl,0.0,stuck,L4 slip,1.827601244133406,1.827601244133406,1.0
sensor_comm,9105,s_rl,0.025,dropout,intact,0.7189618369243046,0.7748806941417027,0.9278355266298941
sensor_comm,9105,s_rl,0.025,dropout,L4 failure,3.2726664307067366,3.390451066866988,0.9652598920210659
sensor_comm,9105,s_rl,0.025,dropout,L4 slip,1.6487549064620197,1.7411681618532469,0.9469245662677032
sensor_comm,9105,s_rl,0.025,intermittent,intact,0.7189618369243046,0.79550250974332,0.9037832415592097
sensor_comm,9105,s_rl,0.025,intermittent,L4 failure,3.2726664307067366,3.425160909745711,0.9554781561925814
sensor_comm,9105,s_rl,0.025,intermittent,L4 slip,1.6487549064620197,1.7669316886268742,0.9331175149975988
sensor_comm,9105,s_rl,0.025,delayed,intact,0.7189618369243046,0.7293461188687637,0.9857622030531055
sensor_comm,9105,s_rl,0.025,delayed,L4 failure,3.2726664307067366,3.297654221657403,0.9924225557711421
sensor_comm,9105,s_rl,0.025,delayed,L4 slip,1.6487549064620197,1.6668009261664516,0.9891732603329321
sensor_comm,9105,s_rl,0.025,noisy,intact,0.7189618369243046,0.7242119249138808,0.9927506192469829
sensor_comm,9105,s_rl,0.025,noisy,L4 failure,3.2726664307067366,3.2853597193598647,0.99613640826655
sensor_comm,9105,s_rl,0.025,noisy,L4 slip,1.6487549064620197,1.6560741601618942,0.9955803587327521
sensor_comm,9105,s_rl,0.025,stuck,intact,0.7189618369243046,0.7280792108331177,0.9874774972651941
sensor_comm,9105,s_rl,0.025,stuck,L4 failure,3.2726664307067366,3.290381409280502,0.9946161321833996
sensor_comm,9105,s_rl,0.025,stuck,L4 slip,1.6487549064620197,1.6694894377144407,0.9875803160031926
sensor_comm,9105,s_rl,0.05,dropout,intact,0.6143926312176504,0.716900960223007,0.8570118681756693
sensor_comm,9105,s_rl,0.05,dropout,L4 failure,3.043012046713668,3.282237453362407,0.9271151432375283
sensor_comm,9105,s_rl,0.05,dropout,L4 slip,1.479813575017284,1.6579919378629413,0.89253363736176
sensor_comm,9105,s_rl,0.05,intermittent,intact,0.6143926312176504,0.7566369055063341,0.8120045780829377
sensor_comm,9105,s_rl,0.05,intermittent,L4 failure,3.043012046713668,3.348290895677067,0.9088254699263016
sensor_comm,9105,s_rl,0.05,intermittent,L4 slip,1.479813575017284,1.7070368573389658,0.8668902306679591
sensor_comm,9105,s_rl,0.05,delayed,intact,0.6143926312176504,0.6324581745341072,0.9714359873207986
sensor_comm,9105,s_rl,0.05,delayed,L4 failure,3.043012046713668,3.0923040856684585,0.9840597698061978
sensor_comm,9105,s_rl,0.05,delayed,L4 slip,1.479813575017284,1.5125838818026673,0.978334882990867
sensor_comm,9105,s_rl,0.05,noisy,intact,0.6143926312176504,0.6240629255503318,0.9845042960625267
sensor_comm,9105,s_rl,0.05,noisy,L4 failure,3.043012046713668,3.067592988175816,0.9919868960592567
sensor_comm,9105,s_rl,0.05,noisy,L4 slip,1.479813575017284,1.4917623384085879,0.9919901695574037
sensor_comm,9105,s_rl,0.05,stuck,intact,0.6143926312176504,0.6289846051954653,0.976800745427974
sensor_comm,9105,s_rl,0.05,stuck,L4 failure,3.043012046713668,3.081944787554568,0.9873674762123849
sensor_comm,9105,s_rl,0.05,stuck,L4 slip,1.479813575017284,1.517913782493481,0.9748996234729422
sensor_comm,9105,s_rl,0.1,dropout,intact,0.45567796934628557,0.6093600403534737,0.7477975895530642
sensor_comm,9105,s_rl,0.1,dropout,L4 failure,2.5855591348258984,3.0747846969169346,0.8408911158620052
sensor_comm,9105,s_rl,0.1,dropout,L4 slip,1.1766158609856252,1.500863623302863,0.7839592103620416
sensor_comm,9105,s_rl,0.1,intermittent,intact,0.45567796934628557,0.6829774227983807,0.6671933128905267
sensor_comm,9105,s_rl,0.1,intermittent,L4 failure,2.5855591348258984,3.193897211432656,0.8095311037471111
sensor_comm,9105,s_rl,0.1,intermittent,L4 slip,1.1766158609856252,1.5905598407240376,0.7397495088584777
sensor_comm,9105,s_rl,0.1,delayed,intact,0.45567796934628557,0.47946518705294994,0.950388019090868
sensor_comm,9105,s_rl,0.1,delayed,L4 failure,2.5855591348258984,2.6805064161796888,0.9645786032144212
sensor_comm,9105,s_rl,0.1,delayed,L4 slip,1.1766158609856252,1.2296978995255639,0.9568332689187983
sensor_comm,9105,s_rl,0.1,noisy,intact,0.45567796934628557,0.469640792647663,0.9702691428854378
sensor_comm,9105,s_rl,0.1,noisy,L4 failure,2.5855591348258984,2.6305089134797814,0.9829121359659561
sensor_comm,9105,s_rl,0.1,noisy,L4 slip,1.1766158609856252,1.192548955125432,0.9866394632511074
sensor_comm,9105,s_rl,0.1,stuck,intact,0.45567796934628557,0.47417491477816737,0.9609913033030539
sensor_comm,9105,s_rl,0.1,stuck,L4 failure,2.5855591348258984,2.6760981242351045,0.9661675375094535
sensor_comm,9105,s_rl,0.1,stuck,L4 slip,1.1766158609856252,1.235183332947044,0.9525839845801013
sensor_comm,9105,s_rl,0.2,dropout,intact,0.37040779516318156,0.4314376711821625,0.8585430061038579
sensor_comm,9105,s_rl,0.2,dropout,L4 failure,1.7065677535529364,2.693499557769452,0.6335875380526084
sensor_comm,9105,s_rl,0.2,dropout,L4 slip,0.7233127444299127,1.220130852083055,0.5928157157857659
sensor_comm,9105,s_rl,0.2,intermittent,intact,0.37040779516318156,0.5534911812206204,0.6692207712258704
sensor_comm,9105,s_rl,0.2,intermittent,L4 failure,1.7065677535529364,2.8834774607888973,0.5918436251920737
sensor_comm,9105,s_rl,0.2,intermittent,L4 slip,0.7233127444299127,1.3742011063090693,0.5263514496598241
sensor_comm,9105,s_rl,0.2,delayed,intact,0.37040779516318156,0.38610542648534585,0.959343665627657
sensor_comm,9105,s_rl,0.2,delayed,L4 failure,1.7065677535529364,1.871981219602538,0.9116372192640253
sensor_comm,9105,s_rl,0.2,delayed,L4 slip,0.7233127444299127,0.7829554100876711,0.923823675155294
sensor_comm,9105,s_rl,0.2,noisy,intact,0.37040779516318156,0.3782400693268554,0.9792928491748303
sensor_comm,9105,s_rl,0.2,noisy,L4 failure,1.7065677535529364,1.7737349817695773,0.9621323202693837
sensor_comm,9105,s_rl,0.2,noisy,L4 slip,0.7233127444299127,0.7357754678670757,0.9830617844961711
sensor_comm,9105,s_rl,0.2,stuck,intact,0.37040779516318156,0.41366509692853287,0.8954291718432684
sensor_comm,9105,s_rl,0.2,stuck,L4 failure,1.7065677535529364,1.9199532773025616,0.8888590017933035
sensor_comm,9105,s_rl,0.2,stuck,L4 slip,0.7233127444299127,0.775106264318647,0.9331788139600921
sensor_comm,9105,s_rl,0.4,dropout,intact,0.4646438143806987,0.29558240324574925,1.5719603375522684
sensor_comm,9105,s_rl,0.4,dropout,L4 failure,0.7535283408758695,2.047812002866533,0.367967537948346
sensor_comm,9105,s_rl,0.4,dropout,L4 slip,0.5057216958494746,0.7728494749999463,0.6543598879322648
sensor_comm,9105,s_rl,0.4,intermittent,intact,0.4646438143806987,0.39669744468056833,1.1712800790911135
sensor_comm,9105,s_rl,0.4,intermittent,L4 failure,0.7535283408758695,2.263196748518974,0.3329486671315585
sensor_comm,9105,s_rl,0.4,intermittent,L4 slip,0.5057216958494746,1.0009799727810282,0.5052265875454283
sensor_comm,9105,s_rl,0.4,delayed,intact,0.4646438143806987,0.48622331641932154,0.9556181258489616
sensor_comm,9105,s_rl,0.4,delayed,L4 failure,0.7535283408758695,0.8340025915649416,0.903508392536205
sensor_comm,9105,s_rl,0.4,delayed,L4 slip,0.5057216958494746,0.5408153722098372,0.9351096914701857
sensor_comm,9105,s_rl,0.4,noisy,intact,0.4646438143806987,0.46315244190416854,1.003220046666274
sensor_comm,9105,s_rl,0.4,noisy,L4 failure,0.7535283408758695,0.7490003134244587,1.0060454279794737
sensor_comm,9105,s_rl,0.4,noisy,L4 slip,0.5057216958494746,0.510257782152397,0.9911102065238709
sensor_comm,9105,s_rl,0.4,stuck,intact,0.4646438143806987,0.6451091466647059,0.7202561253130028
sensor_comm,9105,s_rl,0.4,stuck,L4 failure,0.7535283408758695,0.8317580465296551,0.9059465598437147
sensor_comm,9105,s_rl,0.4,stuck,L4 slip,0.5057216958494746,0.6478308303670406,0.780638512623656
sensor_comm,9105,s_rl,1.0,dropout,intact,0.6313706011120995,0.5300987370827774,1.1910433980405957
sensor_comm,9105,s_rl,1.0,dropout,L4 failure,0.6472056645166268,0.768259423935014,0.8424311428575109
sensor_comm,9105,s_rl,1.0,dropout,L4 slip,0.634800170261579,0.38620457391756136,1.6436888973694093
sensor_comm,9105,s_rl,1.0,intermittent,intact,0.6313706011120995,0.4181050810758264,1.510076365222636
sensor_comm,9105,s_rl,1.0,intermittent,L4 failure,0.6472056645166268,0.7953621830215774,0.8137244620531182
sensor_comm,9105,s_rl,1.0,intermittent,L4 slip,0.634800170261579,0.49541425266090633,1.2813522559192043
sensor_comm,9105,s_rl,1.0,delayed,intact,0.6313706011120995,0.7126174040305424,0.8859881860042802
sensor_comm,9105,s_rl,1.0,delayed,L4 failure,0.6472056645166268,0.8447777610419969,0.7661253578909636
sensor_comm,9105,s_rl,1.0,delayed,L4 slip,0.634800170261579,0.7486492778228122,0.8479273126498913
sensor_comm,9105,s_rl,1.0,noisy,intact,0.6313706011120995,0.6564621152437102,0.9617776661456
sensor_comm,9105,s_rl,1.0,noisy,L4 failure,0.6472056645166268,0.6490682591463257,0.997130356316994
sensor_comm,9105,s_rl,1.0,noisy,L4 slip,0.634800170261579,0.6626362602542797,0.9579919004401919
sensor_comm,9105,s_rl,1.0,stuck,intact,0.6313706011120995,1.2946019471350039,0.4876947717476736
sensor_comm,9105,s_rl,1.0,stuck,L4 failure,0.6472056645166268,1.9076044565448385,0.33927665785017214
sensor_comm,9105,s_rl,1.0,stuck,L4 slip,0.634800170261579,1.5022686241266725,0.42256102541621887
sensor_comm,9105,sine,0.0,dropout,intact,0.8892573763496276,0.8892573763496276,1.0
sensor_comm,9105,sine,0.0,dropout,L4 failure,1.8958308987517714,1.8958308987517714,1.0
sensor_comm,9105,sine,0.0,dropout,L4 slip,0.21894079840763755,0.21894079840763755,1.0
sensor_comm,9105,sine,0.0,intermittent,intact,0.8892573763496276,0.8892573763496276,1.0
sensor_comm,9105,sine,0.0,intermittent,L4 failure,1.8958308987517714,1.8958308987517714,1.0
sensor_comm,9105,sine,0.0,intermittent,L4 slip,0.21894079840763755,0.21894079840763755,1.0
sensor_comm,9105,sine,0.0,delayed,intact,0.8892573763496276,0.8892573763496276,1.0
sensor_comm,9105,sine,0.0,delayed,L4 failure,1.8958308987517714,1.8958308987517714,1.0
sensor_comm,9105,sine,0.0,delayed,L4 slip,0.21894079840763755,0.21894079840763755,1.0
sensor_comm,9105,sine,0.0,noisy,intact,0.8892573763496276,0.8892573763496276,1.0
sensor_comm,9105,sine,0.0,noisy,L4 failure,1.8958308987517714,1.8958308987517714,1.0
sensor_comm,9105,sine,0.0,noisy,L4 slip,0.21894079840763755,0.21894079840763755,1.0
sensor_comm,9105,sine,0.0,stuck,intact,0.8892573763496276,0.8892573763496276,1.0
sensor_comm,9105,sine,0.0,stuck,L4 failure,1.8958308987517714,1.8958308987517714,1.0
sensor_comm,9105,sine,0.0,stuck,L4 slip,0.21894079840763755,0.21894079840763755,1.0
sensor_comm,9105,sine,0.025,dropout,intact,0.7682582486858802,0.7990881344549133,0.9614186665528912
sensor_comm,9105,sine,0.025,dropout,L4 failure,1.945709523173748,1.9885235338792597,0.9784694473180364
sensor_comm,9105,sine,0.025,dropout,L4 slip,0.23263554265718875,0.23248335151496907,1.0006546324337977
sensor_comm,9105,sine,0.025,intermittent,intact,0.7682582486858802,0.8474901849927757,0.9065099068875105
sensor_comm,9105,sine,0.025,intermittent,L4 failure,1.945709523173748,1.9132567377039726,1.016962065168902
sensor_comm,9105,sine,0.025,intermittent,L4 slip,0.23263554265718875,0.22062945674692971,1.0544174204445895
sensor_comm,9105,sine,0.025,delayed,intact,0.7682582486858802,0.7766930631042628,0.9891400930186365
sensor_comm,9105,sine,0.025,delayed,L4 failure,1.945709523173748,1.952924245060835,0.9963056826677563
sensor_comm,9105,sine,0.025,delayed,L4 slip,0.23263554265718875,0.23145105867394222,1.0051176434017317
sensor_comm,9105,sine,0.025,noisy,intact,0.7682582486858802,0.7623869787076617,1.0077011677037966
sensor_comm,9105,sine,0.025,noisy,L4 failure,1.945709523173748,1.9521894844507883,0.9966806699202853
sensor_comm,9105,sine,0.025,noisy,L4 slip,0.23263554265718875,0.23356661209514748,0.9960136877886492
sensor_comm,9105,sine,0.025,stuck,intact,0.7682582486858802,0.774091106216302,0.9924648953029156
sensor_comm,9105,sine,0.025,stuck,L4 failure,1.945709523173748,1.9778647924459059,0.9837424330545905
sensor_comm,9105,sine,0.025,stuck,L4 slip,0.23263554265718875,0.23477591884148258,0.9908833231497691
sensor_comm,9105,sine,0.05,dropout,intact,0.6591955992079337,0.7129871779408982,0.9245546338037745
sensor_comm,9105,sine,0.05,dropout,L4 failure,1.9820995884491268,2.074569460913845,0.9554269576377619
sensor_comm,9105,sine,0.05,dropout,L4 slip,0.26581025469811526,0.2685228329529738,0.9898981467422042
sensor_comm,9105,sine,0.05,intermittent,intact,0.6591955992079337,0.8068923593004806,0.8169560556744028
sensor_comm,9105,sine,0.05,intermittent,L4 failure,1.9820995884491268,1.9291873046182686,1.027427240322488
sensor_comm,9105,sine,0.05,intermittent,L4 slip,0.26581025469811526,0.2250221072994978,1.1812628451849385
sensor_comm,9105,sine,0.05,delayed,intact,0.6591955992079337,0.6734221368091788,0.978874265006117
sensor_comm,9105,sine,0.05,delayed,L4 failure,1.9820995884491268,1.9991166914874654,0.9914876889824391
sensor_comm,9105,sine,0.05,delayed,L4 slip,0.26581025469811526,0.2628970939613036,1.0110809925393867
sensor_comm,9105,sine,0.05,noisy,intact,0.6591955992079337,0.6479807074727384,1.0173074469746726
sensor_comm,9105,sine,0.05,noisy,L4 failure,1.9820995884491268,1.9940865341690341,0.993988753489626
sensor_comm,9105,sine,0.05,noisy,L4 slip,0.26581025469811526,0.2698797633820152,0.9849210306363744
sensor_comm,9105,sine,0.05,stuck,intact,0.6591955992079337,0.6671675744664121,0.9880510151218692
sensor_comm,9105,sine,0.05,stuck,L4 failure,1.9820995884491268,2.0480544935890297,0.9677963133567199
sensor_comm,9105,sine,0.05,stuck,L4 slip,0.26581025469811526,0.27447985034824984,0.9684144550533129
sensor_comm,9105,sine,0.1,dropout,intact,0.4734343384878123,0.552790129031173,0.8564449935413271
sensor_comm,9105,sine,0.1,dropout,L4 failure,2.0174278139342987,2.2274937434138047,0.905694042867405
sensor_comm,9105,sine,0.1,dropout,L4 slip,0.35033742605557194,0.3746123731302201,0.9351998256976689
sensor_comm,9105,sine,0.1,intermittent,intact,0.4734343384878123,0.7291791667934431,0.6492702480375767
sensor_comm,9105,sine,0.1,intermittent,L4 failure,2.0174278139342987,1.9566224834099213,1.0310766798602908
sensor_comm,9105,sine,0.1,intermittent,L4 slip,0.35033742605557194,0.24088464384971503,1.4543784130720394
sensor_comm,9105,sine,0.1,delayed,intact,0.4734343384878123,0.49274219620345205,0.9608154977097444
sensor_comm,9105,sine,0.1,delayed,L4 failure,2.0174278139342987,2.0603660965170008,0.9791598771425679
sensor_comm,9105,sine,0.1,delayed,L4 slip,0.35033742605557194,0.3485737895764558,1.0050595785795
sensor_comm,9105,sine,0.1,noisy,intact,0.4734343384878123,0.4532101804185887,1.044624236045502
sensor_comm,9105,sine,0.1,noisy,L4 failure,2.0174278139342987,2.037414803012043,0.9901900246095217
sensor_comm,9105,sine,0.1,noisy,L4 slip,0.35033742605557194,0.3610924563768452,0.9702153004546598
sensor_comm,9105,sine,0.1,stuck,intact,0.4734343384878123,0.47716417028202107,0.9921833364143743
sensor_comm,9105,sine,0.1,stuck,L4 failure,2.0174278139342987,2.1550949936169985,0.9361201338732422
sensor_comm,9105,sine,0.1,stuck,L4 slip,0.35033742605557194,0.38017857649423537,0.9215075433396602
sensor_comm,9105,sine,0.2,dropout,intact,0.2101436215698101,0.27862652670254373,0.7542125441421281
sensor_comm,9105,sine,0.2,dropout,L4 failure,1.9571321057871962,2.4627803552195813,0.7946839845621143
sensor_comm,9105,sine,0.2,dropout,L4 slip,0.47610899051272393,0.5925761197369952,0.803456255922086
sensor_comm,9105,sine,0.2,intermittent,intact,0.2101436215698101,0.5873967696205462,0.3577541321951111
sensor_comm,9105,sine,0.2,intermittent,L4 failure,1.9571321057871962,1.9942019522782228,0.9814111873430486
sensor_comm,9105,sine,0.2,intermittent,L4 slip,0.47610899051272393,0.29088759937994546,1.6367455729553115
sensor_comm,9105,sine,0.2,delayed,intact,0.2101436215698101,0.22235900999878283,0.9450645673002429
sensor_comm,9105,sine,0.2,delayed,L4 failure,1.9571321057871962,2.0682210747495517,0.9462876718941626
sensor_comm,9105,sine,0.2,delayed,L4 slip,0.47610899051272393,0.49286585330901483,0.9660011691136883
sensor_comm,9105,sine,0.2,noisy,intact,0.2101436215698101,0.17944545193388683,1.171072430675108
sensor_comm,9105,sine,0.2,noisy,L4 failure,1.9571321057871962,1.9816284311736083,0.9876382852602169
sensor_comm,9105,sine,0.2,noisy,L4 slip,0.47610899051272393,0.49164738118864404,0.9683952538537817
sensor_comm,9105,sine,0.2,stuck,intact,0.2101436215698101,0.1882150393663347,1.1165081296229171
sensor_comm,9105,sine,0.2,stuck,L4 failure,1.9571321057871962,2.2502940882077196,0.8697228135838829
sensor_comm,9105,sine,0.2,stuck,L4 slip,0.47610899051272393,0.557646250598915,0.8537831824411629
sensor_comm,9105,sine,0.4,dropout,intact,0.06287070986666081,0.11539954264205252,0.5448090038075265
sensor_comm,9105,sine,0.4,dropout,L4 failure,1.463196512037685,2.7001830291322433,0.5418879002835271
sensor_comm,9105,sine,0.4,dropout,L4 slip,0.5070041664553406,0.8907267032780204,0.5692028369526614
sensor_comm,9105,sine,0.4,intermittent,intact,0.06287070986666081,0.3551021411770009,0.17704965016057975
sensor_comm,9105,sine,0.4,intermittent,L4 failure,1.463196512037685,2.0036205271476284,0.730276263500207
sensor_comm,9105,sine,0.4,intermittent,L4 slip,0.5070041664553406,0.39911928273887465,1.270307370208044
sensor_comm,9105,sine,0.4,delayed,intact,0.06287070986666081,0.07576292866861781,0.8298347354238808
sensor_comm,9105,sine,0.4,delayed,L4 failure,1.463196512037685,1.6927755020232709,0.8643771783611093
sensor_comm,9105,sine,0.4,delayed,L4 slip,0.5070041664553406,0.5708585135246846,0.8881433042399869
sensor_comm,9105,sine,0.4,noisy,intact,0.06287070986666081,0.07661142893863375,0.8206440049176038
sensor_comm,9105,sine,0.4,noisy,L4 failure,1.463196512037685,1.4411029280431733,1.0153310242902025
sensor_comm,9105,sine,0.4,noisy,L4 slip,0.5070041664553406,0.5020120633590903,1.0099441895137875
sensor_comm,9105,sine,0.4,stuck,intact,0.06287070986666081,0.13034350511183046,0.48234631877299755
sensor_comm,9105,sine,0.4,stuck,L4 failure,1.463196512037685,2.0620348585829675,0.7095886405350078
sensor_comm,9105,sine,0.4,stuck,L4 slip,0.5070041664553406,0.6684733894355881,0.7584507842315448
sensor_comm,9105,sine,1.0,dropout,intact,0.1775598436079468,0.46600334598831716,0.38102697145096953
sensor_comm,9105,sine,1.0,dropout,L4 failure,0.5437630010982032,2.312930980545533,0.23509694222261232
sensor_comm,9105,sine,1.0,dropout,L4 slip,0.3219772924356157,0.987425938884753,0.3260774097136566
sensor_comm,9105,sine,1.0,intermittent,intact,0.1775598436079468,0.060979966326605795,2.9117733954942633
sensor_comm,9105,sine,1.0,intermittent,L4 failure,0.5437630010982032,1.6097113333250548,0.3378015609637254
sensor_comm,9105,sine,1.0,intermittent,L4 slip,0.3219772924356157,0.5174949261054771,0.6221844431572059
sensor_comm,9105,sine,1.0,delayed,intact,0.1775598436079468,0.20104593278684174,0.8831804809312109
sensor_comm,9105,sine,1.0,delayed,L4 failure,0.5437630010982032,0.6979332972578216,0.7791045408417205
sensor_comm,9105,sine,1.0,delayed,L4 slip,0.3219772924356157,0.3808732306734358,0.8453660339066517
sensor_comm,9105,sine,1.0,noisy,intact,0.1775598436079468,0.22524924092475715,0.7882816513786138
sensor_comm,9105,sine,1.0,noisy,L4 failure,0.5437630010982032,0.4936525728278035,1.1015095049203345
sensor_comm,9105,sine,1.0,noisy,L4 slip,0.3219772924356157,0.31078785992114166,1.0360034414385209
sensor_comm,9105,sine,1.0,stuck,intact,0.1775598436079468,0.2687549425623986,0.660675639729757
sensor_comm,9105,sine,1.0,stuck,L4 failure,0.5437630010982032,0.7887683188264073,0.6893824056058151
sensor_comm,9105,sine,1.0,stuck,L4 slip,0.3219772924356157,0.511143276537416,0.6299159300631958
sensor_comm,9105,chirp,0.0,dropout,intact,1.2878819558823293,1.2878819558823293,1.0
sensor_comm,9105,chirp,0.0,dropout,L4 failure,1.6369596251715675,1.6369596251715675,1.0
sensor_comm,9105,chirp,0.0,dropout,L4 slip,0.5123697102112599,0.5123697102112599,1.0
sensor_comm,9105,chirp,0.0,intermittent,intact,1.2878819558823293,1.2878819558823293,1.0
sensor_comm,9105,chirp,0.0,intermittent,L4 failure,1.6369596251715675,1.6369596251715675,1.0
sensor_comm,9105,chirp,0.0,intermittent,L4 slip,0.5123697102112599,0.5123697102112599,1.0
sensor_comm,9105,chirp,0.0,delayed,intact,1.2878819558823293,1.2878819558823293,1.0
sensor_comm,9105,chirp,0.0,delayed,L4 failure,1.6369596251715675,1.6369596251715675,1.0
sensor_comm,9105,chirp,0.0,delayed,L4 slip,0.5123697102112599,0.5123697102112599,1.0
sensor_comm,9105,chirp,0.0,noisy,intact,1.2878819558823293,1.2878819558823293,1.0
sensor_comm,9105,chirp,0.0,noisy,L4 failure,1.6369596251715675,1.6369596251715675,1.0
sensor_comm,9105,chirp,0.0,noisy,L4 slip,0.5123697102112599,0.5123697102112599,1.0
sensor_comm,9105,chirp,0.0,stuck,intact,1.2878819558823293,1.2878819558823293,1.0
sensor_comm,9105,chirp,0.0,stuck,L4 failure,1.6369596251715675,1.6369596251715675,1.0
sensor_comm,9105,chirp,0.0,stuck,L4 slip,0.5123697102112599,0.5123697102112599,1.0
sensor_comm,9105,chirp,0.025,dropout,intact,1.1402339908041683,1.197794990261126,0.9519441975254805
sensor_comm,9105,chirp,0.025,dropout,L4 failure,1.7251258406147607,1.7408475940248038,0.9909689087867279
sensor_comm,9105,chirp,0.025,dropout,L4 slip,0.3959513243511012,0.42730877796782174,0.9266164066044955
sensor_comm,9105,chirp,0.025,intermittent,intact,1.1402339908041683,1.2368705949265,0.9218700771780622
sensor_comm,9105,chirp,0.025,intermittent,L4 failure,1.7251258406147607,1.666666842568653,1.0350753951257656
sensor_comm,9105,chirp,0.025,intermittent,L4 slip,0.3959513243511012,0.47162341806010283,0.8395497534446899
sensor_comm,9105,chirp,0.025,delayed,intact,1.1402339908041683,1.1525209424579015,0.9893390643058254
sensor_comm,9105,chirp,0.025,delayed,L4 failure,1.7251258406147607,1.7263083905324101,0.9993149833922288
sensor_comm,9105,chirp,0.025,delayed,L4 slip,0.3959513243511012,0.4034790940354928,0.9813428507308748
sensor_comm,9105,chirp,0.025,noisy,intact,1.1402339908041683,1.134650712527391,1.0049207022171085
sensor_comm,9105,chirp,0.025,noisy,L4 failure,1.7251258406147607,1.731539017802827,0.9962962560345859
sensor_comm,9105,chirp,0.025,noisy,L4 slip,0.3959513243511012,0.3921759901505233,1.0096266326735832
sensor_comm,9105,chirp,0.025,stuck,intact,1.1402339908041683,1.1509448672777305,0.9906938405321742
sensor_comm,9105,chirp,0.025,stuck,L4 failure,1.7251258406147607,1.7579355234323295,0.9813362422112566
sensor_comm,9105,chirp,0.025,stuck,L4 slip,0.3959513243511012,0.39285614589497997,1.0078786560639645
sensor_comm,9105,chirp,0.05,dropout,intact,1.0037463084648455,1.1100722587550795,0.904217090868052
sensor_comm,9105,chirp,0.05,dropout,L4 failure,1.8015508672095457,1.8405585407252776,0.9788066107908957
sensor_comm,9105,chirp,0.05,dropout,L4 slip,0.3071723122849452,0.35075772881373835,0.8757392554792764
sensor_comm,9105,chirp,0.05,intermittent,intact,1.0037463084648455,1.1867761169664075,0.845775621968686
sensor_comm,9105,chirp,0.05,intermittent,L4 failure,1.8015508672095457,1.6950819862073263,1.0628104610092866
sensor_comm,9105,chirp,0.05,intermittent,L4 slip,0.3071723122849452,0.43277682500633513,0.7097707052138217
sensor_comm,9105,chirp,0.05,delayed,intact,1.0037463084648455,1.0255793810668696,0.9787114746990018
sensor_comm,9105,chirp,0.05,delayed,L4 failure,1.8015508672095457,1.8066834130963438,0.9971591337754068
sensor_comm,9105,chirp,0.05,delayed,L4 slip,0.3071723122849452,0.3168625711159066,0.969418101996601
sensor_comm,9105,chirp,0.05,noisy,intact,1.0037463084648455,0.9931074011688436,1.0107127459562586
sensor_comm,9105,chirp,0.05,noisy,L4 failure,1.8015508672095457,1.813410644774057,0.9934599603246572
sensor_comm,9105,chirp,0.05,noisy,L4 slip,0.3071723122849452,0.3014072359234988,1.0191271995968592
sensor_comm,9105,chirp,0.05,stuck,intact,1.0037463084648455,1.0202031490436372,0.9838690553011733
sensor_comm,9105,chirp,0.05,stuck,L4 failure,1.8015508672095457,1.8696616292505257,0.9635705407997901
sensor_comm,9105,chirp,0.05,stuck,L4 slip,0.3071723122849452,0.30006951220326894,1.0236705156399386
sensor_comm,9105,chirp,0.1,dropout,intact,0.7627342925130562,0.9418925301222462,0.8097890875236717
sensor_comm,9105,chirp,0.1,dropout,L4 failure,1.9210241482107904,2.02687683737143,0.9477754705125964
sensor_comm,9105,chirp,0.1,dropout,L4 slip,0.23831419405113521,0.24707427828267886,0.964544734108173
sensor_comm,9105,chirp,0.1,intermittent,intact,0.7627342925130562,1.0894442704767464,0.7001131798869159
sensor_comm,9105,chirp,0.1,intermittent,L4 failure,1.9210241482107904,1.7480383412055094,1.0989599615337864
sensor_comm,9105,chirp,0.1,intermittent,L4 slip,0.23831419405113521,0.36268894598950785,0.6570759784281635
sensor_comm,9105,chirp,0.1,delayed,intact,0.7627342925130562,0.7964605698761286,0.9576548059770019
sensor_comm,9105,chirp,0.1,delayed,L4 failure,1.9210241482107904,1.9411707585402003,0.9896214126239153
sensor_comm,9105,chirp,0.1,delayed,L4 slip,0.23831419405113521,0.24255531546268463,0.9825148279951759
sensor_comm,9105,chirp,0.1,noisy,intact,0.7627342925130562,0.7437464740766097,1.025529960945389
sensor_comm,9105,chirp,0.1,noisy,L4 failure,1.9210241482107904,1.9408420455174902,0.989789021032149
sensor_comm,9105,chirp,0.1,noisy,L4 slip,0.23831419405113521,0.2337770162552874,1.0194081431465152
sensor_comm,9105,chirp,0.1,stuck,intact,0.7627342925130562,0.777966015869471,0.9804210941792985
sensor_comm,9105,chirp,0.1,stuck,L4 failure,1.9210241482107904,2.0656188467242735,0.9299993322859219
sensor_comm,9105,chirp,0.1,stuck,L4 slip,0.23831419405113521,0.24339338985214617,0.979131743043242
sensor_comm,9105,chirp,0.2,dropout,intact,0.39596371722906987,0.6355233958475109,0.6230513617850796
sensor_comm,9105,chirp,0.2,dropout,L4 failure,2.0400652380602553,2.347324832875149,0.8691022262826135
sensor_comm,9105,chirp,0.2,dropout,L4 slip,0.3196523309795916,0.2668317137668938,1.1979547950542426
sensor_comm,9105,chirp,0.2,intermittent,intact,0.39596371722906987,0.9067533031164515,0.43668296092020686
sensor_comm,9105,chirp,0.2,intermittent,L4 failure,2.0400652380602553,1.8385790955447532,1.1095879655130114
sensor_comm,9105,chirp,0.2,intermittent,L4 slip,0.3196523309795916,0.27040028059027704,1.1821449677559452
sensor_comm,9105,chirp,0.2,delayed,intact,0.39596371722906987,0.432685301837002,0.915130963654121
sensor_comm,9105,chirp,0.2,delayed,L4 failure,2.0400652380602553,2.111486202209968,0.9661750268247262
sensor_comm,9105,chirp,0.2,delayed,L4 slip,0.3196523309795916,0.3217773787290348,0.9933959069533206
sensor_comm,9105,chirp,0.2,noisy,intact,0.39596371722906987,0.3673658324889279,1.0778457935143
sensor_comm,9105,chirp,0.2,noisy,L4 failure,2.0400652380602553,2.0646585336144936,0.9880884440919225
sensor_comm,9105,chirp,0.2,noisy,L4 slip,0.3196523309795916,0.32260138067331795,0.9908585335637088
sensor_comm,9105,chirp,0.2,stuck,intact,0.39596371722906987,0.3832193908637948,1.0332559538194264
sensor_comm,9105,chirp,0.2,stuck,L4 failure,2.0400652380602553,2.3549954048605874,0.8662714304451157
sensor_comm,9105,chirp,0.2,stuck,L4 slip,0.3196523309795916,0.4052992925030914,0.7886821834932107
sensor_comm,9105,chirp,0.4,dropout,intact,0.22491786071466838,0.15616815796429034,1.44022868455744
sensor_comm,9105,chirp,0.4,dropout,L4 failure,1.8845894686017235,2.7995417782262293,0.6731778333366351
sensor_comm,9105,chirp,0.4,dropout,L4 slip,0.5417062726919102,0.6404511183105365,0.8458198560428655
sensor_comm,9105,chirp,0.4,intermittent,intact,0.22491786071466838,0.5912896113362218,0.3803852738193544
sensor_comm,9105,chirp,0.4,intermittent,L4 failure,1.8845894686017235,1.9603156776001953,0.9613704007656688
sensor_comm,9105,chirp,0.4,intermittent,L4 slip,0.5417062726919102,0.2545794438391023,2.1278476554229413
sensor_comm,9105,chirp,0.4,delayed,intact,0.22491786071466838,0.2599986819192811,0.8650730805800628
sensor_comm,9105,chirp,0.4,delayed,L4 failure,1.8845894686017235,2.099237594734082,0.8977494845410537
sensor_comm,9105,chirp,0.4,delayed,L4 slip,0.5417062726919102,0.5828143783792659,0.9294662122069256
sensor_comm,9105,chirp,0.4,noisy,intact,0.22491786071466838,0.2137015259068283,1.052485983711367
sensor_comm,9105,chirp,0.4,noisy,L4 failure,1.8845894686017235,1.875179380459415,1.0050182335836069
sensor_comm,9105,chirp,0.4,noisy,L4 slip,0.5417062726919102,0.5390332535299571,1.004958913284938
sensor_comm,9105,chirp,0.4,stuck,intact,0.22491786071466838,0.4090797005818028,0.5498142792096133
sensor_comm,9105,chirp,0.4,stuck,L4 failure,1.8845894686017235,2.5933869350101317,0.7266904306334685
sensor_comm,9105,chirp,0.4,stuck,L4 slip,0.5417062726919102,0.8122770734334692,0.6668983902280229
sensor_comm,9105,chirp,1.0,dropout,intact,0.2578680617941057,0.6598350067023795,0.39080688228840493
sensor_comm,9105,chirp,1.0,dropout,L4 failure,0.723198717016082,3.1272658507993336,0.23125591219922392
sensor_comm,9105,chirp,1.0,dropout,L4 slip,0.4219974785488193,1.2706748345974948,0.33210500991978276
sensor_comm,9105,chirp,1.0,intermittent,intact,0.2578680617941057,0.21736128990666997,1.1863568803112479
sensor_comm,9105,chirp,1.0,intermittent,L4 failure,0.723198717016082,1.9428272584625126,0.37224035943802686
sensor_comm,9105,chirp,1.0,intermittent,L4 slip,0.4219974785488193,0.5057079090074337,0.8344688129894685
sensor_comm,9105,chirp,1.0,delayed,intact,0.2578680617941057,0.34192076824621465,0.7541749017375183
sensor_comm,9105,chirp,1.0,delayed,L4 failure,0.723198717016082,1.0144550456438846,0.7128938045323246
sensor_comm,9105,chirp,1.0,delayed,L4 slip,0.4219974785488193,0.49631249520288295,0.8502656746055021
sensor_comm,9105,chirp,1.0,noisy,intact,0.2578680617941057,0.21308072446341927,1.2101895300171805
sensor_comm,9105,chirp,1.0,noisy,L4 failure,0.723198717016082,0.6333373222235581,1.1418855192001525
sensor_comm,9105,chirp,1.0,noisy,L4 slip,0.4219974785488193,0.32709914042570276,1.2901210256915112
sensor_comm,9105,chirp,1.0,stuck,intact,0.2578680617941057,0.6949203220167753,0.3710757242581845
sensor_comm,9105,chirp,1.0,stuck,L4 failure,0.723198717016082,1.5891380301505103,0.45508867278670967
sensor_comm,9105,chirp,1.0,stuck,L4 slip,0.4219974785488193,0.8957968487995759,0.4710861386868267
sensor_comm,9106,straight,0.0,dropout,intact,0.31364711722741195,0.31364711722741195,1.0
sensor_comm,9106,straight,0.0,dropout,L4 failure,0.3802568061905618,0.3802568061905618,1.0
sensor_comm,9106,straight,0.0,dropout,L4 slip,0.18449458017148906,0.18449458017148906,1.0
sensor_comm,9106,straight,0.0,intermittent,intact,0.31364711722741195,0.31364711722741195,1.0
sensor_comm,9106,straight,0.0,intermittent,L4 failure,0.3802568061905618,0.3802568061905618,1.0
sensor_comm,9106,straight,0.0,intermittent,L4 slip,0.18449458017148906,0.18449458017148906,1.0
sensor_comm,9106,straight,0.0,delayed,intact,0.31364711722741195,0.31364711722741195,1.0
sensor_comm,9106,straight,0.0,delayed,L4 failure,0.3802568061905618,0.3802568061905618,1.0
sensor_comm,9106,straight,0.0,delayed,L4 slip,0.18449458017148906,0.18449458017148906,1.0
sensor_comm,9106,straight,0.0,noisy,intact,0.31364711722741195,0.31364711722741195,1.0
sensor_comm,9106,straight,0.0,noisy,L4 failure,0.3802568061905618,0.3802568061905618,1.0
sensor_comm,9106,straight,0.0,noisy,L4 slip,0.18449458017148906,0.18449458017148906,1.0
sensor_comm,9106,straight,0.0,stuck,intact,0.31364711722741195,0.31364711722741195,1.0
sensor_comm,9106,straight,0.0,stuck,L4 failure,0.3802568061905618,0.3802568061905618,1.0
sensor_comm,9106,straight,0.0,stuck,L4 slip,0.18449458017148906,0.18449458017148906,1.0
sensor_comm,9106,straight,0.025,dropout,intact,0.28747605227890477,0.2976306247369931,0.965881963702285
sensor_comm,9106,straight,0.025,dropout,L4 failure,0.3922620350307441,0.4019452508956146,0.9759091173653766
sensor_comm,9106,straight,0.025,dropout,L4 slip,0.1666656541657659,0.17170636334559342,0.9706434340486142
sensor_comm,9106,straight,0.025,intermittent,intact,0.28747605227890477,0.3044902576604765,0.9441223324769112
sensor_comm,9106,straight,0.025,intermittent,L4 failure,0.3922620350307441,0.38433919441833736,1.0206141885279154
sensor_comm,9106,straight,0.025,intermittent,L4 slip,0.1666656541657659,0.17817634497177479,0.9353971998480926
sensor_comm,9106,straight,0.025,delayed,intact,0.28747605227890477,0.2895545485874944,0.9928217452679332
sensor_comm,9106,straight,0.025,delayed,L4 failure,0.3922620350307441,0.3940621203411265,0.995431975778783
sensor_comm,9106,straight,0.025,delayed,L4 slip,0.1666656541657659,0.16776727904353242,0.9934336130141285
sensor_comm,9106,straight,0.025,noisy,intact,0.28747605227890477,0.2826359156276106,1.0171249879568431
sensor_comm,9106,straight,0.025,noisy,L4 failure,0.3922620350307441,0.3995979054081847,0.9816418697942195
sensor_comm,9106,straight,0.025,noisy,L4 slip,0.1666656541657659,0.16485356204885288,1.0109921320133564
sensor_comm,9106,straight,0.025,stuck,intact,0.28747605227890477,0.2901477100419417,0.9907920770332783
sensor_comm,9106,straight,0.025,stuck,L4 failure,0.3922620350307441,0.4041811866593516,0.9705103749951303
sensor_comm,9106,straight,0.025,stuck,L4 slip,0.1666656541657659,0.16713452540388574,0.9971946476230042
sensor_comm,9106,straight,0.05,dropout,intact,0.2655435823726492,0.28313109055373936,0.9378821020796655
sensor_comm,9106,straight,0.05,dropout,L4 failure,0.3997641447132114,0.42155346375560365,0.9483118491109715
sensor_comm,9106,straight,0.05,dropout,L4 slip,0.15335913358152195,0.16084429653537768,0.9534632988853952
sensor_comm,9106,straight,0.05,intermittent,intact,0.2655435823726492,0.2958046940763562,0.897699014553516
sensor_comm,9106,straight,0.05,intermittent,L4 failure,0.3997641447132114,0.38793443227552116,1.0304941027490142
sensor_comm,9106,straight,0.05,intermittent,L4 slip,0.15335913358152195,0.1723604842542895,0.8897580802526978
sensor_comm,9106,straight,0.05,delayed,intact,0.2655435823726492,0.26888330857250353,0.9875792728913338
sensor_comm,9106,straight,0.05,delayed,L4 failure,0.3997641447132114,0.40409568022808146,0.9892809160631828
sensor_comm,9106,straight,0.05,delayed,L4 slip,0.15335913358152195,0.15485318504913212,0.9903518195822958
sensor_comm,9106,straight,0.05,noisy,intact,0.2655435823726492,0.25718936392849956,1.0324827524612261
sensor_comm,9106,straight,0.05,noisy,L4 failure,0.3997641447132114,0.41247446216102224,0.9691852014759427
sensor_comm,9106,straight,0.05,noisy,L4 slip,0.15335913358152195,0.1511244546439824,1.0147870107641017
sensor_comm,9106,straight,0.05,stuck,intact,0.2655435823726492,0.26970103038600624,0.9845849754173844
sensor_comm,9106,straight,0.05,stuck,L4 failure,0.3997641447132114,0.42421541846581795,0.9423611856423443
sensor_comm,9106,straight,0.05,stuck,L4 slip,0.15335913358152195,0.15368624800855418,0.9978715439327139
sensor_comm,9106,straight,0.1,dropout,intact,0.232372138854606,0.2582568259616197,0.8997715277780867
sensor_comm,9106,straight,0.1,dropout,L4 failure,0.4036646929205873,0.45493419137442104,0.8873034838314938
sensor_comm,9106,straight,0.1,dropout,L4 slip,0.13799427081820076,0.14449945612184478,0.9549812471393753
sensor_comm,9106,straight,0.1,intermittent,intact,0.232372138854606,0.2797904965698457,0.8305219144446445
sensor_comm,9106,straight,0.1,intermittent,L4 failure,0.4036646929205873,0.3937364703710206,1.0252153998846265
sensor_comm,9106,straight,0.1,intermittent,L4 slip,0.13799427081820076,0.16218410347765755,0.8508495460358778
sensor_comm,9106,straight,0.1,delayed,intact,0.232372138854606,0.23652554485646685,0.982439926290493
sensor_comm,9106,straight,0.1,delayed,L4 failure,0.4036646929205873,0.4143304948798538,0.9742577432965457
sensor_comm,9106,straight,0.1,delayed,L4 slip,0.13799427081820076,0.1391435356703215,0.9917404366175965
sensor_comm,9106,straight,0.1,noisy,intact,0.232372138854606,0.22051013885351728,1.0537934448854007
sensor_comm,9106,straight,0.1,noisy,L4 failure,0.4036646929205873,0.4217201109608034,0.9571862532259121
sensor_comm,9106,straight,0.1,noisy,L4 slip,0.13799427081820076,0.13782273917110222,1.001244581613529
sensor_comm,9106,straight,0.1,stuck,intact,0.232372138854606,0.23703240144204826,0.9803391327131213
sensor_comm,9106,straight,0.1,stuck,L4 failure,0.4036646929205873,0.4538037698228428,0.8895137496944353
sensor_comm,9106,straight,0.1,stuck,L4 slip,0.13799427081820076,0.1380940472204818,0.9992774749941122
sensor_comm,9106,straight,0.2,dropout,intact,0.1964696372315841,0.2222395151941839,0.8840445726310953
sensor_comm,9106,straight,0.2,dropout,L4 failure,0.38096656267944107,0.5015743652942166,0.75954153369854
sensor_comm,9106,straight,0.2,dropout,L4 slip,0.1318390350080456,0.1300156476874567,1.0140243682435222
sensor_comm,9106,straight,0.2,intermittent,intact,0.1964696372315841,0.25279200805683616,0.7771987680378373
sensor_comm,9106,straight,0.2,intermittent,L4 failure,0.38096656267944107,0.4002860721997479,0.9517357438540451
sensor_comm,9106,straight,0.2,intermittent,L4 slip,0.1318390350080456,0.14725649527013296,0.8953020018994411
sensor_comm,9106,straight,0.2,delayed,intact,0.1964696372315841,0.1992722316547771,0.985935850670613
sensor_comm,9106,straight,0.2,delayed,L4 failure,0.38096656267944107,0.4048249947398771,0.941064824626833
sensor_comm,9106,straight,0.2,delayed,L4 slip,0.1318390350080456,0.13266654885519097,0.9937624528994976
sensor_comm,9106,straight,0.2,noisy,intact,0.1964696372315841,0.18695127235997716,1.0509136137532094
sensor_comm,9106,straight,0.2,noisy,L4 failure,0.38096656267944107,0.3927746516492564,0.9699367336455311
sensor_comm,9106,straight,0.2,noisy,L4 slip,0.1318390350080456,0.13746232263436758,0.9590921532638496
sensor_comm,9106,straight,0.2,stuck,intact,0.1964696372315841,0.19829087717168528,0.9908153114955243
sensor_comm,9106,straight,0.2,stuck,L4 failure,0.38096656267944107,0.4790334171926524,0.7952818091733006
sensor_comm,9106,straight,0.2,stuck,L4 slip,0.1318390350080456,0.13765555782319433,0.9577458192961631
sensor_comm,9106,straight,0.4,dropout,intact,0.17698054258075385,0.18649700289222973,0.948972583130598
sensor_comm,9106,straight,0.4,dropout,L4 failure,0.2868359343517676,0.5378133547418996,0.5333373219960709
sensor_comm,9106,straight,0.4,dropout,L4 slip,0.1307630041260432,0.13483214469049604,0.9698206939169183
sensor_comm,9106,straight,0.4,intermittent,intact,0.17698054258075385,0.21573652462587498,0.8203550274468785
sensor_comm,9106,straight,0.4,intermittent,L4 failure,0.2868359343517676,0.39689453690167587,0.722700636272115
sensor_comm,9106,straight,0.4,intermittent,L4 slip,0.1307630041260432,0.13453758324286264,0.971944054398497
sensor_comm,9106,straight,0.4,delayed,intact,0.17698054258075385,0.17779650129696006,0.9954107155638379
sensor_comm,9106,straight,0.4,delayed,L4 failure,0.2868359343517676,0.3229980968468599,0.8880421809041261
sensor_comm,9106,straight,0.4,delayed,L4 slip,0.1307630041260432,0.1327493420412061,0.9850369283597178
sensor_comm,9106,straight,0.4,noisy,intact,0.17698054258075385,0.18167250307766047,0.9741735242404794
sensor_comm,9106,straight,0.4,noisy,L4 failure,0.2868359343517676,0.2550257840273192,1.124733075307557
sensor_comm,9106,straight,0.4,noisy,L4 slip,0.1307630041260432,0.15172215792596266,0.8618583199288062
sensor_comm,9106,straight,0.4,stuck,intact,0.17698054258075385,0.1788751135442907,0.9894084150332755
sensor_comm,9106,straight,0.4,stuck,L4 failure,0.2868359343517676,0.4446197541293312,0.6451263842594196
sensor_comm,9106,straight,0.4,stuck,L4 slip,0.1307630041260432,0.14987618090527813,0.8724735534106351
sensor_comm,9106,straight,1.0,dropout,intact,0.17018861590864712,0.16886405189887105,1.007843966758356
sensor_comm,9106,straight,1.0,dropout,L4 failure,0.09754915807510342,0.4716144862158439,0.2068408857790218
sensor_comm,9106,straight,1.0,dropout,L4 slip,0.12476321706006492,0.13999507206839334,0.8911972058495956
sensor_comm,9106,straight,1.0,intermittent,intact,0.17018861590864712,0.17943813407473588,0.9484528848130112
sensor_comm,9106,straight,1.0,intermittent,L4 failure,0.09754915807510342,0.31454537672266214,0.31012745789334395
sensor_comm,9106,straight,1.0,intermittent,L4 slip,0.12476321706006492,0.1335401322642999,0.9342750748002564
sensor_comm,9106,straight,1.0,delayed,intact,0.17018861590864712,0.16948457665593109,1.0041540018956727
sensor_comm,9106,straight,1.0,delayed,L4 failure,0.09754915807510342,0.10661969814349541,0.9149262263321709
sensor_comm,9106,straight,1.0,delayed,L4 slip,0.12476321706006492,0.12331840796324087,1.0117160861925394
sensor_comm,9106,straight,1.0,noisy,intact,0.17018861590864712,0.2630708570413539,0.6469307084132622
sensor_comm,9106,straight,1.0,noisy,L4 failure,0.09754915807510342,0.1319999559776927,0.7390090197574665
sensor_comm,9106,straight,1.0,noisy,L4 slip,0.12476321706006492,0.2695141476878319,0.46291899008052617
sensor_comm,9106,straight,1.0,stuck,intact,0.17018861590864712,0.17345324392924683,0.9811786280461184
sensor_comm,9106,straight,1.0,stuck,L4 failure,0.09754915807510342,0.18542026037292875,0.5260976221201852
sensor_comm,9106,straight,1.0,stuck,L4 slip,0.12476321706006492,0.13072442716806448,0.9543986519035529
sensor_comm,9106,s_lr,0.0,dropout,intact,1.1629411415003759,1.1629411415003759,1.0
sensor_comm,9106,s_lr,0.0,dropout,L4 failure,0.33420434430390733,0.33420434430390733,1.0
sensor_comm,9106,s_lr,0.0,dropout,L4 slip,0.9557580802064581,0.9557580802064581,1.0
sensor_comm,9106,s_lr,0.0,intermittent,intact,1.1629411415003759,1.1629411415003759,1.0
sensor_comm,9106,s_lr,0.0,intermittent,L4 failure,0.33420434430390733,0.33420434430390733,1.0
sensor_comm,9106,s_lr,0.0,intermittent,L4 slip,0.9557580802064581,0.9557580802064581,1.0
sensor_comm,9106,s_lr,0.0,delayed,intact,1.1629411415003759,1.1629411415003759,1.0
sensor_comm,9106,s_lr,0.0,delayed,L4 failure,0.33420434430390733,0.33420434430390733,1.0
sensor_comm,9106,s_lr,0.0,delayed,L4 slip,0.9557580802064581,0.9557580802064581,1.0
sensor_comm,9106,s_lr,0.0,noisy,intact,1.1629411415003759,1.1629411415003759,1.0
sensor_comm,9106,s_lr,0.0,noisy,L4 failure,0.33420434430390733,0.33420434430390733,1.0
sensor_comm,9106,s_lr,0.0,noisy,L4 slip,0.9557580802064581,0.9557580802064581,1.0
sensor_comm,9106,s_lr,0.0,stuck,intact,1.1629411415003759,1.1629411415003759,1.0
sensor_comm,9106,s_lr,0.0,stuck,L4 failure,0.33420434430390733,0.33420434430390733,1.0
sensor_comm,9106,s_lr,0.0,stuck,L4 slip,0.9557580802064581,0.9557580802064581,1.0
sensor_comm,9106,s_lr,0.025,dropout,intact,1.0259532714142852,1.103372435249907,0.9298340602300013
sensor_comm,9106,s_lr,0.025,dropout,L4 failure,0.37822542674138804,0.3498056376304226,1.0812445142493432
sensor_comm,9106,s_lr,0.025,dropout,L4 slip,0.8223912525730388,0.8955170715300682,0.9183423507135519
sensor_comm,9106,s_lr,0.025,intermittent,intact,1.0259532714142852,1.115873814644981,0.919416925058588
sensor_comm,9106,s_lr,0.025,intermittent,L4 failure,0.37822542674138804,0.34657910947498205,1.091310515842532
sensor_comm,9106,s_lr,0.025,intermittent,L4 slip,0.8223912525730388,0.9091198504422835,0.9046015793989631
sensor_comm,9106,s_lr,0.025,delayed,intact,1.0259532714142852,1.0389049315816987,0.9875333538481764
sensor_comm,9106,s_lr,0.025,delayed,L4 failure,0.37822542674138804,0.37655800712810156,1.004428055124902
sensor_comm,9106,s_lr,0.025,delayed,L4 slip,0.8223912525730388,0.8348006819528223,0.9851348595562301
sensor_comm,9106,s_lr,0.025,noisy,intact,1.0259532714142852,1.020169039432684,1.0056698760284057
sensor_comm,9106,s_lr,0.025,noisy,L4 failure,0.37822542674138804,0.379475509256087,0.9967057623372071
sensor_comm,9106,s_lr,0.025,noisy,L4 slip,0.8223912525730388,0.8188668957357323,1.004303943480509
sensor_comm,9106,s_lr,0.025,stuck,intact,1.0259532714142852,1.0451630647028292,0.9816202907112815
sensor_comm,9106,s_lr,0.025,stuck,L4 failure,0.37822542674138804,0.38433930538716465,0.9840924970200021
sensor_comm,9106,s_lr,0.025,stuck,L4 slip,0.8223912525730388,0.8376412491752786,0.9817941193592667
sensor_comm,9106,s_lr,0.05,dropout,intact,0.9007906951954668,1.0461619585401887,0.861043252282302
sensor_comm,9106,s_lr,0.05,dropout,L4 failure,0.43339809508199806,0.37440562237219266,1.1575629990170437
sensor_comm,9106,s_lr,0.05,dropout,L4 slip,0.7009799457361388,0.8377937984523307,0.8366974630643838
sensor_comm,9106,s_lr,0.05,intermittent,intact,0.9007906951954668,1.0698100835847175,0.8420099128034942
sensor_comm,9106,s_lr,0.05,intermittent,L4 failure,0.43339809508199806,0.36133799747208695,1.1994257402045787
sensor_comm,9106,s_lr,0.05,intermittent,L4 slip,0.7009799457361388,0.8635605277816012,0.8117322679591258
sensor_comm,9106,s_lr,0.05,delayed,intact,0.9007906951954668,0.9237677141245415,0.9751268434934965
sensor_comm,9106,s_lr,0.05,delayed,L4 failure,0.43339809508199806,0.4296927414199935,1.0086232633340735
sensor_comm,9106,s_lr,0.05,delayed,L4 slip,0.7009799457361388,0.7227638931773097,0.9698602162520771
sensor_comm,9106,s_lr,0.05,noisy,intact,0.9007906951954668,0.8902983054761864,1.011785251813625
sensor_comm,9106,s_lr,0.05,noisy,L4 failure,0.43339809508199806,0.43679788789338814,0.9922165539128708
sensor_comm,9106,s_lr,0.05,noisy,L4 slip,0.7009799457361388,0.694937656804244,1.0086947208468755
sensor_comm,9106,s_lr,0.05,stuck,intact,0.9007906951954668,0.9338533341961762,0.9645954693419087
sensor_comm,9106,s_lr,0.05,stuck,L4 failure,0.43339809508199806,0.45175482582254584,0.9593657229734641
sensor_comm,9106,s_lr,0.05,stuck,L4 slip,0.7009799457361388,0.7261170164515238,0.9653815154501847
sensor_comm,9106,s_lr,0.1,dropout,intact,0.6845586882328198,0.9384949040416807,0.7294218490529141
sensor_comm,9106,s_lr,0.1,dropout,L4 failure,0.5462970358893646,0.4397771833948313,1.2422132309645086
sensor_comm,9106,s_lr,0.1,dropout,L4 slip,0.4919159685794301,0.7295259632000628,0.6742953553313478
sensor_comm,9106,s_lr,0.1,intermittent,intact,0.6845586882328198,0.9808009783346098,0.6979588146365776
sensor_comm,9106,s_lr,0.1,intermittent,L4 failure,0.5462970358893646,0.39541680339855145,1.3815726372628045
sensor_comm,9106,s_lr,0.1,intermittent,L4 slip,0.4919159685794301,0.7757336571037193,0.6341299801481458
sensor_comm,9106,s_lr,0.1,delayed,intact,0.6845586882328198,0.7199749421487998,0.95080904647837
sensor_comm,9106,s_lr,0.1,delayed,L4 failure,0.5462970358893646,0.5424270389137902,1.0071345945130687
sensor_comm,9106,s_lr,0.1,delayed,L4 slip,0.4919159685794301,0.524692816920145,0.9375313568554087
sensor_comm,9106,s_lr,0.1,noisy,intact,0.6845586882328198,0.6676663159785462,1.0253006207592124
sensor_comm,9106,s_lr,0.1,noisy,L4 failure,0.5462970358893646,0.5527638925541944,0.9883008699520007
sensor_comm,9106,s_lr,0.1,noisy,L4 slip,0.4919159685794301,0.48371345658964027,1.0169573781296484
sensor_comm,9106,s_lr,0.1,stuck,intact,0.6845586882328198,0.7307369726138886,0.9368058739167304
sensor_comm,9106,s_lr,0.1,stuck,L4 failure,0.5462970358893646,0.6051681371513754,0.9027194301089172
sensor_comm,9106,s_lr,0.1,stuck,L4 slip,0.4919159685794301,0.5228306851291571,0.9408705008542297
sensor_comm,9106,s_lr,0.2,dropout,intact,0.42658033067503853,0.7480714498074164,0.5702400897465842
sensor_comm,9106,s_lr,0.2,dropout,L4 failure,0.7256240183875484,0.5970488245065767,1.21535122188245
sensor_comm,9106,s_lr,0.2,dropout,L4 slip,0.3420440065266823,0.5392986945386271,0.6342385212322881
sensor_comm,9106,s_lr,0.2,intermittent,intact,0.42658033067503853,0.8159444749815361,0.5228055875795857
sensor_comm,9106,s_lr,0.2,intermittent,L4 failure,0.7256240183875484,0.47109470055519653,1.5402933158288195
sensor_comm,9106,s_lr,0.2,intermittent,L4 slip,0.3420440065266823,0.613535942815329,0.5574962812400963
sensor_comm,9106,s_lr,0.2,delayed,intact,0.42658033067503853,0.4580042669500616,0.9313894246350999
sensor_comm,9106,s_lr,0.2,delayed,L4 failure,0.7256240183875484,0.7387178910311428,0.982274867303786
sensor_comm,9106,s_lr,0.2,delayed,L4 slip,0.3420440065266823,0.3622113147144289,0.9443217056771219
sensor_comm,9106,s_lr,0.2,noisy,intact,0.42658033067503853,0.40883283009193094,1.0434101649300445
sensor_comm,9106,s_lr,0.2,noisy,L4 failure,0.7256240183875484,0.7286840420224823,0.9958006166480047
sensor_comm,9106,s_lr,0.2,noisy,L4 slip,0.3420440065266823,0.33229420375498864,1.0293408752289959
sensor_comm,9106,s_lr,0.2,stuck,intact,0.42658033067503853,0.45644368726711926,0.9345738424582393
sensor_comm,9106,s_lr,0.2,stuck,L4 failure,0.7256240183875484,0.9118699495748283,0.7957538448611894
sensor_comm,9106,s_lr,0.2,stuck,L4 slip,0.3420440065266823,0.3705480439576268,0.9230760008162289
sensor_comm,9106,s_lr,0.4,dropout,intact,0.45142130537515657,0.45327300391314634,0.995914827218908
sensor_comm,9106,s_lr,0.4,dropout,L4 failure,0.869489417484538,0.9060281135137904,0.9596715648396972
sensor_comm,9106,s_lr,0.4,dropout,L4 slip,0.4428793284440252,0.2623827887796809,1.6879130315819026
sensor_comm,9106,s_lr,0.4,intermittent,intact,0.45142130537515657,0.5475528198383184,0.8244342628140467
sensor_comm,9106,s_lr,0.4,intermittent,L4 failure,0.869489417484538,0.6160454071894049,1.4114047557815994
sensor_comm,9106,s_lr,0.4,intermittent,L4 slip,0.4428793284440252,0.37809904135960853,1.1713315295682127
sensor_comm,9106,s_lr,0.4,delayed,intact,0.45142130537515657,0.4853210454777751,0.9301498659114487
sensor_comm,9106,s_lr,0.4,delayed,L4 failure,0.869489417484538,0.9436120003017047,0.921448028645813
sensor_comm,9106,s_lr,0.4,delayed,L4 slip,0.4428793284440252,0.47615517053051964,0.9301155502534618
sensor_comm,9106,s_lr,0.4,noisy,intact,0.45142130537515657,0.432343538602259,1.044126406594568
sensor_comm,9106,s_lr,0.4,noisy,L4 failure,0.869489417484538,0.8401035941464574,1.0349788092121384
sensor_comm,9106,s_lr,0.4,noisy,L4 slip,0.4428793284440252,0.4222902367837058,1.0487557842140334
sensor_comm,9106,s_lr,0.4,stuck,intact,0.45142130537515657,0.5797444529022892,0.7786556699512563
sensor_comm,9106,s_lr,0.4,stuck,L4 failure,0.869489417484538,1.376831066843056,0.6315149610025836
sensor_comm,9106,s_lr,0.4,stuck,L4 slip,0.4428793284440252,0.6171406433894722,0.7176311156750826
sensor_comm,9106,s_lr,1.0,dropout,intact,0.5201869257115429,0.34052649167137894,1.5275960562079944
sensor_comm,9106,s_lr,1.0,dropout,L4 failure,0.729093596048596,1.4095354213690157,0.517258087306853
sensor_comm,9106,s_lr,1.0,dropout,L4 slip,0.5006119674162656,0.4134445147668323,1.2108322871294894
sensor_comm,9106,s_lr,1.0,intermittent,intact,0.5201869257115429,0.4925746797819026,1.056056973821444
sensor_comm,9106,s_lr,1.0,intermittent,L4 failure,0.729093596048596,0.8635218592589327,0.8443255816063512
sensor_comm,9106,s_lr,1.0,intermittent,L4 slip,0.5006119674162656,0.4803557258317639,1.0421692518589776
sensor_comm,9106,s_lr,1.0,delayed,intact,0.5201869257115429,0.5881927342181686,0.8843817603476185
sensor_comm,9106,s_lr,1.0,delayed,L4 failure,0.729093596048596,0.8588219526806913,0.8489461567357861
sensor_comm,9106,s_lr,1.0,delayed,L4 slip,0.5006119674162656,0.5721255563799185,0.8750036802827866
sensor_comm,9106,s_lr,1.0,noisy,intact,0.5201869257115429,0.5037283890099904,1.0326734348522615
sensor_comm,9106,s_lr,1.0,noisy,L4 failure,0.729093596048596,0.6319884415044692,1.1536502065021392
sensor_comm,9106,s_lr,1.0,noisy,L4 slip,0.5006119674162656,0.484875335722691,1.0324550055121275
sensor_comm,9106,s_lr,1.0,stuck,intact,0.5201869257115429,1.1228209643229523,0.46328572607762936
sensor_comm,9106,s_lr,1.0,stuck,L4 failure,0.729093596048596,1.7913402678976915,0.4070101080819541
sensor_comm,9106,s_lr,1.0,stuck,L4 slip,0.5006119674162656,1.1926586243916508,0.41974455823150303
sensor_comm,9106,s_rl,0.0,dropout,intact,0.6585360590851879,0.6585360590851879,1.0
sensor_comm,9106,s_rl,0.0,dropout,L4 failure,0.7670246279428778,0.7670246279428778,1.0
sensor_comm,9106,s_rl,0.0,dropout,L4 slip,0.7153204517417953,0.7153204517417953,1.0
sensor_comm,9106,s_rl,0.0,intermittent,intact,0.6585360590851879,0.6585360590851879,1.0
sensor_comm,9106,s_rl,0.0,intermittent,L4 failure,0.7670246279428778,0.7670246279428778,1.0
sensor_comm,9106,s_rl,0.0,intermittent,L4 slip,0.7153204517417953,0.7153204517417953,1.0
sensor_comm,9106,s_rl,0.0,delayed,intact,0.6585360590851879,0.6585360590851879,1.0
sensor_comm,9106,s_rl,0.0,delayed,L4 failure,0.7670246279428778,0.7670246279428778,1.0
sensor_comm,9106,s_rl,0.0,delayed,L4 slip,0.7153204517417953,0.7153204517417953,1.0
sensor_comm,9106,s_rl,0.0,noisy,intact,0.6585360590851879,0.6585360590851879,1.0
sensor_comm,9106,s_rl,0.0,noisy,L4 failure,0.7670246279428778,0.7670246279428778,1.0
sensor_comm,9106,s_rl,0.0,noisy,L4 slip,0.7153204517417953,0.7153204517417953,1.0
sensor_comm,9106,s_rl,0.0,stuck,intact,0.6585360590851879,0.6585360590851879,1.0
sensor_comm,9106,s_rl,0.0,stuck,L4 failure,0.7670246279428778,0.7670246279428778,1.0
sensor_comm,9106,s_rl,0.0,stuck,L4 slip,0.7153204517417953,0.7153204517417953,1.0
sensor_comm,9106,s_rl,0.025,dropout,intact,0.579615611212326,0.6381333916798808,0.908298513711205
sensor_comm,9106,s_rl,0.025,dropout,L4 failure,0.6569083229719807,0.7315576134391106,0.897958425835803
sensor_comm,9106,s_rl,0.025,dropout,L4 slip,0.6285677851917859,0.692167496288911,0.9081151434614916
sensor_comm,9106,s_rl,0.025,intermittent,intact,0.579615611212326,0.6313660391041276,0.9180341914410972
sensor_comm,9106,s_rl,0.025,intermittent,L4 failure,0.6569083229719807,0.7292553039177824,0.9007933428017162
sensor_comm,9106,s_rl,0.025,intermittent,L4 slip,0.6285677851917859,0.6846529856652002,0.9180822962176634
sensor_comm,9106,s_rl,0.025,delayed,intact,0.579615611212326,0.5879076140753122,0.985895738268285
sensor_comm,9106,s_rl,0.025,delayed,L4 failure,0.6569083229719807,0.6698500180315707,0.9806797123069121
sensor_comm,9106,s_rl,0.025,delayed,L4 slip,0.6285677851917859,0.6379719126300822,0.9852593393970478
sensor_comm,9106,s_rl,0.025,noisy,intact,0.579615611212326,0.5856071926033131,0.9897686000673053
sensor_comm,9106,s_rl,0.025,noisy,L4 failure,0.6569083229719807,0.6644982204043521,0.9885780018677056
sensor_comm,9106,s_rl,0.025,noisy,L4 slip,0.6285677851917859,0.6323532481774153,0.9940136893476234
sensor_comm,9106,s_rl,0.025,stuck,intact,0.579615611212326,0.5943633666727419,0.9751873074833427
sensor_comm,9106,s_rl,0.025,stuck,L4 failure,0.6569083229719807,0.6738897217856323,0.9748009232598839
sensor_comm,9106,s_rl,0.025,stuck,L4 slip,0.6285677851917859,0.6445050019375662,0.9752721597227819
sensor_comm,9106,s_rl,0.05,dropout,intact,0.5053818028164845,0.6174412822896193,0.8185099009616079
sensor_comm,9106,s_rl,0.05,dropout,L4 failure,0.5542681869496245,0.6956882791659378,0.7967191679787072
sensor_comm,9106,s_rl,0.05,dropout,L4 slip,0.547007542923059,0.6686747798785572,0.8180472172472318
sensor_comm,9106,s_rl,0.05,intermittent,intact,0.5053818028164845,0.6047614761662679,0.8356712898120171
sensor_comm,9106,s_rl,0.05,intermittent,L4 failure,0.5542681869496245,0.6922559244462448,0.8006694740720339
sensor_comm,9106,s_rl,0.05,intermittent,L4 slip,0.547007542923059,0.6546122237476062,0.835620727934901
sensor_comm,9106,s_rl,0.05,delayed,intact,0.5053818028164845,0.5204607498218572,0.9710276961124659
sensor_comm,9106,s_rl,0.05,delayed,L4 failure,0.5542681869496245,0.5773324591117225,0.9600502764081819
sensor_comm,9106,s_rl,0.05,delayed,L4 slip,0.547007542923059,0.5640602371236915,0.9697679554800934
sensor_comm,9106,s_rl,0.05,noisy,intact,0.5053818028164845,0.516283292537998,0.9788846745980819
sensor_comm,9106,s_rl,0.05,noisy,L4 failure,0.5542681869496245,0.5672215625188997,0.9771634641113568
sensor_comm,9106,s_rl,0.05,noisy,L4 slip,0.547007542923059,0.5535726934744414,0.9881404002965231
sensor_comm,9106,s_rl,0.05,stuck,intact,0.5053818028164845,0.5311747849677573,0.9514416292316314
sensor_comm,9106,s_rl,0.05,stuck,L4 failure,0.5542681869496245,0.5823523181722732,0.9517746725714231
sensor_comm,9106,s_rl,0.05,stuck,L4 slip,0.547007542923059,0.5747585764512304,0.9517170605795628
sensor_comm,9106,s_rl,0.1,dropout,intact,0.37678388052468204,0.5754359282081746,0.6547799017310811
sensor_comm,9106,s_rl,0.1,dropout,L4 failure,0.374971061198503,0.6232608889031381,0.6016277739782542
sensor_comm,9106,s_rl,0.1,dropout,L4 slip,0.40302024665085207,0.620960751114217,0.6490269246932198
sensor_comm,9106,s_rl,0.1,intermittent,intact,0.37678388052468204,0.5532377353546991,0.6810523875113351
sensor_comm,9106,s_rl,0.1,intermittent,L4 failure,0.374971061198503,0.6206492093507829,0.6041594117081589
sensor_comm,9106,s_rl,0.1,intermittent,L4 slip,0.40302024665085207,0.5964157515207833,0.6757370938363086
sensor_comm,9106,s_rl,0.1,delayed,intact,0.37678388052468204,0.3998536913137635,0.9423043695975819
sensor_comm,9106,s_rl,0.1,delayed,L4 failure,0.374971061198503,0.40961399421591455,0.9154254163514963
sensor_comm,9106,s_rl,0.1,delayed,L4 slip,0.40302024665085207,0.4297446874733707,0.9378132142141382
sensor_comm,9106,s_rl,0.1,noisy,intact,0.37678388052468204,0.39340954656495797,0.9577395460139634
sensor_comm,9106,s_rl,0.1,noisy,L4 failure,0.374971061198503,0.39257722473631623,0.9551523562029386
sensor_comm,9106,s_rl,0.1,noisy,L4 slip,0.40302024665085207,0.41214326272263585,0.9778644541912034
sensor_comm,9106,s_rl,0.1,stuck,intact,0.37678388052468204,0.411893943423165,0.9147594582073956
sensor_comm,9106,s_rl,0.1,stuck,L4 failure,0.374971061198503,0.40804440606574327,0.9189467019383386
sensor_comm,9106,s_rl,0.1,stuck,L4 slip,0.40302024665085207,0.44156667247438114,0.9127053099194993
sensor_comm,9106,s_rl,0.2,dropout,intact,0.2911399382944332,0.490415284547235,0.5936600009586195
sensor_comm,9106,s_rl,0.2,dropout,L4 failure,0.244519961905654,0.47888837303735804,0.5105990783505179
sensor_comm,9106,s_rl,0.2,dropout,L4 slip,0.28489603964779436,0.5243612238323119,0.5433201897837181
sensor_comm,9106,s_rl,0.2,intermittent,intact,0.2911399382944332,0.4571038614735482,0.6369229464741263
sensor_comm,9106,s_rl,0.2,intermittent,L4 failure,0.244519961905654,0.4876314892273406,0.5014441587705903
sensor_comm,9106,s_rl,0.2,intermittent,L4 slip,0.28489603964779436,0.48775601847009487,0.5840953855195983
sensor_comm,9106,s_rl,0.2,delayed,intact,0.2911399382944332,0.30816038330736684,0.9447675757984859
sensor_comm,9106,s_rl,0.2,delayed,L4 failure,0.244519961905654,0.25344446950136157,0.9647871282681131
sensor_comm,9106,s_rl,0.2,delayed,L4 slip,0.28489603964779436,0.3047724264532964,0.9347828573706358
sensor_comm,9106,s_rl,0.2,noisy,intact,0.2911399382944332,0.3043536776302032,0.9565842626293971
sensor_comm,9106,s_rl,0.2,noisy,L4 failure,0.244519961905654,0.25764345393942645,0.9490633593320098
sensor_comm,9106,s_rl,0.2,noisy,L4 slip,0.28489603964779436,0.29545717288738027,0.9642549438337329
sensor_comm,9106,s_rl,0.2,stuck,intact,0.2911399382944332,0.3153519895544354,0.9232221388734166
sensor_comm,9106,s_rl,0.2,stuck,L4 failure,0.244519961905654,0.2728585454980073,0.8961418505671824
sensor_comm,9106,s_rl,0.2,stuck,L4 slip,0.28489603964779436,0.3108771121530569,0.9164265509116314
sensor_comm,9106,s_rl,0.4,dropout,intact,0.36939260224659193,0.32615222334438604,1.1325772930774969
sensor_comm,9106,s_rl,0.4,dropout,L4 failure,0.4321623691484744,0.22017219642596214,1.9628380702183652
sensor_comm,9106,s_rl,0.4,dropout,L4 slip,0.371299854071767,0.3376785649722096,1.0995659558738187
sensor_comm,9106,s_rl,0.4,intermittent,intact,0.36939260224659193,0.3186169475509754,1.1593626926812892
sensor_comm,9106,s_rl,0.4,intermittent,L4 failure,0.4321623691484744,0.2774957148858851,1.5573659194203884
sensor_comm,9106,s_rl,0.4,intermittent,L4 slip,0.371299854071767,0.32335579946316634,1.1482702790183357
sensor_comm,9106,s_rl,0.4,delayed,intact,0.36939260224659193,0.3870087448396104,0.9544812802606846
sensor_comm,9106,s_rl,0.4,delayed,L4 failure,0.4321623691484744,0.45922909613502566,0.9410605137732977
sensor_comm,9106,s_rl,0.4,delayed,L4 slip,0.371299854071767,0.39087771462446746,0.9499130806894179
sensor_comm,9106,s_rl,0.4,noisy,intact,0.36939260224659193,0.38484982783383154,0.9598356957199584
sensor_comm,9106,s_rl,0.4,noisy,L4 failure,0.4321623691484744,0.4718077363626218,0.9159713498557879
sensor_comm,9106,s_rl,0.4,noisy,L4 slip,0.371299854071767,0.3994046930210428,0.929633177976216
sensor_comm,9106,s_rl,0.4,stuck,intact,0.36939260224659193,0.47792822394685197,0.7729039293726044
sensor_comm,9106,s_rl,0.4,stuck,L4 failure,0.4321623691484744,0.6847765421063954,0.6310998443654752
sensor_comm,9106,s_rl,0.4,stuck,L4 slip,0.371299854071767,0.4970975127530184,0.7469356505435713
sensor_comm,9106,s_rl,1.0,dropout,intact,0.5170985811788513,0.28338329871321893,1.824732027352642
sensor_comm,9106,s_rl,1.0,dropout,L4 failure,0.4919951082753437,0.5693052299945471,0.8642026848761887
sensor_comm,9106,s_rl,1.0,dropout,L4 slip,0.513133153260519,0.29438679832752407,1.7430576241045486
sensor_comm,9106,s_rl,1.0,intermittent,intact,0.5170985811788513,0.34923005559371373,1.4806817823848244
sensor_comm,9106,s_rl,1.0,intermittent,L4 failure,0.4919951082753437,0.40139553928701516,1.225711449482616
sensor_comm,9106,s_rl,1.0,intermittent,L4 slip,0.513133153260519,0.374796070259438,1.3690996090362488
sensor_comm,9106,s_rl,1.0,delayed,intact,0.5170985811788513,0.5825717785437666,0.8876135099977273
sensor_comm,9106,s_rl,1.0,delayed,L4 failure,0.4919951082753437,0.5804385029335801,0.8476265888440605
sensor_comm,9106,s_rl,1.0,delayed,L4 slip,0.513133153260519,0.5854384794953044,0.8764937243327113
sensor_comm,9106,s_rl,1.0,noisy,intact,0.5170985811788513,0.5799066854432822,0.8916927398130957
sensor_comm,9106,s_rl,1.0,noisy,L4 failure,0.4919951082753437,0.6065692037525932,0.8111112552888824
sensor_comm,9106,s_rl,1.0,noisy,L4 slip,0.513133153260519,0.6046753631680766,0.8486093274448286
sensor_comm,9106,s_rl,1.0,stuck,intact,0.5170985811788513,1.1174118020396182,0.46276456024089624
sensor_comm,9106,s_rl,1.0,stuck,L4 failure,0.4919951082753437,1.5034651417263902,0.32724078172534043
sensor_comm,9106,s_rl,1.0,stuck,L4 slip,0.513133153260519,1.1923867010787923,0.43034122470191105
sensor_comm,9106,sine,0.0,dropout,intact,1.1407843252556105,1.1407843252556105,1.0
sensor_comm,9106,sine,0.0,dropout,L4 failure,0.8898173000029278,0.8898173000029278,1.0
sensor_comm,9106,sine,0.0,dropout,L4 slip,1.0181791265973346,1.0181791265973346,1.0
sensor_comm,9106,sine,0.0,intermittent,intact,1.1407843252556105,1.1407843252556105,1.0
sensor_comm,9106,sine,0.0,intermittent,L4 failure,0.8898173000029278,0.8898173000029278,1.0
sensor_comm,9106,sine,0.0,intermittent,L4 slip,1.0181791265973346,1.0181791265973346,1.0
sensor_comm,9106,sine,0.0,delayed,intact,1.1407843252556105,1.1407843252556105,1.0
sensor_comm,9106,sine,0.0,delayed,L4 failure,0.8898173000029278,0.8898173000029278,1.0
sensor_comm,9106,sine,0.0,delayed,L4 slip,1.0181791265973346,1.0181791265973346,1.0
sensor_comm,9106,sine,0.0,noisy,intact,1.1407843252556105,1.1407843252556105,1.0
sensor_comm,9106,sine,0.0,noisy,L4 failure,0.8898173000029278,0.8898173000029278,1.0
sensor_comm,9106,sine,0.0,noisy,L4 slip,1.0181791265973346,1.0181791265973346,1.0
sensor_comm,9106,sine,0.0,stuck,intact,1.1407843252556105,1.1407843252556105,1.0
sensor_comm,9106,sine,0.0,stuck,L4 failure,0.8898173000029278,0.8898173000029278,1.0
sensor_comm,9106,sine,0.0,stuck,L4 slip,1.0181791265973346,1.0181791265973346,1.0
sensor_comm,9106,sine,0.025,dropout,intact,0.9554486952892823,1.0099972346018398,0.9459913973585665
sensor_comm,9106,sine,0.025,dropout,L4 failure,0.6244337169864298,0.6931316472264208,0.9008876156284494
sensor_comm,9106,sine,0.025,dropout,L4 slip,0.82584018951615,0.8789871569769137,0.9395361274178895
sensor_comm,9106,sine,0.025,intermittent,intact,0.9554486952892823,1.0760943712824491,0.8878855988723501
sensor_comm,9106,sine,0.025,intermittent,L4 failure,0.6244337169864298,0.7997088385503479,0.7808263293905271
sensor_comm,9106,sine,0.025,intermittent,L4 slip,0.82584018951615,0.9535776390259268,0.8660439965431029
sensor_comm,9106,sine,0.025,delayed,intact,0.9554486952892823,0.967906756048319,0.9871288626913823
sensor_comm,9106,sine,0.025,delayed,L4 failure,0.6244337169864298,0.6373645381091201,0.9797120480517282
sensor_comm,9106,sine,0.025,delayed,L4 slip,0.82584018951615,0.838179165044191,0.9852788329242347
sensor_comm,9106,sine,0.025,noisy,intact,0.9554486952892823,0.9496815251470103,1.0060727412185673
sensor_comm,9106,sine,0.025,noisy,L4 failure,0.6244337169864298,0.6170336396258944,1.0119929885265608
sensor_comm,9106,sine,0.025,noisy,L4 slip,0.82584018951615,0.8223424322159658,1.0042534072950107
sensor_comm,9106,sine,0.025,stuck,intact,0.9554486952892823,0.9621901303441245,0.9929936559914295
sensor_comm,9106,sine,0.025,stuck,L4 failure,0.6244337169864298,0.6271108083031589,0.9957310713174076
sensor_comm,9106,sine,0.025,stuck,L4 slip,0.82584018951615,0.8306579138130011,0.994200110277965
sensor_comm,9106,sine,0.05,dropout,intact,0.7954201913736885,0.8878320461762546,0.8959129092033019
sensor_comm,9106,sine,0.05,dropout,L4 failure,0.4259078799341566,0.5143294687903198,0.8280837591045932
sensor_comm,9106,sine,0.05,dropout,L4 slip,0.6610752837312235,0.7494951563637542,0.882027426219126
sensor_comm,9106,sine,0.05,intermittent,intact,0.7954201913736885,1.013988480763345,0.7844469700236484
sensor_comm,9106,sine,0.05,intermittent,L4 failure,0.4259078799341566,0.7141617406149874,0.5963745405451064
sensor_comm,9106,sine,0.05,intermittent,L4 slip,0.6610752837312235,0.8917480948601704,0.7413251427634199
sensor_comm,9106,sine,0.05,delayed,intact,0.7954201913736885,0.8152361972048583,0.9756929269098802
sensor_comm,9106,sine,0.05,delayed,L4 failure,0.4259078799341566,0.439723771056218,0.9685805225201366
sensor_comm,9106,sine,0.05,delayed,L4 slip,0.6610752837312235,0.6801656510712502,0.9719327676868721
sensor_comm,9106,sine,0.05,noisy,intact,0.7954201913736885,0.7848335674639595,1.0134890049924057
sensor_comm,9106,sine,0.05,noisy,L4 failure,0.4259078799341566,0.4155774150307801,1.0248580999104855
sensor_comm,9106,sine,0.05,noisy,L4 slip,0.6610752837312235,0.6549878345342834,1.0092939881872285
sensor_comm,9106,sine,0.05,stuck,intact,0.7954201913736885,0.8016738756830197,0.9921992165405126
sensor_comm,9106,sine,0.05,stuck,L4 failure,0.4259078799341566,0.42153004924330945,1.0103855720338462
sensor_comm,9106,sine,0.05,stuck,L4 slip,0.6610752837312235,0.6631292546552248,0.9969026084890958
sensor_comm,9106,sine,0.1,dropout,intact,0.5419594594093395,0.668747647418434,0.8104095191982584
sensor_comm,9106,sine,0.1,dropout,L4 failure,0.29269139186743337,0.2904805622797021,1.0076109381308704
sensor_comm,9106,sine,0.1,dropout,L4 slip,0.40379837894223874,0.5187856262031924,0.7783530586564157
sensor_comm,9106,sine,0.1,intermittent,intact,0.5419594594093395,0.8974466232659175,0.6038904658608922
sensor_comm,9106,sine,0.1,intermittent,L4 failure,0.29269139186743337,0.5576517504942153,0.5248641138632444
sensor_comm,9106,sine,0.1,intermittent,L4 slip,0.40379837894223874,0.7762604801286133,0.5201841254050911
sensor_comm,9106,sine,0.1,delayed,intact,0.5419594594093395,0.5652397097940827,0.9588134910174231
sensor_comm,9106,sine,0.1,delayed,L4 failure,0.29269139186743337,0.30277059179894444,0.9667101092228793
sensor_comm,9106,sine,0.1,delayed,L4 slip,0.40379837894223874,0.42428422385546155,0.9517166942313613
sensor_comm,9106,sine,0.1,noisy,intact,0.5419594594093395,0.5247348173239758,1.0328254225118993
sensor_comm,9106,sine,0.1,noisy,L4 failure,0.29269139186743337,0.2843513687899548,1.029329990964943
sensor_comm,9106,sine,0.1,noisy,L4 slip,0.40379837894223874,0.39545994454170874,1.0210854083090344
sensor_comm,9106,sine,0.1,stuck,intact,0.5419594594093395,0.5338071025788016,1.0152721025837876
sensor_comm,9106,sine,0.1,stuck,L4 failure,0.29269139186743337,0.31411918930090127,0.9317845003956706
sensor_comm,9106,sine,0.1,stuck,L4 slip,0.40379837894223874,0.3875147727096323,1.0420206076757952
sensor_comm,9106,sine,0.2,dropout,intact,0.26171917049611537,0.3297856760435661,0.793603814562101
sensor_comm,9106,sine,0.2,dropout,L4 failure,0.3614753442618024,0.36283590109118863,0.9962502144211901
sensor_comm,9106,sine,0.2,dropout,L4 slip,0.1841417114242318,0.1862393335286911,0.9887369544085265
sensor_comm,9106,sine,0.2,intermittent,intact,0.26171917049611537,0.6941297093076362,0.3770464899956072
sensor_comm,9106,sine,0.2,intermittent,L4 failure,0.3614753442618024,0.3601976486128971,1.0035472070787403
sensor_comm,9106,sine,0.2,intermittent,L4 slip,0.1841417114242318,0.5767345544963985,0.3192832993768222
sensor_comm,9106,sine,0.2,delayed,intact,0.26171917049611537,0.2729578764052592,0.9588262260200993
sensor_comm,9106,sine,0.2,delayed,L4 failure,0.3614753442618024,0.4050871074614726,0.8923397896492717
sensor_comm,9106,sine,0.2,delayed,L4 slip,0.1841417114242318,0.19533109050910424,0.9427158315877476
sensor_comm,9106,sine,0.2,noisy,intact,0.26171917049611537,0.2453051527641727,1.0669126495998333
sensor_comm,9106,sine,0.2,noisy,L4 failure,0.3614753442618024,0.3669407037352832,0.9851056058435436
sensor_comm,9106,sine,0.2,noisy,L4 slip,0.1841417114242318,0.17921644439706907,1.0274822271122084
sensor_comm,9106,sine,0.2,stuck,intact,0.26171917049611537,0.26875853452782517,0.9738078493243868
sensor_comm,9106,sine,0.2,stuck,L4 failure,0.3614753442618024,0.5350445625701916,0.6755985754259133
sensor_comm,9106,sine,0.2,stuck,L4 slip,0.1841417114242318,0.2351064928167818,0.7832268229518153
sensor_comm,9106,sine,0.4,dropout,intact,0.18075695791863472,0.2638066275157356,0.6851873268720396
sensor_comm,9106,sine,0.4,dropout,L4 failure,0.40408631674808315,0.8611831315827063,0.4692222849342649
sensor_comm,9106,sine,0.4,dropout,L4 slip,0.1792847890728868,0.3604378081427865,0.49740838786219566
sensor_comm,9106,sine,0.4,intermittent,intact,0.18075695791863472,0.39893476234976216,0.4530990401888262
sensor_comm,9106,sine,0.4,intermittent,L4 failure,0.40408631674808315,0.289471290869162,1.3959460903179028
sensor_comm,9106,sine,0.4,intermittent,L4 slip,0.1792847890728868,0.3008423667962242,0.5959426226503711
sensor_comm,9106,sine,0.4,delayed,intact,0.18075695791863472,0.20790864986078597,0.8694056646496824
sensor_comm,9106,sine,0.4,delayed,L4 failure,0.40408631674808315,0.5261163687848578,0.7680550173365243
sensor_comm,9106,sine,0.4,delayed,L4 slip,0.1792847890728868,0.22627896613803838,0.7923175190906457
sensor_comm,9106,sine,0.4,noisy,intact,0.18075695791863472,0.18307355998259356,0.9873460587963707
sensor_comm,9106,sine,0.4,noisy,L4 failure,0.40408631674808315,0.36827277249853896,1.097247331119724
sensor_comm,9106,sine,0.4,noisy,L4 slip,0.1792847890728868,0.17440254254650134,1.0279941247134268
sensor_comm,9106,sine,0.4,stuck,intact,0.18075695791863472,0.34595884956025313,0.5224810931947373
sensor_comm,9106,sine,0.4,stuck,L4 failure,0.40408631674808315,0.7425411859414405,0.5441938095807535
sensor_comm,9106,sine,0.4,stuck,L4 slip,0.1792847890728868,0.3814033275464158,0.4700661376664793
sensor_comm,9106,sine,1.0,dropout,intact,0.18888744996153425,0.5212617054981272,0.3623658672202477
sensor_comm,9106,sine,1.0,dropout,L4 failure,0.23754527065997405,0.8068135100537314,0.2944240121166963
sensor_comm,9106,sine,1.0,dropout,L4 slip,0.18306372174324737,0.5673250199304404,0.32267873848696604
sensor_comm,9106,sine,1.0,intermittent,intact,0.18888744996153425,0.21164504503424944,0.8924728189642596
sensor_comm,9106,sine,1.0,intermittent,L4 failure,0.23754527065997405,0.42171599018253597,0.5632825792475992
sensor_comm,9106,sine,1.0,intermittent,L4 slip,0.18306372174324737,0.20265166987909938,0.9033417876717322
sensor_comm,9106,sine,1.0,delayed,intact,0.18888744996153425,0.20793581103442188,0.9083930710245272
sensor_comm,9106,sine,1.0,delayed,L4 failure,0.23754527065997405,0.37762420788756,0.6290520197018319
sensor_comm,9106,sine,1.0,delayed,L4 slip,0.18306372174324737,0.2216258371360139,0.8260035206585566
sensor_comm,9106,sine,1.0,noisy,intact,0.18888744996153425,0.2894225042251704,0.6526356700119629
sensor_comm,9106,sine,1.0,noisy,L4 failure,0.23754527065997405,0.3460921387666335,0.6863642482794112
sensor_comm,9106,sine,1.0,noisy,L4 slip,0.18306372174324737,0.3140804790828172,0.5828560956027351
sensor_comm,9106,sine,1.0,stuck,intact,0.18888744996153425,0.22932339613026204,0.8236728268852296
sensor_comm,9106,sine,1.0,stuck,L4 failure,0.23754527065997405,0.6081499908172093,0.3906030983257429
sensor_comm,9106,sine,1.0,stuck,L4 slip,0.18306372174324737,0.29519424550953405,0.6201466475989785
sensor_comm,9106,chirp,0.0,dropout,intact,1.5421055844057576,1.5421055844057576,1.0
sensor_comm,9106,chirp,0.0,dropout,L4 failure,0.9182261328124373,0.9182261328124373,1.0
sensor_comm,9106,chirp,0.0,dropout,L4 slip,1.3475819994025582,1.3475819994025582,1.0
sensor_comm,9106,chirp,0.0,intermittent,intact,1.5421055844057576,1.5421055844057576,1.0
sensor_comm,9106,chirp,0.0,intermittent,L4 failure,0.9182261328124373,0.9182261328124373,1.0
sensor_comm,9106,chirp,0.0,intermittent,L4 slip,1.3475819994025582,1.3475819994025582,1.0
sensor_comm,9106,chirp,0.0,delayed,intact,1.5421055844057576,1.5421055844057576,1.0
sensor_comm,9106,chirp,0.0,delayed,L4 failure,0.9182261328124373,0.9182261328124373,1.0
sensor_comm,9106,chirp,0.0,delayed,L4 slip,1.3475819994025582,1.3475819994025582,1.0
sensor_comm,9106,chirp,0.0,noisy,intact,1.5421055844057576,1.5421055844057576,1.0
sensor_comm,9106,chirp,0.0,noisy,L4 failure,0.9182261328124373,0.9182261328124373,1.0
sensor_comm,9106,chirp,0.0,noisy,L4 slip,1.3475819994025582,1.3475819994025582,1.0
sensor_comm,9106,chirp,0.0,stuck,intact,1.5421055844057576,1.5421055844057576,1.0
sensor_comm,9106,chirp,0.0,stuck,L4 failure,0.9182261328124373,0.9182261328124373,1.0
sensor_comm,9106,chirp,0.0,stuck,L4 slip,1.3475819994025582,1.3475819994025582,1.0
sensor_comm,9106,chirp,0.025,dropout,intact,1.3289030939875872,1.4141816024364557,0.9396976256076699
sensor_comm,9106,chirp,0.025,dropout,L4 failure,0.6396444084390815,0.7253174019449751,0.8818820653190492
sensor_comm,9106,chirp,0.025,dropout,L4 slip,1.131885187193466,1.2139268144000888,0.9324163316656228
sensor_comm,9106,chirp,0.025,intermittent,intact,1.3289030939875872,1.4681596389600402,0.905148908009013
sensor_comm,9106,chirp,0.025,intermittent,L4 failure,0.6396444084390815,0.8238315879614231,0.7764261747014168
sensor_comm,9106,chirp,0.025,intermittent,L4 slip,1.131885187193466,1.274349658739277,0.8882061366997562
sensor_comm,9106,chirp,0.025,delayed,intact,1.3289030939875872,1.3455024394388875,0.9876630878066467
sensor_comm,9106,chirp,0.025,delayed,L4 failure,0.6396444084390815,0.6568382688264125,0.9738232968397965
sensor_comm,9106,chirp,0.025,delayed,L4 slip,1.131885187193466,1.148169525081563,0.9858171310661289
sensor_comm,9106,chirp,0.025,noisy,intact,1.3289030939875872,1.3228096157553668,1.0046064665388306
sensor_comm,9106,chirp,0.025,noisy,L4 failure,0.6396444084390815,0.631669319596983,1.0126254174370646
sensor_comm,9106,chirp,0.025,noisy,L4 slip,1.131885187193466,1.1279347215140472,1.0035023885727323
sensor_comm,9106,chirp,0.025,stuck,intact,1.3289030939875872,1.3417310401858555,0.9904392565916256
sensor_comm,9106,chirp,0.025,stuck,L4 failure,0.6396444084390815,0.6407260020068469,0.9983119249657768
sensor_comm,9106,chirp,0.025,stuck,L4 slip,1.131885187193466,1.141829534615144,0.9912908651246006
sensor_comm,9106,chirp,0.05,dropout,intact,1.1410252218632457,1.2929500389583573,0.8824975346939877
sensor_comm,9106,chirp,0.05,dropout,L4 failure,0.41416633151985555,0.5452782011685243,0.7595505021699057
sensor_comm,9106,chirp,0.05,dropout,L4 slip,0.9431142782409765,1.0878058441245877,0.866987692091274
sensor_comm,9106,chirp,0.05,intermittent,intact,1.1410252218632457,1.3964882593334118,0.8170675365419064
sensor_comm,9106,chirp,0.05,intermittent,L4 failure,0.41416633151985555,0.7334894080797391,0.5646520958007218
sensor_comm,9106,chirp,0.05,intermittent,L4 slip,0.9431142782409765,1.20365614210645,0.7835412833024604
sensor_comm,9106,chirp,0.05,delayed,intact,1.1410252218632457,1.1687632935882948,0.976267160444534
sensor_comm,9106,chirp,0.05,delayed,L4 failure,0.41416633151985555,0.435840904236758,0.9502695306791848
sensor_comm,9106,chirp,0.05,delayed,L4 slip,0.9431142782409765,0.9698195386456389,0.9724636807771924
sensor_comm,9106,chirp,0.05,noisy,intact,1.1410252218632457,1.1295844539218929,1.0101282979786335
sensor_comm,9106,chirp,0.05,noisy,L4 failure,0.41416633151985555,0.40244323856873015,1.0291298047218236
sensor_comm,9106,chirp,0.05,noisy,L4 slip,0.9431142782409765,0.9362643142871423,1.0073162715371136
sensor_comm,9106,chirp,0.05,stuck,intact,1.1410252218632457,1.1575485594865633,0.9857255771363522
sensor_comm,9106,chirp,0.05,stuck,L4 failure,0.41416633151985555,0.4083720946185365,1.0141886210582813
sensor_comm,9106,chirp,0.05,stuck,L4 slip,0.9431142782409765,0.9537449838868742,0.9888537231382611
sensor_comm,9106,chirp,0.1,dropout,intact,0.8347021517032521,1.070216001120071,0.7799380226325023
sensor_comm,9106,chirp,0.1,dropout,L4 failure,0.30554901481878227,0.27731784701034246,1.1018007607977245
sensor_comm,9106,chirp,0.1,dropout,L4 slip,0.6390599360726457,0.8576291333686472,0.7451471868294721
sensor_comm,9106,chirp,0.1,intermittent,intact,0.8347021517032521,1.260432431478045,0.6622347464706532
sensor_comm,9106,chirp,0.1,intermittent,L4 failure,0.30554901481878227,0.5651196058517705,0.5406802589307564
sensor_comm,9106,chirp,0.1,intermittent,L4 slip,0.6390599360726457,1.0699729489726475,0.5972673764194224
sensor_comm,9106,chirp,0.1,delayed,intact,0.8347021517032521,0.8719454876872256,0.9572870821514785
sensor_comm,9106,chirp,0.1,delayed,L4 failure,0.30554901481878227,0.3166098715364515,0.9650647130362903
sensor_comm,9106,chirp,0.1,delayed,L4 slip,0.6390599360726457,0.6731205598344877,0.9493989252531267
sensor_comm,9106,chirp,0.1,noisy,intact,0.8347021517032521,0.8161750417839795,1.0226999221622564
sensor_comm,9106,chirp,0.1,noisy,L4 failure,0.30554901481878227,0.3014625475840612,1.0135554723711793
sensor_comm,9106,chirp,0.1,noisy,L4 slip,0.6390599360726457,0.6296088642690428,1.0150110208733722
sensor_comm,9106,chirp,0.1,stuck,intact,0.8347021517032521,0.8394691880936914,0.9943213682431102
sensor_comm,9106,chirp,0.1,stuck,L4 failure,0.30554901481878227,0.35736655812480944,0.8550017002768066
sensor_comm,9106,chirp,0.1,stuck,L4 slip,0.6390599360726457,0.6331659581497024,1.0093087410134416
sensor_comm,9106,chirp,0.2,dropout,intact,0.4651339625803509,0.7010587093098343,0.6634736241109644
sensor_comm,9106,chirp,0.2,dropout,L4 failure,0.5012299304189151,0.40441157068157274,1.2394055134826385
sensor_comm,9106,chirp,0.2,dropout,L4 slip,0.3222855913410722,0.4829222509053716,0.6673653797000626
sensor_comm,9106,chirp,0.2,intermittent,intact,0.4651339625803509,1.0179326253822665,0.45693983175524816
sensor_comm,9106,chirp,0.2,intermittent,L4 failure,0.5012299304189151,0.33782077957049517,1.483715510502871
sensor_comm,9106,chirp,0.2,intermittent,L4 slip,0.3222855913410722,0.8335998458856043,0.3866190630093995
sensor_comm,9106,chirp,0.2,delayed,intact,0.4651339625803509,0.49455340047642443,0.9405131218029589
sensor_comm,9106,chirp,0.2,delayed,L4 failure,0.5012299304189151,0.539752422098525,0.92862933059228
sensor_comm,9106,chirp,0.2,delayed,L4 slip,0.3222855913410722,0.34660630025581957,0.9298318902547444
sensor_comm,9106,chirp,0.2,noisy,intact,0.4651339625803509,0.44470256445527134,1.0459439629049734
sensor_comm,9106,chirp,0.2,noisy,L4 failure,0.5012299304189151,0.5010755222817496,1.0003081534225866
sensor_comm,9106,chirp,0.2,noisy,L4 slip,0.3222855913410722,0.31579889238598635,1.0205406007160958
sensor_comm,9106,chirp,0.2,stuck,intact,0.4651339625803509,0.4737266515537719,0.9818615040018586
sensor_comm,9106,chirp,0.2,stuck,L4 failure,0.5012299304189151,0.7237478322461346,0.6925477467246564
sensor_comm,9106,chirp,0.2,stuck,L4 slip,0.3222855913410722,0.3783956404527177,0.8517159208163322
sensor_comm,9106,chirp,0.4,dropout,intact,0.3462033212729591,0.2937565274132562,1.1785383096727613
sensor_comm,9106,chirp,0.4,dropout,L4 failure,0.6347965481968129,0.9715615952596124,0.6533775638045758
sensor_comm,9106,chirp,0.4,dropout,L4 slip,0.3220120991023923,0.2644699066654802,1.2175755766031084
sensor_comm,9106,chirp,0.4,intermittent,intact,0.3462033212729591,0.652354685623127,0.5306979912963556
sensor_comm,9106,chirp,0.4,intermittent,L4 failure,0.6347965481968129,0.36653415279202095,1.731889220585154
sensor_comm,9106,chirp,0.4,intermittent,L4 slip,0.3220120991023923,0.4884535852319557,0.6592481022520819
sensor_comm,9106,chirp,0.4,delayed,intact,0.3462033212729591,0.38508835441647904,0.8990230873056598
sensor_comm,9106,chirp,0.4,delayed,L4 failure,0.6347965481968129,0.7659377321362448,0.8287834918725422
sensor_comm,9106,chirp,0.4,delayed,L4 slip,0.3220120991023923,0.37059846288690157,0.868897557194303
sensor_comm,9106,chirp,0.4,noisy,intact,0.3462033212729591,0.33624313280733,1.0296219833025895
sensor_comm,9106,chirp,0.4,noisy,L4 failure,0.6347965481968129,0.5967314664808561,1.0637892986278075
sensor_comm,9106,chirp,0.4,noisy,L4 slip,0.3220120991023923,0.31145579154157804,1.0338934380014733
sensor_comm,9106,chirp,0.4,stuck,intact,0.3462033212729591,0.616747926874291,0.561336822042572
sensor_comm,9106,chirp,0.4,stuck,L4 failure,0.6347965481968129,1.1524566386674215,0.5508203318875616
sensor_comm,9106,chirp,0.4,stuck,L4 slip,0.3220120991023923,0.6394799921563259,0.5035530478702982
sensor_comm,9106,chirp,1.0,dropout,intact,0.26388859909804163,0.584197104942646,0.45171158306912373
sensor_comm,9106,chirp,1.0,dropout,L4 failure,0.2966005613238824,1.2960222333790248,0.2288545317240255
sensor_comm,9106,chirp,1.0,dropout,L4 slip,0.2169593254046583,0.6665270076040705,0.32550717814804014
sensor_comm,9106,chirp,1.0,intermittent,intact,0.26388859909804163,0.3898309766498035,0.6769308107988053
sensor_comm,9106,chirp,1.0,intermittent,L4 failure,0.2966005613238824,0.6383107283018118,0.4646648539230584
sensor_comm,9106,chirp,1.0,intermittent,L4 slip,0.2169593254046583,0.3635331414654641,0.5968075552343267
sensor_comm,9106,chirp,1.0,delayed,intact,0.26388859909804163,0.2963600909409231,0.8904323057136787
sensor_comm,9106,chirp,1.0,delayed,L4 failure,0.2966005613238824,0.441159067300291,0.6723211270233066
sensor_comm,9106,chirp,1.0,delayed,L4 slip,0.2169593254046583,0.25430415592518485,0.8531489570641809
sensor_comm,9106,chirp,1.0,noisy,intact,0.26388859909804163,0.31424283896265337,0.8397601039029686
sensor_comm,9106,chirp,1.0,noisy,L4 failure,0.2966005613238824,0.3092277631626638,0.959165368239788
sensor_comm,9106,chirp,1.0,noisy,L4 slip,0.2169593254046583,0.29868533397764124,0.7263809123647808
sensor_comm,9106,chirp,1.0,stuck,intact,0.26388859909804163,0.6995278858229066,0.377238140817803
sensor_comm,9106,chirp,1.0,stuck,L4 failure,0.2966005613238824,0.38021340060341285,0.7800897097607982
sensor_comm,9106,chirp,1.0,stuck,L4 slip,0.2169593254046583,0.6343524736241513,0.3420169928007642
