regime,seed,task,cc_gain,cc_mode,limb_condition,rms_path_error,late_path_error,late_heading_error,post_event_path_integral
capacity,9101,straight,0.0,always,intact,0.46259826857860004,0.6180160406307385,0.0992780053521585,3.291084917110122
capacity,9101,straight,0.0,always,L4 failure,1.4659012323931517,2.2984508413244233,0.9253730196664511,10.764174203778332
capacity,9101,straight,0.0,always,L4 slip,0.72852638729899,1.0883668621862346,0.2672843200894209,5.458507814394659
capacity,9101,straight,0.0,dropout,intact,0.46259826857860004,0.6180160406307385,0.0992780053521585,3.291084917110122
capacity,9101,straight,0.0,dropout,L4 failure,1.4659012323931517,2.2984508413244233,0.9253730196664511,10.764174203778332
capacity,9101,straight,0.0,dropout,L4 slip,0.72852638729899,1.0883668621862346,0.2672843200894209,5.458507814394659
capacity,9101,straight,0.0,intermittent,intact,0.46259826857860004,0.6180160406307385,0.0992780053521585,3.291084917110122
capacity,9101,straight,0.0,intermittent,L4 failure,1.4659012323931517,2.2984508413244233,0.9253730196664511,10.764174203778332
capacity,9101,straight,0.0,intermittent,L4 slip,0.72852638729899,1.0883668621862346,0.2672843200894209,5.458507814394659
capacity,9101,straight,0.0,delayed,intact,0.46259826857860004,0.6180160406307385,0.0992780053521585,3.291084917110122
capacity,9101,straight,0.0,delayed,L4 failure,1.4659012323931517,2.2984508413244233,0.9253730196664511,10.764174203778332
capacity,9101,straight,0.0,delayed,L4 slip,0.72852638729899,1.0883668621862346,0.2672843200894209,5.458507814394659
capacity,9101,straight,0.0,noisy,intact,0.46259826857860004,0.6180160406307385,0.0992780053521585,3.291084917110122
capacity,9101,straight,0.0,noisy,L4 failure,1.4659012323931517,2.2984508413244233,0.9253730196664511,10.764174203778332
capacity,9101,straight,0.0,noisy,L4 slip,0.72852638729899,1.0883668621862346,0.2672843200894209,5.458507814394659
capacity,9101,straight,0.0,stuck,intact,0.46259826857860004,0.6180160406307385,0.0992780053521585,3.291084917110122
capacity,9101,straight,0.0,stuck,L4 failure,1.4659012323931517,2.2984508413244233,0.9253730196664511,10.764174203778332
capacity,9101,straight,0.0,stuck,L4 slip,0.72852638729899,1.0883668621862346,0.2672843200894209,5.458507814394659
capacity,9101,straight,0.025,always,intact,0.4164126135500556,0.5250708118223477,0.05671562562969934,2.8795414322396002
capacity,9101,straight,0.025,always,L4 failure,1.3617624658080365,2.134684591867773,0.8014114312358191,10.068362218123426
capacity,9101,straight,0.025,always,L4 slip,0.6576679051671412,0.9651206821617603,0.19887963698856487,4.920461102853441
capacity,9101,straight,0.025,dropout,intact,0.4304332817668824,0.5550415512028308,0.08515956666139217,3.000423359531864
capacity,9101,straight,0.025,dropout,L4 failure,1.4192155653225869,2.2212910460860655,0.9019181725718844,10.416431451032887
capacity,9101,straight,0.025,dropout,L4 slip,0.6865330918934515,1.0151511685375265,0.2499099287523479,5.122128499613344
capacity,9101,straight,0.025,intermittent,intact,0.4461715619201715,0.5856001247856085,0.08386347436702228,3.1480002279362336
capacity,9101,straight,0.025,intermittent,L4 failure,1.4307208640176832,2.243207762640746,0.8832514631384443,10.529800067267935
capacity,9101,straight,0.025,intermittent,L4 slip,0.7039782502496047,1.0460367010929648,0.24271754142312546,5.274848959354364
capacity,9101,straight,0.025,delayed,intact,0.4199411762461425,0.532111959182993,0.05855005681943261,2.912465653222842
capacity,9101,straight,0.025,delayed,L4 failure,1.372092877800481,2.151351557601854,0.8097432984753915,10.140444534316643
capacity,9101,straight,0.025,delayed,L4 slip,0.663737564546312,0.975748313396797,0.20289658944191674,4.968664708872487
capacity,9101,straight,0.025,noisy,intact,0.4129586654590262,0.5181316282353154,0.05647081823505627,2.8460432928973
capacity,9101,straight,0.025,noisy,L4 failure,1.3586819576777138,2.1291426379196254,0.8040510073370823,10.040828818499115
capacity,9101,straight,0.025,noisy,L4 slip,0.6544514874997814,0.9594180692879736,0.19925318783013185,4.8925049836621115
capacity,9101,straight,0.025,stuck,intact,0.41928934182187183,0.5312634943998491,0.06516714075847192,2.9043777347616637
capacity,9101,straight,0.025,stuck,L4 failure,1.3874173359723616,2.1724955868170555,0.8542265104476698,10.219798572642608
capacity,9101,straight,0.025,stuck,L4 slip,0.6668151159531873,0.9807461454990098,0.22098911526611342,4.983127584745718
capacity,9101,straight,0.05,always,intact,0.38015443859364356,0.44684972406260953,0.023707734646519745,2.5311678235482007
capacity,9101,straight,0.05,always,L4 failure,1.2669070757027876,1.98480738300721,0.6864242282982937,9.431858629527571
capacity,9101,straight,0.05,always,L4 slip,0.5983801725477531,0.8589451282871472,0.14311531805517838,4.454986436202576
capacity,9101,straight,0.05,dropout,intact,0.40226373158957585,0.4979080199364768,0.072322404322916,2.73704994203954
capacity,9101,straight,0.05,dropout,L4 failure,1.376186717620376,2.1501181138050938,0.880371809824896,10.095988411298237
capacity,9101,straight,0.05,dropout,L4 slip,0.6483596094141822,0.9479742862471665,0.23398297913623362,4.813791084101904
capacity,9101,straight,0.05,intermittent,intact,0.4309052023709775,0.5548278730372311,0.06960420906014687,3.011938108834165
capacity,9101,straight,0.05,intermittent,L4 failure,1.3965429556952949,2.1894667069304967,0.8422629612790107,10.301823061776638
capacity,9101,straight,0.05,intermittent,L4 slip,0.6807526382267831,1.0056035965749341,0.2196463705671688,5.099203865863491
capacity,9101,straight,0.05,delayed,intact,0.38544405171830365,0.4579249815682376,0.02580769327394078,2.583812792661247
capacity,9101,straight,0.05,delayed,L4 failure,1.2854949065316008,2.014902168970038,0.7016545306645893,9.561942902578561
capacity,9101,straight,0.05,delayed,L4 slip,0.608164960969332,0.8764653018300239,0.1488570811875221,4.535204937800495
capacity,9101,straight,0.05,noisy,intact,0.3743761292261125,0.43458573609406353,0.02409427043142264,2.4713196024627346
capacity,9101,straight,0.05,noisy,L4 failure,1.2613732605801176,1.9748354787864977,0.691979193419959,9.381786823299334
capacity,9101,straight,0.05,noisy,L4 slip,0.5928197211990315,0.8489470351154429,0.14448306049046544,4.405275417545335
capacity,9101,straight,0.05,stuck,intact,0.3837580342201345,0.45550371262226347,0.03554794739304416,2.5658757963117793
capacity,9101,straight,0.05,stuck,L4 failure,1.315877423328361,2.057401231109524,0.7897887580104894,9.722529143195073
capacity,9101,straight,0.05,stuck,L4 slip,0.612863008317627,0.8847254774785845,0.17993820663564813,4.558376406187029
capacity,9101,straight,0.1,always,intact,0.3315929462921638,0.3299987560722152,0.02021608736292498,2.0045306618580745
capacity,9101,straight,0.1,always,L4 failure,1.1060221048303251,1.727705307494967,0.48467765794847234,8.33959977215948
capacity,9101,straight,0.1,always,L4 slip,0.5090551952590033,0.6913500252368308,0.06262605333999242,3.7147817491559993
capacity,9101,straight,0.1,dropout,intact,0.3570236033735251,0.4002679928349517,0.05015856138093917,2.2877190630062145
capacity,9101,straight,0.1,dropout,L4 failure,1.3002015204443864,2.0242825825557307,0.8424859830348275,9.530311144470122
capacity,9101,straight,0.1,dropout,L4 slip,0.5825742328602201,0.8304011120685676,0.20609942971960143,4.274964457926511
capacity,9101,straight,0.1,intermittent,intact,0.4036684345010447,0.4980459054265912,0.04432605734366553,2.7601801456734147
capacity,9101,straight,0.1,intermittent,L4 failure,1.3312178055737711,2.086505895158429,0.7635886496704951,9.865091199607606
capacity,9101,straight,0.1,intermittent,L4 slip,0.6380846432383862,0.9302137411873177,0.17774396295105496,4.7710648998764205
capacity,9101,straight,0.1,delayed,intact,0.3371748941885827,0.3424931256045153,0.020855351787622337,2.0670894259723207
capacity,9101,straight,0.1,delayed,L4 failure,1.135015025883292,1.7752317368680288,0.5091502977430723,8.545176011650577
capacity,9101,straight,0.1,delayed,L4 slip,0.5212988499212293,0.7142209993690353,0.06734242037067444,3.8221468974011183
capacity,9101,straight,0.1,noisy,intact,0.3240447411165464,0.31215443616332034,0.0165465329525096,1.914680368666317
capacity,9101,straight,0.1,noisy,L4 failure,1.0966181130891202,1.7109930703890073,0.49505034629998185,8.254673187153037
capacity,9101,straight,0.1,noisy,L4 slip,0.5011489075622668,0.6767941691265394,0.06783944950015547,3.639622717068587
capacity,9101,straight,0.1,stuck,intact,0.3335194478759421,0.33599002082580737,0.013538308253245096,2.0285697585362867
capacity,9101,straight,0.1,stuck,L4 failure,1.1920553578208326,1.8573262993187591,0.6788155216445569,8.858386125477663
capacity,9101,straight,0.1,stuck,L4 slip,0.5261198106966118,0.7247539747119669,0.11187613214003533,3.848743191805069
capacity,9101,straight,0.2,always,intact,0.29288814883609327,0.22578932701473514,0.04678804816570353,1.5084974085408436
capacity,9101,straight,0.2,always,L4 failure,0.8927726580486017,1.375449325722824,0.21131862633201867,6.836303690862012
capacity,9101,straight,0.2,always,L4 slip,0.412512031224262,0.4941104753605977,0.02359230060228513,2.825378972040138
capacity,9101,straight,0.2,dropout,intact,0.30353813845583644,0.2666366045699897,0.017763174358168533,1.6729444931240451
capacity,9101,straight,0.2,dropout,L4 failure,1.1825946935003653,1.8290633873175566,0.7842898230016199,8.655597460611219
capacity,9101,straight,0.2,dropout,L4 slip,0.4870755958152202,0.6535159570060595,0.16386007242586303,3.466889852956581
capacity,9101,straight,0.2,intermittent,intact,0.36104459809570155,0.4024909235749359,0.012144107261169126,2.3337676711794906
capacity,9101,straight,0.2,intermittent,L4 failure,1.2127019410762891,1.8985864558145695,0.6187417046068546,9.067969861695278
capacity,9101,straight,0.2,intermittent,L4 slip,0.5665849344229417,0.7998575284645115,0.10918342720499918,4.201247769846943
capacity,9101,straight,0.2,delayed,intact,0.29601731779105883,0.2312327128352672,0.05389688782640493,1.5435269259979163
capacity,9101,straight,0.2,delayed,L4 failure,0.9231626502591709,1.4272965245701064,0.23097508194370137,7.062757244855337
capacity,9101,straight,0.2,delayed,L4 slip,0.42094682956707447,0.5100176078021061,0.02771768481416039,2.907546399995173
capacity,9101,straight,0.2,noisy,intact,0.2877566248621612,0.2139102431825426,0.03177256477352397,1.4380121286053626
capacity,9101,straight,0.2,noisy,L4 failure,0.8833664006317478,1.3588863232201966,0.23176027164351698,6.74331070089628
capacity,9101,straight,0.2,noisy,L4 slip,0.40619038135185037,0.4829046217833913,0.017365622949727093,2.7575584534901183
capacity,9101,straight,0.2,stuck,intact,0.2932291838154411,0.22751689226896143,0.06768205074398911,1.5154045186912788
capacity,9101,straight,0.2,stuck,L4 failure,1.00951723424028,1.559325929425404,0.5147534762331902,7.571696007887908
capacity,9101,straight,0.2,stuck,L4 slip,0.4212575585342937,0.5150688603725287,0.021385496115325323,2.9094588664509864
capacity,9101,straight,0.4,always,intact,0.28109099513604296,0.2076953479947663,0.0233345125120225,1.375090602394292
capacity,9101,straight,0.4,always,L4 failure,0.7152832389939385,1.0651131659682402,0.08646015310357687,5.494668620277203
capacity,9101,straight,0.4,always,L4 slip,0.3592005765128251,0.3803376847589416,0.02660330850743513,2.272437102246904
capacity,9101,straight,0.4,dropout,intact,0.2789616906419112,0.19882496381993917,0.013082100935335683,1.3383795540727843
capacity,9101,straight,0.4,dropout,L4 failure,1.0446805553688054,1.5991379833982935,0.7172735473432189,7.632496077944873
capacity,9101,straight,0.4,dropout,L4 slip,0.39429616652360183,0.46802467624512883,0.11812415123529232,2.6236073514077685
capacity,9101,straight,0.4,intermittent,intact,0.312243824588745,0.276946958593299,0.037382777797090636,1.7618224872368793
capacity,9101,straight,0.4,intermittent,L4 failure,1.024369456589394,1.5947242137969706,0.37824817033718494,7.777247409316224
capacity,9101,straight,0.4,intermittent,L4 slip,0.46885360459432013,0.6096806360785169,0.0274499909459892,3.3610843867793223
capacity,9101,straight,0.4,delayed,intact,0.2843320104966908,0.21693148775773477,0.030385848281780183,1.4189480655167563
capacity,9101,straight,0.4,delayed,L4 failure,0.7305441362902769,1.0926773912465229,0.10190903876213722,5.617762967264344
capacity,9101,straight,0.4,delayed,L4 slip,0.3612151363156674,0.3821401670615324,0.035626560130388105,2.2902118330226173
capacity,9101,straight,0.4,noisy,intact,0.28142664326847316,0.2040516517424173,0.026019086105000845,1.3600560539644868
capacity,9101,straight,0.4,noisy,L4 failure,0.7205067917838226,1.075047099858897,0.10165421349124064,5.514443674745529
capacity,9101,straight,0.4,noisy,L4 slip,0.36291645091742963,0.3898038693257872,0.00974658192260824,2.3026713724457992
capacity,9101,straight,0.4,stuck,intact,0.29156666237416823,0.24721180577502228,0.08317901746499237,1.533486457780524
capacity,9101,straight,0.4,stuck,L4 failure,0.8167991242181564,1.2376519176526783,0.3336872017013728,6.183575713617644
capacity,9101,straight,0.4,stuck,L4 slip,0.35959763495391933,0.38144838767851097,0.0427073095328158,2.276952091388069
capacity,9101,straight,1.0,always,intact,0.27384368177255475,0.18714511611089696,0.025879295810850116,1.2722677156823092
capacity,9101,straight,1.0,always,L4 failure,0.628163998031365,0.9029405347142712,0.04677790996006077,4.788018086655628
capacity,9101,straight,1.0,always,L4 slip,0.3455611295254714,0.3567950669070826,0.006609767047857073,2.1289576020558743
capacity,9101,straight,1.0,dropout,intact,0.27781964889618865,0.20355635434467328,0.0060289972489108185,1.3405261433072881
capacity,9101,straight,1.0,dropout,L4 failure,0.9370891853056178,1.4179972388375641,0.6676874881600391,6.842614305417093
capacity,9101,straight,1.0,dropout,L4 slip,0.35584059177476707,0.384438943171782,0.10673589753416195,2.237499599385674
capacity,9101,straight,1.0,intermittent,intact,0.2832596485862719,0.21080768253741883,0.028969703937665108,1.3982698191143188
capacity,9101,straight,1.0,intermittent,L4 failure,0.7628819469812658,1.1496133472446677,0.10487802402158981,5.863227396359588
capacity,9101,straight,1.0,intermittent,L4 slip,0.3695015455035067,0.39753982136659033,0.04044339775250114,2.3778078191843743
capacity,9101,straight,1.0,delayed,intact,0.2750768858234675,0.187912416853761,0.042280340430390285,1.2840121248449594
capacity,9101,straight,1.0,delayed,L4 failure,0.6314690639847492,0.9096386451438313,0.06710535210949498,4.818468148117212
capacity,9101,straight,1.0,delayed,L4 slip,0.3451777768778982,0.3551292517111046,0.014579993774246621,2.1228950322491165
capacity,9101,straight,1.0,noisy,intact,0.302200928741936,0.24413206644507862,0.06341272627513987,1.568215624005559
capacity,9101,straight,1.0,noisy,L4 failure,0.6810803229357995,0.9887806159700645,0.0687547836256869,5.214483804391958
capacity,9101,straight,1.0,noisy,L4 slip,0.39154695296574255,0.440632042872532,0.045336824646364834,2.5510640090264705
capacity,9101,straight,1.0,stuck,intact,0.27393042372334986,0.18700128979906988,0.04559364521353976,1.2722005112868673
capacity,9101,straight,1.0,stuck,L4 failure,0.6663813430611668,0.974878624623242,0.11805865361665471,5.072980994305933
capacity,9101,straight,1.0,stuck,L4 slip,0.34562453613824196,0.3569801561119989,0.019258352937792544,2.129684886253793
capacity,9101,s_lr,0.0,always,intact,0.7326513137650965,0.9474562887962612,0.10476090083344167,5.673932655626344
capacity,9101,s_lr,0.0,always,L4 failure,1.5470300036852271,2.387243911226972,0.8423718742200912,12.048491701104982
capacity,9101,s_lr,0.0,always,L4 slip,0.9753153648414792,1.3957138513536171,0.2715082296342127,7.733951822841316
capacity,9101,s_lr,0.0,dropout,intact,0.7326513137650965,0.9474562887962612,0.10476090083344167,5.673932655626344
capacity,9101,s_lr,0.0,dropout,L4 failure,1.5470300036852271,2.387243911226972,0.8423718742200912,12.048491701104982
capacity,9101,s_lr,0.0,dropout,L4 slip,0.9753153648414792,1.3957138513536171,0.2715082296342127,7.733951822841316
capacity,9101,s_lr,0.0,intermittent,intact,0.7326513137650965,0.9474562887962612,0.10476090083344167,5.673932655626344
capacity,9101,s_lr,0.0,intermittent,L4 failure,1.5470300036852271,2.387243911226972,0.8423718742200912,12.048491701104982
capacity,9101,s_lr,0.0,intermittent,L4 slip,0.9753153648414792,1.3957138513536171,0.2715082296342127,7.733951822841316
capacity,9101,s_lr,0.0,delayed,intact,0.7326513137650965,0.9474562887962612,0.10476090083344167,5.673932655626344
capacity,9101,s_lr,0.0,delayed,L4 failure,1.5470300036852271,2.387243911226972,0.8423718742200912,12.048491701104982
capacity,9101,s_lr,0.0,delayed,L4 slip,0.9753153648414792,1.3957138513536171,0.2715082296342127,7.733951822841316
capacity,9101,s_lr,0.0,noisy,intact,0.7326513137650965,0.9474562887962612,0.10476090083344167,5.673932655626344
capacity,9101,s_lr,0.0,noisy,L4 failure,1.5470300036852271,2.387243911226972,0.8423718742200912,12.048491701104982
capacity,9101,s_lr,0.0,noisy,L4 slip,0.9753153648414792,1.3957138513536171,0.2715082296342127,7.733951822841316
capacity,9101,s_lr,0.0,stuck,intact,0.7326513137650965,0.9474562887962612,0.10476090083344167,5.673932655626344
capacity,9101,s_lr,0.0,stuck,L4 failure,1.5470300036852271,2.387243911226972,0.8423718742200912,12.048491701104982
capacity,9101,s_lr,0.0,stuck,L4 slip,0.9753153648414792,1.3957138513536171,0.2715082296342127,7.733951822841316
capacity,9101,s_lr,0.025,always,intact,0.6533778347007118,0.7733808019741357,0.022115432566752656,4.912021105737791
capacity,9101,s_lr,0.025,always,L4 failure,1.4048129230178177,2.1502860116426965,0.6813784025479224,11.030608597368598
capacity,9101,s_lr,0.025,always,L4 slip,0.8672942073607994,1.1906965759072565,0.16162546359352162,6.842844540804165
capacity,9101,s_lr,0.025,dropout,intact,0.6828496402803527,0.84824287733963,0.08091055490325638,5.214455150292193
capacity,9101,s_lr,0.025,dropout,L4 failure,1.4774458060082118,2.270478499732252,0.8059696480245597,11.515090515379285
capacity,9101,s_lr,0.025,dropout,L4 slip,0.914528019704681,1.2861115622516528,0.24388961855460858,7.228078128864749
capacity,9101,s_lr,0.025,intermittent,intact,0.7041875820187702,0.8869495960800279,0.07519688178524513,5.409738614970881
capacity,9101,s_lr,0.025,intermittent,L4 failure,1.4991285547714492,2.3077732467542416,0.7879735198102316,11.707457689119906
capacity,9101,s_lr,0.025,intermittent,L4 slip,0.9374801151759677,1.3250158477602625,0.23206721102766506,7.428353122083826
capacity,9101,s_lr,0.025,delayed,intact,0.6602778462412114,0.7877719853447376,0.02486386770051723,4.979309871389417
capacity,9101,s_lr,0.025,delayed,L4 failure,1.4184874083373342,2.1733974622205383,0.6900756623641755,11.13415526008081
capacity,9101,s_lr,0.025,delayed,L4 slip,0.8769882437704436,1.2087483434298776,0.16651838226331614,6.925886959215145
capacity,9101,s_lr,0.025,noisy,intact,0.6496724426572075,0.7662811108375539,0.021888312956822132,4.876480359500455
capacity,9101,s_lr,0.025,noisy,L4 failure,1.402101938225028,2.1456845603667634,0.68498861542056,11.005429568817625
capacity,9101,s_lr,0.025,noisy,L4 slip,0.8639901225583715,1.1850566651184429,0.16222411130623998,6.813877338780492
capacity,9101,s_lr,0.025,stuck,intact,0.6578547493489961,0.7853567784797292,0.03134167384254483,4.960180821934811
capacity,9101,s_lr,0.025,stuck,L4 failure,1.4243307558422953,2.1823685713121206,0.7198657016227756,11.159335214669296
capacity,9101,s_lr,0.025,stuck,L4 slip,0.8775757898694876,1.2118894542516734,0.1836859436830807,6.927978059156022
capacity,9101,s_lr,0.05,always,intact,0.5924542517017705,0.6225642181731722,0.04456040073579157,4.247645842443859
capacity,9101,s_lr,0.05,always,L4 failure,1.2739390632149137,1.9284927191169632,0.5290426407445936,10.077863727538759
capacity,9101,s_lr,0.05,always,L4 slip,0.778571541747756,1.0114415648005177,0.0707047521454357,6.059548397187041
capacity,9101,s_lr,0.05,dropout,intact,0.6381900095841164,0.7558370276260279,0.05866635525720485,4.786082078630744
capacity,9101,s_lr,0.05,dropout,L4 failure,1.4123821200807387,2.161054344671025,0.7719502834680921,11.014871632699968
capacity,9101,s_lr,0.05,dropout,L4 slip,0.8586120908685432,1.1837654394453812,0.21807558179506534,6.7553033573419015
capacity,9101,s_lr,0.05,intermittent,intact,0.677832356771575,0.8289805214527911,0.047504537632933816,5.156175928136708
capacity,9101,s_lr,0.05,intermittent,L4 failure,1.4521960419703228,2.229562375665545,0.7344280253399373,11.371924294187615
capacity,9101,s_lr,0.05,intermittent,L4 slip,0.9018204438458787,1.2571045665518015,0.1948070091163177,7.134384458043623
capacity,9101,s_lr,0.05,delayed,intact,0.6030626629302356,0.6461877134281909,0.04201389728086056,4.360137292632918
capacity,9101,s_lr,0.05,delayed,L4 failure,1.2986288775109407,1.9707333565704175,0.544943532482777,10.2675187744341
capacity,9101,s_lr,0.05,delayed,L4 slip,0.7941984171607891,1.0416265656960741,0.07685258350658816,6.200393074045927
capacity,9101,s_lr,0.05,noisy,intact,0.5861753873281287,0.610010120587603,0.044111925858320744,4.183410761313196
capacity,9101,s_lr,0.05,noisy,L4 failure,1.26869118386273,1.9197463364746028,0.5361984673277738,10.029624205178756
capacity,9101,s_lr,0.05,noisy,L4 slip,0.7727138109465984,1.0014272685493926,0.07214525002949397,6.006957025171583
capacity,9101,s_lr,0.05,stuck,intact,0.5974615723305147,0.6389913268174983,0.03559479492565571,4.313766879865207
capacity,9101,s_lr,0.05,stuck,L4 failure,1.3115946591978838,1.9919079622484035,0.6071955533423845,10.33217765049143
capacity,9101,s_lr,0.05,stuck,L4 slip,0.7931385322313529,1.0447444709752545,0.10349782143273774,6.193361741120985
capacity,9101,s_lr,0.1,always,intact,0.5174485434906797,0.40507582758476907,0.13710543386279408,3.2678424115844873
capacity,9101,s_lr,0.1,always,L4 failure,1.0565587551667381,1.5463079374553084,0.2619889405965802,8.430394343179128
capacity,9101,s_lr,0.1,always,L4 slip,0.6529575453635312,0.7290947255795581,0.060962004778562576,4.8107160970397915
capacity,9101,s_lr,0.1,dropout,intact,0.5637394574320418,0.5906958718371621,0.01987993135908541,4.018814282533678
capacity,9101,s_lr,0.1,dropout,L4 failure,1.2950175340348855,1.962973751255938,0.7104653279726805,10.108238253733596
capacity,9101,s_lr,0.1,dropout,L4 slip,0.7606838894260015,0.9997473894337234,0.17143691924694077,5.903817256833872
capacity,9101,s_lr,0.1,intermittent,intact,0.6312705607146042,0.7205761953292381,0.007843352118945005,4.680592325533553
capacity,9101,s_lr,0.1,intermittent,L4 failure,1.3615045701509803,2.0772251668739985,0.6298939093174599,10.718564263053251
capacity,9101,s_lr,0.1,intermittent,L4 slip,0.8369192262892988,1.1296058464506926,0.12667948368474283,6.581158907215681
capacity,9101,s_lr,0.1,delayed,intact,0.529389386003581,0.42929741629203083,0.14077571145230833,3.3955040718122533
capacity,9101,s_lr,0.1,delayed,L4 failure,1.092755816465764,1.6103002297496587,0.2832199610214472,8.72225658115811
capacity,9101,s_lr,0.1,delayed,L4 slip,0.6722634475384217,0.7681714285202966,0.060147058036768807,5.001578063316626
capacity,9101,s_lr,0.1,noisy,intact,0.5088563534841648,0.39052522995766303,0.1332029948505743,3.1828083053015748
capacity,9101,s_lr,0.1,noisy,L4 failure,1.0474728005992402,1.5320708364003615,0.2759849545005951,8.348318871526647
capacity,9101,s_lr,0.1,noisy,L4 slip,0.6443434142999152,0.7153069024049012,0.055533531326471916,4.731765073033573
capacity,9101,s_lr,0.1,stuck,intact,0.5193474852652762,0.41315367669193687,0.1513449858187635,3.3006647471968225
capacity,9101,s_lr,0.1,stuck,L4 failure,1.1165441353725,1.6547529294242913,0.4085608273370835,8.865032850720414
capacity,9101,s_lr,0.1,stuck,L4 slip,0.6641327693799779,0.7624529436448141,0.03620239465678978,4.944956685639237
capacity,9101,s_lr,0.2,always,intact,0.4823964836358406,0.4227743644000637,0.20661780659677337,3.161291075781991
capacity,9101,s_lr,0.2,always,L4 failure,0.8075334532562283,1.072959397557834,0.0199638853685913,6.3425099713811
capacity,9101,s_lr,0.2,always,L4 slip,0.5488758232379525,0.5058121854786136,0.17893473105737656,3.723681190153257
capacity,9101,s_lr,0.2,dropout,intact,0.46924482673413015,0.34376326101346744,0.04618079922539481,2.8555186952140406
capacity,9101,s_lr,0.2,dropout,L4 failure,1.1056529265939532,1.6410012497088224,0.6099540474108677,8.629787998504671
capacity,9101,s_lr,0.2,dropout,L4 slip,0.6154318952994119,0.708353128473978,0.09540783871715561,4.5473214665208195
capacity,9101,s_lr,0.2,intermittent,intact,0.561095304375713,0.5343073747494597,0.08258027946107567,3.856963791407081
capacity,9101,s_lr,0.2,intermittent,L4 failure,1.197565967110776,1.7961916874361363,0.4360933382343147,9.5117357076533
capacity,9101,s_lr,0.2,intermittent,L4 slip,0.7315759045130765,0.9075646321305818,0.014810332177367302,5.61196858329415
capacity,9101,s_lr,0.2,delayed,intact,0.49298554591674165,0.4314993559303769,0.23103573354935536,3.2409552099068906
capacity,9101,s_lr,0.2,delayed,L4 failure,0.8377887542391266,1.1258851405152532,0.03283382125916016,6.607987999188106
capacity,9101,s_lr,0.2,delayed,L4 slip,0.5640721148543203,0.5247580278483588,0.20084665722122735,3.850273728797738
capacity,9101,s_lr,0.2,noisy,intact,0.4736760041333068,0.41962013814371285,0.19148867780527806,3.1006533270910226
capacity,9101,s_lr,0.2,noisy,L4 failure,0.7956990995780899,1.05847933789464,0.013935726539503684,6.240665345045262
capacity,9101,s_lr,0.2,noisy,L4 slip,0.5392363959548759,0.49757879360610435,0.16211935411252462,3.6490189541950357
capacity,9101,s_lr,0.2,stuck,intact,0.5010909139972531,0.47509618154386946,0.32375293045116027,3.370864104386328
capacity,9101,s_lr,0.2,stuck,L4 failure,0.8453921090983584,1.1561910952768975,0.1003682784756641,6.676085982715347
capacity,9101,s_lr,0.2,stuck,L4 slip,0.5530524332874166,0.5212903229713304,0.2461013823995441,3.78623036162025
capacity,9101,s_lr,0.4,always,intact,0.5041746536887806,0.5756605454030529,0.17902781162792708,3.541219355522756
capacity,9101,s_lr,0.4,always,L4 failure,0.6714862378288686,0.8329048676619714,0.13254397282112787,5.120347768028489
capacity,9101,s_lr,0.4,always,L4 slip,0.5349946520328869,0.5904590193478818,0.17455524392655403,3.8058542106124613
capacity,9101,s_lr,0.4,dropout,intact,0.43238489854564255,0.37878710459079157,0.13058393224981169,2.759291113014903
capacity,9101,s_lr,0.4,dropout,L4 failure,0.8654002554986575,1.227101997948864,0.4744711690237642,6.710355145309165
capacity,9101,s_lr,0.4,dropout,L4 slip,0.48265073132133757,0.42346440052099316,0.04410453546021643,3.1474813580597276
capacity,9101,s_lr,0.4,intermittent,intact,0.4941105956035177,0.3748070660056894,0.17732751064247548,3.081501602909373
capacity,9101,s_lr,0.4,intermittent,L4 failure,0.9573807550881014,1.3622663239316484,0.1427157284632694,7.630564506496189
capacity,9101,s_lr,0.4,intermittent,L4 slip,0.6043491323407575,0.6015521247383637,0.12936007489863863,4.245813699388218
capacity,9101,s_lr,0.4,delayed,intact,0.5286402480886571,0.6141294008526224,0.2094255665979627,3.742236403530036
capacity,9101,s_lr,0.4,delayed,L4 failure,0.6856583773538456,0.8469796071815393,0.1658319833387299,5.2370295017975685
capacity,9101,s_lr,0.4,delayed,L4 slip,0.556630693379349,0.6236864444923302,0.20825446216979032,3.993502323487862
capacity,9101,s_lr,0.4,noisy,intact,0.48849008360921964,0.5612537118992968,0.1575206631232522,3.411990183300016
capacity,9101,s_lr,0.4,noisy,L4 failure,0.6630299314526268,0.8318009448312285,0.1061260975155551,5.055119963012768
capacity,9101,s_lr,0.4,noisy,L4 slip,0.5213035428660189,0.5761596601504431,0.14988848475012623,3.6903928479779
capacity,9101,s_lr,0.4,stuck,intact,0.6404669569425923,0.8176654216235985,0.5074820071438649,4.50928719148601
capacity,9101,s_lr,0.4,stuck,L4 failure,0.6801920786514937,0.8527138250684534,0.2716964693237261,5.199947870998678
capacity,9101,s_lr,0.4,stuck,L4 slip,0.6300153726038501,0.7790434444019695,0.4757712856028694,4.56040214019517
capacity,9101,s_lr,1.0,always,intact,0.44851743582500064,0.5325191852504204,0.24183160369342635,3.1102513282067727
capacity,9101,s_lr,1.0,always,L4 failure,0.6519847630108625,0.8715863099996731,0.17859933379401385,4.962837545183902
capacity,9101,s_lr,1.0,always,L4 slip,0.4969837987056063,0.5978584764494214,0.21981013976999647,3.5421491838387205
capacity,9101,s_lr,1.0,dropout,intact,0.537047140584469,0.7044416147134995,0.21715011099554057,3.7930279592003653
capacity,9101,s_lr,1.0,dropout,L4 failure,0.6484725662946216,0.8596149292533427,0.3075573646024826,4.915798582937907
capacity,9101,s_lr,1.0,dropout,L4 slip,0.5059736081971444,0.6138505852702014,0.11617322711571551,3.6029369078187368
capacity,9101,s_lr,1.0,intermittent,intact,0.5037142783605366,0.5557193915115661,0.18884722101666845,3.516410087954495
capacity,9101,s_lr,1.0,intermittent,L4 failure,0.7040045506352622,0.8839962609403147,0.11851174892027401,5.409167930116276
capacity,9101,s_lr,1.0,intermittent,L4 slip,0.5431812206269274,0.5761640615598342,0.19069984999434939,3.843931795648442
capacity,9101,s_lr,1.0,delayed,intact,0.47451208107910026,0.5859233155555612,0.2824321690089514,3.346390845939595
capacity,9101,s_lr,1.0,delayed,L4 failure,0.6671201763097835,0.894143278318505,0.23216903157484364,5.089589524183949
capacity,9101,s_lr,1.0,delayed,L4 slip,0.5201562543965621,0.6432040175509146,0.26266137761511754,3.75136496688059
capacity,9101,s_lr,1.0,noisy,intact,0.4248537732374004,0.48618678817967564,0.2062420104291184,2.8713456024859356
capacity,9101,s_lr,1.0,noisy,L4 failure,0.661185247936513,0.8918365187002086,0.14133277529102073,5.043123286535105
capacity,9101,s_lr,1.0,noisy,L4 slip,0.4931353987319439,0.5886564556532063,0.1768725261902607,3.4951982751548982
capacity,9101,s_lr,1.0,stuck,intact,0.8144708102354253,1.168439733762288,0.5819318078445063,5.657902070878421
capacity,9101,s_lr,1.0,stuck,L4 failure,0.8594572070054509,1.229785029522937,0.6124756794856614,6.40148044462176
capacity,9101,s_lr,1.0,stuck,L4 slip,0.8135809535622998,1.158783153116887,0.5785881217959895,5.789277272558969
capacity,9101,s_rl,0.0,always,intact,0.33496035479841335,0.35122009874634486,0.10558554908167292,1.9047859452199252
capacity,9101,s_rl,0.0,always,L4 failure,1.431330693821768,2.218157124271256,1.041629030445432,9.980606707631587
capacity,9101,s_rl,0.0,always,L4 slip,0.5736671059315087,0.8178591450753065,0.27943422858254985,3.8040718523055257
capacity,9101,s_rl,0.0,dropout,intact,0.33496035479841335,0.35122009874634486,0.10558554908167292,1.9047859452199252
capacity,9101,s_rl,0.0,dropout,L4 failure,1.431330693821768,2.218157124271256,1.041629030445432,9.980606707631587
capacity,9101,s_rl,0.0,dropout,L4 slip,0.5736671059315087,0.8178591450753065,0.27943422858254985,3.8040718523055257
capacity,9101,s_rl,0.0,intermittent,intact,0.33496035479841335,0.35122009874634486,0.10558554908167292,1.9047859452199252
capacity,9101,s_rl,0.0,intermittent,L4 failure,1.431330693821768,2.218157124271256,1.041629030445432,9.980606707631587
capacity,9101,s_rl,0.0,intermittent,L4 slip,0.5736671059315087,0.8178591450753065,0.27943422858254985,3.8040718523055257
capacity,9101,s_rl,0.0,delayed,intact,0.33496035479841335,0.35122009874634486,0.10558554908167292,1.9047859452199252
capacity,9101,s_rl,0.0,delayed,L4 failure,1.431330693821768,2.218157124271256,1.041629030445432,9.980606707631587
capacity,9101,s_rl,0.0,delayed,L4 slip,0.5736671059315087,0.8178591450753065,0.27943422858254985,3.8040718523055257
capacity,9101,s_rl,0.0,noisy,intact,0.33496035479841335,0.35122009874634486,0.10558554908167292,1.9047859452199252
capacity,9101,s_rl,0.0,noisy,L4 failure,1.431330693821768,2.218157124271256,1.041629030445432,9.980606707631587
capacity,9101,s_rl,0.0,noisy,L4 slip,0.5736671059315087,0.8178591450753065,0.27943422858254985,3.8040718523055257
capacity,9101,s_rl,0.0,stuck,intact,0.33496035479841335,0.35122009874634486,0.10558554908167292,1.9047859452199252
capacity,9101,s_rl,0.0,stuck,L4 failure,1.431330693821768,2.218157124271256,1.041629030445432,9.980606707631587
capacity,9101,s_rl,0.0,stuck,L4 slip,0.5736671059315087,0.8178591450753065,0.27943422858254985,3.8040718523055257
capacity,9101,s_rl,0.025,always,intact,0.33027968453156803,0.335093929375318,0.100188034513828,1.868923138050555
capacity,9101,s_rl,0.025,always,L4 failure,1.370170040302552,2.1253508707729267,0.9544317549215309,9.611023150861678
capacity,9101,s_rl,0.025,always,L4 slip,0.5481348918079924,0.7716662710702532,0.2505459634530397,3.6341285181285294
capacity,9101,s_rl,0.025,dropout,intact,0.3269967091709814,0.32749479041803353,0.1012473926010693,1.8394379818817663
capacity,9101,s_rl,0.025,dropout,L4 failure,1.4092427535419478,2.1806074893324063,1.0314078214349105,9.831889744606878
capacity,9101,s_rl,0.025,dropout,L4 slip,0.5552609759278865,0.7819568081341586,0.27246353085227537,3.675309228428045
capacity,9101,s_rl,0.025,intermittent,intact,0.33314117863373277,0.34541349278671374,0.10341567274006533,1.8908385399573306
capacity,9101,s_rl,0.025,intermittent,L4 failure,1.410875206367965,2.187164260791372,1.012264985206468,9.85704619816017
capacity,9101,s_rl,0.025,intermittent,L4 slip,0.5648186192452209,0.8020627970721849,0.2691947551321716,3.74546747765655
capacity,9101,s_rl,0.025,delayed,intact,0.3302036954946014,0.33512544395429444,0.1013770616629323,1.8675758172982684
capacity,9101,s_rl,0.025,delayed,L4 failure,1.3768235800760749,2.1355356180116383,0.9621559266557,9.650938548365922
capacity,9101,s_rl,0.025,delayed,L4 slip,0.5500259276089139,0.7749029728133697,0.25376198482483076,3.6455617111388947
capacity,9101,s_rl,0.025,noisy,intact,0.3283548631286268,0.3292996630248653,0.09991584321524971,1.8525007358239927
capacity,9101,s_rl,0.025,noisy,L4 failure,1.3669121449938264,2.119294452682383,0.9560890318378068,9.586571697593293
capacity,9101,s_rl,0.025,noisy,L4 slip,0.5454646064756788,0.7660544752533021,0.2508425649461018,3.614887789867364
capacity,9101,s_rl,0.025,stuck,intact,0.33241071728072863,0.33883132777193514,0.11097987247134382,1.88400103958047
capacity,9101,s_rl,0.025,stuck,L4 failure,1.4002649930692304,2.167294395800007,1.0182956125921785,9.778609438641041
capacity,9101,s_rl,0.025,stuck,L4 slip,0.5567309847385625,0.7843367610879947,0.27447784969058864,3.684784968284692
capacity,9101,s_rl,0.05,always,intact,0.32848429734576456,0.32531867033895906,0.097716553717945,1.856165737390926
capacity,9101,s_rl,0.05,always,L4 failure,1.31491054005353,2.041517438034898,0.8730793524541525,9.278750747363004
capacity,9101,s_rl,0.05,always,L4 slip,0.527999639664195,0.7341904342305601,0.22712433616049807,3.499991753191756
capacity,9101,s_rl,0.05,dropout,intact,0.3211952772801091,0.3082076447105654,0.09790764237156194,1.7897224034936614
capacity,9101,s_rl,0.05,dropout,L4 failure,1.3899595562928835,2.147700441262148,1.0226787753724165,9.703069959995545
capacity,9101,s_rl,0.05,dropout,L4 slip,0.5396140281004602,0.7508191488526827,0.2666324817502039,3.5666263864548355
capacity,9101,s_rl,0.05,intermittent,intact,0.3316731881246399,0.3403449881004653,0.10162088064432968,1.8796355986025013
capacity,9101,s_rl,0.05,intermittent,L4 failure,1.3910284019786494,2.157099131876609,0.9835839625625511,9.73735976268724
capacity,9101,s_rl,0.05,intermittent,L4 slip,0.556581115283654,0.7872255398557481,0.2596168780896416,3.6908314677645357
capacity,9101,s_rl,0.05,delayed,intact,0.3280221580870707,0.32457451751620775,0.09992901551011563,1.851003336035673
capacity,9101,s_rl,0.05,delayed,L4 failure,1.3270946955435345,2.060131629292113,0.8877223929010007,9.351357863744612
capacity,9101,s_rl,0.05,delayed,L4 slip,0.5308621262137357,0.7391045379260397,0.23278485381893446,3.5167884160871483
capacity,9101,s_rl,0.05,noisy,intact,0.32547425447550415,0.31530661372385593,0.09802850197331842,1.829784136671956
capacity,9101,s_rl,0.05,noisy,L4 failure,1.3090119134507445,2.030450724971289,0.8765944666161524,9.234775552450007
capacity,9101,s_rl,0.05,noisy,L4 slip,0.5235272800675353,0.724309347913842,0.22843529517001399,3.4678041793296353
capacity,9101,s_rl,0.05,stuck,intact,0.3326287249660816,0.3326763376074903,0.11915275606774856,1.8858632662309995
capacity,9101,s_rl,0.05,stuck,L4 failure,1.3738500421150373,2.123809521407293,0.999148362995717,9.607501426683989
capacity,9101,s_rl,0.05,stuck,L4 slip,0.5441010607143851,0.758126722869213,0.2728522322392129,3.595683098283948
capacity,9101,s_rl,0.1,always,intact,0.3309819357546958,0.32022356433315724,0.09827009429999872,1.8816034863876596
capacity,9101,s_rl,0.1,always,L4 failure,1.2203689415514978,1.8978956097567476,0.725898679431135,8.713495360568368
capacity,9101,s_rl,0.1,always,L4 slip,0.5003785452279458,0.6803937946636399,0.19228779742744948,3.3169264235153353
capacity,9101,s_rl,0.1,dropout,intact,0.31466207427766785,0.2808204683647287,0.09392002975253584,1.728578521859153
capacity,9101,s_rl,0.1,dropout,L4 failure,1.3589349774488302,2.0943927314785453,1.0092232778632575,9.498398987027787
capacity,9101,s_rl,0.1,dropout,L4 slip,0.5155641365752305,0.7013349947441285,0.25804997011113334,3.4013344475731753
capacity,9101,s_rl,0.1,intermittent,intact,0.32968443561419886,0.3322546709939537,0.09902597954960991,1.8647759033377285
capacity,9101,s_rl,0.1,intermittent,L4 failure,1.3531161942051515,2.0996738649460944,0.9281918770484652,9.509256134937011
capacity,9101,s_rl,0.1,intermittent,L4 slip,0.5418111722767872,0.7602578756036337,0.24227729786326968,3.5926996824434116
capacity,9101,s_rl,0.1,delayed,intact,0.3294810727168528,0.3168775858548154,0.10285547303010227,1.866638568424567
capacity,9101,s_rl,0.1,delayed,L4 failure,1.2408765027119555,1.9291816109680202,0.7524774132140445,8.834526017688702
capacity,9101,s_rl,0.1,delayed,L4 slip,0.5035671602141704,0.6857254393702299,0.20173334818100672,3.333705670375173
capacity,9101,s_rl,0.1,noisy,intact,0.32760592012037276,0.30561965193353624,0.10179365865080878,1.8506685545424433
capacity,9101,s_rl,0.1,noisy,L4 failure,1.2116641880662866,1.880790144301674,0.735024857620141,8.648292526166847
capacity,9101,s_rl,0.1,noisy,L4 slip,0.4945262899929592,0.6656186587179079,0.19739754540272042,3.275200484797544
capacity,9101,s_rl,0.1,stuck,intact,0.33972176884515937,0.33585312289896496,0.14255459074268284,1.9446703169738215
capacity,9101,s_rl,0.1,stuck,L4 failure,1.333150501207476,2.056144822862644,0.9715269641159635,9.345525303165179
capacity,9101,s_rl,0.1,stuck,L4 slip,0.5297907053635152,0.724726997247631,0.2781574617006145,3.494149367456691
capacity,9101,s_rl,0.2,always,intact,0.34937468232269725,0.3449696759124925,0.10569199376738644,2.0469872306452728
capacity,9101,s_rl,0.2,always,L4 failure,1.083068044828917,1.6876159057945401,0.48155146010321237,7.897432990954487
capacity,9101,s_rl,0.2,always,L4 slip,0.4774838688838926,0.6302091180434244,0.14939126530987953,3.1738532300572935
capacity,9101,s_rl,0.2,dropout,intact,0.3144096537155121,0.258910212275861,0.0948048333807768,1.71346895919741
capacity,9101,s_rl,0.2,dropout,L4 failure,1.3216037458057663,2.0289017713246515,0.9953618281385694,9.259925683062182
capacity,9101,s_rl,0.2,dropout,L4 slip,0.49010343871979467,0.6438463631507096,0.2510704143555811,3.2312214113613025
capacity,9101,s_rl,0.2,intermittent,intact,0.328856352210937,0.3231860848137956,0.0969860629269388,1.8608830960623028
capacity,9101,s_rl,0.2,intermittent,L4 failure,1.284093550906993,1.9950898499423342,0.8247583158200932,9.095652775149938
capacity,9101,s_rl,0.2,intermittent,L4 slip,0.5182676813957308,0.7160341128431904,0.21378416991931654,3.4360207064557393
capacity,9101,s_rl,0.2,delayed,intact,0.3469728792114424,0.3375762070150428,0.11865058037055301,2.0231491495168203
capacity,9101,s_rl,0.2,delayed,L4 failure,1.112757041914274,1.7333171361791542,0.5262355572512731,8.072369227379914
capacity,9101,s_rl,0.2,delayed,L4 slip,0.4797567651130008,0.6326937293524415,0.16584517833377774,3.1806757565030956
capacity,9101,s_rl,0.2,noisy,intact,0.34948511154042416,0.33140045735512874,0.12012214803637455,2.0460800790348013
capacity,9101,s_rl,0.2,noisy,L4 failure,1.0767465779031282,1.671641200809583,0.5073913143304214,7.847987248698693
capacity,9101,s_rl,0.2,noisy,L4 slip,0.4751354005483769,0.6168700083967822,0.16510217025870055,3.160303626867757
capacity,9101,s_rl,0.2,stuck,intact,0.3739520171746967,0.387409215766447,0.20978317921972148,2.2177466592240416
capacity,9101,s_rl,0.2,stuck,L4 failure,1.2889829369945869,1.9804903545775325,0.9475404586525169,9.06665940984355
capacity,9101,s_rl,0.2,stuck,L4 slip,0.5339280284645873,0.7164751579684557,0.3142251760671231,3.518664564755235
capacity,9101,s_rl,0.4,always,intact,0.3982904310488695,0.43635110596660037,0.14511629295400347,2.4681851911484642
capacity,9101,s_rl,0.4,always,L4 failure,0.9407461475650637,1.4617458632840372,0.2797995624204087,7.046158033648436
capacity,9101,s_rl,0.4,always,L4 slip,0.48094468873930507,0.6284064240997982,0.15956132611784318,3.236938398032382
capacity,9101,s_rl,0.4,dropout,intact,0.33673621774650736,0.2908117013330004,0.11967022937794387,1.9092002895576994
capacity,9101,s_rl,0.4,dropout,L4 failure,1.311460564756176,2.006106972929137,1.0008817854676102,9.217879160633329
capacity,9101,s_rl,0.4,dropout,L4 slip,0.49378212099682556,0.6353914932134288,0.2640574242062318,3.2732183154037795
capacity,9101,s_rl,0.4,intermittent,intact,0.33597751043683954,0.3263156270838983,0.10001036913323288,1.9277179862240752
capacity,9101,s_rl,0.4,intermittent,L4 failure,1.170771066449102,1.8228487894091163,0.6436679529337989,8.42054064909011
capacity,9101,s_rl,0.4,intermittent,L4 slip,0.4895823995207251,0.658607960639136,0.17433108439224332,3.2465702649611274
capacity,9101,s_rl,0.4,delayed,intact,0.4040744723773655,0.4382044619523759,0.160396856018214,2.5067279056442446
capacity,9101,s_rl,0.4,delayed,L4 failure,0.9732770350499231,1.5149878490907862,0.3208005118448103,7.250152480210858
capacity,9101,s_rl,0.4,delayed,L4 slip,0.4884141626888643,0.6359026065574624,0.17361152265271437,3.278414379925518
capacity,9101,s_rl,0.4,noisy,intact,0.41304395537178623,0.44293211541909294,0.16440023521737865,2.5874057869428104
capacity,9101,s_rl,0.4,noisy,L4 failure,0.9497767243988141,1.4684594116956884,0.2984123292694656,7.1193987662794775
capacity,9101,s_rl,0.4,noisy,L4 slip,0.49610223205512655,0.6397762528517501,0.17648492448503736,3.361375484013104
capacity,9101,s_rl,0.4,stuck,intact,0.4964252041964335,0.5903891667470982,0.37881503173179504,3.085232421622888
capacity,9101,s_rl,0.4,stuck,L4 failure,1.2810731391838306,1.9609738551720213,0.9561863041050647,9.03788621169282
capacity,9101,s_rl,0.4,stuck,L4 slip,0.6154448388296851,0.8334428977999888,0.4350459654540682,4.056026567280265
capacity,9101,s_rl,1.0,always,intact,0.4428675744295477,0.5592736320810321,0.3017553177320682,2.874212879430464
capacity,9101,s_rl,1.0,always,L4 failure,0.8021385207267879,1.2188255986059295,0.1834910087420564,6.163420540062976
capacity,9101,s_rl,1.0,always,L4 slip,0.4849276259009154,0.6493322425693706,0.2655911359256254,3.329956658388186
capacity,9101,s_rl,1.0,dropout,intact,0.4873376735879011,0.6045742391350272,0.23598915254426336,3.0871347364494817
capacity,9101,s_rl,1.0,dropout,L4 failure,1.4192710812129812,2.178732497256563,1.0699429667377525,9.989005814329365
capacity,9101,s_rl,1.0,dropout,L4 slip,0.6369296822853964,0.8858276150135383,0.35847624050099886,4.283841694765734
capacity,9101,s_rl,1.0,intermittent,intact,0.38591159979856565,0.4129312848433074,0.13891220598644377,2.3638561541278023
capacity,9101,s_rl,1.0,intermittent,L4 failure,0.9917304678499643,1.543582573230545,0.31804196260395357,7.357004610733293
capacity,9101,s_rl,1.0,intermittent,L4 slip,0.4768222569694399,0.6218035509607314,0.14950888920774422,3.189578926441385
capacity,9101,s_rl,1.0,delayed,intact,0.49087249729117,0.6368708549205756,0.3628671354833002,3.2482283741862448
capacity,9101,s_rl,1.0,delayed,L4 failure,0.8307020350419412,1.2721123872074098,0.23039185246107338,6.3880256292559
capacity,9101,s_rl,1.0,delayed,L4 slip,0.5216207233346348,0.7116310063947537,0.3265644021021895,3.613337890447866
capacity,9101,s_rl,1.0,noisy,intact,0.49117178704714454,0.6210659781555451,0.31065729532693204,3.254606979594362
capacity,9101,s_rl,1.0,noisy,L4 failure,0.8622922249338691,1.303737100089866,0.1848290477502442,6.657014055855559
capacity,9101,s_rl,1.0,noisy,L4 slip,0.5426300217294479,0.7302242798202829,0.26653105808639654,3.8042958097991333
capacity,9101,s_rl,1.0,stuck,intact,0.8833257095268061,1.231850408412311,0.7305079018267202,5.559379522409728
capacity,9101,s_rl,1.0,stuck,L4 failure,1.2606513963971868,1.9414857995274146,0.836283264026665,9.042185607252533
capacity,9101,s_rl,1.0,stuck,L4 slip,0.9004768003675828,1.293318023599311,0.6937470412477731,5.901499243815965
capacity,9101,sine,0.0,always,intact,0.7188257226472022,1.0274493228875183,0.11818356687293749,5.207082910066328
capacity,9101,sine,0.0,always,L4 failure,1.7066420845160355,2.6908417096921147,0.9728111292338484,12.510184797810354
capacity,9101,sine,0.0,always,L4 slip,0.9538830751021478,1.4438939856961357,0.2792600664961064,7.097916161478103
capacity,9101,sine,0.0,dropout,intact,0.7188257226472022,1.0274493228875183,0.11818356687293749,5.207082910066328
capacity,9101,sine,0.0,dropout,L4 failure,1.7066420845160355,2.6908417096921147,0.9728111292338484,12.510184797810354
capacity,9101,sine,0.0,dropout,L4 slip,0.9538830751021478,1.4438939856961357,0.2792600664961064,7.097916161478103
capacity,9101,sine,0.0,intermittent,intact,0.7188257226472022,1.0274493228875183,0.11818356687293749,5.207082910066328
capacity,9101,sine,0.0,intermittent,L4 failure,1.7066420845160355,2.6908417096921147,0.9728111292338484,12.510184797810354
capacity,9101,sine,0.0,intermittent,L4 slip,0.9538830751021478,1.4438939856961357,0.2792600664961064,7.097916161478103
capacity,9101,sine,0.0,delayed,intact,0.7188257226472022,1.0274493228875183,0.11818356687293749,5.207082910066328
capacity,9101,sine,0.0,delayed,L4 failure,1.7066420845160355,2.6908417096921147,0.9728111292338484,12.510184797810354
capacity,9101,sine,0.0,delayed,L4 slip,0.9538830751021478,1.4438939856961357,0.2792600664961064,7.097916161478103
capacity,9101,sine,0.0,noisy,intact,0.7188257226472022,1.0274493228875183,0.11818356687293749,5.207082910066328
capacity,9101,sine,0.0,noisy,L4 failure,1.7066420845160355,2.6908417096921147,0.9728111292338484,12.510184797810354
capacity,9101,sine,0.0,noisy,L4 slip,0.9538830751021478,1.4438939856961357,0.2792600664961064,7.097916161478103
capacity,9101,sine,0.0,stuck,intact,0.7188257226472022,1.0274493228875183,0.11818356687293749,5.207082910066328
capacity,9101,sine,0.0,stuck,L4 failure,1.7066420845160355,2.6908417096921147,0.9728111292338484,12.510184797810354
capacity,9101,sine,0.0,stuck,L4 slip,0.9538830751021478,1.4438939856961357,0.2792600664961064,7.097916161478103
capacity,9101,sine,0.025,always,intact,0.6124725331398223,0.825350815429766,0.041397650638500684,4.286476975763186
capacity,9101,sine,0.025,always,L4 failure,1.5413863083957968,2.4250633053076207,0.8180295804953145,11.34745343743015
capacity,9101,sine,0.025,always,L4 slip,0.8232776718182976,1.2150215777312607,0.1784458408240271,6.067991100247658
capacity,9101,sine,0.025,dropout,intact,0.634466533191958,0.8711768003564557,0.08510683090318649,4.471933399078959
capacity,9101,sine,0.025,dropout,L4 failure,1.6040903835782592,2.5214247724811787,0.9243964896465094,11.735292304136742
capacity,9101,sine,0.025,dropout,L4 slip,0.858385644480178,1.2780246451109334,0.24236749667015128,6.322511592812248
capacity,9101,sine,0.025,intermittent,intact,0.6809459668278456,0.9567910355966358,0.08997156239459167,4.886232402434221
capacity,9101,sine,0.025,intermittent,L4 failure,1.6507087867431245,2.6010649325448645,0.9195004187331219,12.118313819285845
capacity,9101,sine,0.025,intermittent,L4 slip,0.908810664142964,1.3656853939802798,0.24297120711265752,6.747813058110058
capacity,9101,sine,0.025,delayed,intact,0.6198658561447713,0.838770501735425,0.044072338773601435,4.352672714166499
capacity,9101,sine,0.025,delayed,L4 failure,1.5541639914515164,2.4458052372330052,0.8259022423290364,11.44155455654038
capacity,9101,sine,0.025,delayed,L4 slip,0.832876555074619,1.2314774019584196,0.1830973440902084,6.146821567140542
capacity,9101,sine,0.025,noisy,intact,0.6087363627794754,0.8181152459135912,0.04114381990342567,4.251074475375379
capacity,9101,sine,0.025,noisy,L4 failure,1.5383098453204067,2.4195284280696923,0.8207796354983984,11.31967881907768
capacity,9101,sine,0.025,noisy,L4 slip,0.8200111084857777,1.209166907218656,0.17913179189377204,6.038993219856282
capacity,9101,sine,0.025,stuck,intact,0.6152732416623325,0.8313320999423564,0.052386188544482015,4.310389009218981
capacity,9101,sine,0.025,stuck,L4 failure,1.564050265776617,2.459148709548608,0.8642510838255844,11.484015822602055
capacity,9101,sine,0.025,stuck,L4 slip,0.8314537221694248,1.229559702204503,0.2020120247186155,6.126238263503992
capacity,9101,sine,0.05,always,intact,0.5290474430246204,0.6552536467315798,0.04271545749944692,3.5059387947614575
capacity,9101,sine,0.05,always,L4 failure,1.3934213226527805,2.1857187834199614,0.6780886246866406,10.301366809463374
capacity,9101,sine,0.05,always,L4 slip,0.7163462185704343,1.0209055057185885,0.10172934230204496,5.189114763495222
capacity,9101,sine,0.05,dropout,intact,0.5607540603040947,0.7283827972368868,0.055036455160463585,3.8018819604379797
capacity,9101,sine,0.05,dropout,L4 failure,1.5102104897623818,2.3660221185287655,0.8804592483898326,11.026454824101863
capacity,9101,sine,0.05,dropout,L4 slip,0.7724738436725204,1.1261975918040483,0.20878195193258703,5.614391617221514
capacity,9101,sine,0.05,intermittent,intact,0.6457025208881474,0.8897329385005588,0.06428780876733958,4.581024848125988
capacity,9101,sine,0.05,intermittent,L4 failure,1.5965930683435594,2.5140637283352896,0.8680392417561509,11.738672240111132
capacity,9101,sine,0.05,intermittent,L4 slip,0.8663693171085164,1.2912548601331757,0.20907974231606835,6.414032969217459
capacity,9101,sine,0.05,delayed,intact,0.5399351091520561,0.6756422567703128,0.04264093986523516,3.6092580095888396
capacity,9101,sine,0.05,delayed,L4 failure,1.4153830655981081,2.2214356574438487,0.6918174673486768,10.46341119730908
capacity,9101,sine,0.05,delayed,L4 slip,0.7310783662124897,1.0465728283424929,0.10719999223167913,5.314465501222939
capacity,9101,sine,0.05,noisy,intact,0.5227979283148423,0.6422337067956324,0.04167969665145395,3.4417947289110806
capacity,9101,sine,0.05,noisy,L4 failure,1.3880036174972887,2.1758924900589753,0.6840442372127786,10.251641462506692
capacity,9101,sine,0.05,noisy,L4 slip,0.7106786036697943,1.0104514428510747,0.10313450237163609,5.136976644634351
capacity,9101,sine,0.05,stuck,intact,0.5308244361280625,0.6598095307886063,0.033400135291042056,3.5240607112818196
capacity,9101,sine,0.05,stuck,L4 failure,1.4367291249341696,2.251314442567273,0.7701008312433895,10.564033615940012
capacity,9101,sine,0.05,stuck,L4 slip,0.7267487918492709,1.0406668812445636,0.13609137140021355,5.268249267024804
capacity,9101,sine,0.1,always,intact,0.4208252476047133,0.40545604644388733,0.07846348435283332,2.3438316704583126
capacity,9101,sine,0.1,always,L4 failure,1.1538390035362718,1.7928059758973354,0.4472076954230701,8.58343937562535
capacity,9101,sine,0.1,always,L4 slip,0.5631750994037716,0.725282781125172,0.049936001444894504,3.8376843582648537
capacity,9101,sine,0.1,dropout,intact,0.44650260024792,0.4836002921058869,0.017486685211782087,2.6600876588471127
capacity,9101,sine,0.1,dropout,L4 failure,1.3473123686322126,2.0954730728368087,0.8050112393939648,9.798771690980226
capacity,9101,sine,0.1,dropout,L4 slip,0.6289266399940452,0.8633809558100886,0.1508312916985384,4.395052413575349
capacity,9101,sine,0.1,intermittent,intact,0.5828305517361909,0.7660643571755564,0.03612293236536946,4.016164534000949
capacity,9101,sine,0.1,intermittent,L4 failure,1.4943149024436793,2.34912156497269,0.7711056517660915,11.018990931025039
capacity,9101,sine,0.1,intermittent,L4 slip,0.7892090156669108,1.153597632444613,0.1496369800500375,5.794926623264825
capacity,9101,sine,0.1,delayed,intact,0.4315995996931725,0.4254760910230691,0.08205706593150172,2.4549214457794566
capacity,9101,sine,0.1,delayed,L4 failure,1.1837017807658412,1.841701686119091,0.46648076448516773,8.806217730106708
capacity,9101,sine,0.1,delayed,L4 slip,0.5791963116453398,0.7534488993982518,0.05130681740336949,3.9832724250580527
capacity,9101,sine,0.1,noisy,intact,0.41329952522064806,0.38643677358494744,0.07493904121387929,2.2485812448972218
capacity,9101,sine,0.1,noisy,L4 failure,1.144651516348384,1.7762350806313847,0.45791645982698537,8.50024307902565
capacity,9101,sine,0.1,noisy,L4 slip,0.5555414052891119,0.7100235567199944,0.047552148389796656,3.76034665036029
capacity,9101,sine,0.1,stuck,intact,0.41823683983550186,0.3972032697940235,0.08601072309393436,2.3104873699707995
capacity,9101,sine,0.1,stuck,L4 failure,1.2264105358852673,1.9050874543775116,0.6211353624208076,9.032670054070808
capacity,9101,sine,0.1,stuck,L4 slip,0.5682238366389626,0.7368011787524555,0.03567559421087359,3.8836749037083673
capacity,9101,sine,0.2,always,intact,0.3529706037985495,0.24045491807631744,0.08547450333012181,1.5192002946772534
capacity,9101,sine,0.2,always,L4 failure,0.8789251009391019,1.3254321150861959,0.20199330351434325,6.5309521513944935
capacity,9101,sine,0.2,always,L4 slip,0.4250041919488894,0.42722520753457094,0.04737341955923076,2.448168660738754
capacity,9101,sine,0.2,dropout,intact,0.3512386135179292,0.23343976095379318,0.07104270326129694,1.4904802272536277
capacity,9101,sine,0.2,dropout,L4 failure,1.1103344459461826,1.6989279373898492,0.6969445304080093,8.026321337396679
capacity,9101,sine,0.2,dropout,L4 slip,0.450130596326735,0.49697856986943767,0.06697613575780981,2.728208276346841
capacity,9101,sine,0.2,intermittent,intact,0.48536048649619606,0.5586224772700714,0.05425432698894511,3.061463057345346
capacity,9101,sine,0.2,intermittent,L4 failure,1.3136698590347784,2.055572517077086,0.5994526400503866,9.738198169882766
capacity,9101,sine,0.2,intermittent,L4 slip,0.6632824696175128,0.9202477438655091,0.061201436223864,4.739184595880168
capacity,9101,sine,0.2,delayed,intact,0.360592613832498,0.25287482258293636,0.10146284055917756,1.5882616868778214
capacity,9101,sine,0.2,delayed,L4 failure,0.8980306530495283,1.3563372232801967,0.21151903233046224,6.675321524197992
capacity,9101,sine,0.2,delayed,L4 slip,0.43248823347710125,0.4352901083972179,0.05456957898166108,2.506027334418727
capacity,9101,sine,0.2,noisy,intact,0.3516976312838542,0.23429553860280058,0.07095995428470721,1.4897092800694578
capacity,9101,sine,0.2,noisy,L4 failure,0.8710888066836843,1.3104578240986853,0.21945721458555129,6.455208079501094
capacity,9101,sine,0.2,noisy,L4 slip,0.4216228775045558,0.41782096625649673,0.03652911384275219,2.402369624272258
capacity,9101,sine,0.2,stuck,intact,0.36581177530776776,0.28220701056630915,0.15891184976580103,1.6867014021230693
capacity,9101,sine,0.2,stuck,L4 failure,0.9595076036529865,1.4567763845808213,0.45305874653938105,7.0557331323369645
capacity,9101,sine,0.2,stuck,L4 slip,0.42134305103663394,0.4167023262699063,0.06397555149114624,2.405997038156845
capacity,9101,sine,0.4,always,intact,0.3480836034940082,0.23489998463742995,0.046649560204689355,1.5916333907501188
capacity,9101,sine,0.4,always,L4 failure,0.7228505607796519,1.0469419743601456,0.16502957390785108,5.334274091380011
capacity,9101,sine,0.4,always,L4 slip,0.3851541933331417,0.33490093196220233,0.04671555827318144,2.075159992654763
capacity,9101,sine,0.4,dropout,intact,0.423231670099602,0.45518233177697986,0.13427132102633726,2.4832684833557397
capacity,9101,sine,0.4,dropout,L4 failure,0.892460708090022,1.3280983016813037,0.6039255534849259,6.4546426364913465
capacity,9101,sine,0.4,dropout,L4 slip,0.3934305519350468,0.36136777330374714,0.010887756995177342,2.1842427368831494
capacity,9101,sine,0.4,intermittent,intact,0.3825267604076072,0.30706543626575644,0.09615705717855566,1.8720187504378203
capacity,9101,sine,0.4,intermittent,L4 failure,1.0451689961433714,1.6101699626544979,0.33645347394293273,7.793605052641509
capacity,9101,sine,0.4,intermittent,L4 slip,0.504890455361408,0.6011016598807999,0.05550355762354475,3.2768922496360533
capacity,9101,sine,0.4,delayed,intact,0.36401306211623546,0.2833967400381877,0.05731190777470504,1.7935108875561294
capacity,9101,sine,0.4,delayed,L4 failure,0.7207455467441068,1.0393910676577893,0.16992918411227229,5.294408030538347
capacity,9101,sine,0.4,delayed,L4 slip,0.39008912298490483,0.33816243571520455,0.05239389460381172,2.0926410507547857
capacity,9101,sine,0.4,noisy,intact,0.35675057021369005,0.239207662000201,0.0807060956983637,1.670358060938009
capacity,9101,sine,0.4,noisy,L4 failure,0.7352229772437489,1.065100173481473,0.18552034224706052,5.431919050024599
capacity,9101,sine,0.4,noisy,L4 slip,0.3967049450854975,0.35286196099448797,0.07994147450636906,2.198596147927135
capacity,9101,sine,0.4,stuck,intact,0.3901235064884259,0.37451181083836316,0.06826138312896775,2.1554960286987406
capacity,9101,sine,0.4,stuck,L4 failure,0.8060974094947246,1.1871355630638896,0.44568519050518385,5.8936575459125375
capacity,9101,sine,0.4,stuck,L4 slip,0.3921836383432902,0.3575417152244972,0.009366565509710415,2.1685897385221593
capacity,9101,sine,1.0,always,intact,0.37150578541225515,0.2841507837926476,0.1904123434051034,1.9971721068451096
capacity,9101,sine,1.0,always,L4 failure,0.7174520684893954,1.0302870777157982,0.20649674261436218,5.420380033290387
capacity,9101,sine,1.0,always,L4 slip,0.4219721765708162,0.4239757898491301,0.19005942783183544,2.6176174821752336
capacity,9101,sine,1.0,dropout,intact,0.4213031537709869,0.43104329529605695,0.04657903667776092,2.645407320504162
capacity,9101,sine,1.0,dropout,L4 failure,0.9387890638165841,1.3945226177501282,0.703262422054334,6.87265892420827
capacity,9101,sine,1.0,dropout,L4 slip,0.40593701789921,0.3671783307709511,0.074912012354961,2.4286740837620133
capacity,9101,sine,1.0,intermittent,intact,0.35187130374318026,0.24948996497834885,0.017139936818541226,1.6102430516838098
capacity,9101,sine,1.0,intermittent,L4 failure,0.7569087391476215,1.10574783202207,0.16395574647261774,5.594889882904408
capacity,9101,sine,1.0,intermittent,L4 slip,0.3963813830489418,0.358883167194514,0.016442941972045884,2.168963157609244
capacity,9101,sine,1.0,delayed,intact,0.4035964663007406,0.3396730259534698,0.25397535447771646,2.32537288252522
capacity,9101,sine,1.0,delayed,L4 failure,0.7366121816415059,1.0622395937080467,0.2772049394222011,5.564668848265544
capacity,9101,sine,1.0,delayed,L4 slip,0.44767354061253484,0.46249268541994154,0.25249359749509975,2.8539102839533736
capacity,9101,sine,1.0,noisy,intact,0.4137901568820596,0.35831649804072824,0.22043633305655358,2.402426494968095
capacity,9101,sine,1.0,noisy,L4 failure,0.7800968567563666,1.1251775025065978,0.21685938503510688,5.942733060492708
capacity,9101,sine,1.0,noisy,L4 slip,0.4787524158591797,0.5217128115013377,0.21173145696438372,3.1361339882081376
capacity,9101,sine,1.0,stuck,intact,0.5142340217492906,0.5676519973732599,0.5900633038220494,3.135108565553609
capacity,9101,sine,1.0,stuck,L4 failure,1.078870665829301,1.6096157004442617,0.9299564368124319,7.726165480883466
capacity,9101,sine,1.0,stuck,L4 slip,0.5971507126635718,0.7434374840742173,0.6302614161905413,3.894712590672275
capacity,9101,chirp,0.0,always,intact,0.8459943631863294,1.189615469732019,0.13343709524524144,6.356935622342194
capacity,9101,chirp,0.0,always,L4 failure,1.6804483258793612,2.6172891188398197,0.9184767029172145,12.566567023388934
capacity,9101,chirp,0.0,always,L4 slip,1.076454611992138,1.5982755661525843,0.29114973213557394,8.217270616888715
capacity,9101,chirp,0.0,dropout,intact,0.8459943631863294,1.189615469732019,0.13343709524524144,6.356935622342194
capacity,9101,chirp,0.0,dropout,L4 failure,1.6804483258793612,2.6172891188398197,0.9184767029172145,12.566567023388934
capacity,9101,chirp,0.0,dropout,L4 slip,1.076454611992138,1.5982755661525843,0.29114973213557394,8.217270616888715
capacity,9101,chirp,0.0,intermittent,intact,0.8459943631863294,1.189615469732019,0.13343709524524144,6.356935622342194
capacity,9101,chirp,0.0,intermittent,L4 failure,1.6804483258793612,2.6172891188398197,0.9184767029172145,12.566567023388934
capacity,9101,chirp,0.0,intermittent,L4 slip,1.076454611992138,1.5982755661525843,0.29114973213557394,8.217270616888715
capacity,9101,chirp,0.0,delayed,intact,0.8459943631863294,1.189615469732019,0.13343709524524144,6.356935622342194
capacity,9101,chirp,0.0,delayed,L4 failure,1.6804483258793612,2.6172891188398197,0.9184767029172145,12.566567023388934
capacity,9101,chirp,0.0,delayed,L4 slip,1.076454611992138,1.5982755661525843,0.29114973213557394,8.217270616888715
capacity,9101,chirp,0.0,noisy,intact,0.8459943631863294,1.189615469732019,0.13343709524524144,6.356935622342194
capacity,9101,chirp,0.0,noisy,L4 failure,1.6804483258793612,2.6172891188398197,0.9184767029172145,12.566567023388934
capacity,9101,chirp,0.0,noisy,L4 slip,1.076454611992138,1.5982755661525843,0.29114973213557394,8.217270616888715
capacity,9101,chirp,0.0,stuck,intact,0.8459943631863294,1.189615469732019,0.13343709524524144,6.356935622342194
capacity,9101,chirp,0.0,stuck,L4 failure,1.6804483258793612,2.6172891188398197,0.9184767029172145,12.566567023388934
capacity,9101,chirp,0.0,stuck,L4 slip,1.076454611992138,1.5982755661525843,0.29114973213557394,8.217270616888715
capacity,9101,chirp,0.025,always,intact,0.7305600922844433,0.9686394683827849,0.041378785541161464,5.3661348686716
capacity,9101,chirp,0.025,always,L4 failure,1.51065377382663,2.340776026362096,0.7536393235128315,11.358931917014237
capacity,9101,chirp,0.025,always,L4 slip,0.93593377669143,1.348427860182592,0.17385160782473258,7.106994746351603
capacity,9101,chirp,0.025,dropout,intact,0.7616723540941452,1.0338149333479254,0.09822931945773532,5.630068104174249
capacity,9101,chirp,0.025,dropout,L4 failure,1.5781189760139087,2.4473384849058535,0.8677877385482795,11.788165776675804
capacity,9101,chirp,0.025,dropout,L4 slip,0.9812281811280871,1.4318234708875666,0.2518697997734919,7.444142404075677
capacity,9101,chirp,0.025,intermittent,intact,0.8049177165240429,1.1124473271022863,0.09981230612584854,6.01203732330848
capacity,9101,chirp,0.025,intermittent,L4 failure,1.6230741173798042,2.5240789306096985,0.861948897571791,12.160423411175204
capacity,9101,chirp,0.025,intermittent,L4 slip,1.027937946526745,1.512942215604145,0.2492617455373974,7.8403401633513825
capacity,9101,chirp,0.025,delayed,intact,0.7394645144615604,0.9849081316288227,0.04421077971873364,5.444995213652826
capacity,9101,chirp,0.025,delayed,L4 failure,1.5246741665259254,2.3638098572266157,0.7617586835770777,11.464544102949645
capacity,9101,chirp,0.025,delayed,L4 slip,0.9471680868062138,1.3679505892696675,0.17900064973709812,7.199664038161244
capacity,9101,chirp,0.025,noisy,intact,0.7268368019593159,0.9616435108899122,0.04115201604387372,5.331642659726682
capacity,9101,chirp,0.025,noisy,L4 failure,1.5077368875507693,2.3355827511088783,0.7566437915156567,11.332051072986724
capacity,9101,chirp,0.025,noisy,L4 slip,0.9328106742105658,1.3429320098152915,0.17484068690023385,7.079311386687515
capacity,9101,chirp,0.025,stuck,intact,0.7335004894652665,0.9749135036597802,0.050026031652016155,5.391279142602424
capacity,9101,chirp,0.025,stuck,L4 failure,1.5298633702545614,2.3705007146075294,0.7930337694382643,11.478062465719747
capacity,9101,chirp,0.025,stuck,L4 slip,0.9440718324291991,1.3633372959550574,0.1950837426114788,7.166786258359814
capacity,9101,chirp,0.05,always,intact,0.6394171651337086,0.7816337950408953,0.03396616112217245,4.520433862295355
capacity,9101,chirp,0.05,always,L4 failure,1.3577669067646934,2.0896171473978904,0.6028186919736629,10.261199578140499
capacity,9101,chirp,0.05,always,L4 slip,0.8205748076863797,1.1348310215123243,0.08190632526398836,6.1510585665581505
capacity,9101,chirp,0.05,dropout,intact,0.6867170788447348,0.890473014935354,0.0657528572485644,4.961310046293953
capacity,9101,chirp,0.05,dropout,L4 failure,1.4836602464704163,2.2901311784851126,0.8211975722884273,11.06831088275298
capacity,9101,chirp,0.05,dropout,L4 slip,0.894703909253102,1.2782173945726565,0.21560865162307655,6.730771970636124
capacity,9101,chirp,0.05,intermittent,intact,0.7666244819997076,1.03904618530843,0.06887309867235267,5.68318634848139
capacity,9101,chirp,0.05,intermittent,L4 failure,1.567262782736043,2.433201317881295,0.80687725411599,11.764488925806736
capacity,9101,chirp,0.05,intermittent,L4 slip,0.982195603191248,1.4314896637490846,0.20984313768386334,7.479878556925183
capacity,9101,chirp,0.05,delayed,intact,0.6530073914750861,0.8071638579063981,0.032935882277109176,4.647426023757532
capacity,9101,chirp,0.05,delayed,L4 failure,1.3821062831584774,2.129750895741207,0.6169312030577652,10.446047980699728
capacity,9101,chirp,0.05,delayed,L4 slip,0.8382413523663389,1.1660736909492413,0.08783111826726578,6.302386563250995
capacity,9101,chirp,0.05,noisy,intact,0.6331273879458604,0.7692255741353043,0.033662604966366465,4.458312039540694
capacity,9101,chirp,0.05,noisy,L4 failure,1.3525653108062925,2.080365443228301,0.6091704562693381,10.212550712358166
capacity,9101,chirp,0.05,noisy,L4 slip,0.8150963700253291,1.1250406948036418,0.08341876477188467,6.101030523120796
capacity,9101,chirp,0.05,stuck,intact,0.6410117798439398,0.7855852030119695,0.03075156497492413,4.536242793795366
capacity,9101,chirp,0.05,stuck,L4 failure,1.3941279615450581,2.14656064000797,0.6817415956426442,10.489289852387794
capacity,9101,chirp,0.05,stuck,L4 slip,0.8302432196306846,1.15397443296424,0.1100711210697205,6.227826464127931
capacity,9101,chirp,0.1,always,intact,0.5199132862630115,0.5078384070664577,0.11562959955210579,3.25632762600971
capacity,9101,chirp,0.1,always,L4 failure,1.1117306708678711,1.6773416248934019,0.35553050196779445,8.449950540588242
capacity,9101,chirp,0.1,always,L4 slip,0.6558532157798231,0.8085975638921937,0.04337817441515202,4.669604741870336
capacity,9101,chirp,0.1,dropout,intact,0.5654251688691976,0.6416432748314367,0.02264922853249359,3.7991907698171183
capacity,9101,chirp,0.1,dropout,L4 failure,1.317436890216552,2.012562053205596,0.7394007242692099,9.797787218833072
capacity,9101,chirp,0.1,dropout,L4 slip,0.7473347569781185,1.0086759186233016,0.1515208206217456,5.4787980854253
capacity,9101,chirp,0.1,intermittent,intact,0.6981267804148074,0.9033233501542661,0.027680470208946827,5.072708126064218
capacity,9101,chirp,0.1,intermittent,L4 failure,1.4611992012860369,2.259752038751448,0.7020341269729613,11.008459962024995
capacity,9101,chirp,0.1,intermittent,L4 slip,0.8988905580355228,1.2801611918965543,0.13889818627019562,6.808066188558664
capacity,9101,chirp,0.1,delayed,intact,0.534926986444906,0.5354895681905496,0.12024268778192085,3.406791176262562
capacity,9101,chirp,0.1,delayed,L4 failure,1.1447098191279,1.7322221546827894,0.37286740123205614,8.708445256379965
capacity,9101,chirp,0.1,delayed,L4 slip,0.6765228635797066,0.8452981760389271,0.04465790876648108,4.8588870576506356
capacity,9101,chirp,0.1,noisy,intact,0.5118346204150176,0.4905785663760325,0.11202346531009597,3.16493189883217
capacity,9101,chirp,0.1,noisy,L4 failure,1.1027207552133647,1.6617237014124218,0.3661859493511213,8.366845940143811
capacity,9101,chirp,0.1,noisy,L4 slip,0.6483777064069248,0.7950110149326604,0.040449863718364246,4.596082595033392
capacity,9101,chirp,0.1,stuck,intact,0.5170661316389781,0.49779271655221624,0.1428156537405656,3.2159041705650715
capacity,9101,chirp,0.1,stuck,L4 failure,1.1670459739244483,1.7671923467887822,0.4980364653989252,8.809556934645839
capacity,9101,chirp,0.1,stuck,L4 slip,0.6582324233224062,0.814394773909029,0.03864970199724608,4.692850897195375
capacity,9101,chirp,0.2,always,intact,0.44262625430449437,0.3627453749437731,0.14879719375583395,2.4356727831358063
capacity,9101,chirp,0.2,always,L4 failure,0.8371115856676813,1.1973332214196764,0.12293353767481081,6.290903949251895
capacity,9101,chirp,0.2,always,L4 slip,0.510742272389008,0.5043810010631017,0.11117080798011955,3.1958383599160656
capacity,9101,chirp,0.2,dropout,intact,0.43737545965600705,0.337040249716586,0.07948381698744553,2.3377317068207364
capacity,9101,chirp,0.2,dropout,L4 failure,1.0672679722025162,1.5920352124404304,0.6151966420658699,7.874747212704723
capacity,9101,chirp,0.2,dropout,L4 slip,0.5514682271485607,0.6193803267936135,0.05818737818437607,3.6629955887060675
capacity,9101,chirp,0.2,intermittent,intact,0.5913642835978185,0.675246792013581,0.06682279835215907,4.036636425075964
capacity,9101,chirp,0.2,intermittent,L4 failure,1.2745995045555074,1.9511691358997372,0.5166628832182361,9.659936347221041
capacity,9101,chirp,0.2,intermittent,L4 slip,0.7631376209633299,1.0224725449286214,0.04083878337071958,5.655289699359368
capacity,9101,chirp,0.2,delayed,intact,0.4556354791045673,0.3804787722104599,0.17225379351034395,2.5541209413256967
capacity,9101,chirp,0.2,delayed,L4 failure,0.8591238374725246,1.2317740721197965,0.12051315499410946,6.475507876397545
capacity,9101,chirp,0.2,delayed,L4 slip,0.525345813698989,0.5229795181473238,0.13199522501732758,3.3220189714134265
capacity,9101,chirp,0.2,noisy,intact,0.4382553251514539,0.3591959413172036,0.13448719684843827,2.3911990559518643
capacity,9101,chirp,0.2,noisy,L4 failure,0.8294674652135229,1.1852343593744703,0.14038560147259765,6.213796004737617
capacity,9101,chirp,0.2,noisy,L4 slip,0.505871761795492,0.49819241277848236,0.09526261132128655,3.1457641810047074
capacity,9101,chirp,0.2,stuck,intact,0.47024421116566545,0.44605292778234984,0.2889875571871327,2.7684243894160088
capacity,9101,chirp,0.2,stuck,L4 failure,0.8736051538713789,1.2624855869254088,0.26099274428703223,6.5512439900030985
capacity,9101,chirp,0.2,stuck,L4 slip,0.5139946812171601,0.5150024081900652,0.20535169258175312,3.23802030595872
capacity,9101,chirp,0.4,always,intact,0.43402415696602864,0.4290652648835726,0.0984271275244107,2.5222282290109237
capacity,9101,chirp,0.4,always,L4 failure,0.6855594772962599,0.9356082119129846,0.07607523776941343,5.01313370577102
capacity,9101,chirp,0.4,always,L4 slip,0.4658137092724532,0.4706239798182576,0.08486253056067831,2.8370040232230878
capacity,9101,chirp,0.4,dropout,intact,0.4724985865180262,0.5240355417209386,0.17567120237031625,2.8994880924941455
capacity,9101,chirp,0.4,dropout,L4 failure,0.8131323914367313,1.1628110088392067,0.48194507513375096,5.918932334617377
capacity,9101,chirp,0.4,dropout,L4 slip,0.4626433264565849,0.4617513749060759,0.058393190891338806,2.799267781828496
capacity,9101,chirp,0.4,intermittent,intact,0.4770454288227624,0.4049655538924529,0.14544849959747083,2.7520343751966774
capacity,9101,chirp,0.4,intermittent,L4 failure,1.004110818769191,1.4907997901012613,0.24648684739458598,7.629024069528978
capacity,9101,chirp,0.4,intermittent,L4 slip,0.5944737362353768,0.6734320796428463,0.08998799861760731,4.056887174596674
capacity,9101,chirp,0.4,delayed,intact,0.46103074503431823,0.4858399819187532,0.11528372227838539,2.779122478659624
capacity,9101,chirp,0.4,delayed,L4 failure,0.6878256867485755,0.9305214778529365,0.07022837762854046,5.017841663500978
capacity,9101,chirp,0.4,delayed,L4 slip,0.48505659863487643,0.5051664233298485,0.0995710323314856,3.0078966893398076
capacity,9101,chirp,0.4,noisy,intact,0.43285751444432796,0.42628057989191354,0.10237011221968487,2.5124386073102363
capacity,9101,chirp,0.4,noisy,L4 failure,0.6938798374561154,0.9537615350472162,0.10732887689474394,5.0773650245475626
capacity,9101,chirp,0.4,noisy,L4 slip,0.4679644548348971,0.4757846437177286,0.08729574242912469,2.8604407359178903
capacity,9101,chirp,0.4,stuck,intact,0.5661418997786133,0.7150162559839437,0.33268576893923474,3.6693163565534967
capacity,9101,chirp,0.4,stuck,L4 failure,0.6874838593758426,0.9386080171557699,0.13404868147381827,5.025382764713071
capacity,9101,chirp,0.4,stuck,L4 slip,0.5471713424137429,0.661431709065302,0.27948397224578037,3.6019818568605118
capacity,9101,chirp,1.0,always,intact,0.3808443819880036,0.3034262622702907,0.15942671166577357,2.0516718866750554
capacity,9101,chirp,1.0,always,L4 failure,0.6683768627379543,0.933906519966383,0.10509559055935591,4.9508385961106605
capacity,9101,chirp,1.0,always,L4 slip,0.4321814453779677,0.4317484619880402,0.1300750064222654,2.661678467584263
capacity,9101,chirp,1.0,dropout,intact,0.5721881504712055,0.7769316365172394,0.1804194738398072,3.980528737601504
capacity,9101,chirp,1.0,dropout,L4 failure,0.73188813134074,1.0395249436987408,0.47656088305370653,5.373781609505047
capacity,9101,chirp,1.0,dropout,L4 slip,0.5220817844565254,0.657775861499847,0.07194483959598928,3.5865418905508664
capacity,9101,chirp,1.0,intermittent,intact,0.4414258152748002,0.43065081848019426,0.09038620443113006,2.5573594232114534
capacity,9101,chirp,1.0,intermittent,L4 failure,0.7203429685678906,0.9899160256833136,0.06457423159485068,5.307838209592475
capacity,9101,chirp,1.0,intermittent,L4 slip,0.48352611650774313,0.4857576252440216,0.0723545384178131,2.9806643794698013
capacity,9101,chirp,1.0,delayed,intact,0.4045404459567084,0.3476665865644173,0.22560921038295034,2.293255887441177
capacity,9101,chirp,1.0,delayed,L4 failure,0.6807209804324305,0.9523342622296619,0.15307536959165763,5.033418518735515
capacity,9101,chirp,1.0,delayed,L4 slip,0.4512126297476969,0.4624607490454288,0.18674869456746485,2.8335189934098857
capacity,9101,chirp,1.0,noisy,intact,0.4026155733111592,0.34154741499077435,0.1574430069407357,2.280489949011526
capacity,9101,chirp,1.0,noisy,L4 failure,0.7196506511245786,1.0173625685762473,0.12055314957811229,5.393689268475257
capacity,9101,chirp,1.0,noisy,L4 slip,0.47242353622843586,0.5048026651319919,0.13368247732961436,3.053701924403622
capacity,9101,chirp,1.0,stuck,intact,0.41100722420358404,0.39972640858356406,0.13482074820842488,2.4474236798095355
capacity,9101,chirp,1.0,stuck,L4 failure,0.7689810026814737,1.0994945677066386,0.5685846452138348,5.6106511669849315
capacity,9101,chirp,1.0,stuck,L4 slip,0.44189456053555826,0.45718966486191137,0.16566559933704714,2.7696569628366423
capacity,9102,straight,0.0,always,intact,0.3082700822490773,0.3029222899014603,0.099299353837939,1.6609145441205406
capacity,9102,straight,0.0,always,L4 failure,0.7618754068416538,1.1378580631792286,0.39508549962820744,5.587323553349975
capacity,9102,straight,0.0,always,L4 slip,0.3235480289056619,0.29678101823835534,0.033731865012870864,1.7991743230392316
capacity,9102,straight,0.0,dropout,intact,0.3082700822490773,0.3029222899014603,0.099299353837939,1.6609145441205406
capacity,9102,straight,0.0,dropout,L4 failure,0.7618754068416538,1.1378580631792286,0.39508549962820744,5.587323553349975
capacity,9102,straight,0.0,dropout,L4 slip,0.3235480289056619,0.29678101823835534,0.033731865012870864,1.7991743230392316
capacity,9102,straight,0.0,intermittent,intact,0.3082700822490773,0.3029222899014603,0.099299353837939,1.6609145441205406
capacity,9102,straight,0.0,intermittent,L4 failure,0.7618754068416538,1.1378580631792286,0.39508549962820744,5.587323553349975
capacity,9102,straight,0.0,intermittent,L4 slip,0.3235480289056619,0.29678101823835534,0.033731865012870864,1.7991743230392316
capacity,9102,straight,0.0,delayed,intact,0.3082700822490773,0.3029222899014603,0.099299353837939,1.6609145441205406
capacity,9102,straight,0.0,delayed,L4 failure,0.7618754068416538,1.1378580631792286,0.39508549962820744,5.587323553349975
capacity,9102,straight,0.0,delayed,L4 slip,0.3235480289056619,0.29678101823835534,0.033731865012870864,1.7991743230392316
capacity,9102,straight,0.0,noisy,intact,0.3082700822490773,0.3029222899014603,0.099299353837939,1.6609145441205406
capacity,9102,straight,0.0,noisy,L4 failure,0.7618754068416538,1.1378580631792286,0.39508549962820744,5.587323553349975
capacity,9102,straight,0.0,noisy,L4 slip,0.3235480289056619,0.29678101823835534,0.033731865012870864,1.7991743230392316
capacity,9102,straight,0.0,stuck,intact,0.3082700822490773,0.3029222899014603,0.099299353837939,1.6609145441205406
capacity,9102,straight,0.0,stuck,L4 failure,0.7618754068416538,1.1378580631792286,0.39508549962820744,5.587323553349975
capacity,9102,straight,0.0,stuck,L4 slip,0.3235480289056619,0.29678101823835534,0.033731865012870864,1.7991743230392316
capacity,9102,straight,0.025,always,intact,0.3071301957057348,0.29972293804113603,0.08878989294746117,1.6528308934280311
capacity,9102,straight,0.025,always,L4 failure,0.7346128326880117,1.0927645864717597,0.34944284216958615,5.403961458405914
capacity,9102,straight,0.025,always,L4 slip,0.3204619019137412,0.28645560849422486,0.024049038278031166,1.756910111938484
capacity,9102,straight,0.025,dropout,intact,0.3117579081977414,0.31159380629532973,0.10034912938098946,1.7006152518981084
capacity,9102,straight,0.025,dropout,L4 failure,0.7530295269379079,1.1221040391748092,0.39100345459554636,5.520784641380724
capacity,9102,straight,0.025,dropout,L4 slip,0.32113530187371286,0.28871931621376845,0.030581210054176428,1.765919983402749
capacity,9102,straight,0.025,intermittent,intact,0.307834907106184,0.301775172088638,0.09571653178265623,1.6577233022343636
capacity,9102,straight,0.025,intermittent,L4 failure,0.752437166699029,1.122351992771814,0.3791049754711149,5.524334904668496
capacity,9102,straight,0.025,intermittent,L4 slip,0.32247113734076116,0.29323328259124,0.03023397791304332,1.7847432273541948
capacity,9102,straight,0.025,delayed,intact,0.3077464752387977,0.30136598055180075,0.08991547285246912,1.6595807641235323
capacity,9102,straight,0.025,delayed,L4 failure,0.7376345182706264,1.0978829933497227,0.35337340442855075,5.424796359699084
capacity,9102,straight,0.025,delayed,L4 slip,0.3206836330038796,0.28714590989764605,0.024467499681711934,1.759908005407111
capacity,9102,straight,0.025,noisy,intact,0.30955975493299287,0.30595541849211577,0.08883463218078261,1.6818476907151763
capacity,9102,straight,0.025,noisy,L4 failure,0.7318616040513919,1.0877022982815756,0.34968525685274054,5.38171828500876
capacity,9102,straight,0.025,noisy,L4 slip,0.3200842260233429,0.2847631084658547,0.024311496812849935,1.7505008290460837
capacity,9102,straight,0.025,stuck,intact,0.309890712418019,0.3067271237598396,0.09711712837342719,1.6808948815224
capacity,9102,straight,0.025,stuck,L4 failure,0.7445533112754518,1.108238492173269,0.3776178465314911,5.465671418144584
capacity,9102,straight,0.025,stuck,L4 slip,0.3206542257233172,0.2871019805666453,0.026818859049982224,1.7594974702168145
capacity,9102,straight,0.05,always,intact,0.30520083504551243,0.2941667535963627,0.07800592754454447,1.634601793308592
capacity,9102,straight,0.05,always,L4 failure,0.7116306803565872,1.0541811160516974,0.3086809908154047,5.247277161749287
capacity,9102,straight,0.05,always,L4 slip,0.3185304911382876,0.2795631326055813,0.01692260550797442,1.7288943667967585
capacity,9102,straight,0.05,dropout,intact,0.3146036105685148,0.31848411270042815,0.10103176164776699,1.7325386180943738
capacity,9102,straight,0.05,dropout,L4 failure,0.7451535933468915,1.108034380026337,0.38733416218143135,5.461569917413147
capacity,9102,straight,0.05,dropout,L4 slip,0.31934950802625195,0.28243124241209683,0.027863068162376547,1.7402571513854586
capacity,9102,straight,0.05,intermittent,intact,0.30731177940967586,0.30037086763547094,0.09207482910592976,1.653442047433812
capacity,9102,straight,0.05,intermittent,L4 failure,0.7435434492018539,1.107667475308451,0.36374844021754876,5.46470854894242
capacity,9102,straight,0.05,intermittent,L4 slip,0.32153545772708675,0.29008946818205833,0.027028785444906157,1.77197857337267
capacity,9102,straight,0.05,delayed,intact,0.3064817039589677,0.29765280731859783,0.08007708865841813,1.649088266838055
capacity,9102,straight,0.05,delayed,L4 failure,0.716756439200473,1.0629860367572497,0.31556053782001625,5.283055510899287
capacity,9102,straight,0.05,delayed,L4 slip,0.31882239575765753,0.28047543175131506,0.017420225914120437,1.732932603769516
capacity,9102,straight,0.05,noisy,intact,0.30951853116538824,0.3051216186804318,0.07732436456073456,1.6868018034490704
capacity,9102,straight,0.05,noisy,L4 failure,0.7069951899168742,1.0454926402381777,0.3096904873976458,5.209090178830872
capacity,9102,straight,0.05,noisy,L4 slip,0.31825884465272347,0.277472440706425,0.018071516298978206,1.7219177124730463
capacity,9102,straight,0.05,stuck,intact,0.31049369615591293,0.3078259866406268,0.09396061412300602,1.6893378929358385
capacity,9102,straight,0.05,stuck,L4 failure,0.7291958678733143,1.0818444728680805,0.36155137799475706,5.3575505035287865
capacity,9102,straight,0.05,stuck,L4 slip,0.31873205177860303,0.28027005551211354,0.021317697875702306,1.731719954853498
capacity,9102,straight,0.1,always,intact,0.2998366844152732,0.27796940093438166,0.05682668412926115,1.5756969599242105
capacity,9102,straight,0.1,always,L4 failure,0.6759492069942408,0.9930054091165313,0.2404568139347992,4.99935547106757
capacity,9102,straight,0.1,always,L4 slip,0.31667519207550077,0.27215672283214953,0.008329469643897757,1.6993384288504065
capacity,9102,straight,0.1,dropout,intact,0.31852286582236367,0.32758582885271165,0.10146230939475873,1.7757062173403562
capacity,9102,straight,0.1,dropout,L4 failure,0.7318786723001739,1.08421874816642,0.38106330204464395,5.361831522581323
capacity,9102,straight,0.1,dropout,L4 slip,0.31712260936722986,0.27389190279510356,0.023551098985363915,1.7060352188531576
capacity,9102,straight,0.1,intermittent,intact,0.3060301477441401,0.2968518334979535,0.08466512164393872,1.6418518455168583
capacity,9102,straight,0.1,intermittent,L4 failure,0.7273019905471289,1.0806501208671095,0.33494489269941996,5.355073956467894
capacity,9102,straight,0.1,intermittent,L4 slip,0.3200247700367286,0.2848659610727816,0.02141922911630631,1.7508386525000341
capacity,9102,straight,0.1,delayed,intact,0.3023589675794846,0.2851678282664927,0.06006414866482881,1.6062237352885713
capacity,9102,straight,0.1,delayed,L4 failure,0.6833517986276225,1.0060686909452925,0.2505409580911776,5.052228321554852
capacity,9102,straight,0.1,delayed,L4 slip,0.3169599877777585,0.27299732211479194,0.00847516323046021,1.7033069738608093
capacity,9102,straight,0.1,noisy,intact,0.30655955888779934,0.2944878396197822,0.05313155884342637,1.658879714754119
capacity,9102,straight,0.1,noisy,L4 failure,0.6695306855309281,0.9804357287878801,0.24407921048946912,4.944158191770723
capacity,9102,straight,0.1,noisy,L4 slip,0.31740211521798883,0.27133070264144454,0.012355868030709751,1.7009704279286653
capacity,9102,straight,0.1,stuck,intact,0.30919427672471356,0.30334256971951684,0.0854023361296935,1.6773970942928749
capacity,9102,straight,0.1,stuck,L4 failure,0.7033835451252572,1.0371586262074215,0.3329438627509448,5.175191825932567
capacity,9102,straight,0.1,stuck,L4 slip,0.316726298091419,0.27236355110076377,0.013811377795655772,1.7001467582002108
capacity,9102,straight,0.2,always,intact,0.28727607233403324,0.23538167541040095,0.021610094973004337,1.4097101876049607
capacity,9102,straight,0.2,always,L4 failure,0.632374784412604,0.915507254796022,0.14387165049860387,4.6867758785777545
capacity,9102,straight,0.2,always,L4 slip,0.3159873350450779,0.26760532723828706,0.006341518621975145,1.6826029762641512
capacity,9102,straight,0.2,dropout,intact,0.3205860151590056,0.33123438459416876,0.09955869251310775,1.79667288497821
capacity,9102,straight,0.2,dropout,L4 failure,0.7128149502361096,1.0497625790393483,0.37179699457943843,5.2188373216775945
capacity,9102,straight,0.2,dropout,L4 slip,0.31557800913033834,0.2663169138904382,0.018407264211689017,1.677069668582864
capacity,9102,straight,0.2,intermittent,intact,0.302713176348748,0.2873726534192776,0.06965414106316611,1.6081583481079065
capacity,9102,straight,0.2,intermittent,L4 failure,0.7003398352610869,1.0351478349500591,0.28411269866080324,5.17067357644551
capacity,9102,straight,0.2,intermittent,L4 slip,0.31808795713095267,0.2777608655934613,0.012923526773797012,1.722339795492927
capacity,9102,straight,0.2,delayed,intact,0.2912101466245645,0.24787817062881395,0.024210614175620968,1.4648750373608597
capacity,9102,straight,0.2,delayed,L4 failure,0.6403862573079764,0.9303142079881876,0.153862975687327,4.746079183803429
capacity,9102,straight,0.2,delayed,L4 slip,0.316311230523646,0.2683248103017305,0.0061754531518024534,1.6866682269656001
capacity,9102,straight,0.2,noisy,intact,0.2954424483501166,0.251772813309918,0.015422426182343848,1.5086314761873334
capacity,9102,straight,0.2,noisy,L4 failure,0.6271345406876307,0.9035470976327504,0.15491507066772375,4.63520339098113
capacity,9102,straight,0.2,noisy,L4 slip,0.3199421325846809,0.2716599972350223,0.014719189449086057,1.7144659012326138
capacity,9102,straight,0.2,stuck,intact,0.300164807066748,0.2759871312534503,0.0630313173838562,1.5725284076254695
capacity,9102,straight,0.2,stuck,L4 failure,0.6660353946406079,0.9716342500509889,0.2860367193020733,4.909759358588494
capacity,9102,straight,0.2,stuck,L4 slip,0.3158090223542511,0.2669891476031274,0.009163522884855991,1.6800741635151675
capacity,9102,straight,0.4,always,intact,0.2686134416400891,0.152627941853053,0.019430694595862656,1.0682426446943798
capacity,9102,straight,0.4,always,L4 failure,0.5974639719190405,0.8499702407005663,0.05183772708982339,4.426424341517769
capacity,9102,straight,0.4,always,L4 slip,0.3159900119096827,0.26482515272263235,0.006928237286696321,1.672471709745193
capacity,9102,straight,0.4,dropout,intact,0.3114571355006418,0.3055472582453195,0.09019510132737447,1.6869521774131606
capacity,9102,straight,0.4,dropout,L4 failure,0.6918060277597232,1.01139273177038,0.3607429050439633,5.062489320551745
capacity,9102,straight,0.4,dropout,L4 slip,0.3154642090240339,0.26296474141571374,0.01622696070714043,1.664841031381058
capacity,9102,straight,0.4,intermittent,intact,0.2943636946771799,0.2614652525122276,0.04084868773315459,1.510059134622145
capacity,9102,straight,0.4,intermittent,L4 failure,0.6636714247280538,0.9716510853149746,0.20407179578487805,4.914160628833677
capacity,9102,straight,0.4,intermittent,L4 slip,0.31662592384144095,0.27142677968942197,0.005892616542205758,1.6977742381268612
capacity,9102,straight,0.4,delayed,intact,0.27193326542755797,0.1640879760765989,0.023805210890720508,1.1256100470632942
capacity,9102,straight,0.4,delayed,L4 failure,0.6034174929592137,0.8616860580003392,0.05799241885180675,4.471732727029289
capacity,9102,straight,0.4,delayed,L4 slip,0.31661515321258527,0.2655769688293,0.00709938174673391,1.6784924072259788
capacity,9102,straight,0.4,noisy,intact,0.2783304770459703,0.15024852421306623,0.04106192076979572,1.116794008645374
capacity,9102,straight,0.4,noisy,L4 failure,0.6021762323581947,0.852876683580352,0.07035030211210254,4.447443056371291
capacity,9102,straight,0.4,noisy,L4 slip,0.32978156237897677,0.28494388493634454,0.025775549440130347,1.7965888594130375
capacity,9102,straight,0.4,stuck,intact,0.27661879403103634,0.19288932691397348,0.01573891599138978,1.229821262146374
capacity,9102,straight,0.4,stuck,L4 failure,0.6226756842775324,0.8938214102215412,0.21398126556441976,4.599211831693942
capacity,9102,straight,0.4,stuck,L4 slip,0.31548206018985947,0.2630240235873208,0.01590876493398351,1.6650914562324866
capacity,9102,straight,1.0,always,intact,0.2543531042422612,0.065441268195108,0.013135245364469268,0.6649216748850906
capacity,9102,straight,1.0,always,L4 failure,0.5815005141703536,0.81648508535596,0.02573613399643917,4.311313897369494
capacity,9102,straight,1.0,always,L4 slip,0.31581684831941675,0.2644543804573166,0.007214548432393936,1.6623977537896715
capacity,9102,straight,1.0,dropout,intact,0.2761082967147004,0.19829102079264496,0.06346646120218849,1.2046392158593446
capacity,9102,straight,1.0,dropout,L4 failure,0.6636895123826514,0.9597855652390447,0.33976627423707323,4.866253279523555
capacity,9102,straight,1.0,dropout,L4 slip,0.31489386964833793,0.2611349311852209,0.023114458558428506,1.6490024567518053
capacity,9102,straight,1.0,intermittent,intact,0.2714262233401214,0.16861614423798305,0.020739759811063734,1.1363542038404095
capacity,9102,straight,1.0,intermittent,L4 failure,0.6246040440485631,0.901115502426889,0.07340943421997996,4.6337974487391005
capacity,9102,straight,1.0,intermittent,L4 slip,0.3165132467928018,0.26791136752285916,0.00587407265335597,1.6860938482835555
capacity,9102,straight,1.0,delayed,intact,0.2559413536692257,0.06565663231185896,0.018568545456071023,0.6743693733586669
capacity,9102,straight,1.0,delayed,L4 failure,0.5857046807315678,0.8253670840001156,0.03496628322957701,4.343371398195221
capacity,9102,straight,1.0,delayed,L4 slip,0.3178611699302177,0.26709054689262385,0.007683745727417872,1.678951619036935
capacity,9102,straight,1.0,noisy,intact,0.3019029486096371,0.17609335188336,0.04438918707184359,1.2598772019761455
capacity,9102,straight,1.0,noisy,L4 failure,0.6493493392097317,0.9165774773934456,0.03788541682920597,4.832169347583805
capacity,9102,straight,1.0,noisy,L4 slip,0.4002435823627982,0.41414741474228156,0.033500514304695216,2.4623565875546065
capacity,9102,straight,1.0,stuck,intact,0.25503192111349804,0.07899959517290128,0.050026227294629834,0.7192503339231282
capacity,9102,straight,1.0,stuck,L4 failure,0.5791617641459459,0.8113873648402354,0.05161346947566701,4.28859029516525
capacity,9102,straight,1.0,stuck,L4 slip,0.31487889296144383,0.26130706453043934,0.0339449138791176,1.649251943881889
capacity,9102,s_lr,0.0,always,intact,0.5564041743867679,0.6664706285571678,0.06490294450592382,4.127330059055872
capacity,9102,s_lr,0.0,always,L4 failure,1.2024966877343461,1.85022827972142,0.45894625898502656,9.438045178987876
capacity,9102,s_lr,0.0,always,L4 slip,0.7596972325582586,1.0625337215724007,0.09405900581944404,5.960298880001691
capacity,9102,s_lr,0.0,dropout,intact,0.5564041743867679,0.6664706285571678,0.06490294450592382,4.127330059055872
capacity,9102,s_lr,0.0,dropout,L4 failure,1.2024966877343461,1.85022827972142,0.45894625898502656,9.438045178987876
capacity,9102,s_lr,0.0,dropout,L4 slip,0.7596972325582586,1.0625337215724007,0.09405900581944404,5.960298880001691
capacity,9102,s_lr,0.0,intermittent,intact,0.5564041743867679,0.6664706285571678,0.06490294450592382,4.127330059055872
capacity,9102,s_lr,0.0,intermittent,L4 failure,1.2024966877343461,1.85022827972142,0.45894625898502656,9.438045178987876
capacity,9102,s_lr,0.0,intermittent,L4 slip,0.7596972325582586,1.0625337215724007,0.09405900581944404,5.960298880001691
capacity,9102,s_lr,0.0,delayed,intact,0.5564041743867679,0.6664706285571678,0.06490294450592382,4.127330059055872
capacity,9102,s_lr,0.0,delayed,L4 failure,1.2024966877343461,1.85022827972142,0.45894625898502656,9.438045178987876
capacity,9102,s_lr,0.0,delayed,L4 slip,0.7596972325582586,1.0625337215724007,0.09405900581944404,5.960298880001691
capacity,9102,s_lr,0.0,noisy,intact,0.5564041743867679,0.6664706285571678,0.06490294450592382,4.127330059055872
capacity,9102,s_lr,0.0,noisy,L4 failure,1.2024966877343461,1.85022827972142,0.45894625898502656,9.438045178987876
capacity,9102,s_lr,0.0,noisy,L4 slip,0.7596972325582586,1.0625337215724007,0.09405900581944404,5.960298880001691
capacity,9102,s_lr,0.0,stuck,intact,0.5564041743867679,0.6664706285571678,0.06490294450592382,4.127330059055872
capacity,9102,s_lr,0.0,stuck,L4 failure,1.2024966877343461,1.85022827972142,0.45894625898502656,9.438045178987876
capacity,9102,s_lr,0.0,stuck,L4 slip,0.7596972325582586,1.0625337215724007,0.09405900581944404,5.960298880001691
capacity,9102,s_lr,0.025,always,intact,0.513873047039329,0.5559414199407078,0.10013857578939105,3.6513995023426986
capacity,9102,s_lr,0.025,always,L4 failure,1.1174684141049602,1.7042620101481591,0.36444430659350624,8.822222390715286
capacity,9102,s_lr,0.025,always,L4 slip,0.6962197101225661,0.9329468334064324,0.049639006837588116,5.405703883841962
capacity,9102,s_lr,0.025,dropout,intact,0.5352002986888648,0.6202108630914968,0.07024389389806684,3.91261459931442
capacity,9102,s_lr,0.025,dropout,L4 failure,1.1743321604741364,1.8024226006220716,0.44717778353996407,9.218033910344564
capacity,9102,s_lr,0.025,dropout,L4 slip,0.732789742580315,1.0123754505927507,0.08295219463813089,5.7278841323154985
capacity,9102,s_lr,0.025,intermittent,intact,0.5409152996223827,0.6279461002704523,0.075999383098481,3.9615660910537898
capacity,9102,s_lr,0.025,intermittent,L4 failure,1.1730679134058863,1.7999715495459725,0.42696086929820776,9.2260485354058
capacity,9102,s_lr,0.025,intermittent,L4 slip,0.7370095318361339,1.0170100385251981,0.06969528471708013,5.7661632183906795
capacity,9102,s_lr,0.025,delayed,intact,0.5176523213847817,0.5650071758839198,0.09976561616908482,3.692919741886121
capacity,9102,s_lr,0.025,delayed,L4 failure,1.1255796048810836,1.7183665556535686,0.3694338095245387,8.884271318398808
capacity,9102,s_lr,0.025,delayed,L4 slip,0.7019867929911979,0.9443934410032255,0.050440183278446474,5.457416979535392
capacity,9102,s_lr,0.025,noisy,intact,0.5097341769106164,0.54780369323421,0.1004100066817952,3.6095987450916436
capacity,9102,s_lr,0.025,noisy,L4 failure,1.1139433422347422,1.6986014087917414,0.36665005669137474,8.791286817396927
capacity,9102,s_lr,0.025,noisy,L4 slip,0.6923006798151352,0.9262525435682047,0.049444418026133405,5.3710653320436945
capacity,9102,s_lr,0.025,stuck,intact,0.5181359899694044,0.5696071705783388,0.09553889788387805,3.7066350935992705
capacity,9102,s_lr,0.025,stuck,L4 failure,1.1368149833832502,1.737503604442604,0.3983344480364863,8.955591536981771
capacity,9102,s_lr,0.025,stuck,L4 slip,0.7060220079950924,0.9548950691793046,0.04958501516831808,5.49416077200782
capacity,9102,s_lr,0.05,always,intact,0.481913094005252,0.4591364342967007,0.1341957256321772,3.2331060917407104
capacity,9102,s_lr,0.05,always,L4 failure,1.0424175177425419,1.572570128652614,0.27425955248939593,8.266255372068645
capacity,9102,s_lr,0.05,always,L4 slip,0.6444598046701759,0.8198839391627665,0.06313580149821574,4.9201205030477935
capacity,9102,s_lr,0.05,dropout,intact,0.5160983444402911,0.5770585934185687,0.07571005429757911,3.7125918972732666
capacity,9102,s_lr,0.05,dropout,L4 failure,1.148027593616637,1.7576651971904127,0.4360612578863387,9.01241819324427
capacity,9102,s_lr,0.05,dropout,L4 slip,0.7079794678122409,0.9655327868844706,0.07249924507535647,5.511129108881186
capacity,9102,s_lr,0.05,intermittent,intact,0.5267490650808033,0.5911298623735972,0.08738010370036922,3.80297309187787
capacity,9102,s_lr,0.05,intermittent,L4 failure,1.1449429005298166,1.7516383179713735,0.3958136879839825,9.022096905904524
capacity,9102,s_lr,0.05,intermittent,L4 slip,0.7158583810526962,0.9736700719201424,0.049851782657867216,5.581122313992035
capacity,9102,s_lr,0.05,delayed,intact,0.48773584162442407,0.4743137742730763,0.13433531552960412,3.3034965508961287
capacity,9102,s_lr,0.05,delayed,L4 failure,1.0567027752808815,1.597787131121263,0.28336053269306766,8.377520284318667
capacity,9102,s_lr,0.05,delayed,L4 slip,0.6538339801088028,0.8392344492268732,0.06299725171222889,5.008471885845549
capacity,9102,s_lr,0.05,noisy,intact,0.474944694562471,0.44487610191884486,0.1338481275601487,3.158272313542619
capacity,9102,s_lr,0.05,noisy,L4 failure,1.0357986255178568,1.5621101058323148,0.2787365585713988,8.20847693541747
capacity,9102,s_lr,0.05,noisy,L4 slip,0.6376884086828049,0.8083387799788724,0.06268677350091702,4.85890343770444
capacity,9102,s_lr,0.05,stuck,intact,0.487439282798386,0.4808080352053527,0.12873853823897674,3.3208352523659403
capacity,9102,s_lr,0.05,stuck,L4 failure,1.0769340126678368,1.6334066526625115,0.3408717526439144,8.510271305396545
capacity,9102,s_lr,0.05,stuck,L4 slip,0.6594542808831001,0.8565922492218357,0.051320383567874425,5.068164146720515
capacity,9102,s_lr,0.1,always,intact,0.44376806386751183,0.3435966436702018,0.19106954440009488,2.7161167547313996
capacity,9102,s_lr,0.1,always,L4 failure,0.9249016007266387,1.358509316108751,0.12113877517790902,7.3589250583183485
capacity,9102,s_lr,0.1,always,L4 slip,0.5713096608667501,0.6430663420802801,0.12339464812515026,4.153970253003736
capacity,9102,s_lr,0.1,dropout,intact,0.4835598390210355,0.49919456833227754,0.08679840821138343,3.3523657285596133
capacity,9102,s_lr,0.1,dropout,L4 failure,1.1004413632174312,1.6763937914529479,0.4155808527062227,8.640075535217408
capacity,9102,s_lr,0.1,dropout,L4 slip,0.6640398911965641,0.8808721094752221,0.05335698986432498,5.120137933226848
capacity,9102,s_lr,0.1,intermittent,intact,0.5021599033694704,0.5224991629275899,0.11067084570144407,3.5067779615069905
capacity,9102,s_lr,0.1,intermittent,L4 failure,1.0926320331159405,1.6608421614065165,0.3359042737450239,8.638709519554338
capacity,9102,s_lr,0.1,intermittent,L4 slip,0.6779480146303097,0.8934077115143204,0.048267898874182355,5.23776327712517
capacity,9102,s_lr,0.1,delayed,intact,0.4505309947239732,0.35652131479533195,0.1950112299819368,2.78426144253951
capacity,9102,s_lr,0.1,delayed,L4 failure,0.9453373639694276,1.395694062754042,0.13155637405547047,7.525439083476148
capacity,9102,s_lr,0.1,delayed,L4 slip,0.5833331978759109,0.6690756530519117,0.12532058849661631,4.276736192779334
capacity,9102,s_lr,0.1,noisy,intact,0.43390705199040275,0.3296428538657171,0.1875736166080865,2.6274403996442426
capacity,9102,s_lr,0.1,noisy,L4 failure,0.9128384840950833,1.3398820018697029,0.12705936029525872,7.254995139092441
capacity,9102,s_lr,0.1,noisy,L4 slip,0.5612511962866852,0.6266916716241248,0.1198685869334883,4.061042667044513
capacity,9102,s_lr,0.1,stuck,intact,0.4473772345400611,0.35481573122707505,0.19734258382925132,2.762709004940562
capacity,9102,s_lr,0.1,stuck,L4 failure,0.9737344245403304,1.4499939409660694,0.2345677712469584,7.725748094854049
capacity,9102,s_lr,0.1,stuck,L4 slip,0.5867260646836441,0.6887661867158106,0.10132871322797635,4.33877109032842
capacity,9102,s_lr,0.2,always,intact,0.42917695800751127,0.37456395933730263,0.24328621567690628,2.7542510705009975
capacity,9102,s_lr,0.2,always,L4 failure,0.7910606917477596,1.0996006473053088,0.08977902915796314,6.244694257886621
capacity,9102,s_lr,0.2,always,L4 slip,0.509485918218478,0.5034170244741158,0.2114052024377803,3.503046977166342
capacity,9102,s_lr,0.2,dropout,intact,0.4371711271511446,0.37218185606518117,0.10835953474540934,2.76669204872686
capacity,9102,s_lr,0.2,dropout,L4 failure,1.0220239998490275,1.5414140684406157,0.3804268329263059,8.025188721040166
capacity,9102,s_lr,0.2,dropout,L4 slip,0.5951901678813741,0.742184073959322,0.037135730644863585,4.481811657785904
capacity,9102,s_lr,0.2,intermittent,intact,0.466313071754131,0.4057385671703389,0.15424641365057687,3.000117887369716
capacity,9102,s_lr,0.2,intermittent,L4 failure,1.0042080994894826,1.5040527997754674,0.22576957651964008,7.975133506429625
capacity,9102,s_lr,0.2,intermittent,L4 slip,0.6180795972549783,0.7578334441255451,0.07623003832868683,4.654856384731909
capacity,9102,s_lr,0.2,delayed,intact,0.43559035341820357,0.38223293473963094,0.26158756051385357,2.808892585714265
capacity,9102,s_lr,0.2,delayed,L4 failure,0.8106772561592542,1.1356237405875755,0.09935233005724016,6.415146927044006
capacity,9102,s_lr,0.2,delayed,L4 slip,0.5199995150130419,0.5210530822506542,0.22652083461497793,3.6013070612173737
capacity,9102,s_lr,0.2,noisy,intact,0.417445042650046,0.36506974440219847,0.2303488862914592,2.660581376326811
capacity,9102,s_lr,0.2,noisy,L4 failure,0.7749786858551534,1.0773111556138346,0.08188626527189327,6.105516138213698
capacity,9102,s_lr,0.2,noisy,L4 slip,0.497602985963082,0.4892451479906308,0.19884640636103088,3.4012572257415195
capacity,9102,s_lr,0.2,stuck,intact,0.43572267782708574,0.3903889541088493,0.31876367512302856,2.8197934490764824
capacity,9102,s_lr,0.2,stuck,L4 failure,0.8277422078741479,1.177132310211428,0.05682737071444781,6.555378290564743
capacity,9102,s_lr,0.2,stuck,L4 slip,0.5137839943411684,0.5139553241029164,0.2314777290826206,3.5478879172113125
capacity,9102,s_lr,0.4,always,intact,0.45581436983054713,0.4978004091619922,0.21638910722540206,3.1403308535216725
capacity,9102,s_lr,0.4,always,L4 failure,0.7182356968525854,0.9631561144305973,0.18554096460920408,5.603692514937368
capacity,9102,s_lr,0.4,always,L4 slip,0.5070966463476843,0.5611946945988487,0.2235353955496723,3.618064748122997
capacity,9102,s_lr,0.4,dropout,intact,0.3942249695839517,0.26946316410331433,0.1460631798428718,2.255109629345751
capacity,9102,s_lr,0.4,dropout,L4 failure,0.9123691905826603,1.3494204931356784,0.3262850850241505,7.161266023184261
capacity,9102,s_lr,0.4,dropout,L4 slip,0.5111014173038563,0.5557029518262327,0.04539836030548515,3.626626801384697
capacity,9102,s_lr,0.4,intermittent,intact,0.4345695312098384,0.3461666533451308,0.21395120546445967,2.695868298608027
capacity,9102,s_lr,0.4,intermittent,L4 failure,0.8902507078799747,1.294031692575204,0.0768983581429341,7.076724034133811
capacity,9102,s_lr,0.4,intermittent,L4 slip,0.5489714051779874,0.58702929888824,0.1589285548605595,3.904783542967506
capacity,9102,s_lr,0.4,delayed,intact,0.47091472360674547,0.5236386230718073,0.25496256634590136,3.270628165990301
capacity,9102,s_lr,0.4,delayed,L4 failure,0.7317953859511674,0.9854504550583897,0.2168855065469854,5.724119325927214
capacity,9102,s_lr,0.4,delayed,L4 slip,0.5214321336193464,0.5868108745291281,0.2609823771841826,3.752847936162018
capacity,9102,s_lr,0.4,noisy,intact,0.4377608252958834,0.47648270448644875,0.19094349259806184,2.977295819518948
capacity,9102,s_lr,0.4,noisy,L4 failure,0.701548433924641,0.9442769564689394,0.16181915376095693,5.4570971402422375
capacity,9102,s_lr,0.4,noisy,L4 slip,0.49410566209890106,0.5455951362625664,0.20034362803546255,3.498549900942329
capacity,9102,s_lr,0.4,stuck,intact,0.5328312719114693,0.6353147773484793,0.4912984371668704,3.6918757385565097
capacity,9102,s_lr,0.4,stuck,L4 failure,0.7244401427332547,0.9771988795346445,0.22567009945314997,5.659333357089908
capacity,9102,s_lr,0.4,stuck,L4 slip,0.5454223030407334,0.6428214008673322,0.4313987169676407,3.946807283826249
capacity,9102,s_lr,1.0,always,intact,0.4520085160241429,0.5353472733687032,0.17917229302632762,3.182280480929106
capacity,9102,s_lr,1.0,always,L4 failure,0.7198666916872165,0.9887093805032512,0.1462909321140647,5.616327848234052
capacity,9102,s_lr,1.0,always,L4 slip,0.5111761584345326,0.6153911711677231,0.16213820586642702,3.7114273613312094
capacity,9102,s_lr,1.0,dropout,intact,0.40833900352401126,0.3977734849625775,0.21755198081838759,2.6527300051438196
capacity,9102,s_lr,1.0,dropout,L4 failure,0.7599781693764893,1.0689914428360159,0.22394390008042006,5.939679483353119
capacity,9102,s_lr,1.0,dropout,L4 slip,0.44718163972172703,0.41982801316768387,0.10913712456966866,2.953560209712182
capacity,9102,s_lr,1.0,intermittent,intact,0.4566994557720402,0.4922154165584316,0.22228469974790427,3.1591196287315086
capacity,9102,s_lr,1.0,intermittent,L4 failure,0.8104401624287774,1.1488613554682106,0.15107959179196118,6.4058208426357455
capacity,9102,s_lr,1.0,intermittent,L4 slip,0.5300855143201664,0.5991093669813671,0.231534835968589,3.8357978316537364
capacity,9102,s_lr,1.0,delayed,intact,0.478155327750096,0.5895696258315583,0.21227904655104873,3.4247856013721134
capacity,9102,s_lr,1.0,delayed,L4 failure,0.7347370006824975,1.0136864995974384,0.1708348146957548,5.749128183976072
capacity,9102,s_lr,1.0,delayed,L4 slip,0.5353326859381504,0.6638427178151008,0.1903912430183961,3.9376124506621624
capacity,9102,s_lr,1.0,noisy,intact,0.4479388120461205,0.5161659024392445,0.1493718490093094,3.086973775997548
capacity,9102,s_lr,1.0,noisy,L4 failure,0.7388177722163964,1.0261366700071837,0.12236696929017339,5.743690314492313
capacity,9102,s_lr,1.0,noisy,L4 slip,0.5369652636940079,0.6496899962850309,0.13185549767680094,3.8883744508516545
capacity,9102,s_lr,1.0,stuck,intact,0.7967740509818393,1.1103947401409286,0.7286137946193081,5.479918091743077
capacity,9102,s_lr,1.0,stuck,L4 failure,0.8950829409323504,1.3069364272777295,0.629998588019405,6.891377431055327
capacity,9102,s_lr,1.0,stuck,L4 slip,0.778664333122117,1.0876585972366464,0.6810564046169306,5.599943039399566
capacity,9102,s_rl,0.0,always,intact,0.7208037148816459,1.0248851005397803,0.12862128834731146,5.620937697672282
capacity,9102,s_rl,0.0,always,L4 failure,0.5713180269253334,0.7123760317706005,0.37887833400397425,4.105874547806735
capacity,9102,s_rl,0.0,always,L4 slip,0.4967881687017033,0.569803285610209,0.046851780783517524,3.5302333135061716
capacity,9102,s_rl,0.0,dropout,intact,0.7208037148816459,1.0248851005397803,0.12862128834731146,5.620937697672282
capacity,9102,s_rl,0.0,dropout,L4 failure,0.5713180269253334,0.7123760317706005,0.37887833400397425,4.105874547806735
capacity,9102,s_rl,0.0,dropout,L4 slip,0.4967881687017033,0.569803285610209,0.046851780783517524,3.5302333135061716
capacity,9102,s_rl,0.0,intermittent,intact,0.7208037148816459,1.0248851005397803,0.12862128834731146,5.620937697672282
capacity,9102,s_rl,0.0,intermittent,L4 failure,0.5713180269253334,0.7123760317706005,0.37887833400397425,4.105874547806735
capacity,9102,s_rl,0.0,intermittent,L4 slip,0.4967881687017033,0.569803285610209,0.046851780783517524,3.5302333135061716
capacity,9102,s_rl,0.0,delayed,intact,0.7208037148816459,1.0248851005397803,0.12862128834731146,5.620937697672282
capacity,9102,s_rl,0.0,delayed,L4 failure,0.5713180269253334,0.7123760317706005,0.37887833400397425,4.105874547806735
capacity,9102,s_rl,0.0,delayed,L4 slip,0.4967881687017033,0.569803285610209,0.046851780783517524,3.5302333135061716
capacity,9102,s_rl,0.0,noisy,intact,0.7208037148816459,1.0248851005397803,0.12862128834731146,5.620937697672282
capacity,9102,s_rl,0.0,noisy,L4 failure,0.5713180269253334,0.7123760317706005,0.37887833400397425,4.105874547806735
capacity,9102,s_rl,0.0,noisy,L4 slip,0.4967881687017033,0.569803285610209,0.046851780783517524,3.5302333135061716
capacity,9102,s_rl,0.0,stuck,intact,0.7208037148816459,1.0248851005397803,0.12862128834731146,5.620937697672282
capacity,9102,s_rl,0.0,stuck,L4 failure,0.5713180269253334,0.7123760317706005,0.37887833400397425,4.105874547806735
capacity,9102,s_rl,0.0,stuck,L4 slip,0.4967881687017033,0.569803285610209,0.046851780783517524,3.5302333135061716
capacity,9102,s_rl,0.025,always,intact,0.6719619119514666,0.9257816109738004,0.06607819756080138,5.2075675778153485
capacity,9102,s_rl,0.025,always,L4 failure,0.5783497133642622,0.724922550635862,0.3826649335260169,4.150741481786122
capacity,9102,s_rl,0.025,always,L4 slip,0.472633096502141,0.49900174670816994,0.07033490583834932,3.238872224667401
capacity,9102,s_rl,0.025,dropout,intact,0.7049684961746256,0.9940257165307486,0.1203717356072779,5.485010991756923
capacity,9102,s_rl,0.025,dropout,L4 failure,0.5750088949141618,0.7190142954364132,0.383215613868625,4.129807085275211
capacity,9102,s_rl,0.025,dropout,L4 slip,0.49006120633272515,0.5516591979815286,0.0477054828822774,3.4531463423652298
capacity,9102,s_rl,0.025,intermittent,intact,0.7037530825025525,0.991024760149944,0.10652231180309249,5.479278003141086
capacity,9102,s_rl,0.025,intermittent,L4 failure,0.5735826010011258,0.716515331768122,0.3804461988657377,4.120057937937356
capacity,9102,s_rl,0.025,intermittent,L4 slip,0.4878540612852928,0.545105670266534,0.052190608678973495,3.427660913337077
capacity,9102,s_rl,0.025,delayed,intact,0.6779253633661239,0.937375518394532,0.06879144184406963,5.259948384571187
capacity,9102,s_rl,0.025,delayed,L4 failure,0.5781438839912085,0.7241040989183333,0.38492548098309365,4.149671559208452
capacity,9102,s_rl,0.025,delayed,L4 slip,0.4757807522920592,0.5070136948469706,0.07002239307363715,3.275077255214331
capacity,9102,s_rl,0.025,noisy,intact,0.6751827466190008,0.9310189717679187,0.06587058388938132,5.235480205115155
capacity,9102,s_rl,0.025,noisy,L4 failure,0.5781839782055471,0.7235183816481634,0.3827999841699826,4.15097293646172
capacity,9102,s_rl,0.025,noisy,L4 slip,0.4747932798929317,0.5026707151111907,0.0706886459150244,3.2593373729658754
capacity,9102,s_rl,0.025,stuck,intact,0.6809591803008116,0.9448185350973526,0.08325668947513472,5.284329155364888
capacity,9102,s_rl,0.025,stuck,L4 failure,0.5803506249033589,0.7279598648590124,0.39967022640932826,4.163082446391313
capacity,9102,s_rl,0.025,stuck,L4 slip,0.47658816940657583,0.5116965372809714,0.06571148933175061,3.2900968086577613
capacity,9102,s_rl,0.05,always,intact,0.6278881748337076,0.8312594665214312,0.050775790224706754,4.81145671479869
capacity,9102,s_rl,0.05,always,L4 failure,0.5853387467042359,0.7376124523512373,0.3838615384596086,4.195457442613157
capacity,9102,s_rl,0.05,always,L4 slip,0.45235755285426016,0.430964719890243,0.09736980770372765,2.9573728407684072
capacity,9102,s_rl,0.05,dropout,intact,0.6887230940264571,0.9622328424820005,0.11200361938708758,5.344204514483059
capacity,9102,s_rl,0.05,dropout,L4 failure,0.5789123972081985,0.7261800608187834,0.3877073024692987,4.1549965963719675
capacity,9102,s_rl,0.05,dropout,L4 slip,0.4829157965825105,0.53233571758725,0.0493090963245627,3.3700978041762877
capacity,9102,s_rl,0.05,intermittent,intact,0.6870093116202681,0.9571977159492789,0.08500477923276373,5.337623934186103
capacity,9102,s_rl,0.05,intermittent,L4 failure,0.5758796462950465,0.7207316304525915,0.38172845590508614,4.134503202809719
capacity,9102,s_rl,0.05,intermittent,L4 slip,0.47934720329702424,0.5205941983669191,0.06085220799165556,3.3257431599961964
capacity,9102,s_rl,0.05,delayed,intact,0.6385406020024256,0.852603537922677,0.05202868003190018,4.908878992399929
capacity,9102,s_rl,0.05,delayed,L4 failure,0.5850722269443414,0.7361843729380706,0.38881414170272144,4.194180741020658
capacity,9102,s_rl,0.05,delayed,L4 slip,0.4577509289024641,0.44562349128156536,0.09737345019034731,3.0244444063047218
capacity,9102,s_rl,0.05,noisy,intact,0.6335853849229939,0.84035380746006,0.051350731553403785,4.8612234991928815
capacity,9102,s_rl,0.05,noisy,L4 failure,0.5851783464571185,0.7351666792090288,0.3847306310400297,4.197047431955974
capacity,9102,s_rl,0.05,noisy,L4 slip,0.45618766152461704,0.43725336882652305,0.0986281596430347,2.99367608266728
capacity,9102,s_rl,0.05,stuck,intact,0.6429113946658455,0.8652609225973007,0.049224397064275595,4.9486469486892934
capacity,9102,s_rl,0.05,stuck,L4 failure,0.5902719688320683,0.7450607090449808,0.42012670076172504,4.225568825252254
capacity,9102,s_rl,0.05,stuck,L4 slip,0.4582524676585835,0.45292218894464076,0.0909387611511117,3.0460541925743017
capacity,9102,s_rl,0.1,always,intact,0.5548298092303116,0.6589946057053088,0.09348862796230595,4.083743996331239
capacity,9102,s_rl,0.1,always,L4 failure,0.5987584940705099,0.7626335632507326,0.37924142540994377,4.281763763770687
capacity,9102,s_rl,0.1,always,L4 slip,0.42308303915132234,0.3121046118142176,0.14495634536534485,2.4602280532437195
capacity,9102,s_rl,0.1,dropout,intact,0.6554759792520574,0.8965802143914594,0.09506390352183938,5.051428197370099
capacity,9102,s_rl,0.1,dropout,L4 failure,0.5873325300709608,0.7419568347876994,0.39700311706225533,4.209029861231257
capacity,9102,s_rl,0.1,dropout,L4 slip,0.4678320133435655,0.49092807217234463,0.055288083863471615,3.189763653387003
capacity,9102,s_rl,0.1,intermittent,intact,0.6545996753228135,0.8898499805273115,0.049073453599836094,5.055173419616349
capacity,9102,s_rl,0.1,intermittent,L4 failure,0.5805510443643155,0.7293579804782679,0.3834601717463811,4.164042088636698
capacity,9102,s_rl,0.1,intermittent,L4 slip,0.46366555285966266,0.4722220076796687,0.07996166446265791,3.12425424356689
capacity,9102,s_rl,0.1,delayed,intact,0.5713697598452002,0.6941194459906864,0.09529787687831301,4.248230147627312
capacity,9102,s_rl,0.1,delayed,L4 failure,0.5988564260735024,0.7607379693481091,0.39040266194808104,4.282984383121547
capacity,9102,s_rl,0.1,delayed,L4 slip,0.43080306530735957,0.3316026430622716,0.14786396706520064,2.555335144811536
capacity,9102,s_rl,0.1,noisy,intact,0.5637423394200588,0.6721793712939098,0.09617224579373651,4.161172534606176
capacity,9102,s_rl,0.1,noisy,L4 failure,0.5991685502657732,0.759252849400144,0.3827264438769742,4.289769861180895
capacity,9102,s_rl,0.1,noisy,L4 slip,0.42929734886583354,0.320914133971893,0.14920832523108113,2.516124240088037
capacity,9102,s_rl,0.1,stuck,intact,0.5740276368884022,0.7100231575496165,0.07438492794912799,4.290048014469764
capacity,9102,s_rl,0.1,stuck,L4 failure,0.6123658133581031,0.7829499548932792,0.45959687329873483,4.363409776450358
capacity,9102,s_rl,0.1,stuck,L4 slip,0.42879985996952563,0.33634062242530466,0.14558481915788118,2.558712466835358
capacity,9102,s_rl,0.2,always,intact,0.4667687677604284,0.42265857268352425,0.18932316582408207,3.054179476410782
capacity,9102,s_rl,0.2,always,L4 failure,0.621607783314343,0.8078208661213819,0.3479955388298309,4.430947973562787
capacity,9102,s_rl,0.2,always,L4 slip,0.40117076101270427,0.26758133816155477,0.20685675083033375,2.230199048501575
capacity,9102,s_rl,0.2,dropout,intact,0.5887795289047582,0.761294697788539,0.06123541487718185,4.441627538877319
capacity,9102,s_rl,0.2,dropout,L4 failure,0.6063043505490544,0.7781848187874748,0.4159966464139783,4.329839774986048
capacity,9102,s_rl,0.2,dropout,L4 slip,0.43722292406782237,0.40185986483568403,0.0710600957359955,2.794519709488406
capacity,9102,s_rl,0.2,intermittent,intact,0.5950889924757986,0.7578279814882067,0.06144463071860016,4.499601508997391
capacity,9102,s_rl,0.2,intermittent,L4 failure,0.5900817790551932,0.7471602117175945,0.3837751845137369,4.224888618277544
capacity,9102,s_rl,0.2,intermittent,L4 slip,0.43785851504883655,0.3788630062026039,0.1186787383103339,2.733883146000049
capacity,9102,s_rl,0.2,delayed,intact,0.4858144888387464,0.4614220654619207,0.2044105219489368,3.25522366691502
capacity,9102,s_rl,0.2,delayed,L4 failure,0.6242015169685613,0.8079967459259478,0.3718671454482455,4.4479482822335585
capacity,9102,s_rl,0.2,delayed,L4 slip,0.4095712185401516,0.27882055483391666,0.22310498259094427,2.3088055019039992
capacity,9102,s_rl,0.2,noisy,intact,0.47832440839795587,0.43379074828552955,0.20055526366013482,3.1403073785954883
capacity,9102,s_rl,0.2,noisy,L4 failure,0.6252032447532077,0.8067287668006063,0.3582046986269556,4.465489650517755
capacity,9102,s_rl,0.2,noisy,L4 slip,0.4109352423249292,0.2792715260780405,0.2175536456800975,2.3124677239434916
capacity,9102,s_rl,0.2,stuck,intact,0.47738468413731844,0.4563969043104,0.20375729901659909,3.1927738037016655
capacity,9102,s_rl,0.2,stuck,L4 failure,0.6621535698070992,0.8673735385177709,0.5306804435515,4.668966733998902
capacity,9102,s_rl,0.2,stuck,L4 slip,0.406204849970011,0.28414236744607957,0.26239600554847414,2.2988546040922686
capacity,9102,s_rl,0.4,always,intact,0.43512484680051694,0.3903550550860757,0.21607000700220036,2.749291143043411
capacity,9102,s_rl,0.4,always,L4 failure,0.6489323647290735,0.8706764580495128,0.24366572668038974,4.617636892365563
capacity,9102,s_rl,0.4,always,L4 slip,0.4204770204761313,0.35867083973788816,0.19974528605771505,2.4766240814574476
capacity,9102,s_rl,0.4,dropout,intact,0.47096231349991813,0.49896657955990165,0.029831529380735012,3.240969519375368
capacity,9102,s_rl,0.4,dropout,L4 failure,0.6488313931087291,0.8596982802940442,0.4512453368227355,4.598329687129385
capacity,9102,s_rl,0.4,dropout,L4 slip,0.3891405681521214,0.2529293041661027,0.10792969712747735,2.101511097223182
capacity,9102,s_rl,0.4,intermittent,intact,0.5030800771044684,0.5182513102419367,0.14647747284158014,3.4817409346256896
capacity,9102,s_rl,0.4,intermittent,L4 failure,0.6092089283669588,0.7836459193478413,0.3734019785367363,4.348941212738072
capacity,9102,s_rl,0.4,intermittent,L4 slip,0.4082886069011398,0.2808292551461973,0.18489252854062938,2.3048274739710966
capacity,9102,s_rl,0.4,delayed,intact,0.45834486583658246,0.4278367846719683,0.27193794191118387,2.976180306079512
capacity,9102,s_rl,0.4,delayed,L4 failure,0.6596342892371251,0.8821010691775693,0.27884157643844326,4.687135912254347
capacity,9102,s_rl,0.4,delayed,L4 slip,0.43548075295291566,0.3781949344028628,0.2451026813828273,2.61256030984298
capacity,9102,s_rl,0.4,noisy,intact,0.45022181551799717,0.39673086299813953,0.23698024086388628,2.8326831550785734
capacity,9102,s_rl,0.4,noisy,L4 failure,0.6638045957097273,0.8845385312819927,0.2629310088767996,4.740809975801767
capacity,9102,s_rl,0.4,noisy,L4 slip,0.43876974197041385,0.38180543787550597,0.21712392058408855,2.624049743354861
capacity,9102,s_rl,0.4,stuck,intact,0.4850460500599148,0.4873016777511433,0.4535505484638137,3.1415249292872387
capacity,9102,s_rl,0.4,stuck,L4 failure,0.7603713827490142,1.0328708045670791,0.6348871882825216,5.26315501636782
capacity,9102,s_rl,0.4,stuck,L4 slip,0.48705549647214547,0.4785223646194158,0.46035894788169485,2.958301211514238
capacity,9102,s_rl,1.0,always,intact,0.44353384084278086,0.49943390366076895,0.2814667300512098,2.7685680166812694
capacity,9102,s_rl,1.0,always,L4 failure,0.6564344370828262,0.9196843334221182,0.1510767188720741,4.689743324696024
capacity,9102,s_rl,1.0,always,L4 slip,0.4499360620759662,0.4982595299670747,0.22615486049183353,2.7379493592329913
capacity,9102,s_rl,1.0,dropout,intact,0.3511312559496912,0.226338214673539,0.12920593985673748,1.7580235798079196
capacity,9102,s_rl,1.0,dropout,L4 failure,0.7496906779606435,1.051968294022441,0.5127624866544729,5.232481440171571
capacity,9102,s_rl,1.0,dropout,L4 slip,0.3962237505597355,0.3564132222560047,0.2066052494767316,2.2419402064947134
capacity,9102,s_rl,1.0,intermittent,intact,0.4322900402636427,0.3617158053770855,0.24415717395198328,2.6576643380955947
capacity,9102,s_rl,1.0,intermittent,L4 failure,0.6628281282522224,0.88952893861051,0.28650452105442453,4.705902741377932
capacity,9102,s_rl,1.0,intermittent,L4 slip,0.4283571701730327,0.3859670849710671,0.23784769599041974,2.6023105135848716
capacity,9102,s_rl,1.0,delayed,intact,0.498908784971509,0.5937399909115004,0.35143506661982543,3.223814210706584
capacity,9102,s_rl,1.0,delayed,L4 failure,0.6785151406592627,0.9549516684208156,0.19063397588548198,4.844314416126514
capacity,9102,s_rl,1.0,delayed,L4 slip,0.4894480681970418,0.5634628238783514,0.28665749386009565,3.0605445906703537
capacity,9102,s_rl,1.0,noisy,intact,0.47152305691450674,0.49642955208189965,0.2622043541582328,2.834341456193275
capacity,9102,s_rl,1.0,noisy,L4 failure,0.724142455790964,1.0110725691487592,0.15558325314232624,5.246449691184928
capacity,9102,s_rl,1.0,noisy,L4 slip,0.5071433370025669,0.5787934247355017,0.20520665310996256,3.2247524114639625
capacity,9102,s_rl,1.0,stuck,intact,0.8776274879570806,1.1572825938917792,0.813452747035891,5.398194290695955
capacity,9102,s_rl,1.0,stuck,L4 failure,0.8972639540341342,1.2775451612612745,0.715988325354189,6.107622675833721
capacity,9102,s_rl,1.0,stuck,L4 slip,0.8266894858320958,1.0770197671125128,0.7539761186386459,5.047292929553523
capacity,9102,sine,0.0,always,intact,0.5726575702617119,0.7078849283480159,0.034274279911926914,3.867589969758381
capacity,9102,sine,0.0,always,L4 failure,1.3361501402673517,2.0733502061752476,0.529736183056633,10.09833766579516
capacity,9102,sine,0.0,always,L4 slip,0.8126726297715047,1.1584124706841756,0.15269886921389406,5.996131781992592
capacity,9102,sine,0.0,dropout,intact,0.5726575702617119,0.7078849283480159,0.034274279911926914,3.867589969758381
capacity,9102,sine,0.0,dropout,L4 failure,1.3361501402673517,2.0733502061752476,0.529736183056633,10.09833766579516
capacity,9102,sine,0.0,dropout,L4 slip,0.8126726297715047,1.1584124706841756,0.15269886921389406,5.996131781992592
capacity,9102,sine,0.0,intermittent,intact,0.5726575702617119,0.7078849283480159,0.034274279911926914,3.867589969758381
capacity,9102,sine,0.0,intermittent,L4 failure,1.3361501402673517,2.0733502061752476,0.529736183056633,10.09833766579516
capacity,9102,sine,0.0,intermittent,L4 slip,0.8126726297715047,1.1584124706841756,0.15269886921389406,5.996131781992592
capacity,9102,sine,0.0,delayed,intact,0.5726575702617119,0.7078849283480159,0.034274279911926914,3.867589969758381
capacity,9102,sine,0.0,delayed,L4 failure,1.3361501402673517,2.0733502061752476,0.529736183056633,10.09833766579516
capacity,9102,sine,0.0,delayed,L4 slip,0.8126726297715047,1.1584124706841756,0.15269886921389406,5.996131781992592
capacity,9102,sine,0.0,noisy,intact,0.5726575702617119,0.7078849283480159,0.034274279911926914,3.867589969758381
capacity,9102,sine,0.0,noisy,L4 failure,1.3361501402673517,2.0733502061752476,0.529736183056633,10.09833766579516
capacity,9102,sine,0.0,noisy,L4 slip,0.8126726297715047,1.1584124706841756,0.15269886921389406,5.996131781992592
capacity,9102,sine,0.0,stuck,intact,0.5726575702617119,0.7078849283480159,0.034274279911926914,3.867589969758381
capacity,9102,sine,0.0,stuck,L4 failure,1.3361501402673517,2.0733502061752476,0.529736183056633,10.09833766579516
capacity,9102,sine,0.0,stuck,L4 slip,0.8126726297715047,1.1584124706841756,0.15269886921389406,5.996131781992592
capacity,9102,sine,0.025,always,intact,0.497453615712985,0.5413337745111644,0.03636921207869257,3.0936578094026035
capacity,9102,sine,0.025,always,L4 failure,1.210262392193719,1.8618794027841719,0.42684023520694625,9.159193299699679
capacity,9102,sine,0.025,always,L4 slip,0.7102787949008013,0.9669391592261183,0.07872050286706982,5.120008850554846
capacity,9102,sine,0.025,dropout,intact,0.5091936132123318,0.5738037228248958,0.026421801572794112,3.225815953326253
capacity,9102,sine,0.025,dropout,L4 failure,1.25514725426329,1.936611826441427,0.5001666218122567,9.460522786747084
capacity,9102,sine,0.025,dropout,L4 slip,0.7347352455231337,1.016572862501675,0.1250970446164039,5.321361359466885
capacity,9102,sine,0.025,intermittent,intact,0.5453775620420186,0.6493896864616253,0.029301145358402513,3.5970858181710215
capacity,9102,sine,0.025,intermittent,L4 failure,1.2938832771063669,2.002566649317728,0.4948721095833557,9.785363860046738
capacity,9102,sine,0.025,intermittent,L4 slip,0.7771390348104471,1.0927654974786332,0.12595012671217737,5.697491650641228
capacity,9102,sine,0.025,delayed,intact,0.5021403604238304,0.5506142254148284,0.035939052526882856,3.141753596427998
capacity,9102,sine,0.025,delayed,L4 failure,1.2196085195067579,1.877462884241351,0.43146711229139534,9.231963256083345
capacity,9102,sine,0.025,delayed,L4 slip,0.7172325970887107,0.979251097899209,0.08132006286605366,5.181181390837178
capacity,9102,sine,0.025,noisy,intact,0.4946048178184312,0.5351723114205874,0.03612736730236326,3.062436982303954
capacity,9102,sine,0.025,noisy,L4 failure,1.2074633926851923,1.8570472175757946,0.42886956111201313,9.134337123583208
capacity,9102,sine,0.025,noisy,L4 slip,0.7077678899272023,0.9623358783389364,0.07907634733128222,5.096604305333908
capacity,9102,sine,0.025,stuck,intact,0.49669363422080687,0.5392892443917229,0.035880843453574035,3.085301979782727
capacity,9102,sine,0.025,stuck,L4 failure,1.2222088660598693,1.8812787937803315,0.4543374046875991,9.236876126310973
capacity,9102,sine,0.025,stuck,L4 slip,0.7129215124579231,0.9723441330495252,0.08984450455743839,5.141623977557818
capacity,9102,sine,0.05,always,intact,0.44418294460331736,0.40882575505341573,0.07174013252732492,2.4699927323073996
capacity,9102,sine,0.05,always,L4 failure,1.1037362929720655,1.6804094962894258,0.33496252234235735,8.352094751854919
capacity,9102,sine,0.05,always,L4 slip,0.6299345854377018,0.8093254038186746,0.04022338568340518,4.392805801952819
capacity,9102,sine,0.05,dropout,intact,0.45774260216444945,0.4539956571528817,0.03169146238733889,2.6541763691075673
capacity,9102,sine,0.05,dropout,L4 failure,1.1815150473972598,1.811568725563261,0.4729457288268657,8.880190430754967
capacity,9102,sine,0.05,dropout,L4 slip,0.6662515237688824,0.8880564048739714,0.09983048831345305,4.712264501419028
capacity,9102,sine,0.05,intermittent,intact,0.5208163774314792,0.5947828789162942,0.030096301893295208,3.3438149101168806
capacity,9102,sine,0.05,intermittent,L4 failure,1.2538925556894844,1.9353079860325146,0.4613327530456858,9.488008612214719
capacity,9102,sine,0.05,intermittent,L4 slip,0.7443442208900801,1.0312735850644943,0.10161092181205866,5.417081915721745
capacity,9102,sine,0.05,delayed,intact,0.4506322178191297,0.42179139713083413,0.07186623772656238,2.540487177833212
capacity,9102,sine,0.05,delayed,L4 failure,1.1190474441714782,1.7060840577858216,0.34280890752288007,8.472716757803065
capacity,9102,sine,0.05,delayed,L4 slip,0.6402972594808142,0.8278835442798587,0.0422022217970805,4.487592817243197
capacity,9102,sine,0.05,noisy,intact,0.4399270470895088,0.39857303181578946,0.0710538589216489,2.4172596653627174
capacity,9102,sine,0.05,noisy,L4 failure,1.098270692005388,1.6709736543841132,0.3382616006145421,8.304396628717354
capacity,9102,sine,0.05,noisy,L4 slip,0.6258804043807925,0.8015798324553035,0.04093249157550889,4.353034940040589
capacity,9102,sine,0.05,stuck,intact,0.44200900545263555,0.40118154787618227,0.07935243176006143,2.4389861073774783
capacity,9102,sine,0.05,stuck,L4 failure,1.12279435017837,1.7119003617759412,0.3872806453891668,8.478106724784567
capacity,9102,sine,0.05,stuck,L4 slip,0.6314169395685751,0.8127340704846929,0.04306309416649682,4.406344275050058
capacity,9102,sine,0.1,always,intact,0.3880490896509983,0.26596009806933624,0.10652027101950265,1.7546074585053504
capacity,9102,sine,0.1,always,L4 failure,0.9447839024199183,1.4032373999242176,0.19337954235830285,7.113536027969321
capacity,9102,sine,0.1,always,L4 slip,0.522823218300951,0.5840893303796152,0.04168615687414442,3.3372819496295536
capacity,9102,sine,0.1,dropout,intact,0.3913571360641995,0.2738712791248964,0.07005517894655452,1.789382818453987
capacity,9102,sine,0.1,dropout,L4 failure,1.0549386215480003,1.594437766979335,0.42502266508378117,7.88095496450001
capacity,9102,sine,0.1,dropout,L4 slip,0.5571775511536261,0.6707878723533378,0.055776159852803084,3.6892581110703677
capacity,9102,sine,0.1,intermittent,intact,0.4792901706577444,0.49696274876668695,0.04939852602549888,2.8878860216603996
capacity,9102,sine,0.1,intermittent,L4 failure,1.1806046080737786,1.8111944003207654,0.39800437457104837,8.939346369572553
capacity,9102,sine,0.1,intermittent,L4 slip,0.686398945958108,0.9200878599877204,0.06235561498753857,4.908236672261962
capacity,9102,sine,0.1,delayed,intact,0.39422935211301896,0.2760083000623645,0.11166280065765288,1.8198994703823672
capacity,9102,sine,0.1,delayed,L4 failure,0.9637238942292132,1.4352197841615297,0.20251733767118144,7.267247998938018
capacity,9102,sine,0.1,delayed,L4 slip,0.5337810019244832,0.6030216522556213,0.04330111380153587,3.4424094310317224
capacity,9102,sine,0.1,noisy,intact,0.38437071310006865,0.25690477083781554,0.10298049856216296,1.7021355951915262
capacity,9102,sine,0.1,noisy,L4 failure,0.9361643853911099,1.388092075630327,0.19919411218300134,7.037491400602272
capacity,9102,sine,0.1,noisy,L4 slip,0.5182141590312234,0.5743312288065333,0.038333268238727104,3.285994357446835
capacity,9102,sine,0.1,stuck,intact,0.39000111730625897,0.27703833912105563,0.1442911790347774,1.7980200320637174
capacity,9102,sine,0.1,stuck,L4 failure,0.9642229969180897,1.4367316838940103,0.2763507650649149,7.247382901596371
capacity,9102,sine,0.1,stuck,L4 slip,0.5197767946114917,0.5759359349486648,0.047600364168290235,3.3043083476131927
capacity,9102,sine,0.2,always,intact,0.3723406903983691,0.25850110864593656,0.08877245668536196,1.611177591352133
capacity,9102,sine,0.2,always,L4 failure,0.774910346132135,1.0951077283527089,0.07736805690292058,5.725538967085534
capacity,9102,sine,0.2,always,L4 slip,0.4398631031399282,0.40067048184665016,0.06441760298990078,2.4347587919914453
capacity,9102,sine,0.2,dropout,intact,0.37889911702906987,0.2792857398337936,0.12742928346532764,1.692308092545975
capacity,9102,sine,0.2,dropout,L4 failure,0.8734942848691772,1.2756812378252465,0.35165777407443033,6.443346347528916
capacity,9102,sine,0.2,dropout,L4 slip,0.4422199256706553,0.4072734591765167,0.019286318515764393,2.461359357938831
capacity,9102,sine,0.2,intermittent,intact,0.42259867925190053,0.3495858285503507,0.08851691472807635,2.189342524802397
capacity,9102,sine,0.2,intermittent,L4 failure,1.0602861352595674,1.6042418526170388,0.2872573018930179,8.02388729484275
capacity,9102,sine,0.2,intermittent,L4 slip,0.5972646990158237,0.7407142274966573,0.030553818090093464,4.08125568201596
capacity,9102,sine,0.2,delayed,intact,0.3809147015090071,0.276663498872301,0.10131908856689131,1.6997872832732548
capacity,9102,sine,0.2,delayed,L4 failure,0.7871874457866499,1.1147090869156835,0.07870631854722505,5.828234758917465
capacity,9102,sine,0.2,delayed,L4 slip,0.4475117107414768,0.41109982863062167,0.07447496615832472,2.5020320758522376
capacity,9102,sine,0.2,noisy,intact,0.3738376242421789,0.2639802879953361,0.07727838167863736,1.6358636356773815
capacity,9102,sine,0.2,noisy,L4 failure,0.7671097830776638,1.080182953268942,0.084711648239828,5.651571750522382
capacity,9102,sine,0.2,noisy,L4 slip,0.43976497692445926,0.39833964432026225,0.0533933457749747,2.4239568317676183
capacity,9102,sine,0.2,stuck,intact,0.41146687604305526,0.37071828050921096,0.19951322889784823,2.0604163832081293
capacity,9102,sine,0.2,stuck,L4 failure,0.7774513384315677,1.099540951140224,0.13280300623043878,5.743485204359411
capacity,9102,sine,0.2,stuck,L4 slip,0.44911732047305053,0.4294424121602846,0.13430350411430989,2.5497665872791355
capacity,9102,sine,0.4,always,intact,0.3759852725267262,0.2814610512272565,0.04016875566408425,1.8150415321377389
capacity,9102,sine,0.4,always,L4 failure,0.6753966253335365,0.9042871261763912,0.06104138426880268,4.883241637282261
capacity,9102,sine,0.4,always,L4 slip,0.4166365541897616,0.3489660964846672,0.027435007400337868,2.2211447816926913
capacity,9102,sine,0.4,dropout,intact,0.4904456361978108,0.5818944577969531,0.18120685521947844,3.027887921110266
capacity,9102,sine,0.4,dropout,L4 failure,0.7060950294536609,0.9644710022369095,0.2697189691444664,5.111387783491513
capacity,9102,sine,0.4,dropout,L4 slip,0.44947576078323487,0.4498367734361226,0.07709013817066299,2.626208683254127
capacity,9102,sine,0.4,intermittent,intact,0.38124761675695834,0.25451028554635113,0.11030781145326254,1.6732442245890462
capacity,9102,sine,0.4,intermittent,L4 failure,0.9078452343363466,1.3332766022534597,0.14131581593855888,6.823004337018823
capacity,9102,sine,0.4,intermittent,L4 slip,0.49857783114821225,0.5257349663793518,0.061898380984700664,3.0727350608939403
capacity,9102,sine,0.4,delayed,intact,0.3944779007279678,0.3346957139714849,0.05262810271705256,2.0507595041043274
capacity,9102,sine,0.4,delayed,L4 failure,0.6759155529495463,0.9007779786127161,0.0602772410519327,4.880216903303207
capacity,9102,sine,0.4,delayed,L4 slip,0.4274017098170646,0.3711540090260693,0.03388649543193138,2.330139367998244
capacity,9102,sine,0.4,noisy,intact,0.3837896180673396,0.2825490140565761,0.05490965662574632,1.873354717402393
capacity,9102,sine,0.4,noisy,L4 failure,0.6796556848245731,0.9068227811356486,0.07611381474859842,4.909116138069166
capacity,9102,sine,0.4,noisy,L4 slip,0.42883990458026516,0.36422645040190893,0.040837769175651496,2.3305664820447105
capacity,9102,sine,0.4,stuck,intact,0.4570489150831092,0.5093467889643442,0.13190651267483983,2.732752637584161
capacity,9102,sine,0.4,stuck,L4 failure,0.6714640021003582,0.8962867189753269,0.04980420847384377,4.855375745113602
capacity,9102,sine,0.4,stuck,L4 slip,0.46438444768013976,0.4882734289764466,0.10917316748649623,2.7823783569262397
capacity,9102,sine,1.0,always,intact,0.3617778616406061,0.1418594394283778,0.12550381971740396,1.4208729539505602
capacity,9102,sine,1.0,always,L4 failure,0.6612741756063876,0.864876107540178,0.10397747637810281,4.78499541595657
capacity,9102,sine,1.0,always,L4 slip,0.41206005257734934,0.3010764490102119,0.11401541813731031,2.1619981057756212
capacity,9102,sine,1.0,dropout,intact,0.5370277657053248,0.673314036402239,0.15463199147476125,3.6155483831346
capacity,9102,sine,1.0,dropout,L4 failure,0.6510285990368223,0.8426469291367258,0.23359099924989715,4.703456940688048
capacity,9102,sine,1.0,dropout,L4 slip,0.5063315295937698,0.5773740868517596,0.07137794258512611,3.314922125292263
capacity,9102,sine,1.0,intermittent,intact,0.3928335223622562,0.309625720876629,0.0208151795059913,1.9522826517156482
capacity,9102,sine,1.0,intermittent,L4 failure,0.7634303498229369,1.0543107330205927,0.05986686525537928,5.636965040534998
capacity,9102,sine,1.0,intermittent,L4 slip,0.4547766623772001,0.42195464259770776,0.019930152555449672,2.602538646580106
capacity,9102,sine,1.0,delayed,intact,0.3816359558146013,0.17858885581282155,0.17497432304700883,1.664001469932655
capacity,9102,sine,1.0,delayed,L4 failure,0.6607299026385528,0.8554920304019848,0.12804304494476995,4.77045130007553
capacity,9102,sine,1.0,delayed,L4 slip,0.4247731503009698,0.30515607652226484,0.1542452612406369,2.2571391161576653
capacity,9102,sine,1.0,noisy,intact,0.4106997314002467,0.2410907384611427,0.15046777696300503,1.947807025192579
capacity,9102,sine,1.0,noisy,L4 failure,0.7306259169509024,0.9675199077311987,0.12425850291883152,5.338654442938451
capacity,9102,sine,1.0,noisy,L4 slip,0.4913884690904886,0.4478601214996193,0.13410869877724957,2.9301899428666753
capacity,9102,sine,1.0,stuck,intact,0.38379155631065415,0.23672917292874204,0.31329717898408604,1.8108657894174365
capacity,9102,sine,1.0,stuck,L4 failure,0.6503776690622297,0.8413775522076369,0.22402507421438872,4.699484391136332
capacity,9102,sine,1.0,stuck,L4 slip,0.4235394382688454,0.33795391071874736,0.28619539731169585,2.316095417766259
capacity,9102,chirp,0.0,always,intact,0.7801073785230077,1.0688444434813804,0.06779099195669236,5.839117469888468
capacity,9102,chirp,0.0,always,L4 failure,1.5318680879306232,2.376994549981535,0.583189893758352,11.760147562444107
capacity,9102,chirp,0.0,always,L4 slip,1.0147852139982751,1.486334247955624,0.2004991758690569,7.78999476827807
capacity,9102,chirp,0.0,dropout,intact,0.7801073785230077,1.0688444434813804,0.06779099195669236,5.839117469888468
capacity,9102,chirp,0.0,dropout,L4 failure,1.5318680879306232,2.376994549981535,0.583189893758352,11.760147562444107
capacity,9102,chirp,0.0,dropout,L4 slip,1.0147852139982751,1.486334247955624,0.2004991758690569,7.78999476827807
capacity,9102,chirp,0.0,intermittent,intact,0.7801073785230077,1.0688444434813804,0.06779099195669236,5.839117469888468
capacity,9102,chirp,0.0,intermittent,L4 failure,1.5318680879306232,2.376994549981535,0.583189893758352,11.760147562444107
capacity,9102,chirp,0.0,intermittent,L4 slip,1.0147852139982751,1.486334247955624,0.2004991758690569,7.78999476827807
capacity,9102,chirp,0.0,delayed,intact,0.7801073785230077,1.0688444434813804,0.06779099195669236,5.839117469888468
capacity,9102,chirp,0.0,delayed,L4 failure,1.5318680879306232,2.376994549981535,0.583189893758352,11.760147562444107
capacity,9102,chirp,0.0,delayed,L4 slip,1.0147852139982751,1.486334247955624,0.2004991758690569,7.78999476827807
capacity,9102,chirp,0.0,noisy,intact,0.7801073785230077,1.0688444434813804,0.06779099195669236,5.839117469888468
capacity,9102,chirp,0.0,noisy,L4 failure,1.5318680879306232,2.376994549981535,0.583189893758352,11.760147562444107
capacity,9102,chirp,0.0,noisy,L4 slip,1.0147852139982751,1.486334247955624,0.2004991758690569,7.78999476827807
capacity,9102,chirp,0.0,stuck,intact,0.7801073785230077,1.0688444434813804,0.06779099195669236,5.839117469888468
capacity,9102,chirp,0.0,stuck,L4 failure,1.5318680879306232,2.376994549981535,0.583189893758352,11.760147562444107
capacity,9102,chirp,0.0,stuck,L4 slip,1.0147852139982751,1.486334247955624,0.2004991758690569,7.78999476827807
capacity,9102,chirp,0.025,always,intact,0.6858543045997367,0.8834518902990454,0.02613267375403574,5.000037476298189
capacity,9102,chirp,0.025,always,L4 failure,1.3987476426579843,2.154306655871852,0.47030361042434904,10.78195169097708
capacity,9102,chirp,0.025,always,L4 slip,0.9004641278258322,1.2792441991865844,0.10847096300490189,6.862532163406655
capacity,9102,chirp,0.025,dropout,intact,0.7124486867938552,0.9420218634256511,0.04355235818856498,5.238331176596226
capacity,9102,chirp,0.025,dropout,L4 failure,1.4549501868976105,2.24786445405131,0.5531771449577132,11.16022806403472
capacity,9102,chirp,0.025,dropout,L4 slip,0.9392480266855947,1.3533073425112043,0.17288675166512993,7.163152758022725
capacity,9102,chirp,0.025,intermittent,intact,0.7467350345616821,1.004354249190742,0.043923122105445835,5.5483521766036965
capacity,9102,chirp,0.025,intermittent,L4 failure,1.4870837764514293,2.302190829992534,0.5452292860997764,11.432428304322508
capacity,9102,chirp,0.025,intermittent,L4 slip,0.9753657285130642,1.415547724791335,0.16783470815984716,7.474808989992119
capacity,9102,chirp,0.025,delayed,intact,0.692855960920967,0.8963688621141624,0.02689107631902904,5.0636789711906935
capacity,9102,chirp,0.025,delayed,L4 failure,1.4096169719961171,2.1724838283806998,0.47512844572739005,10.866527482463338
capacity,9102,chirp,0.025,delayed,L4 slip,0.9093843722224676,1.294842314177987,0.11212309730708048,6.937579266633577
capacity,9102,chirp,0.025,noisy,intact,0.6823749772923617,0.877119836799561,0.026039952329795203,4.967751769657659
capacity,9102,chirp,0.025,noisy,L4 failure,1.3963918548073853,2.1503324306553915,0.4729748134724348,10.759944182544533
capacity,9102,chirp,0.025,noisy,L4 slip,0.8977468361292806,1.2746159407150586,0.10905812995247777,6.838566289354944
capacity,9102,chirp,0.025,stuck,intact,0.6872294027598481,0.8865813023191962,0.02586910169058592,5.012548393671138
capacity,9102,chirp,0.025,stuck,L4 failure,1.412040417428611,2.1760958622570206,0.4950159586732174,10.869354391442037
capacity,9102,chirp,0.025,stuck,L4 slip,0.9062938583908573,1.2903949958479444,0.1241987197653854,6.907284208301161
capacity,9102,chirp,0.05,always,intact,0.6120971147683438,0.7286262137626169,0.05942947973153802,4.292616234490575
capacity,9102,chirp,0.05,always,L4 failure,1.2814835279374304,1.9557469802769283,0.3639331159922983,9.90911413999491
capacity,9102,chirp,0.05,always,L4 slip,0.807368027267378,1.1043778694909236,0.04468087509370365,6.0734752635570235
capacity,9102,chirp,0.05,dropout,intact,0.6524738364536777,0.8256967853109819,0.028291988105239464,4.687910859011388
capacity,9102,chirp,0.05,dropout,L4 failure,1.3837883475748884,2.1279626947729495,0.5251696850839738,10.604557159413899
capacity,9102,chirp,0.05,dropout,L4 slip,0.8706922006329874,1.2307307594353312,0.14725637452858614,6.586504963735365
capacity,9102,chirp,0.05,intermittent,intact,0.7159293109600618,0.9436388884342151,0.03142410568743453,5.2739049125205675
capacity,9102,chirp,0.05,intermittent,L4 failure,1.4442080884311395,2.2303270711076726,0.5082335058245937,11.117629575763365
capacity,9102,chirp,0.05,intermittent,L4 slip,0.9386013644366297,1.3487741576667123,0.13726400906292394,7.1768717836609115
capacity,9102,chirp,0.05,delayed,intact,0.6228068457772454,0.7487922377682593,0.057875997674355396,4.394670417976179
capacity,9102,chirp,0.05,delayed,L4 failure,1.3004004836099181,1.9875489762674818,0.37268631865242247,10.05762513739589
capacity,9102,chirp,0.05,delayed,L4 slip,0.8214836341681369,1.1293632911664302,0.04738992522829548,6.1961085802887865
capacity,9102,chirp,0.05,noisy,intact,0.6062847482185586,0.7176677406584991,0.059015986011719035,4.235774569909919
capacity,9102,chirp,0.05,noisy,L4 failure,1.2770824034783466,1.9484063410347026,0.36937898817548553,9.868365582608739
capacity,9102,chirp,0.05,noisy,L4 slip,0.8027392512391514,1.0964173851510721,0.04508573441043394,6.031583976063216
capacity,9102,chirp,0.05,stuck,intact,0.61169082442826,0.7276152290801091,0.060385088592087,4.288449612160311
capacity,9102,chirp,0.05,stuck,L4 failure,1.3050206136311735,1.9949752396931983,0.41391001210715894,10.066328617740163
capacity,9102,chirp,0.05,stuck,L4 slip,0.8135937807270023,1.1171609181162263,0.05543456635465965,6.124787498138199
capacity,9102,chirp,0.1,always,intact,0.515248651790594,0.5066886497731449,0.12679980248143666,3.2548734323021167
capacity,9102,chirp,0.1,always,L4 failure,1.0995669168997246,1.6408865191826945,0.18396177443891298,8.516349519677046
capacity,9102,chirp,0.1,always,L4 slip,0.6745547716554519,0.8414824470689547,0.060135001327155414,4.86902023498329
capacity,9102,chirp,0.1,dropout,intact,0.5551178025980015,0.624168770871408,0.02963261764633198,3.735107902282237
capacity,9102,chirp,0.1,dropout,L4 failure,1.2576979943580355,1.9142608883261722,0.4747299315046513,9.617902215705504
capacity,9102,chirp,0.1,dropout,L4 slip,0.7536374445494128,1.0156478784154284,0.10149594002444781,5.576931736483591
capacity,9102,chirp,0.1,intermittent,intact,0.6615538716018592,0.8330838536369469,0.0322449303240402,4.772095940187121
capacity,9102,chirp,0.1,intermittent,L4 failure,1.364701687645497,2.09631461048854,0.43767662971011967,10.530306415137384
capacity,9102,chirp,0.1,intermittent,L4 slip,0.8726776113682259,1.2269217219831465,0.08340789526347912,6.631310101534126
capacity,9102,chirp,0.1,delayed,intact,0.5274957013088738,0.5290710305603777,0.1307254179951313,3.378090853442749
capacity,9102,chirp,0.1,delayed,L4 failure,1.1258044860235772,1.6853804407000332,0.19551995802737313,8.72843705345812
capacity,9102,chirp,0.1,delayed,L4 slip,0.6917572384521009,0.8717950067508614,0.06071869150771705,5.026374658806987
capacity,9102,chirp,0.1,noisy,intact,0.5076616067673042,0.49176794067447,0.12377071347131605,3.1730256926842424
capacity,9102,chirp,0.1,noisy,L4 failure,1.0906885128623456,1.6262458035146756,0.19159537244256142,8.438337494101104
capacity,9102,chirp,0.1,noisy,L4 slip,0.6683469432186221,0.8307564859487069,0.056682298525266364,4.8095796413721095
capacity,9102,chirp,0.1,stuck,intact,0.511871290249333,0.4952162334583573,0.16106513336508593,3.2084107350833166
capacity,9102,chirp,0.1,stuck,L4 failure,1.1279642002856147,1.6903442077655018,0.2717727839277244,8.714275810802034
capacity,9102,chirp,0.1,stuck,L4 slip,0.6744584594584588,0.8412481169345345,0.06112107271298419,4.868097700824499
capacity,9102,chirp,0.2,always,intact,0.44618486459786594,0.37206970996712696,0.1546076687593426,2.508198208304161
capacity,9102,chirp,0.2,always,L4 failure,0.8985539802688794,1.2809907930054483,0.04287442953512068,6.887787374634279
capacity,9102,chirp,0.2,always,L4 slip,0.5509865728921942,0.5884876926601172,0.12620226063745665,3.6411476147282813
capacity,9102,chirp,0.2,dropout,intact,0.4449059542250425,0.36150097699791195,0.08825448696222656,2.4745931374457566
capacity,9102,chirp,0.2,dropout,L4 failure,1.0627898300325431,1.5796021546074823,0.39321751428553214,8.084576978297378
capacity,9102,chirp,0.2,dropout,L4 slip,0.5927859202555964,0.6988884006795982,0.03543709219135403,4.0930121264496595
capacity,9102,chirp,0.2,intermittent,intact,0.5785269280859133,0.6530941150673216,0.08674896238078,3.9467399127253744
capacity,9102,chirp,0.2,intermittent,L4 failure,1.2306373670489306,1.8675206295175435,0.3100299868841342,9.525677257806432
capacity,9102,chirp,0.2,intermittent,L4 slip,0.7678511572506433,1.0261854220471507,0.033675180338444924,5.725711156697732
capacity,9102,chirp,0.2,delayed,intact,0.4574419852834754,0.38935473613414173,0.1712844724523234,2.6170271628966697
capacity,9102,chirp,0.2,delayed,L4 failure,0.9211817320864056,1.318229565719952,0.047271082410795605,7.079859602028254
capacity,9102,chirp,0.2,delayed,L4 slip,0.5650933293745425,0.609501241282288,0.14042942708237435,3.7692955920762423
capacity,9102,chirp,0.2,noisy,intact,0.44090189285440035,0.3653222575391191,0.14420848632847263,2.4534864745209966
capacity,9102,chirp,0.2,noisy,L4 failure,0.8883859092139555,1.2645877774326746,0.04696255914644081,6.795860008410599
capacity,9102,chirp,0.2,noisy,L4 slip,0.547023717442591,0.5827520144795872,0.11606276795059131,3.5997369524525116
capacity,9102,chirp,0.2,stuck,intact,0.4744984962504702,0.46089295344998166,0.29406015806172126,2.86195281008982
capacity,9102,chirp,0.2,stuck,L4 failure,0.9044009030445003,1.2921568033402937,0.05846497596798513,6.932227236446508
capacity,9102,chirp,0.2,stuck,L4 slip,0.5557694229320952,0.6024499052881978,0.2212200270128201,3.696542891653654
capacity,9102,chirp,0.4,always,intact,0.4313276492772266,0.4048212113319957,0.0835072814772411,2.4790328174095047
capacity,9102,chirp,0.4,always,L4 failure,0.7686938749083265,1.0489013178071283,0.0471342480476463,5.776029469547429
capacity,9102,chirp,0.4,always,L4 slip,0.4993841684516337,0.5166002231366009,0.08063594819296993,3.1643049588525027
capacity,9102,chirp,0.4,dropout,intact,0.4423042784953676,0.43412161889437356,0.16628135348435086,2.592051881345943
capacity,9102,chirp,0.4,dropout,L4 failure,0.8417422571632818,1.1895415664182807,0.28758931067685223,6.323493816380972
capacity,9102,chirp,0.4,dropout,L4 slip,0.48641651987890644,0.4781760947180225,0.06055215023234624,3.0083261898284785
capacity,9102,chirp,0.4,intermittent,intact,0.49033277584790275,0.4489781080982108,0.14770076109505995,2.9698192558651693
capacity,9102,chirp,0.4,intermittent,L4 failure,1.0538439783989106,1.5577641106348896,0.11775460901149033,8.154671809097932
capacity,9102,chirp,0.4,intermittent,L4 slip,0.641272817156047,0.7695224344540278,0.09583863683348434,4.543510383343672
capacity,9102,chirp,0.4,delayed,intact,0.4507000779666416,0.4474994206878128,0.10008950804473318,2.6783297894971705
capacity,9102,chirp,0.4,delayed,L4 failure,0.7817869700055943,1.067237730785248,0.05945073414588916,5.885278617068618
capacity,9102,chirp,0.4,delayed,L4 slip,0.515205837022704,0.5448498545397724,0.09682250969205716,3.311086727880701
capacity,9102,chirp,0.4,noisy,intact,0.4307991368517981,0.40110048289099376,0.06427083177221601,2.465244523573821
capacity,9102,chirp,0.4,noisy,L4 failure,0.7668930801777858,1.0464871749885034,0.038343461729508456,5.753502442644887
capacity,9102,chirp,0.4,noisy,L4 slip,0.5049308098056298,0.5248409917979544,0.06309980340674917,3.2088736249541783
capacity,9102,chirp,0.4,stuck,intact,0.5713909720017613,0.717798767715912,0.3764648764235235,3.7311581355226298
capacity,9102,chirp,0.4,stuck,L4 failure,0.7797827702586004,1.0713323660121077,0.161632482770649,5.868850531019139
capacity,9102,chirp,0.4,stuck,L4 slip,0.5911746861048213,0.7315336221670954,0.34122437204121364,4.025061318073666
capacity,9102,chirp,1.0,always,intact,0.38741100243568843,0.2698015258521062,0.09419231661743735,1.9479638191484974
capacity,9102,chirp,1.0,always,L4 failure,0.7110644916020595,0.9536075291634891,0.03598073180993663,5.29927539491826
capacity,9102,chirp,1.0,always,L4 slip,0.4584110675803797,0.43451488141552436,0.07116825089587604,2.7928445551462984
capacity,9102,chirp,1.0,dropout,intact,0.5609505844803037,0.7356277341590134,0.21424754861056822,3.8258015613895995
capacity,9102,chirp,1.0,dropout,L4 failure,0.7002289807245664,0.9317542855098413,0.18303895740608672,5.1944283841533725
capacity,9102,chirp,1.0,dropout,L4 slip,0.541066640827805,0.6571063981611909,0.12357623277374212,3.6874204470147265
capacity,9102,chirp,1.0,intermittent,intact,0.46171761881646334,0.4463447475860457,0.1082705367729198,2.770812907075014
capacity,9102,chirp,1.0,intermittent,L4 failure,0.8841317824152576,1.247275922359603,0.04830307942906222,6.768416957810212
capacity,9102,chirp,1.0,intermittent,L4 slip,0.5577019551526367,0.613100225062229,0.10483888555726562,3.731422587156459
capacity,9102,chirp,1.0,delayed,intact,0.40299874444168704,0.293490235717081,0.12945049268499784,2.0945328350914765
capacity,9102,chirp,1.0,delayed,L4 failure,0.719504287539784,0.9638448281700406,0.055338146101223694,5.365682807425146
capacity,9102,chirp,1.0,delayed,L4 slip,0.47282468201402633,0.45481857110623986,0.09789184853855551,2.9201862320143444
capacity,9102,chirp,1.0,noisy,intact,0.4293444860590113,0.33973859606818324,0.0825420446547179,2.3523899767057523
capacity,9102,chirp,1.0,noisy,L4 failure,0.7711430433211529,1.0468351081296168,0.040071278395416327,5.789027583198004
capacity,9102,chirp,1.0,noisy,L4 slip,0.532600166243435,0.5605017315471232,0.05691435820266899,3.4741185978420805
capacity,9102,chirp,1.0,stuck,intact,0.5292285801356538,0.6715212405990633,0.1706107075532727,3.565312153120671
capacity,9102,chirp,1.0,stuck,L4 failure,0.7784086718773388,1.089900903357902,0.1796818897511308,5.861406003881403
capacity,9102,chirp,1.0,stuck,L4 slip,0.5748625579416458,0.7309982121506591,0.17981339739225038,3.987509859987978
capacity,9103,straight,0.0,always,intact,0.4831227771636679,0.43614399825642475,0.015697400466808564,2.720906715148629
capacity,9103,straight,0.0,always,L4 failure,0.6600246582071783,0.8425745154989583,0.14008667891380364,4.570815459950629
capacity,9103,straight,0.0,always,L4 slip,0.5179454146294745,0.522261849397004,0.012073432639650092,3.1294046505683597
capacity,9103,straight,0.0,dropout,intact,0.4831227771636679,0.43614399825642475,0.015697400466808564,2.720906715148629
capacity,9103,straight,0.0,dropout,L4 failure,0.6600246582071783,0.8425745154989583,0.14008667891380364,4.570815459950629
capacity,9103,straight,0.0,dropout,L4 slip,0.5179454146294745,0.522261849397004,0.012073432639650092,3.1294046505683597
capacity,9103,straight,0.0,intermittent,intact,0.4831227771636679,0.43614399825642475,0.015697400466808564,2.720906715148629
capacity,9103,straight,0.0,intermittent,L4 failure,0.6600246582071783,0.8425745154989583,0.14008667891380364,4.570815459950629
capacity,9103,straight,0.0,intermittent,L4 slip,0.5179454146294745,0.522261849397004,0.012073432639650092,3.1294046505683597
capacity,9103,straight,0.0,delayed,intact,0.4831227771636679,0.43614399825642475,0.015697400466808564,2.720906715148629
capacity,9103,straight,0.0,delayed,L4 failure,0.6600246582071783,0.8425745154989583,0.14008667891380364,4.570815459950629
capacity,9103,straight,0.0,delayed,L4 slip,0.5179454146294745,0.522261849397004,0.012073432639650092,3.1294046505683597
capacity,9103,straight,0.0,noisy,intact,0.4831227771636679,0.43614399825642475,0.015697400466808564,2.720906715148629
capacity,9103,straight,0.0,noisy,L4 failure,0.6600246582071783,0.8425745154989583,0.14008667891380364,4.570815459950629
capacity,9103,straight,0.0,noisy,L4 slip,0.5179454146294745,0.522261849397004,0.012073432639650092,3.1294046505683597
capacity,9103,straight,0.0,stuck,intact,0.4831227771636679,0.43614399825642475,0.015697400466808564,2.720906715148629
capacity,9103,straight,0.0,stuck,L4 failure,0.6600246582071783,0.8425745154989583,0.14008667891380364,4.570815459950629
capacity,9103,straight,0.0,stuck,L4 slip,0.5179454146294745,0.522261849397004,0.012073432639650092,3.1294046505683597
capacity,9103,straight,0.025,always,intact,0.45924899798327884,0.35772600618739564,0.04320982721947481,2.3734123391367836
capacity,9103,straight,0.025,always,L4 failure,0.6194249577075123,0.7561995125596377,0.09525179657563879,4.1930816355372755
capacity,9103,straight,0.025,always,L4 slip,0.48939874987931975,0.4405417753251809,0.020968444410706298,2.7679999104433453
capacity,9103,straight,0.025,dropout,intact,0.46252770255477155,0.37220234570274835,0.028016832419004056,2.430451093792916
capacity,9103,straight,0.025,dropout,L4 failure,0.6294132136317095,0.7785028428974762,0.12455589184785162,4.280772908542147
capacity,9103,straight,0.025,dropout,L4 slip,0.4941366157083447,0.45723040314403196,0.007678986443637908,2.8338747023254145
capacity,9103,straight,0.025,intermittent,intact,0.4742102181375603,0.40815769513894906,0.024993001632409147,2.597460383348647
capacity,9103,straight,0.025,intermittent,L4 failure,0.6460769868433756,0.8132300664859576,0.12408822639971576,4.443633683379147
capacity,9103,straight,0.025,intermittent,L4 slip,0.5077666138751209,0.49385551481034773,0.00922042549673061,3.005214273713612
capacity,9103,straight,0.025,delayed,intact,0.46084756115308406,0.36253521434665925,0.04272557623218295,2.3966870630010306
capacity,9103,straight,0.025,delayed,L4 failure,0.6222096573588679,0.7620223747008765,0.09707056042189813,4.220112261443032
capacity,9103,straight,0.025,delayed,L4 slip,0.4913079215036751,0.44567852383148965,0.0203131533513195,2.792626845786553
capacity,9103,straight,0.025,noisy,intact,0.45787698758791245,0.3530814297698588,0.043368377449465444,2.351556170289819
capacity,9103,straight,0.025,noisy,L4 failure,0.617280604571294,0.7515698935251791,0.09510591977608221,4.171237157916846
capacity,9103,straight,0.025,noisy,L4 slip,0.48863280732950515,0.43800557559230996,0.020568110213688994,2.7562316668397764
capacity,9103,straight,0.025,stuck,intact,0.4593111185916326,0.35800477756701155,0.04351339447137711,2.3745080981672806
capacity,9103,straight,0.025,stuck,L4 failure,0.6211723997817599,0.7600480196139768,0.10399308891151424,4.208309194566633
capacity,9103,straight,0.025,stuck,L4 slip,0.4896654174541794,0.44151398009220094,0.019706255851557435,2.771853522256232
capacity,9103,straight,0.05,always,intact,0.44433125616697666,0.3013473568033015,0.06406957453354423,2.1204336041285035
capacity,9103,straight,0.05,always,L4 failure,0.5893271949933733,0.6886490963931428,0.060447082196517773,3.8962891484282425
capacity,9103,straight,0.05,always,L4 slip,0.4704198154720295,0.3795124182677628,0.044734900060391436,2.4956288570888137
capacity,9103,straight,0.05,dropout,intact,0.44733269474429077,0.3185231940518977,0.040275655188371416,2.1870995951951584
capacity,9103,straight,0.05,dropout,L4 failure,0.6037749071035649,0.7228810820945318,0.11059342169602011,4.029956499285932
capacity,9103,straight,0.05,dropout,L4 slip,0.4757120731677163,0.40179154946522855,0.015507521450026046,2.5826715366535744
capacity,9103,straight,0.05,intermittent,intact,0.466452385993474,0.38244136298275005,0.03463491080158698,2.483832324868404
capacity,9103,straight,0.05,intermittent,L4 failure,0.6334018989650486,0.7860593621267506,0.10927790359564474,4.325795967766932
capacity,9103,straight,0.05,intermittent,L4 slip,0.49877709592112135,0.4676742136840867,0.01357900621766756,2.890626197996538
capacity,9103,straight,0.05,delayed,intact,0.4464331534134222,0.30788702746273644,0.06416859127973136,2.1533784167862087
capacity,9103,straight,0.05,delayed,L4 failure,0.59330786477286,0.6972252955565944,0.06261119429524388,3.936849056282634
capacity,9103,straight,0.05,delayed,L4 slip,0.47299614898815734,0.38675784358928905,0.04444418003430435,2.5314711453942724
capacity,9103,straight,0.05,noisy,intact,0.44251372843278713,0.29430871858443414,0.06384907729843921,2.0867925240491307
capacity,9103,straight,0.05,noisy,L4 failure,0.5859587488226323,0.6809835379907263,0.06077728680557104,3.8599282001682003
capacity,9103,straight,0.05,noisy,L4 slip,0.4696321309267723,0.37616740729431697,0.04353629538080835,2.4800488915551004
capacity,9103,straight,0.05,stuck,intact,0.4443684307678943,0.30152305490881864,0.06810135956969843,2.121138006457364
capacity,9103,straight,0.05,stuck,L4 failure,0.5911941782224844,0.6930768625972122,0.07312364539413105,3.9137046659649246
capacity,9103,straight,0.05,stuck,L4 slip,0.47052413108641383,0.37996466360258696,0.04587660323763353,2.497399808044902
capacity,9103,straight,0.1,always,intact,0.431758807430124,0.257156537757871,0.0871634031537695,1.9044536136895087
capacity,9103,straight,0.1,always,L4 failure,0.5518918268685623,0.5989445111304167,0.01455303498438416,3.4981464673913636
capacity,9103,straight,0.1,always,L4 slip,0.4516326392321203,0.3149558908507437,0.07254679716115905,2.196393941929838
capacity,9103,straight,0.1,dropout,intact,0.43023348129867817,0.2491311649739288,0.061072658379229885,1.8678371839259187
capacity,9103,straight,0.1,dropout,L4 failure,0.5653975894671719,0.6349392970232947,0.0869237596272237,3.635409150466576
capacity,9103,straight,0.1,dropout,L4 slip,0.4524153415667382,0.3215083604108427,0.037124474270809435,2.217946861464654
capacity,9103,straight,0.1,intermittent,intact,0.4540240246326273,0.3379607578851037,0.05123993245530549,2.286491482178467
capacity,9103,straight,0.1,intermittent,L4 failure,0.6115404779453212,0.7378911518538607,0.08297073241076296,4.116652969089282
capacity,9103,straight,0.1,intermittent,L4 slip,0.4840051608293989,0.4219074394281144,0.030154143921916676,2.689828216228409
capacity,9103,straight,0.1,delayed,intact,0.43376460884399787,0.2622499366719131,0.09010054651400771,1.93448001982606
capacity,9103,straight,0.1,delayed,L4 failure,0.5558200667506664,0.6075466505136748,0.014909820546135632,3.541298379627604
capacity,9103,straight,0.1,delayed,L4 slip,0.45408727056624476,0.32132640894740677,0.07496299114385407,2.2316228078231917
capacity,9103,straight,0.1,noisy,intact,0.4307771999314288,0.25331479545037083,0.08494770222569374,1.8822376521052715
capacity,9103,straight,0.1,noisy,L4 failure,0.5481006223584118,0.5892857863323815,0.017216565671755762,3.4517373178870674
capacity,9103,straight,0.1,noisy,L4 slip,0.45222539475161944,0.3147290016921411,0.06882259733348488,2.1950581940698006
capacity,9103,straight,0.1,stuck,intact,0.43355205076142106,0.26862160569009796,0.10532211047169923,1.9505501214708953
capacity,9103,straight,0.1,stuck,L4 failure,0.5524720643247875,0.6005503427420045,0.025142125931608243,3.5042045125710146
capacity,9103,straight,0.1,stuck,L4 slip,0.4526354768752919,0.32027114819909563,0.08597693759900733,2.217784413781657
capacity,9103,straight,0.2,always,intact,0.4332792411315841,0.2809197237420329,0.08689672107304165,1.9628797201508192
capacity,9103,straight,0.2,always,L4 failure,0.5247399954460468,0.5285053008727386,0.017144994797452174,3.1751953814373453
capacity,9103,straight,0.2,always,L4 slip,0.4467945633621025,0.3087293607747193,0.07857672937290446,2.1310692469924057
capacity,9103,straight,0.2,dropout,intact,0.4292043354154647,0.26334375665447274,0.09019822779000972,1.8858270996771809
capacity,9103,straight,0.2,dropout,L4 failure,0.5261926486285613,0.5352461180905597,0.05375884775635468,3.191172235876568
capacity,9103,straight,0.2,dropout,L4 slip,0.4415866876540756,0.2865172471683059,0.06761001622659461,2.0347815931651967
capacity,9103,straight,0.2,intermittent,intact,0.43902312991666037,0.2790625435500849,0.07502673378893558,2.0197151978500005
capacity,9103,straight,0.2,intermittent,L4 failure,0.5795449668410566,0.6636455655986605,0.041985071556518073,3.7933363924702324
capacity,9103,straight,0.2,intermittent,L4 slip,0.46488378495088645,0.35631784216695156,0.05793731435761159,2.39919488827852
capacity,9103,straight,0.2,delayed,intact,0.43635361849417675,0.29061776325713773,0.09570898038346203,2.0128973662665186
capacity,9103,straight,0.2,delayed,L4 failure,0.5269328328511255,0.5326072835194845,0.022068656341882684,3.2007308460605866
capacity,9103,straight,0.2,delayed,L4 slip,0.44968401515187684,0.31715907518346736,0.08688868871525288,2.175847284288505
capacity,9103,straight,0.2,noisy,intact,0.4358801289270837,0.28584569756464867,0.07794187893240201,1.982536152499516
capacity,9103,straight,0.2,noisy,L4 failure,0.5240897537209647,0.5238577311663533,0.007095018348833693,3.1532384871449173
capacity,9103,straight,0.2,noisy,L4 slip,0.45197683230557145,0.31749932153248567,0.06803436664291877,2.1782352429908713
capacity,9103,straight,0.2,stuck,intact,0.44580113590298737,0.33357301597061084,0.14220581538947732,2.174938427935389
capacity,9103,straight,0.2,stuck,L4 failure,0.5258041155238412,0.5316091994829868,0.02770382131365461,3.18786459502986
capacity,9103,straight,0.2,stuck,L4 slip,0.45672612947996866,0.3509730260154323,0.12723588585460813,2.301213390439636
capacity,9103,straight,0.4,always,intact,0.4368404363262043,0.28890507225836365,0.03643466166499058,1.9810366297562751
capacity,9103,straight,0.4,always,L4 failure,0.5175004787100767,0.5043987567581537,0.01461126554455916,3.0573833624625513
capacity,9103,straight,0.4,always,L4 slip,0.4481348103836518,0.3088805589441388,0.03359591655677341,2.1131205637235384
capacity,9103,straight,0.4,dropout,intact,0.4593317272215036,0.37732870287654696,0.11428584198458218,2.336263509260134
capacity,9103,straight,0.4,dropout,L4 failure,0.5138799059579184,0.4952339951568542,0.026302978292435275,3.0128153232214636
capacity,9103,straight,0.4,dropout,L4 slip,0.4630602404600635,0.37104542509920674,0.0936064912667461,2.3609187364181636
capacity,9103,straight,0.4,intermittent,intact,0.43213955687487904,0.2639050261310979,0.0938066465668568,1.921129382880247
capacity,9103,straight,0.4,intermittent,L4 failure,0.5471220715499779,0.5816243835143523,0.006832646104644247,3.4332584555030494
capacity,9103,straight,0.4,intermittent,L4 slip,0.45225590325581533,0.31298658939491963,0.08316935734560342,2.19184763486656
capacity,9103,straight,0.4,delayed,intact,0.4441756945701405,0.3149705139467669,0.04353053622541494,2.1021520913099114
capacity,9103,straight,0.4,delayed,L4 failure,0.5191031296833302,0.506472578731873,0.018391916150737046,3.075208660940305
capacity,9103,straight,0.4,delayed,L4 slip,0.45436319708116596,0.3301726235521184,0.04038321571988624,2.213487729825026
capacity,9103,straight,0.4,noisy,intact,0.44545626922418896,0.29222485270843096,0.029736240393867564,2.024121583337386
capacity,9103,straight,0.4,noisy,L4 failure,0.5280168359540145,0.5179574869695868,0.02679890875087988,3.135417647982747
capacity,9103,straight,0.4,noisy,L4 slip,0.46360183122692056,0.3274502809573975,0.02465603410510177,2.2408234401637848
capacity,9103,straight,0.4,stuck,intact,0.46611058184401544,0.39920218651904527,0.12842526126110773,2.426563670887793
capacity,9103,straight,0.4,stuck,L4 failure,0.524322874329113,0.5245556305331878,0.033405543155706326,3.140216284985981
capacity,9103,straight,0.4,stuck,L4 slip,0.4739621337274604,0.4076528415887138,0.11881555421284093,2.512010785870528
capacity,9103,straight,1.0,always,intact,0.41751405713874623,0.1554734759794245,0.04161062314923921,1.3907844544716828
capacity,9103,straight,1.0,always,L4 failure,0.5205974598159233,0.5053675872342411,0.0249812759040522,3.0366595618675114
capacity,9103,straight,1.0,always,L4 slip,0.43207201839985054,0.2143805932481205,0.03688519421972673,1.683585601165264
capacity,9103,straight,1.0,dropout,intact,0.46130674343881084,0.37542184009825336,0.09053466286888893,2.299673999941857
capacity,9103,straight,1.0,dropout,L4 failure,0.5184210426764627,0.4971589486319644,0.04593687615369095,3.0099977886753524
capacity,9103,straight,1.0,dropout,L4 slip,0.46676537680359365,0.3743493140288857,0.07276509717405742,2.3469655549093837
capacity,9103,straight,1.0,intermittent,intact,0.44270231836169227,0.3064415007969726,0.047327296277995146,2.0702500079964494
capacity,9103,straight,1.0,intermittent,L4 failure,0.532984846258443,0.5340800772262502,0.014223636324587775,3.2246394979367197
capacity,9103,straight,1.0,intermittent,L4 slip,0.45865076875884164,0.33401035144885716,0.04377960980012433,2.2554627743112197
capacity,9103,straight,1.0,delayed,intact,0.42106560691533446,0.1527385247258546,0.05979289298635739,1.4014173189636445
capacity,9103,straight,1.0,delayed,L4 failure,0.5223970046507515,0.504853588519363,0.03530697093944912,3.042878515143899
capacity,9103,straight,1.0,delayed,L4 slip,0.43456642429591696,0.20919676044231558,0.05354707863913859,1.6804572046944046
capacity,9103,straight,1.0,noisy,intact,0.47146960084055783,0.26836172115187884,0.051500551038190144,1.9998568094023021
capacity,9103,straight,1.0,noisy,L4 failure,0.6060392662794732,0.6544964133039072,0.04731128601077743,3.8046628647543113
capacity,9103,straight,1.0,noisy,L4 slip,0.5215830219523092,0.4108516428587194,0.04412579824991164,2.710016393815588
capacity,9103,straight,1.0,stuck,intact,0.4216479976217812,0.1897801627065841,0.02991785990271777,1.5319750636113652
capacity,9103,straight,1.0,stuck,L4 failure,0.5147115813498288,0.4871421130141213,0.08217559946348385,2.9633165175206013
capacity,9103,straight,1.0,stuck,L4 slip,0.4351610125534405,0.23088682555882345,0.031224935628497492,1.7526429743009158
capacity,9103,s_lr,0.0,always,intact,0.6670343133990875,0.711181132902993,0.021543341210089082,4.569798287745819
capacity,9103,s_lr,0.0,always,L4 failure,0.8343330778659154,1.0506309480158413,0.10772423183511674,6.2108740025781035
capacity,9103,s_lr,0.0,always,L4 slip,0.7171192225953603,0.8134600857257718,0.040989177328893414,5.068395755769446
capacity,9103,s_lr,0.0,dropout,intact,0.6670343133990875,0.711181132902993,0.021543341210089082,4.569798287745819
capacity,9103,s_lr,0.0,dropout,L4 failure,0.8343330778659154,1.0506309480158413,0.10772423183511674,6.2108740025781035
capacity,9103,s_lr,0.0,dropout,L4 slip,0.7171192225953603,0.8134600857257718,0.040989177328893414,5.068395755769446
capacity,9103,s_lr,0.0,intermittent,intact,0.6670343133990875,0.711181132902993,0.021543341210089082,4.569798287745819
capacity,9103,s_lr,0.0,intermittent,L4 failure,0.8343330778659154,1.0506309480158413,0.10772423183511674,6.2108740025781035
capacity,9103,s_lr,0.0,intermittent,L4 slip,0.7171192225953603,0.8134600857257718,0.040989177328893414,5.068395755769446
capacity,9103,s_lr,0.0,delayed,intact,0.6670343133990875,0.711181132902993,0.021543341210089082,4.569798287745819
capacity,9103,s_lr,0.0,delayed,L4 failure,0.8343330778659154,1.0506309480158413,0.10772423183511674,6.2108740025781035
capacity,9103,s_lr,0.0,delayed,L4 slip,0.7171192225953603,0.8134600857257718,0.040989177328893414,5.068395755769446
capacity,9103,s_lr,0.0,noisy,intact,0.6670343133990875,0.711181132902993,0.021543341210089082,4.569798287745819
capacity,9103,s_lr,0.0,noisy,L4 failure,0.8343330778659154,1.0506309480158413,0.10772423183511674,6.2108740025781035
capacity,9103,s_lr,0.0,noisy,L4 slip,0.7171192225953603,0.8134600857257718,0.040989177328893414,5.068395755769446
capacity,9103,s_lr,0.0,stuck,intact,0.6670343133990875,0.711181132902993,0.021543341210089082,4.569798287745819
capacity,9103,s_lr,0.0,stuck,L4 failure,0.8343330778659154,1.0506309480158413,0.10772423183511674,6.2108740025781035
capacity,9103,s_lr,0.0,stuck,L4 slip,0.7171192225953603,0.8134600857257718,0.040989177328893414,5.068395755769446
capacity,9103,s_lr,0.025,always,intact,0.6168192008757941,0.5793161727112714,0.042823955365461186,3.9731595571584353
capacity,9103,s_lr,0.025,always,L4 failure,0.7656915914928712,0.8999966629550871,0.03479437895149019,5.540824163272154
capacity,9103,s_lr,0.025,always,L4 slip,0.661375778261883,0.677293420300644,0.025140546919603747,4.454000836849225
capacity,9103,s_lr,0.025,dropout,intact,0.6294830624924551,0.6241793463986214,0.020377217812615204,4.153460970856602
capacity,9103,s_lr,0.025,dropout,L4 failure,0.7881360840170262,0.9575052257876656,0.08726377989852416,5.771132767830663
capacity,9103,s_lr,0.025,dropout,L4 slip,0.676732652434375,0.7250549629809617,0.022977060510545298,4.645878370409629
capacity,9103,s_lr,0.025,intermittent,intact,0.6488576344083598,0.6650740235995394,0.02279226673860558,4.3620887378532744
capacity,9103,s_lr,0.025,intermittent,L4 failure,0.8104347073271363,0.999066621236504,0.0819192775549225,5.982949867761619
capacity,9103,s_lr,0.025,intermittent,L4 slip,0.6973148926218365,0.7660174988599213,0.022417105280605865,4.856410760883937
capacity,9103,s_lr,0.025,delayed,intact,0.6209041187219498,0.5890258733566975,0.04217662003292223,4.020535056738114
capacity,9103,s_lr,0.025,delayed,L4 failure,0.7713836917209017,0.9118987596265808,0.037193256752955234,5.597067124255803
capacity,9103,s_lr,0.025,delayed,L4 slip,0.6659553401682585,0.6875878678012616,0.024962455836921627,4.503934224664782
capacity,9103,s_lr,0.025,noisy,intact,0.6142166914634607,0.5735401342668334,0.04291465734094433,3.9433261307293197
capacity,9103,s_lr,0.025,noisy,L4 failure,0.7627028814076178,0.8942518806521018,0.03469534093489,5.511455212049383
capacity,9103,s_lr,0.025,noisy,L4 slip,0.6594968817512331,0.6735756756403577,0.0248956816536244,4.433875718948265
capacity,9103,s_lr,0.025,stuck,intact,0.6185718348448377,0.5858177838576434,0.04028110160840691,3.9992349571008945
capacity,9103,s_lr,0.025,stuck,L4 failure,0.7696914501589103,0.9106001625880404,0.04533286130272642,5.583172386768718
capacity,9103,s_lr,0.025,stuck,L4 slip,0.6637850078302264,0.685125700041584,0.023400761661106335,4.485396370206058
capacity,9103,s_lr,0.05,always,intact,0.5803411635493515,0.4709177150133888,0.08313090932397152,3.4770460585152834
capacity,9103,s_lr,0.05,always,L4 failure,0.7126982533035149,0.7749509208366234,0.030568924106173522,4.979845885927521
capacity,9103,s_lr,0.05,always,L4 slip,0.6199689353718032,0.5657628437450729,0.06387701150503358,3.9449309796819594
capacity,9103,s_lr,0.05,dropout,intact,0.5975294447985912,0.5452677791876985,0.025524009431235218,3.7753018855633593
capacity,9103,s_lr,0.05,dropout,L4 failure,0.747575790578858,0.8731960179705605,0.06855216542687423,5.372508932741285
capacity,9103,s_lr,0.05,dropout,L4 slip,0.6419299532614156,0.6450414242864062,0.015093872582031254,4.262854091464791
capacity,9103,s_lr,0.05,intermittent,intact,0.6323640095653803,0.6214753483770613,0.029863702497046934,4.165176210935186
capacity,9103,s_lr,0.05,intermittent,L4 failure,0.7883986345060013,0.9503583802072354,0.05771804258644579,5.7672057290518985
capacity,9103,s_lr,0.05,intermittent,L4 slip,0.6792503326221434,0.7212111636753654,0.019128214481406527,4.655735510562719
capacity,9103,s_lr,0.05,delayed,intact,0.5864914020248304,0.4863169014731488,0.08242288566285841,3.5539609769968394
capacity,9103,s_lr,0.05,delayed,L4 failure,0.7215278324131306,0.7940806943460573,0.0295490314759879,5.07184437911245
capacity,9103,s_lr,0.05,delayed,L4 slip,0.6269525285660892,0.5821080346949523,0.06280455532475812,4.026032921649629
capacity,9103,s_lr,0.05,noisy,intact,0.576087637441271,0.46101407003457,0.08277940623629003,3.4245146549272563
capacity,9103,s_lr,0.05,noisy,L4 failure,0.7076752688091079,0.7651252951621423,0.030025741304990455,4.928345440697406
capacity,9103,s_lr,0.05,noisy,L4 slip,0.616989468015849,0.5599643183762277,0.06254404812139391,3.9118418080576705
capacity,9103,s_lr,0.05,stuck,intact,0.5821682043878044,0.47960624298350807,0.08067896247140034,3.5118242767988224
capacity,9103,s_lr,0.05,stuck,L4 failure,0.7177747928773045,0.7903462811334101,0.01998170004424012,5.0411892729084515
capacity,9103,s_lr,0.05,stuck,L4 slip,0.622690269193199,0.5765195404746404,0.05797100828838533,3.9879720680933683
capacity,9103,s_lr,0.1,always,intact,0.5387287310178095,0.35864570641755494,0.14197381285526084,2.9203529915715896
capacity,9103,s_lr,0.1,always,L4 failure,0.6444103219041255,0.6031742077296586,0.11028533917635323,4.188705385422795
capacity,9103,s_lr,0.1,always,L4 slip,0.5704044764443764,0.4311202385598672,0.12961669312389995,3.2981905147225747
capacity,9103,s_lr,0.1,dropout,intact,0.5486605369485587,0.4116673427066614,0.04930454782647091,3.1314990272003844
capacity,9103,s_lr,0.1,dropout,L4 failure,0.6817587789030862,0.7297662859327517,0.035872474970939906,4.691764553410886
capacity,9103,s_lr,0.1,dropout,L4 slip,0.5874016227180988,0.5097635148041271,0.02426239248467809,3.6117023392191885
capacity,9103,s_lr,0.1,intermittent,intact,0.604106947016364,0.5419272623613892,0.056551244963912374,3.8041518381702346
capacity,9103,s_lr,0.1,intermittent,L4 failure,0.7496595115571537,0.8615865636897256,0.014124150877197256,5.372491391396498
capacity,9103,s_lr,0.1,intermittent,L4 slip,0.6480316340508389,0.6396138369137516,0.03756942063509817,4.2886546150937495
capacity,9103,s_lr,0.1,delayed,intact,0.5457514092086773,0.3712639365949193,0.1453657231632644,2.9954871183056726
capacity,9103,s_lr,0.1,delayed,L4 failure,0.6548201693775028,0.6251660132692376,0.11176287780260026,4.301548570121777
capacity,9103,s_lr,0.1,delayed,L4 slip,0.5785253260039469,0.4474423411791754,0.13242775361215448,3.388837170512219
capacity,9103,s_lr,0.1,noisy,intact,0.533263542036532,0.3502939881077544,0.13924767975712976,2.8632791480792434
capacity,9103,s_lr,0.1,noisy,L4 failure,0.6375387387099314,0.5906358509023104,0.10709061118919634,4.116457461425024
capacity,9103,s_lr,0.1,noisy,L4 slip,0.5669226198172367,0.4271086689152061,0.1253916091279607,3.264797633369753
capacity,9103,s_lr,0.1,stuck,intact,0.5398279182094549,0.3664150773142092,0.15335097453084212,2.951164564012712
capacity,9103,s_lr,0.1,stuck,L4 failure,0.6478279416615362,0.6165337756842644,0.10502430719551485,4.241423695933369
capacity,9103,s_lr,0.1,stuck,L4 slip,0.5718737235687775,0.4392557012390538,0.13480278047214087,3.3304380557093625
capacity,9103,s_lr,0.2,always,intact,0.5214771256674502,0.4058665374020946,0.18687123517813578,2.948524477779163
capacity,9103,s_lr,0.2,always,L4 failure,0.5974235867687246,0.5261142715793292,0.18616824571323423,3.7270823943376543
capacity,9103,s_lr,0.2,always,L4 slip,0.5440996674875589,0.43788966504985327,0.18302356722655702,3.1641744061721635
capacity,9103,s_lr,0.2,dropout,intact,0.4974742414204074,0.28373805056334483,0.09122362766261319,2.452022966805865
capacity,9103,s_lr,0.2,dropout,L4 failure,0.5994722511844466,0.5368701262179136,0.014401923430293803,3.757633436948609
capacity,9103,s_lr,0.2,dropout,L4 slip,0.5258646514778321,0.3497262191639096,0.06712951505351876,2.803291048475223
capacity,9103,s_lr,0.2,intermittent,intact,0.56410033511739,0.41791907330652356,0.10770679316159688,3.230667612774573
capacity,9103,s_lr,0.2,intermittent,L4 failure,0.6913833739481985,0.7193651055048962,0.05787171327131595,4.732600849181677
capacity,9103,s_lr,0.2,intermittent,L4 slip,0.6028716139091783,0.5110134935813495,0.09396698635518559,3.7010933548085982
capacity,9103,s_lr,0.2,delayed,intact,0.5287630140660787,0.4158024798325727,0.20231476336435747,3.0204048791952403
capacity,9103,s_lr,0.2,delayed,L4 failure,0.606420823340156,0.5399843768656478,0.20181597219652278,3.814912771937314
capacity,9103,s_lr,0.2,delayed,L4 slip,0.5521103818970923,0.44940054328374235,0.1982552702263614,3.2434955983914975
capacity,9103,s_lr,0.2,noisy,intact,0.5166427127313877,0.40393751649316467,0.1763301863107123,2.901823093634894
capacity,9103,s_lr,0.2,noisy,L4 failure,0.5909390989615517,0.519303407715664,0.1746175627630564,3.6643646518487523
capacity,9103,s_lr,0.2,noisy,L4 slip,0.5421228127835213,0.4397548939977252,0.17102628136889297,3.146269288826694
capacity,9103,s_lr,0.2,stuck,intact,0.5315877619273444,0.4400473144379039,0.2520440271573432,3.084243789965331
capacity,9103,s_lr,0.2,stuck,L4 failure,0.6047050401897642,0.5530284035263697,0.23914936114090998,3.8332813508195844
capacity,9103,s_lr,0.2,stuck,L4 slip,0.5521423649261452,0.46685730904591266,0.2402630138257691,3.2789986303006184
capacity,9103,s_lr,0.4,always,intact,0.5311080089235721,0.5111467760253996,0.15032800499827595,3.180350015286598
capacity,9103,s_lr,0.4,always,L4 failure,0.5958545758241451,0.5956273788595876,0.1711005390833314,3.8303056833705287
capacity,9103,s_lr,0.4,always,L4 slip,0.5493983407120012,0.5320682486892017,0.15326742285851497,3.35201283470343
capacity,9103,s_lr,0.4,dropout,intact,0.4851788405981088,0.3634894126522739,0.1366610701953418,2.568869553745143
capacity,9103,s_lr,0.4,dropout,L4 failure,0.546438562700337,0.4416022341331113,0.06971477121642704,3.1858377700793663
capacity,9103,s_lr,0.4,dropout,L4 slip,0.500728102051614,0.37368327721475225,0.11564721416838848,2.697335883949125
capacity,9103,s_lr,0.4,intermittent,intact,0.5305098810160402,0.3699073418652543,0.16885941923055786,2.9119062970003555
capacity,9103,s_lr,0.4,intermittent,L4 failure,0.6324273080700964,0.5790025195928378,0.14695573859515781,4.05768088939754
capacity,9103,s_lr,0.4,intermittent,L4 slip,0.562138979595567,0.42458628603633086,0.1659489130665392,3.2371376902781748
capacity,9103,s_lr,0.4,delayed,intact,0.5451286726432112,0.5397819663401526,0.17783255549406757,3.3229157514463084
capacity,9103,s_lr,0.4,delayed,L4 failure,0.6089009756764628,0.6214532099086059,0.20140909405208252,3.9623176158412363
capacity,9103,s_lr,0.4,delayed,L4 slip,0.5634028831210078,0.5604300101655066,0.1815025712653052,3.4954934294376083
capacity,9103,s_lr,0.4,noisy,intact,0.5250427612406082,0.5021917198812366,0.12730538919899764,3.0947283967268717
capacity,9103,s_lr,0.4,noisy,L4 failure,0.5906691292054322,0.5891837801977301,0.1480237193498967,3.7628428257402504
capacity,9103,s_lr,0.4,noisy,L4 slip,0.5495222183676937,0.5314392413754054,0.13048500863792717,3.329855579531145
capacity,9103,s_lr,0.4,stuck,intact,0.5872686142897262,0.6375231351296949,0.3372771969133143,3.6842952982039296
capacity,9103,s_lr,0.4,stuck,L4 failure,0.6523843021036012,0.7293362631145417,0.3739445949191233,4.364471117213629
capacity,9103,s_lr,0.4,stuck,L4 slip,0.6011736362005472,0.652366374056579,0.33278324949923344,3.8316986449039647
capacity,9103,s_lr,1.0,always,intact,0.49719538468514585,0.477752894558703,0.14952521930526652,2.847183806040243
capacity,9103,s_lr,1.0,always,L4 failure,0.5766297441993424,0.5977376410718784,0.1719616326719319,3.674908645382253
capacity,9103,s_lr,1.0,always,L4 slip,0.5172435294582477,0.5030053517867128,0.14697382581966964,3.037630868928339
capacity,9103,s_lr,1.0,dropout,intact,0.5049136024742756,0.4889545530785802,0.16062489093026094,2.859325731552319
capacity,9103,s_lr,1.0,dropout,L4 failure,0.5501425068256545,0.5271120361824624,0.11300247666567546,3.3492938632823477
capacity,9103,s_lr,1.0,dropout,L4 slip,0.51532777313358,0.4928322654399235,0.1443376253094268,2.964748675118872
capacity,9103,s_lr,1.0,intermittent,intact,0.5397820339695713,0.5137084179391069,0.16896116921020457,3.253493870270382
capacity,9103,s_lr,1.0,intermittent,L4 failure,0.6235906385487291,0.6378481555163915,0.18448106615593785,4.098456605945294
capacity,9103,s_lr,1.0,intermittent,L4 slip,0.5665091739892067,0.5455413869831252,0.1833384827316241,3.5075813449520696
capacity,9103,s_lr,1.0,delayed,intact,0.5094303955216409,0.5120733446663392,0.16325221732531606,2.9769466156473885
capacity,9103,s_lr,1.0,delayed,L4 failure,0.5901921444792743,0.6318495559055333,0.1957247824482694,3.8183414102598188
capacity,9103,s_lr,1.0,delayed,L4 slip,0.5299788299860427,0.5371163042455347,0.16149305658345847,3.1734692169286376
capacity,9103,s_lr,1.0,noisy,intact,0.5093331804171802,0.46567427890661417,0.11376697002718088,2.8158052885992495
capacity,9103,s_lr,1.0,noisy,L4 failure,0.609082694674735,0.6409532012812831,0.133760582314846,3.898237949812954
capacity,9103,s_lr,1.0,noisy,L4 slip,0.5630556175574124,0.5590530729273121,0.10156980351338488,3.3721811288757544
capacity,9103,s_lr,1.0,stuck,intact,0.6493339399053041,0.8020709783873834,0.37901303786992974,4.143320288774173
capacity,9103,s_lr,1.0,stuck,L4 failure,0.7689881424228672,0.9956710469763361,0.49406670065946406,5.274111541354248
capacity,9103,s_lr,1.0,stuck,L4 slip,0.6625674945544172,0.818159178496342,0.37603752562924436,4.297577495223689
capacity,9103,s_rl,0.0,always,intact,0.42274955078431986,0.2660629869650526,0.016668068003958987,1.8595728346960165
capacity,9103,s_rl,0.0,always,L4 failure,0.595166358995192,0.7327514830942369,0.20064835921374313,3.8956537363026444
capacity,9103,s_rl,0.0,always,L4 slip,0.4377014806548357,0.32332355529194257,0.00921948519767322,2.1198022153914806
capacity,9103,s_rl,0.0,dropout,intact,0.42274955078431986,0.2660629869650526,0.016668068003958987,1.8595728346960165
capacity,9103,s_rl,0.0,dropout,L4 failure,0.595166358995192,0.7327514830942369,0.20064835921374313,3.8956537363026444
capacity,9103,s_rl,0.0,dropout,L4 slip,0.4377014806548357,0.32332355529194257,0.00921948519767322,2.1198022153914806
capacity,9103,s_rl,0.0,intermittent,intact,0.42274955078431986,0.2660629869650526,0.016668068003958987,1.8595728346960165
capacity,9103,s_rl,0.0,intermittent,L4 failure,0.595166358995192,0.7327514830942369,0.20064835921374313,3.8956537363026444
capacity,9103,s_rl,0.0,intermittent,L4 slip,0.4377014806548357,0.32332355529194257,0.00921948519767322,2.1198022153914806
capacity,9103,s_rl,0.0,delayed,intact,0.42274955078431986,0.2660629869650526,0.016668068003958987,1.8595728346960165
capacity,9103,s_rl,0.0,delayed,L4 failure,0.595166358995192,0.7327514830942369,0.20064835921374313,3.8956537363026444
capacity,9103,s_rl,0.0,delayed,L4 slip,0.4377014806548357,0.32332355529194257,0.00921948519767322,2.1198022153914806
capacity,9103,s_rl,0.0,noisy,intact,0.42274955078431986,0.2660629869650526,0.016668068003958987,1.8595728346960165
capacity,9103,s_rl,0.0,noisy,L4 failure,0.595166358995192,0.7327514830942369,0.20064835921374313,3.8956537363026444
capacity,9103,s_rl,0.0,noisy,L4 slip,0.4377014806548357,0.32332355529194257,0.00921948519767322,2.1198022153914806
capacity,9103,s_rl,0.0,stuck,intact,0.42274955078431986,0.2660629869650526,0.016668068003958987,1.8595728346960165
capacity,9103,s_rl,0.0,stuck,L4 failure,0.595166358995192,0.7327514830942369,0.20064835921374313,3.8956537363026444
capacity,9103,s_rl,0.0,stuck,L4 slip,0.4377014806548357,0.32332355529194257,0.00921948519767322,2.1198022153914806
capacity,9103,s_rl,0.025,always,intact,0.41906375146474784,0.22629442190982357,0.02613336964733116,1.726919708543674
capacity,9103,s_rl,0.025,always,L4 failure,0.5802237253493845,0.6950011038465871,0.180602473404799,3.7674623177912565
capacity,9103,s_rl,0.025,always,L4 slip,0.4320182167964153,0.2834934603699142,0.0064888525693740096,1.986077056788026
capacity,9103,s_rl,0.025,dropout,intact,0.4187862772924442,0.2242614399679339,0.027121213295864345,1.7189644218128735
capacity,9103,s_rl,0.025,dropout,L4 failure,0.5806995951309968,0.6958020994841756,0.18939918117593327,3.770631663738607
capacity,9103,s_rl,0.025,dropout,L4 slip,0.4317301754169752,0.28201348284856625,0.006058149552564412,1.9802692243096296
capacity,9103,s_rl,0.025,intermittent,intact,0.42104391576713,0.2517967676418388,0.020421308424529126,1.810838026573891
capacity,9103,s_rl,0.025,intermittent,L4 failure,0.5901893071367618,0.7203853320283267,0.19342713000141476,3.8540410471468665
capacity,9103,s_rl,0.025,intermittent,L4 slip,0.43561758408196694,0.3100491734864521,0.006879976688789567,2.0753996258508445
capacity,9103,s_rl,0.025,delayed,intact,0.4189312798003424,0.22712740680621776,0.026067737873000197,1.7288536036077304
capacity,9103,s_rl,0.025,delayed,L4 failure,0.580477578713536,0.6959866419988259,0.18187653921214536,3.769732107329536
capacity,9103,s_rl,0.025,delayed,L4 slip,0.43191027846928726,0.2842874544658711,0.00641225066198807,1.9877729264218382
capacity,9103,s_rl,0.025,noisy,intact,0.41893311866739996,0.22288151199333822,0.026318854779122613,1.7158148594344718
capacity,9103,s_rl,0.025,noisy,L4 failure,0.5790342945533286,0.6916705164318586,0.18041335275532636,3.7563213620107065
capacity,9103,s_rl,0.025,noisy,L4 slip,0.432285180962467,0.28212782246196405,0.006358635174988879,1.9841168076304951
capacity,9103,s_rl,0.025,stuck,intact,0.41853846185442845,0.22224008840538279,0.029430852643689415,1.7113555390914996
capacity,9103,s_rl,0.025,stuck,L4 failure,0.5800501947852079,0.6944407640240735,0.18742052290340214,3.7655663959112484
capacity,9103,s_rl,0.025,stuck,L4 slip,0.43138679180098644,0.28010798934955294,0.006986874568835183,1.9730999739630215
capacity,9103,s_rl,0.05,always,intact,0.41879651624351266,0.19768796208151124,0.03050652411950789,1.6393735215385214
capacity,9103,s_rl,0.05,always,L4 failure,0.570277124231766,0.6667474299542149,0.1668406588282644,3.677593631533368
capacity,9103,s_rl,0.05,always,L4 slip,0.43007867067514105,0.2544225945758531,0.009963630200117377,1.8958345332741495
capacity,9103,s_rl,0.05,dropout,intact,0.41841843746186524,0.1920211354280003,0.03636512943389988,1.6176494922753464
capacity,9103,s_rl,0.05,dropout,L4 failure,0.5698391077893877,0.6654766650336177,0.1795624629803133,3.673077296595996
capacity,9103,s_rl,0.05,dropout,L4 slip,0.42943758427513024,0.24962470320384478,0.012567426354212163,1.8774429853674022
capacity,9103,s_rl,0.05,intermittent,intact,0.4198239865575176,0.23884388945391807,0.02354255618832326,1.76751728253563
capacity,9103,s_rl,0.05,intermittent,L4 failure,0.585812686477544,0.7091144334570869,0.18694542434052025,3.81689648858017
capacity,9103,s_rl,0.05,intermittent,L4 slip,0.4340226091043906,0.29802931187843884,0.0062969426374308414,2.036122283976357
capacity,9103,s_rl,0.05,delayed,intact,0.41833918920303437,0.19803422198731532,0.030838254374220053,1.638265832277049
capacity,9103,s_rl,0.05,delayed,L4 failure,0.5701585321550198,0.6673520189684096,0.1687035581218474,3.6769209540633967
capacity,9103,s_rl,0.05,delayed,L4 slip,0.4296040680936006,0.2546914890490756,0.009843722955315557,1.8942517293450654
capacity,9103,s_rl,0.05,noisy,intact,0.41911550632598005,0.19234621436747493,0.030421100692134502,1.6237466313701128
capacity,9103,s_rl,0.05,noisy,L4 failure,0.5685744939242131,0.66124620145529,0.16701336519901244,3.660590662884818
capacity,9103,s_rl,0.05,noisy,L4 slip,0.43105106432917606,0.25284529165568276,0.00886426713473916,1.8970395454581717
capacity,9103,s_rl,0.05,stuck,intact,0.41835616963135674,0.1905735654600249,0.03856956218204818,1.6123291126437156
capacity,9103,s_rl,0.05,stuck,L4 failure,0.5695113653949795,0.6647599449420719,0.17839121830143184,3.6704411885016173
capacity,9103,s_rl,0.05,stuck,L4 slip,0.4292817186378983,0.24826146736616028,0.014684467970798207,1.872422171639007
capacity,9103,s_rl,0.1,always,intact,0.423448771547957,0.16517148926840206,0.028231173651768908,1.5613353971953212
capacity,9103,s_rl,0.1,always,L4 failure,0.5603326957186069,0.6306645312079892,0.15295041916571261,3.578330394618977
capacity,9103,s_rl,0.1,always,L4 slip,0.43226666939066516,0.2194146040500864,0.00958198038967964,1.8062692980468542
capacity,9103,s_rl,0.1,dropout,intact,0.42501907906324815,0.16547081157174365,0.051561897924256715,1.5665614368922822
capacity,9103,s_rl,0.1,dropout,L4 failure,0.5566736419326659,0.6215652946286825,0.1637187377387201,3.5453565562168188
capacity,9103,s_rl,0.1,dropout,L4 slip,0.4325964164203959,0.2119254609040952,0.02780445146417601,1.7800132256957568
capacity,9103,s_rl,0.1,intermittent,intact,0.4185941228864077,0.2165804385774809,0.02805383949175355,1.6957688172373755
capacity,9103,s_rl,0.1,intermittent,L4 failure,0.5786444747055538,0.6895356053821743,0.1760024526937737,3.7546165801762372
capacity,9103,s_rl,0.1,intermittent,L4 slip,0.4320655439763784,0.2774431770118892,0.00727617445741655,1.971566744115402
capacity,9103,s_rl,0.1,delayed,intact,0.42256639157043735,0.163263117184219,0.029666170773737344,1.5504493529544137
capacity,9103,s_rl,0.1,delayed,L4 failure,0.558718677293524,0.6284258826328231,0.15527025718965332,3.5646267759191534
capacity,9103,s_rl,0.1,delayed,L4 slip,0.4311469039160819,0.21709550254467222,0.009962399519573681,1.793379379781034
capacity,9103,s_rl,0.1,noisy,intact,0.4255710922701429,0.15985426158486415,0.026547311326696583,1.5533328376689144
capacity,9103,s_rl,0.1,noisy,L4 failure,0.5590014119073393,0.6234271240649546,0.1550659925084678,3.5613204085889194
capacity,9103,s_rl,0.1,noisy,L4 slip,0.43536496246035816,0.22000602900147676,0.007278743249494263,1.8250801639066112
capacity,9103,s_rl,0.1,stuck,intact,0.4246234433326413,0.16184073594799483,0.04738375216537398,1.5511186085112079
capacity,9103,s_rl,0.1,stuck,L4 failure,0.5581804577215175,0.6251518514067648,0.17125627127842372,3.5581699495586436
capacity,9103,s_rl,0.1,stuck,L4 slip,0.432385847008002,0.21228273768027178,0.02326408469317398,1.7804792578186097
capacity,9103,s_rl,0.2,always,intact,0.4373190701776259,0.15423677723156912,0.008205304580178794,1.6046632421957314
capacity,9103,s_rl,0.2,always,L4 failure,0.5605762266790268,0.6055431428687953,0.1538777808882669,3.555172341582894
capacity,9103,s_rl,0.2,always,L4 slip,0.44378871462189107,0.1987029046920758,0.01736451256404799,1.80814643339657
capacity,9103,s_rl,0.2,dropout,intact,0.4502137844816679,0.24737042352639596,0.07094747335341801,1.9916184852442265
capacity,9103,s_rl,0.2,dropout,L4 failure,0.5515463601280804,0.5805279731831,0.14475941730958747,3.4687219833296257
capacity,9103,s_rl,0.2,dropout,L4 slip,0.4528143202480278,0.24458893480597732,0.047047016044065484,2.005364220325312
capacity,9103,s_rl,0.2,intermittent,intact,0.41956202712189306,0.18460884720007367,0.031200012048748605,1.6028837593963872
capacity,9103,s_rl,0.2,intermittent,L4 failure,0.5693744385119083,0.660255460058041,0.16094818966957147,3.6695934006211504
capacity,9103,s_rl,0.2,intermittent,L4 slip,0.4317375251979949,0.2479970199020939,0.00954649109538534,1.8893194944922502
capacity,9103,s_rl,0.2,delayed,intact,0.4371678205499877,0.15279478969086463,0.0103514813877019,1.5999955577659963
capacity,9103,s_rl,0.2,delayed,L4 failure,0.5560110764038837,0.5957501649877751,0.15905276163645446,3.5129686799852653
capacity,9103,s_rl,0.2,delayed,L4 slip,0.44275663826564,0.1916887049080136,0.019080036511890285,1.780318998258158
capacity,9103,s_rl,0.2,noisy,intact,0.4438831999651098,0.15681695597840267,0.010992038726035784,1.6448669167796652
capacity,9103,s_rl,0.2,noisy,L4 failure,0.5630355817714056,0.6011851128377316,0.16239178267929905,3.5660693735677422
capacity,9103,s_rl,0.2,noisy,L4 slip,0.45205617461075265,0.2077402767082234,0.0257995559457333,1.8799798340881766
capacity,9103,s_rl,0.2,stuck,intact,0.44242003400889995,0.1915751907923393,0.03593306486333129,1.760563010555902
capacity,9103,s_rl,0.2,stuck,L4 failure,0.5565370961461904,0.5943326781730038,0.19031427220018435,3.514454456836612
capacity,9103,s_rl,0.2,stuck,L4 slip,0.44653092401499506,0.1974376711136051,0.012813348391480872,1.8088879754354388
capacity,9103,s_rl,0.4,always,intact,0.45957378395105347,0.19453474828595924,0.056232205453201824,1.8625952575784066
capacity,9103,s_rl,0.4,always,L4 failure,0.5865169094157585,0.6325417056010305,0.1683135559880537,3.756086845904043
capacity,9103,s_rl,0.4,always,L4 slip,0.46627529725879163,0.2333703920101297,0.06709216765202333,2.0416074144070815
capacity,9103,s_rl,0.4,dropout,intact,0.4900958077774649,0.3468030517636541,0.07978228973399534,2.512362047173328
capacity,9103,s_rl,0.4,dropout,L4 failure,0.5675771757310852,0.5765266327813172,0.14096863937301307,3.5711021472987845
capacity,9103,s_rl,0.4,dropout,L4 slip,0.4883196978205136,0.32736434228609196,0.055040672343893246,2.456521213004617
capacity,9103,s_rl,0.4,intermittent,intact,0.42780995010828776,0.15670456492201407,0.021007266141668073,1.5580049585913005
capacity,9103,s_rl,0.4,intermittent,L4 failure,0.5639082477898476,0.629380733702906,0.14994110126296803,3.607086327683221
capacity,9103,s_rl,0.4,intermittent,L4 slip,0.4382759566016274,0.22142177966591578,0.007115331327585653,1.8497831174211972
capacity,9103,s_rl,0.4,delayed,intact,0.46225764134517605,0.19428795233483415,0.07197768159938929,1.8834220090058602
capacity,9103,s_rl,0.4,delayed,L4 failure,0.5802746519747479,0.6138586628308309,0.19082674043729314,3.692852865294195
capacity,9103,s_rl,0.4,delayed,L4 slip,0.46713838282759795,0.22352185440878497,0.08394800971055244,2.021825245179682
capacity,9103,s_rl,0.4,noisy,intact,0.4750013242113506,0.20663000963255032,0.07533884698753886,1.9732764518823622
capacity,9103,s_rl,0.4,noisy,L4 failure,0.6024747956924116,0.6475059905174634,0.18868945952916322,3.8792389987356204
capacity,9103,s_rl,0.4,noisy,L4 slip,0.4865813124522425,0.2616986950382095,0.0869292409947239,2.2300989992627733
capacity,9103,s_rl,0.4,stuck,intact,0.46138313249463186,0.1818676209473459,0.05213977952396529,1.8236067718374054
capacity,9103,s_rl,0.4,stuck,L4 failure,0.5870385620269222,0.6283487959670069,0.2988525305236391,3.7453890735963506
capacity,9103,s_rl,0.4,stuck,L4 slip,0.46583095796180557,0.2091338201676928,0.07750114618196521,1.9547829207648286
capacity,9103,s_rl,1.0,always,intact,0.5066255561848291,0.3595793882661982,0.14821498461310978,2.508766378010645
capacity,9103,s_rl,1.0,always,L4 failure,0.6651334426282848,0.7917236042376379,0.1676138897775315,4.420484176708845
capacity,9103,s_rl,1.0,always,L4 slip,0.518781102118102,0.40324130503667527,0.15020337033174505,2.712807800292021
capacity,9103,s_rl,1.0,dropout,intact,0.48912364825619986,0.2432016862909688,0.026569362372731962,2.1346068061639882
capacity,9103,s_rl,1.0,dropout,L4 failure,0.6138125454782537,0.6603539933689136,0.21449770893506512,3.970398436792893
capacity,9103,s_rl,1.0,dropout,L4 slip,0.49197582276159385,0.24206928975829758,0.00624413937950024,2.1529042317845763
capacity,9103,s_rl,1.0,intermittent,intact,0.4555308964643832,0.18531635776385436,0.04871881178860303,1.8134331433775097
capacity,9103,s_rl,1.0,intermittent,L4 failure,0.5900194352566362,0.6454467012812225,0.16627314274099533,3.8052376240472086
capacity,9103,s_rl,1.0,intermittent,L4 slip,0.4672636826658567,0.25205696362894736,0.07058997142166039,2.1107569013907663
capacity,9103,s_rl,1.0,delayed,intact,0.5234518710834356,0.385733460151811,0.17727769849691327,2.6639474504013325
capacity,9103,s_rl,1.0,delayed,L4 failure,0.6785579052709443,0.8063766142323063,0.20974330347885323,4.5100208935698
capacity,9103,s_rl,1.0,delayed,L4 slip,0.534114709869092,0.4250571994705835,0.18159967653636597,2.8436986059283327
capacity,9103,s_rl,1.0,noisy,intact,0.5647242436567009,0.42666687836310846,0.1541470108052325,2.9631128889555747
capacity,9103,s_rl,1.0,noisy,L4 failure,0.7472086887627012,0.9085562925919792,0.1803466589836447,5.091219827225545
capacity,9103,s_rl,1.0,noisy,L4 slip,0.6015903260757193,0.5249833407890316,0.15009175569444705,3.4497911402316066
capacity,9103,s_rl,1.0,stuck,intact,0.5684051019062445,0.4947638984628231,0.32453960220085454,3.0623819476826606
capacity,9103,s_rl,1.0,stuck,L4 failure,0.7956430665690308,0.9997524738037576,0.6188275270328898,5.244334988900637
capacity,9103,s_rl,1.0,stuck,L4 slip,0.5877119251931995,0.5485829766528791,0.3520285042976635,3.30270898883019
capacity,9103,sine,0.0,always,intact,0.6078791194638323,0.7304954359149018,0.01733998651811143,3.982440141715199
capacity,9103,sine,0.0,always,L4 failure,0.7556932742386154,1.047459674973689,0.1686993055281901,5.321591714833881
capacity,9103,sine,0.0,always,L4 slip,0.6248457912390398,0.7714701227375234,0.03174324728258158,4.1540717873388955
capacity,9103,sine,0.0,dropout,intact,0.6078791194638323,0.7304954359149018,0.01733998651811143,3.982440141715199
capacity,9103,sine,0.0,dropout,L4 failure,0.7556932742386154,1.047459674973689,0.1686993055281901,5.321591714833881
capacity,9103,sine,0.0,dropout,L4 slip,0.6248457912390398,0.7714701227375234,0.03174324728258158,4.1540717873388955
capacity,9103,sine,0.0,intermittent,intact,0.6078791194638323,0.7304954359149018,0.01733998651811143,3.982440141715199
capacity,9103,sine,0.0,intermittent,L4 failure,0.7556932742386154,1.047459674973689,0.1686993055281901,5.321591714833881
capacity,9103,sine,0.0,intermittent,L4 slip,0.6248457912390398,0.7714701227375234,0.03174324728258158,4.1540717873388955
capacity,9103,sine,0.0,delayed,intact,0.6078791194638323,0.7304954359149018,0.01733998651811143,3.982440141715199
capacity,9103,sine,0.0,delayed,L4 failure,0.7556932742386154,1.047459674973689,0.1686993055281901,5.321591714833881
capacity,9103,sine,0.0,delayed,L4 slip,0.6248457912390398,0.7714701227375234,0.03174324728258158,4.1540717873388955
capacity,9103,sine,0.0,noisy,intact,0.6078791194638323,0.7304954359149018,0.01733998651811143,3.982440141715199
capacity,9103,sine,0.0,noisy,L4 failure,0.7556932742386154,1.047459674973689,0.1686993055281901,5.321591714833881
capacity,9103,sine,0.0,noisy,L4 slip,0.6248457912390398,0.7714701227375234,0.03174324728258158,4.1540717873388955
capacity,9103,sine,0.0,stuck,intact,0.6078791194638323,0.7304954359149018,0.01733998651811143,3.982440141715199
capacity,9103,sine,0.0,stuck,L4 failure,0.7556932742386154,1.047459674973689,0.1686993055281901,5.321591714833881
capacity,9103,sine,0.0,stuck,L4 slip,0.6248457912390398,0.7714701227375234,0.03174324728258158,4.1540717873388955
capacity,9103,sine,0.025,always,intact,0.5482021855780245,0.5878403388846956,0.034844912648129354,3.344315953590342
capacity,9103,sine,0.025,always,L4 failure,0.6845772606569595,0.9078803519025552,0.10882059029990718,4.703379649778391
capacity,9103,sine,0.025,always,L4 slip,0.5631305538196729,0.6292060689935246,0.025621881021051653,3.518819502753269
capacity,9103,sine,0.025,dropout,intact,0.558573181373632,0.6176137260222736,0.01594865089496157,3.463909818567426
capacity,9103,sine,0.025,dropout,L4 failure,0.7001154842977856,0.9401142760629586,0.14456381344664182,4.831563439200071
capacity,9103,sine,0.025,dropout,L4 slip,0.5742720007031978,0.6593167999378899,0.01719568501352304,3.639590233738643
capacity,9103,sine,0.025,intermittent,intact,0.586471801674948,0.6810760287291915,0.017838343883271164,3.761836620357089
capacity,9103,sine,0.025,intermittent,L4 failure,0.7317404715696557,1.0010139795217543,0.14746079421829528,5.117563491471461
capacity,9103,sine,0.025,intermittent,L4 slip,0.6035950651562059,0.7237303133642524,0.021354454310306713,3.942637506320615
capacity,9103,sine,0.025,delayed,intact,0.5521115067120915,0.5965363511171032,0.033816368796776096,3.3869045554157227
capacity,9103,sine,0.025,delayed,L4 failure,0.6892006037353219,0.9165967818332899,0.11112540427694366,4.745116631432073
capacity,9103,sine,0.025,delayed,L4 slip,0.5671870521774051,0.637954709055394,0.025292203753174047,3.561503793055788
capacity,9103,sine,0.025,noisy,intact,0.5461481485304196,0.5826207740418772,0.035000732006480684,3.3197539304593082
capacity,9103,sine,0.025,noisy,L4 failure,0.6821217287809641,0.9028640304559243,0.10866240719831326,4.679739232953026
capacity,9103,sine,0.025,noisy,L4 slip,0.5619306520579974,0.626052098437494,0.025292164689707623,3.5042445989792697
capacity,9103,sine,0.025,stuck,intact,0.5479818955921566,0.5873036654920624,0.03327761455523278,3.3421641236535318
capacity,9103,sine,0.025,stuck,L4 failure,0.6864584652886224,0.9117515206050062,0.11904574302849757,4.718847478629239
capacity,9103,sine,0.025,stuck,L4 slip,0.5631343369879893,0.6293209201454044,0.023021830793059528,3.5192780351894672
capacity,9103,sine,0.05,always,intact,0.504423363460257,0.46829023731044395,0.06960594680106552,2.809637549197731
capacity,9103,sine,0.05,always,L4 failure,0.6293171773890114,0.7931932601295241,0.06260908441315154,4.195100364667996
capacity,9103,sine,0.05,always,L4 slip,0.5173265943171191,0.5105772488022724,0.052669935922947816,2.989105743247544
capacity,9103,sine,0.05,dropout,intact,0.5177386897678313,0.5141726864494115,0.030229704083002167,2.9931431232689136
capacity,9103,sine,0.05,dropout,L4 failure,0.6519013929403692,0.8433568547853479,0.12245527152618933,4.3935270527390715
capacity,9103,sine,0.05,dropout,L4 slip,0.5319861173797362,0.5569207307801805,0.01692160549819482,3.1741687581246625
capacity,9103,sine,0.05,intermittent,intact,0.566951337282805,0.6341994664390858,0.024297651600577324,3.552646980191035
capacity,9103,sine,0.05,intermittent,L4 failure,0.7096268991813958,0.9573668651853801,0.12782246693949412,4.925909126404815
capacity,9103,sine,0.05,intermittent,L4 slip,0.5841748925169034,0.6785559818695364,0.020749365547757116,3.742696949170703
capacity,9103,sine,0.05,delayed,intact,0.5100137962259896,0.48165751375070015,0.06893358935131413,2.876416763608438
capacity,9103,sine,0.05,delayed,L4 failure,0.6360768642134864,0.8062572838783548,0.065224762200887,4.258851633627484
capacity,9103,sine,0.05,delayed,L4 slip,0.5231633349565128,0.5239613586384433,0.05176060134529146,3.0557131611542974
capacity,9103,sine,0.05,noisy,intact,0.5012865910966786,0.45890864267688125,0.06950163916889278,2.7658096001226777
capacity,9103,sine,0.05,noisy,L4 failure,0.6253136166735941,0.7844663650389467,0.06280196699709178,4.154186088576961
capacity,9103,sine,0.05,noisy,L4 slip,0.5156919178622695,0.5053653401287461,0.05157433344003515,2.965494770891738
capacity,9103,sine,0.05,stuck,intact,0.5032148014379284,0.46393720620575946,0.07237205288012674,2.792300759188157
capacity,9103,sine,0.05,stuck,L4 failure,0.6305805415568377,0.7960615962546822,0.07615749978592197,4.206643745026557
capacity,9103,sine,0.05,stuck,L4 slip,0.5162968887193332,0.5072686449542692,0.05334521857052336,2.975952088675321
capacity,9103,sine,0.1,always,intact,0.4541409763410388,0.3093727326131762,0.11122347129842443,2.0919176270201034
capacity,9103,sine,0.1,always,L4 failure,0.5563185140007391,0.6286814489208888,0.04314430352607094,3.4661048629915316
capacity,9103,sine,0.1,always,L4 slip,0.4631142797458197,0.34743312815625116,0.09641097025009752,2.2567649150825475
capacity,9103,sine,0.1,dropout,intact,0.46090880946028717,0.3382999509185144,0.06562456591191028,2.2046243569386808
capacity,9103,sine,0.1,dropout,L4 failure,0.5767004453439345,0.6816082482557595,0.08388579953077377,3.6718128057359944
capacity,9103,sine,0.1,dropout,L4 slip,0.47168926055954724,0.3836337630882221,0.046313605461984396,2.3982523652606185
capacity,9103,sine,0.1,intermittent,intact,0.5332557191653525,0.5479038710158474,0.04793975062725623,3.167796457419432
capacity,9103,sine,0.1,intermittent,L4 failure,0.6705928574590939,0.8781709665504795,0.09302972212441077,4.578471141975847
capacity,9103,sine,0.1,intermittent,L4 slip,0.5505150739942765,0.5957520649759713,0.03181102704869789,3.3766511276977145
capacity,9103,sine,0.1,delayed,intact,0.4596987095478063,0.32243282672309387,0.11427043672055426,2.162955270391046
capacity,9103,sine,0.1,delayed,L4 failure,0.5630613712902482,0.6416720101263458,0.0436723726292802,3.5335720283338086
capacity,9103,sine,0.1,delayed,L4 slip,0.4689618423440549,0.36092287888913316,0.0991192952007754,2.329044447883733
capacity,9103,sine,0.1,noisy,intact,0.45133402525716776,0.29810331523983485,0.10938259539553914,2.0390512629290045
capacity,9103,sine,0.1,noisy,L4 failure,0.5515924905650096,0.6165319486506056,0.04189242232649755,3.4103882083345938
capacity,9103,sine,0.1,noisy,L4 slip,0.46253881211516246,0.34272757156995093,0.0930129898958798,2.237423526173305
capacity,9103,sine,0.1,stuck,intact,0.45422597712021967,0.31324941469223394,0.1345110281120095,2.1081854380504197
capacity,9103,sine,0.1,stuck,L4 failure,0.554657941176087,0.6242265972441438,0.03588636451438798,3.4490526045927563
capacity,9103,sine,0.1,stuck,L4 slip,0.46257923783882304,0.34690173445821626,0.11597866998052024,2.2553829744380933
capacity,9103,sine,0.2,always,intact,0.4339865415821679,0.25384053196710044,0.12117226171423408,1.8061487674574495
capacity,9103,sine,0.2,always,L4 failure,0.4991112766659767,0.4827960285379442,0.03750991477953857,2.827078057628918
capacity,9103,sine,0.2,always,L4 slip,0.4367508130310013,0.27030227883072067,0.10914421933428317,1.8869337329998708
capacity,9103,sine,0.2,dropout,intact,0.43000930038819574,0.23735052197179768,0.11948694932489175,1.7320637761470827
capacity,9103,sine,0.2,dropout,L4 failure,0.4995671027581074,0.48626318064782376,0.02637687334999923,2.8314011015134195
capacity,9103,sine,0.2,dropout,L4 slip,0.4328885628881817,0.25395054525348504,0.10048520276469597,1.8135177258495987
capacity,9103,sine,0.2,intermittent,intact,0.4848589322768426,0.4055934703425895,0.08828780712913009,2.5337092453342893
capacity,9103,sine,0.2,intermittent,L4 failure,0.6108855155462377,0.7499162995501946,0.051734036566327815,4.017471920763532
capacity,9103,sine,0.2,intermittent,L4 slip,0.5015797720421868,0.4602174206948879,0.07158122326759794,2.779062562793142
capacity,9103,sine,0.2,delayed,intact,0.43972459917001017,0.2690866000404817,0.1329191232740316,1.8854474199273512
capacity,9103,sine,0.2,delayed,L4 failure,0.5024783086300089,0.48678788196236794,0.04012678944698149,2.856160493719115
capacity,9103,sine,0.2,delayed,L4 slip,0.4423317397472235,0.28433003145784025,0.12038938557716525,1.960590651407542
capacity,9103,sine,0.2,noisy,intact,0.4363847545422782,0.2543616728004089,0.11305289725904558,1.812251063309284
capacity,9103,sine,0.2,noisy,L4 failure,0.49860614111161816,0.4760845048170167,0.032557558442373166,2.804538328897243
capacity,9103,sine,0.2,noisy,L4 slip,0.44170026009502195,0.2762152807471564,0.09921724017431295,1.9283275146471042
capacity,9103,sine,0.2,stuck,intact,0.45728762468763473,0.34213164283986264,0.20471489280541286,2.1640626847368707
capacity,9103,sine,0.2,stuck,L4 failure,0.5023045884838305,0.4920939376292773,0.06368257133613256,2.868617587190599
capacity,9103,sine,0.2,stuck,L4 slip,0.4568834747358317,0.3479160628892478,0.1860613348451318,2.2018795962303694
capacity,9103,sine,0.4,always,intact,0.44558369406298887,0.28592274375258675,0.04354453743844479,1.987121481110365
capacity,9103,sine,0.4,always,L4 failure,0.4845210105162358,0.42592170346607683,0.027291170646214002,2.640101682421901
capacity,9103,sine,0.4,always,L4 slip,0.44324109177677784,0.2792986010552611,0.03407654809673634,1.9737523901846197
capacity,9103,sine,0.4,dropout,intact,0.5005852665638508,0.46263184587021655,0.1769666659361119,2.703022409906646
capacity,9103,sine,0.4,dropout,L4 failure,0.5005367456905284,0.47647489742775273,0.031151959615316555,2.851840868446506
capacity,9103,sine,0.4,dropout,L4 slip,0.49323033823109114,0.44811580778379384,0.15782035065385877,2.65786165023724
capacity,9103,sine,0.4,intermittent,intact,0.44352437607573003,0.27381177518397254,0.12518274403054325,1.9305279344565598
capacity,9103,sine,0.4,intermittent,L4 failure,0.5457662034521853,0.5938073195121878,0.04443955873615622,3.34370185083706
capacity,9103,sine,0.4,intermittent,L4 slip,0.45751122245884135,0.32102430316922625,0.11153161672197257,2.162654306082883
capacity,9103,sine,0.4,delayed,intact,0.46075031749707335,0.3356163220449039,0.053118374496812816,2.21122971075972
capacity,9103,sine,0.4,delayed,L4 failure,0.48743533583825976,0.4269726018012844,0.02272486638805829,2.6587671231764567
capacity,9103,sine,0.4,delayed,L4 slip,0.45694624005436896,0.3245587766764021,0.04313661614149702,2.17862982183158
capacity,9103,sine,0.4,noisy,intact,0.45656531786998517,0.29482945193005083,0.03280403002886116,2.071659340365629
capacity,9103,sine,0.4,noisy,L4 failure,0.49814030973543855,0.44186071174156716,0.044876750416216124,2.7540536060611913
capacity,9103,sine,0.4,noisy,L4 slip,0.4587845987312356,0.29325028028612604,0.022281292531084823,2.1010228237849695
capacity,9103,sine,0.4,stuck,intact,0.5162984072828108,0.5034479416793658,0.20256805097769362,2.8719028517318566
capacity,9103,sine,0.4,stuck,L4 failure,0.5062469072970063,0.49330802404837576,0.04793048444471666,2.922521986500892
capacity,9103,sine,0.4,stuck,L4 slip,0.5070048156290476,0.4850991398907588,0.18137332901604522,2.8107214372870013
capacity,9103,sine,1.0,always,intact,0.4315745121425097,0.09160492729740274,0.07749472508933966,1.3003388322113412
capacity,9103,sine,1.0,always,L4 failure,0.5082469296843487,0.4669043071846909,0.1291911188784627,2.898139567261131
capacity,9103,sine,1.0,always,L4 slip,0.4323114631963998,0.11638803239943615,0.0751354158200783,1.4104914340583818
capacity,9103,sine,1.0,dropout,intact,0.5789850311213369,0.6403679502431563,0.17670915466165843,3.580734853570857
capacity,9103,sine,1.0,dropout,L4 failure,0.5442450098197081,0.5574397344245291,0.017840496141582736,3.340232231700897
capacity,9103,sine,1.0,dropout,L4 slip,0.5635153541044514,0.6072937633698513,0.15496462000590827,3.4557391843464007
capacity,9103,sine,1.0,intermittent,intact,0.4562769253365486,0.30791441227580063,0.060334942873515596,2.1005312445237325
capacity,9103,sine,1.0,intermittent,L4 failure,0.5194434588599881,0.49780045892337077,0.023107416172579907,3.0146595067109807
capacity,9103,sine,1.0,intermittent,L4 slip,0.464129283514641,0.3235475880127392,0.05334507903454009,2.225603633658232
capacity,9103,sine,1.0,delayed,intact,0.44662132961649775,0.139554637415859,0.13166643560832755,1.569907628979061
capacity,9103,sine,1.0,delayed,L4 failure,0.5131212572743303,0.45708995202236996,0.16390007909415524,2.9121441390592504
capacity,9103,sine,1.0,delayed,L4 slip,0.44520935241038795,0.1259367892818092,0.12251124472127313,1.5229175766504426
capacity,9103,sine,1.0,noisy,intact,0.4839118211215455,0.18620154545756734,0.09588531105632661,1.8544636610409668
capacity,9103,sine,1.0,noisy,L4 failure,0.5996756043335874,0.6254543825533556,0.14901168246365354,3.7337102224490852
capacity,9103,sine,1.0,noisy,L4 slip,0.5139354696142469,0.31256290169859324,0.10009971077498125,2.4387614498451273
capacity,9103,sine,1.0,stuck,intact,0.4444494069524514,0.2015250766618041,0.10946336173734136,1.7623080369386082
capacity,9103,sine,1.0,stuck,L4 failure,0.5100661623321626,0.4628377459811004,0.32249579549296803,2.8940677974873235
capacity,9103,sine,1.0,stuck,L4 slip,0.4396062240831289,0.1561863927953617,0.13714198251096138,1.5893439260890476
capacity,9103,chirp,0.0,always,intact,0.7329109272308482,0.9181092983911906,0.030705746377635422,5.137849289591998
capacity,9103,chirp,0.0,always,L4 failure,0.8135548941107247,1.0955158064316115,0.15164526748366822,5.8478942284521835
capacity,9103,chirp,0.0,always,L4 slip,0.7614854498878216,0.9743787217653243,0.05197788629385195,5.3990005809071535
capacity,9103,chirp,0.0,dropout,intact,0.7329109272308482,0.9181092983911906,0.030705746377635422,5.137849289591998
capacity,9103,chirp,0.0,dropout,L4 failure,0.8135548941107247,1.0955158064316115,0.15164526748366822,5.8478942284521835
capacity,9103,chirp,0.0,dropout,L4 slip,0.7614854498878216,0.9743787217653243,0.05197788629385195,5.3990005809071535
capacity,9103,chirp,0.0,intermittent,intact,0.7329109272308482,0.9181092983911906,0.030705746377635422,5.137849289591998
capacity,9103,chirp,0.0,intermittent,L4 failure,0.8135548941107247,1.0955158064316115,0.15164526748366822,5.8478942284521835
capacity,9103,chirp,0.0,intermittent,L4 slip,0.7614854498878216,0.9743787217653243,0.05197788629385195,5.3990005809071535
capacity,9103,chirp,0.0,delayed,intact,0.7329109272308482,0.9181092983911906,0.030705746377635422,5.137849289591998
capacity,9103,chirp,0.0,delayed,L4 failure,0.8135548941107247,1.0955158064316115,0.15164526748366822,5.8478942284521835
capacity,9103,chirp,0.0,delayed,L4 slip,0.7614854498878216,0.9743787217653243,0.05197788629385195,5.3990005809071535
capacity,9103,chirp,0.0,noisy,intact,0.7329109272308482,0.9181092983911906,0.030705746377635422,5.137849289591998
capacity,9103,chirp,0.0,noisy,L4 failure,0.8135548941107247,1.0955158064316115,0.15164526748366822,5.8478942284521835
capacity,9103,chirp,0.0,noisy,L4 slip,0.7614854498878216,0.9743787217653243,0.05197788629385195,5.3990005809071535
capacity,9103,chirp,0.0,stuck,intact,0.7329109272308482,0.9181092983911906,0.030705746377635422,5.137849289591998
capacity,9103,chirp,0.0,stuck,L4 failure,0.8135548941107247,1.0955158064316115,0.15164526748366822,5.8478942284521835
capacity,9103,chirp,0.0,stuck,L4 slip,0.7614854498878216,0.9743787217653243,0.05197788629385195,5.3990005809071535
capacity,9103,chirp,0.025,always,intact,0.6594787143450608,0.7572470067056427,0.027872721173989666,4.412932179609341
capacity,9103,chirp,0.025,always,L4 failure,0.7338866438501132,0.9378952557317481,0.08295886026604057,5.139317018024461
capacity,9103,chirp,0.025,always,L4 slip,0.6851367966299583,0.8115089686028437,0.022625886558106587,4.666274806348447
capacity,9103,chirp,0.025,dropout,intact,0.6769966006055999,0.8018569311188442,0.016790963381402076,4.593198785890848
capacity,9103,chirp,0.025,dropout,L4 failure,0.7542978255200447,0.981812488023939,0.12608714235421062,5.315333108242275
capacity,9103,chirp,0.025,dropout,L4 slip,0.7039856823509971,0.8574693719789268,0.03002473952159203,4.851750273886926
capacity,9103,chirp,0.025,intermittent,intact,0.7068204591881784,0.8623748511294632,0.020074819632702044,4.88757237186929
capacity,9103,chirp,0.025,intermittent,L4 failure,0.7864903351719582,1.0426321168497954,0.1272845850820224,5.611979104565356
capacity,9103,chirp,0.025,intermittent,L4 slip,0.7352005658110913,0.9192976743286781,0.032629619542639286,5.153480204098587
capacity,9103,chirp,0.025,delayed,intact,0.664939265315737,0.7683716979688687,0.026696392035843775,4.46760190224625
capacity,9103,chirp,0.025,delayed,L4 failure,0.7397937724899868,0.9489712842593528,0.08534153701675362,5.193555885287776
capacity,9103,chirp,0.025,delayed,L4 slip,0.6908346161545121,0.8228766632900401,0.022385555222939762,4.721956404374621
capacity,9103,chirp,0.025,noisy,intact,0.6569108044783529,0.7516880443842893,0.027998224042614685,4.385653985014388
capacity,9103,chirp,0.025,noisy,L4 failure,0.7311284219366005,0.9325027128205001,0.08281474114728313,5.11255303205752
capacity,9103,chirp,0.025,noisy,L4 slip,0.6835139819503376,0.8080484191747657,0.022490961054286655,4.648966565489219
capacity,9103,chirp,0.025,stuck,intact,0.6597650873938748,0.7580153652781902,0.026744848910512636,4.415994898943534
capacity,9103,chirp,0.025,stuck,L4 failure,0.7356634058677628,0.9416933721670327,0.09039115905351576,5.154483438174458
capacity,9103,chirp,0.025,stuck,L4 slip,0.6857669307596642,0.8130968121666011,0.021553317028022996,4.67262314055004
capacity,9103,chirp,0.05,always,intact,0.6031039189023459,0.6211782053916665,0.07275345711796924,3.7965723989014872
capacity,9103,chirp,0.05,always,L4 failure,0.6714019953133018,0.8071950527534231,0.03034309012206728,4.5474407677730975
capacity,9103,chirp,0.05,always,L4 slip,0.6261229561484483,0.6743966646693027,0.05660031080659117,4.045980517069807
capacity,9103,chirp,0.05,dropout,intact,0.628507580416396,0.6948567188187325,0.018321846005642052,4.093654358221078
capacity,9103,chirp,0.05,dropout,L4 failure,0.7022363248853061,0.8785360240556581,0.10259070150991371,4.832408947835332
capacity,9103,chirp,0.05,dropout,L4 slip,0.6538565119322027,0.7501263269397223,0.01879715890577033,4.350910348550556
capacity,9103,chirp,0.05,intermittent,intact,0.6827518827786425,0.8094396168417525,0.018473429812339754,4.64957121907809
capacity,9103,chirp,0.05,intermittent,L4 failure,0.7614182615974099,0.9927665810309912,0.10466695518793548,5.38916243117056
capacity,9103,chirp,0.05,intermittent,L4 slip,0.7109238669256069,0.8670631127957062,0.02296075452563964,4.920411146086387
capacity,9103,chirp,0.05,delayed,intact,0.6114516018918341,0.6390248805006261,0.07152612635849465,3.886080694642283
capacity,9103,chirp,0.05,delayed,L4 failure,0.6804681815355295,0.8245292141818987,0.03239100593320053,4.634439499373426
capacity,9103,chirp,0.05,delayed,L4 slip,0.6348663475826039,0.6925642630080457,0.05510654312309584,4.136832540868885
capacity,9103,chirp,0.05,noisy,intact,0.5989196224183359,0.6112587777743792,0.072575586346682,3.7475765499605083
capacity,9103,chirp,0.05,noisy,L4 failure,0.666848114397474,0.797881082084254,0.030497472542876214,4.500646495344863
capacity,9103,chirp,0.05,noisy,L4 slip,0.6236564933916775,0.668700440201393,0.055431718153308066,4.0171233400957655
capacity,9103,chirp,0.05,stuck,intact,0.602253849558554,0.6184795033356997,0.07669497046624359,3.785762932163475
capacity,9103,chirp,0.05,stuck,L4 failure,0.6725066490604285,0.8097990082274624,0.03612613937292482,4.557834844094812
capacity,9103,chirp,0.05,stuck,L4 slip,0.6256641037583447,0.6730561236722682,0.05836034393091747,4.040616792941804
capacity,9103,chirp,0.1,always,intact,0.5318557572751765,0.4226142052846969,0.13145774940936247,2.883867133526895
capacity,9103,chirp,0.1,always,L4 failure,0.5881999956107589,0.6196444408612004,0.0428529452073025,3.68372517695627
capacity,9103,chirp,0.1,always,L4 slip,0.550306489009404,0.4749809838496991,0.11895002087086852,3.130323184266516
capacity,9103,chirp,0.1,dropout,intact,0.5531692017109179,0.5086143052736962,0.05223517547948705,3.2283437810118105
capacity,9103,chirp,0.1,dropout,L4 failure,0.6188474226345589,0.7032638784900864,0.061302311935344675,4.014134592656276
capacity,9103,chirp,0.1,dropout,L4 slip,0.5750242755540151,0.5641808351015751,0.03406343111917811,3.487036633010145
capacity,9103,chirp,0.1,intermittent,intact,0.640386662802299,0.7117767964410371,0.044410116029112635,4.2095819679081
capacity,9103,chirp,0.1,intermittent,L4 failure,0.7169695094513107,0.9019233075823052,0.0643465829645548,4.982118687492696
capacity,9103,chirp,0.1,intermittent,L4 slip,0.66810810818661,0.7709824334441084,0.029140943219431704,4.490972886887194
capacity,9103,chirp,0.1,delayed,intact,0.541485340016839,0.4440102821445396,0.13453111221322805,2.998027114149887
capacity,9103,chirp,0.1,delayed,L4 failure,0.5986309209168217,0.6392636122323645,0.04426834599881389,3.78988482988309
capacity,9103,chirp,0.1,delayed,L4 slip,0.5604608636149568,0.49664209091789,0.12175516227975056,3.24560312904662
capacity,9103,chirp,0.1,noisy,intact,0.5269374486981404,0.40872584755703745,0.12928739654159888,2.813046651940665
capacity,9103,chirp,0.1,noisy,L4 failure,0.5825625296547405,0.6071685001585776,0.04085146511883244,3.6184523782875697
capacity,9103,chirp,0.1,noisy,L4 slip,0.5481602341060019,0.46924850427568554,0.11524265006054787,3.0989647062786143
capacity,9103,chirp,0.1,stuck,intact,0.5312109112067426,0.4201301782827211,0.16117569578757973,2.8741573554621027
capacity,9103,chirp,0.1,stuck,L4 failure,0.5871898891993612,0.616594856469275,0.05324720792274158,3.671844800355001
capacity,9103,chirp,0.1,stuck,L4 slip,0.5494325350101117,0.47144373541383766,0.14536623553540604,3.1164187755762756
capacity,9103,chirp,0.2,always,intact,0.48786139673201784,0.32900018650354274,0.16335586516995038,2.357387574530088
capacity,9103,chirp,0.2,always,L4 failure,0.523632511910027,0.47339889054947426,0.0889408859726307,2.9524155473459057
capacity,9103,chirp,0.2,always,L4 slip,0.4998425319884008,0.35970807568854857,0.15485003011297996,2.5175316341378124
capacity,9103,chirp,0.2,dropout,intact,0.4788685008835889,0.27935036890034814,0.11120917891469592,2.149755265637047
capacity,9103,chirp,0.2,dropout,L4 failure,0.524933584660056,0.48178775007878,0.029095928192495697,2.9724420366856665
capacity,9103,chirp,0.2,dropout,L4 slip,0.4931933584205075,0.32796762067591967,0.09254551924127523,2.381100673591818
capacity,9103,chirp,0.2,intermittent,intact,0.5764938619742899,0.5485846771848154,0.09777897758965759,3.4704315107273263
capacity,9103,chirp,0.2,intermittent,L4 failure,0.6485924569410905,0.7543936571815294,0.023445380670199495,4.316446425065972
capacity,9103,chirp,0.2,intermittent,L4 slip,0.6032055581690697,0.6117357212149448,0.08376153320521665,3.7759102896152275
capacity,9103,chirp,0.2,delayed,intact,0.4973919516951829,0.34789515684898775,0.1782440126276835,2.4685217547903764
capacity,9103,chirp,0.2,delayed,L4 failure,0.5325228025459326,0.4869313820711728,0.10226729663738551,3.0402467308598116
capacity,9103,chirp,0.2,delayed,L4 slip,0.5096593039510369,0.378653722871544,0.16962252465673294,2.6288493201420624
capacity,9103,chirp,0.2,noisy,intact,0.48660131741955964,0.32711863915694817,0.1542768057809019,2.3339361953633797
capacity,9103,chirp,0.2,noisy,L4 failure,0.5214917865108385,0.46879959600627846,0.078467300384366,2.919087699555461
capacity,9103,chirp,0.2,noisy,L4 slip,0.5022746606640044,0.3651398780598837,0.1440824069881264,2.537896834318234
capacity,9103,chirp,0.2,stuck,intact,0.514950224943227,0.4334698346912842,0.27417021012049514,2.777926241573157
capacity,9103,chirp,0.2,stuck,L4 failure,0.537259345242438,0.516620510943146,0.16796437867955105,3.1283922827567876
capacity,9103,chirp,0.2,stuck,L4 slip,0.5246571695897531,0.45356929038213706,0.26162713272085314,2.895603260612999
capacity,9103,chirp,0.4,always,intact,0.4883136260800425,0.39311939617184694,0.09683115088798369,2.5103401291217926
capacity,9103,chirp,0.4,always,L4 failure,0.5053894800137168,0.45981367274279633,0.05998241692455455,2.7947415437366754
capacity,9103,chirp,0.4,always,L4 slip,0.4950795272542819,0.4029416701459563,0.09200243928009602,2.5846600280185053
capacity,9103,chirp,0.4,dropout,intact,0.4967076806970057,0.42088586451660415,0.17938833243131413,2.6045441549994917
capacity,9103,chirp,0.4,dropout,L4 failure,0.506812587091143,0.4675619796716181,0.07109013132345668,2.8115348027361806
capacity,9103,chirp,0.4,dropout,L4 slip,0.5001566901526783,0.42195209614437895,0.16212926582397652,2.6439426473300944
capacity,9103,chirp,0.4,intermittent,intact,0.5123250631312665,0.36406894431950887,0.15490333747474908,2.6045121872899766
capacity,9103,chirp,0.4,intermittent,L4 failure,0.5742091428908788,0.5811249458913897,0.06994242632423738,3.515244840747976
capacity,9103,chirp,0.4,intermittent,L4 slip,0.5368113202307617,0.42869358184442363,0.1465225394785779,2.9317124187174506
capacity,9103,chirp,0.4,delayed,intact,0.5072192293266767,0.44055445455314757,0.11528655328876983,2.736817505194312
capacity,9103,chirp,0.4,delayed,L4 failure,0.5189482430098789,0.4878052497398871,0.0683460077324646,2.938619177014794
capacity,9103,chirp,0.4,delayed,L4 slip,0.5134671250449337,0.4486817770744464,0.11036156585150156,2.803794682554286
capacity,9103,chirp,0.4,noisy,intact,0.49335949245515387,0.3951303054963876,0.07895846709354466,2.5328823309307946
capacity,9103,chirp,0.4,noisy,L4 failure,0.5134351742978234,0.47128460775446224,0.06123393069813935,2.8605179735858877
capacity,9103,chirp,0.4,noisy,L4 slip,0.5064863067327685,0.4137824384352391,0.07298644601122124,2.671743385646203
capacity,9103,chirp,0.4,stuck,intact,0.6014332138169842,0.6841816549790863,0.34991884348289554,3.687843813697879
capacity,9103,chirp,0.4,stuck,L4 failure,0.5781335226247833,0.652570397582432,0.22853318451235055,3.579195309454102
capacity,9103,chirp,0.4,stuck,L4 slip,0.6043882532984364,0.6877645783764988,0.33943946783495627,3.7367637508902827
capacity,9103,chirp,1.0,always,intact,0.4475303385651218,0.2381575476647678,0.10781836144387627,1.8549494356725202
capacity,9103,chirp,1.0,always,L4 failure,0.47729168299525704,0.39360187467985264,0.1039410306799744,2.495321716124639
capacity,9103,chirp,1.0,always,L4 slip,0.453755215313394,0.2430791602928452,0.10426031410963947,1.905878740922669
capacity,9103,chirp,1.0,dropout,intact,0.5899174436181417,0.6865112398576473,0.21420746821991896,3.682745257410605
capacity,9103,chirp,1.0,dropout,L4 failure,0.5632480065526624,0.6378782235456342,0.0933600204174682,3.5153658081293906
capacity,9103,chirp,1.0,dropout,L4 slip,0.5869220019541947,0.6753355538710057,0.19774944602368355,3.666869282630633
capacity,9103,chirp,1.0,intermittent,intact,0.5043221470841913,0.41274457974543993,0.1146864472081575,2.6618357878105012
capacity,9103,chirp,1.0,intermittent,L4 failure,0.5446103299670287,0.5275306569289422,0.06342722351838097,3.2021723966205187
capacity,9103,chirp,1.0,intermittent,L4 slip,0.525656044078459,0.44767715479666076,0.11629103295740226,2.903003037906767
capacity,9103,chirp,1.0,delayed,intact,0.4638460324335148,0.2774644789562452,0.14270406175631786,2.0693122509906483
capacity,9103,chirp,1.0,delayed,L4 failure,0.4868455371010616,0.4028062928490671,0.1396081673732391,2.5794080792191063
capacity,9103,chirp,1.0,delayed,L4 slip,0.46899336267109865,0.2742703600490156,0.13865347827210917,2.085334080669418
capacity,9103,chirp,1.0,noisy,intact,0.4887418613959754,0.2727496706689526,0.09825295298981948,2.1419152148194507
capacity,9103,chirp,1.0,noisy,L4 failure,0.553622178478424,0.537463037494264,0.09813288714959645,3.2479195380244095
capacity,9103,chirp,1.0,noisy,L4 slip,0.5289098575188067,0.3895909538048438,0.08533436846739983,2.7266215386416093
capacity,9103,chirp,1.0,stuck,intact,0.5824372290702322,0.669839516623821,0.20355507882391904,3.6136699879055048
capacity,9103,chirp,1.0,stuck,L4 failure,0.5227507823321426,0.533731451795205,0.04460829236115381,3.0821919193755236
capacity,9103,chirp,1.0,stuck,L4 slip,0.582261446359121,0.664755294886687,0.19093116249081826,3.623097412621418
capacity,9104,straight,0.0,always,intact,0.637107184652181,0.7914155417992383,0.013215703410126844,4.49812009052881
capacity,9104,straight,0.0,always,L4 failure,2.432488249585775,3.826148351596186,1.7100037290490384,18.304500691888776
capacity,9104,straight,0.0,always,L4 slip,0.9669662679694461,1.3840550043714195,0.32865518677177186,7.290607442544644
capacity,9104,straight,0.0,dropout,intact,0.637107184652181,0.7914155417992383,0.013215703410126844,4.49812009052881
capacity,9104,straight,0.0,dropout,L4 failure,2.432488249585775,3.826148351596186,1.7100037290490384,18.304500691888776
capacity,9104,straight,0.0,dropout,L4 slip,0.9669662679694461,1.3840550043714195,0.32865518677177186,7.290607442544644
capacity,9104,straight,0.0,intermittent,intact,0.637107184652181,0.7914155417992383,0.013215703410126844,4.49812009052881
capacity,9104,straight,0.0,intermittent,L4 failure,2.432488249585775,3.826148351596186,1.7100037290490384,18.304500691888776
capacity,9104,straight,0.0,intermittent,L4 slip,0.9669662679694461,1.3840550043714195,0.32865518677177186,7.290607442544644
capacity,9104,straight,0.0,delayed,intact,0.637107184652181,0.7914155417992383,0.013215703410126844,4.49812009052881
capacity,9104,straight,0.0,delayed,L4 failure,2.432488249585775,3.826148351596186,1.7100037290490384,18.304500691888776
capacity,9104,straight,0.0,delayed,L4 slip,0.9669662679694461,1.3840550043714195,0.32865518677177186,7.290607442544644
capacity,9104,straight,0.0,noisy,intact,0.637107184652181,0.7914155417992383,0.013215703410126844,4.49812009052881
capacity,9104,straight,0.0,noisy,L4 failure,2.432488249585775,3.826148351596186,1.7100037290490384,18.304500691888776
capacity,9104,straight,0.0,noisy,L4 slip,0.9669662679694461,1.3840550043714195,0.32865518677177186,7.290607442544644
capacity,9104,straight,0.0,stuck,intact,0.637107184652181,0.7914155417992383,0.013215703410126844,4.49812009052881
capacity,9104,straight,0.0,stuck,L4 failure,2.432488249585775,3.826148351596186,1.7100037290490384,18.304500691888776
capacity,9104,straight,0.0,stuck,L4 slip,0.9669662679694461,1.3840550043714195,0.32865518677177186,7.290607442544644
capacity,9104,straight,0.025,always,intact,0.6289942931019903,0.7747188119423177,0.01492785088227716,4.421124442826446
capacity,9104,straight,0.025,always,L4 failure,2.378216693984147,3.7426737269514296,1.5684299694894377,17.980565639515124
capacity,9104,straight,0.025,always,L4 slip,0.9571362881683247,1.3669385295324161,0.2754984250729654,7.22750346801245
capacity,9104,straight,0.025,dropout,intact,0.6300712141231387,0.7772081056833029,0.0028745965831024887,4.43131834147221
capacity,9104,straight,0.025,dropout,L4 failure,2.4350142665920034,3.8305141112529357,1.7074475109022476,18.329416271329166
capacity,9104,straight,0.025,dropout,L4 slip,0.9746417442492706,1.398296247725738,0.332221723927734,7.352974112701824
capacity,9104,straight,0.025,intermittent,intact,0.6337275323905154,0.7843595312696048,0.004890342430364041,4.466156268210975
capacity,9104,straight,0.025,intermittent,L4 failure,2.4148795190061465,3.7991577473582767,1.6631698345495636,18.199668341724497
capacity,9104,straight,0.025,intermittent,L4 slip,0.9635910063159845,1.3782270980832645,0.3105154140093959,7.268846001622286
capacity,9104,straight,0.025,delayed,intact,0.6294467117326166,0.7755343298671743,0.014585765667436182,4.425375375507568
capacity,9104,straight,0.025,delayed,L4 failure,2.386098235341825,3.755684502547119,1.578746436000504,18.03196386334207
capacity,9104,straight,0.025,delayed,L4 slip,0.959793716541572,1.3718594815682548,0.28144129201614865,7.247191969662436
capacity,9104,straight,0.025,noisy,intact,0.6301881100787313,0.7769369381703214,0.014894488975039383,4.432431118176978
capacity,9104,straight,0.025,noisy,L4 failure,2.3770028645737784,3.740208319000294,1.5733662402262412,17.96811098253293
capacity,9104,straight,0.025,noisy,L4 slip,0.9554792894215507,1.3636175471478615,0.2763461673977238,7.213521467928664
capacity,9104,straight,0.025,stuck,intact,0.6290239159455276,0.7747882353508574,0.014702784504695999,4.421407015622421
capacity,9104,straight,0.025,stuck,L4 failure,2.4052945392104186,3.7841315930132025,1.6394293413171517,18.145296351160923
capacity,9104,straight,0.025,stuck,L4 slip,0.9682336490878147,1.3866576135611715,0.3177268677214535,7.306350330811928
capacity,9104,straight,0.05,always,intact,0.6253814168313798,0.7678998167591232,0.030265501017672863,4.386616515379617
capacity,9104,straight,0.05,always,L4 failure,2.321801855118311,3.6553160232260886,1.4255264254767421,17.640664028552663
capacity,9104,straight,0.05,always,L4 slip,0.9462549002992511,1.3471462743249025,0.2250361243073964,7.153308484368711
capacity,9104,straight,0.05,dropout,intact,0.6258985105301674,0.7690843045447816,0.010747891793586506,4.391659695097611
capacity,9104,straight,0.05,dropout,L4 failure,2.435308409069279,3.8311102040070857,1.702998714240244,18.338638836117642
capacity,9104,straight,0.05,dropout,L4 slip,0.9803719654344031,1.4088244956099234,0.3340847165661871,7.400156448929514
capacity,9104,straight,0.05,intermittent,intact,0.6310809903778674,0.7789118175032962,0.008045796126928108,4.441009135622105
capacity,9104,straight,0.05,intermittent,L4 failure,2.3967240551267652,3.7712838615472557,1.6156427572434442,18.091331311009053
capacity,9104,straight,0.05,intermittent,L4 slip,0.9600504041142961,1.3720111674284474,0.29235138061753463,7.245549064014161
capacity,9104,straight,0.05,delayed,intact,0.6258269713738798,0.7685826266251221,0.031075097528236756,4.39071660035065
capacity,9104,straight,0.05,delayed,L4 failure,2.337443761711498,3.681219771479371,1.4457366077422518,17.743188073351167
capacity,9104,straight,0.05,delayed,L4 slip,0.9512026094793322,1.356488163116069,0.23485841783030845,7.190915115742039
capacity,9104,straight,0.05,noisy,intact,0.6269567644047727,0.7705505487870642,0.032113609132823,4.4013002695734
capacity,9104,straight,0.05,noisy,L4 failure,2.3199835787308674,3.651444629646349,1.4359218672067804,17.620151218073072
capacity,9104,straight,0.05,noisy,L4 slip,0.9439399777207526,1.342368972324283,0.2278407426291918,7.132801971532842
capacity,9104,straight,0.05,stuck,intact,0.6253905376457908,0.7679177215450983,0.035296938546482956,4.386686726326448
capacity,9104,straight,0.05,stuck,L4 failure,2.3748746882550535,3.736736873376575,1.564937537927013,17.964050595431626
capacity,9104,straight,0.05,stuck,L4 slip,0.9663104129683949,1.3832483780912346,0.3023202996831229,7.297669811966282
capacity,9104,straight,0.1,always,intact,0.6236714046754813,0.7659867204851378,0.03735660105075357,4.370704566984741
capacity,9104,straight,0.1,always,L4 failure,2.2076563784425844,3.476520545949583,1.1380154680698171,16.94336447495709
capacity,9104,straight,0.1,always,L4 slip,0.9245019190649739,1.3057069237022434,0.13766066582491918,6.995933249402933
capacity,9104,straight,0.1,dropout,intact,0.6229013881794527,0.764149323420519,0.026999040737028614,4.363574397542876
capacity,9104,straight,0.1,dropout,L4 failure,2.430208433630869,3.8226929317886826,1.6894029078073973,18.316817743124776
capacity,9104,straight,0.1,dropout,L4 slip,0.9866053944431392,1.4200097102510425,0.33361877724183714,7.453583832569375
capacity,9104,straight,0.1,intermittent,intact,0.6274744764265826,0.7717286869705438,0.02158054095396858,4.406594507006405
capacity,9104,straight,0.1,intermittent,L4 failure,2.359011242787747,3.7132373641359093,1.5185803491672396,17.865561081056722
capacity,9104,straight,0.1,intermittent,L4 slip,0.9526372451294044,1.358712150862698,0.2563518827576491,7.195512663921978
capacity,9104,straight,0.1,delayed,intact,0.6241018816852442,0.7666055751074332,0.04114350623256095,4.3744298444665795
capacity,9104,straight,0.1,delayed,L4 failure,2.23707268250148,3.525700818610919,1.1761812565901106,17.138577449293404
capacity,9104,straight,0.1,delayed,L4 slip,0.9324263673293999,1.3211506908662936,0.14923632489585542,7.059078323073052
capacity,9104,straight,0.1,noisy,intact,0.6255025910046914,0.7685065898028565,0.046020501031400554,4.386618195708294
capacity,9104,straight,0.1,noisy,L4 failure,2.205860616765659,3.472121405411464,1.1603130837148552,16.916531495737622
capacity,9104,straight,0.1,noisy,L4 slip,0.922977370912433,1.3021328520443343,0.14627429283431387,6.979247279944648
capacity,9104,straight,0.1,stuck,intact,0.6245903942806762,0.7680891514480584,0.059031897508037,4.37910017675789
capacity,9104,straight,0.1,stuck,L4 failure,2.3072930052768648,3.6304239812818353,1.408446035028156,17.553967629476972
capacity,9104,straight,0.1,stuck,L4 slip,0.9554609710541431,1.3629978820756266,0.26210466522870174,7.225036493944103
capacity,9104,straight,0.2,always,intact,0.6236970439815193,0.7675367492109031,0.018130278537947176,4.373042008356909
capacity,9104,straight,0.2,always,L4 failure,2.0098123148668265,3.1577179546518073,0.5730713109248429,15.699687251286418
capacity,9104,straight,0.2,always,L4 slip,0.8903043671448081,1.2365450214257252,0.04774054869659514,6.729211967661133
capacity,9104,straight,0.2,dropout,intact,0.6250067029671498,0.7705124646272087,0.0431297305876039,4.3849569474913945
capacity,9104,straight,0.2,dropout,L4 failure,2.4033056946665847,3.777627908551087,1.6490641790666107,18.1536488864463
capacity,9104,straight,0.2,dropout,L4 slip,0.9832477782318337,1.4127501469976655,0.32115509915172086,7.435186482064845
capacity,9104,straight,0.2,intermittent,intact,0.6244202339201272,0.7664348322666021,0.03588263637124032,4.377438312781987
capacity,9104,straight,0.2,intermittent,L4 failure,2.2800553597979833,3.591015517572697,1.31731388262979,17.38998428252999
capacity,9104,straight,0.2,intermittent,L4 slip,0.937387530451246,1.3303532283692892,0.18795853434578644,7.08837225735989
capacity,9104,straight,0.2,delayed,intact,0.6246401844338312,0.7695264120216747,0.022078741403813,4.381687118575242
capacity,9104,straight,0.2,delayed,L4 failure,2.051244996006607,3.2292553627562177,0.6340427623610999,15.985073678819134
capacity,9104,straight,0.2,delayed,L4 slip,0.8989105223900211,1.2537416318140413,0.05586425659499481,6.803412474465907
capacity,9104,straight,0.2,noisy,intact,0.6276043130573663,0.7736303357920523,0.03889955694306056,4.404807618030318
capacity,9104,straight,0.2,noisy,L4 failure,2.009882055728382,3.1564697067695535,0.6224451786081324,15.680346903921418
capacity,9104,straight,0.2,noisy,L4 slip,0.8943539893191204,1.2434908365827717,0.05668436853858021,6.755959506636424
capacity,9104,straight,0.2,stuck,intact,0.6272125832906053,0.7755972855912285,0.061260754068311295,4.40528799827792
capacity,9104,straight,0.2,stuck,L4 failure,2.16322243189286,3.400001721151417,1.0878282480236472,16.65761832217701
capacity,9104,straight,0.2,stuck,L4 slip,0.9210988529894772,1.2965751752452406,0.16521520039856066,6.96929444858029
capacity,9104,straight,0.4,always,intact,0.6216555565663258,0.7623839303309331,0.016244372875196245,4.355016743140365
capacity,9104,straight,0.4,always,L4 failure,1.8600985460713262,2.8976391499288576,0.08989859818411079,14.703296263381743
capacity,9104,straight,0.4,always,L4 slip,0.8584042895237796,1.168785687983053,0.03907261702033364,6.4578568905256395
capacity,9104,straight,0.4,dropout,intact,0.627535435438899,0.7760914455002952,0.04143457508578581,4.410053207085749
capacity,9104,straight,0.4,dropout,L4 failure,2.3180321499088437,3.634202262141079,1.5468712513932852,17.595999605370096
capacity,9104,straight,0.4,dropout,L4 slip,0.948436695521083,1.3456231919352695,0.27823951753905407,7.1669584796050145
capacity,9104,straight,0.4,intermittent,intact,0.6240206395110053,0.7674608217520882,0.03188688923992679,4.374536992674549
capacity,9104,straight,0.4,intermittent,L4 failure,2.128667546161689,3.352943995461504,0.9007263762748388,16.466476834079806
capacity,9104,straight,0.4,intermittent,L4 slip,0.9095683206076237,1.2756257111985936,0.0769091710045975,6.88133301471434
capacity,9104,straight,0.4,delayed,intact,0.6223163515079886,0.7636053194896466,0.023376915618333896,4.362107457101172
capacity,9104,straight,0.4,delayed,L4 failure,1.8776666202312917,2.931164096910744,0.07261529427783318,14.845384673817263
capacity,9104,straight,0.4,delayed,L4 slip,0.8634184710865448,1.1774901561329885,0.05444890104492234,6.506265777573367
capacity,9104,straight,0.4,noisy,intact,0.6344338285390123,0.7845339150766473,0.026219547626890126,4.461907062199255
capacity,9104,straight,0.4,noisy,L4 failure,1.863272927761364,2.9028706757000466,0.10613378342164445,14.714321195109278
capacity,9104,straight,0.4,noisy,L4 slip,0.8774422192236778,1.2024351147953154,0.03524587003928738,6.611303562115407
capacity,9104,straight,0.4,stuck,intact,0.6232566289747894,0.7661509680164387,0.007459134415619606,4.370122809195395
capacity,9104,straight,0.4,stuck,L4 failure,1.934778243930379,3.021750068336744,0.5187041846104443,15.182303133504163
capacity,9104,straight,0.4,stuck,L4 slip,0.8675106221916317,1.1877858715910954,0.022661472451947162,6.534120085943434
capacity,9104,straight,1.0,always,intact,0.6202155577209431,0.7585975057934288,0.005350599627032135,4.335816174149899
capacity,9104,straight,1.0,always,L4 failure,1.7951369778382482,2.771432020289723,0.016205442832921628,14.224793447266116
capacity,9104,straight,1.0,always,L4 slip,0.8402891761010185,1.1334161463616619,0.01563344921588418,6.282697799457148
capacity,9104,straight,1.0,dropout,intact,0.6212226399327996,0.7609963715991326,0.008817650317483838,4.345528018917892
capacity,9104,straight,1.0,dropout,L4 failure,2.101911393679668,3.269740417365841,1.30310325393333,16.14679350000567
capacity,9104,straight,1.0,dropout,L4 slip,0.8793341626861596,1.212416794672872,0.19969244583935128,6.599302944726185
capacity,9104,straight,1.0,intermittent,intact,0.6227035425618291,0.764485151385583,0.016431444887837543,4.364665271384401
capacity,9104,straight,1.0,intermittent,L4 failure,1.939817035535866,3.038159572916043,0.09726490856229994,15.29150921456193
capacity,9104,straight,1.0,intermittent,L4 slip,0.8664372712286097,1.181571288888619,0.04431067560034378,6.531607670957917
capacity,9104,straight,1.0,delayed,intact,0.6201993933621115,0.7581653048113953,0.007729324906089466,4.334997579258928
capacity,9104,straight,1.0,delayed,L4 failure,1.8096211676608431,2.793157492146346,0.08679042421698303,14.347573605241235
capacity,9104,straight,1.0,delayed,L4 slip,0.8446697367900681,1.139812103245762,0.014691986709212335,6.320659519715945
capacity,9104,straight,1.0,noisy,intact,0.6861105701073045,0.8622089059953207,0.027984130096178617,4.887363296334432
capacity,9104,straight,1.0,noisy,L4 failure,1.8580919882710705,2.866671536528174,0.04767795305746396,14.710703972928423
capacity,9104,straight,1.0,noisy,L4 slip,0.932662236383419,1.2798105504085828,0.024639412272778556,7.046264807985622
capacity,9104,straight,1.0,stuck,intact,0.6201038983108489,0.7583089452936924,0.046025061443858324,4.334642799706277
capacity,9104,straight,1.0,stuck,L4 failure,1.8144859826553696,2.804787502783595,0.2569945541938323,14.368912058259099
capacity,9104,straight,1.0,stuck,L4 slip,0.8433300870099362,1.1397972570441284,0.048584580608603566,6.309613685010383
capacity,9104,s_lr,0.0,always,intact,0.6049101055119642,0.7075593949380059,0.010455758907349634,4.240333469998691
capacity,9104,s_lr,0.0,always,L4 failure,2.625675250749907,4.155597459731103,1.679157691654592,20.10094618981094
capacity,9104,s_lr,0.0,always,L4 slip,1.1760444240747256,1.7305636399381967,0.352072169086016,9.147079674439603
capacity,9104,s_lr,0.0,dropout,intact,0.6049101055119642,0.7075593949380059,0.010455758907349634,4.240333469998691
capacity,9104,s_lr,0.0,dropout,L4 failure,2.625675250749907,4.155597459731103,1.679157691654592,20.10094618981094
capacity,9104,s_lr,0.0,dropout,L4 slip,1.1760444240747256,1.7305636399381967,0.352072169086016,9.147079674439603
capacity,9104,s_lr,0.0,intermittent,intact,0.6049101055119642,0.7075593949380059,0.010455758907349634,4.240333469998691
capacity,9104,s_lr,0.0,intermittent,L4 failure,2.625675250749907,4.155597459731103,1.679157691654592,20.10094618981094
capacity,9104,s_lr,0.0,intermittent,L4 slip,1.1760444240747256,1.7305636399381967,0.352072169086016,9.147079674439603
capacity,9104,s_lr,0.0,delayed,intact,0.6049101055119642,0.7075593949380059,0.010455758907349634,4.240333469998691
capacity,9104,s_lr,0.0,delayed,L4 failure,2.625675250749907,4.155597459731103,1.679157691654592,20.10094618981094
capacity,9104,s_lr,0.0,delayed,L4 slip,1.1760444240747256,1.7305636399381967,0.352072169086016,9.147079674439603
capacity,9104,s_lr,0.0,noisy,intact,0.6049101055119642,0.7075593949380059,0.010455758907349634,4.240333469998691
capacity,9104,s_lr,0.0,noisy,L4 failure,2.625675250749907,4.155597459731103,1.679157691654592,20.10094618981094
capacity,9104,s_lr,0.0,noisy,L4 slip,1.1760444240747256,1.7305636399381967,0.352072169086016,9.147079674439603
capacity,9104,s_lr,0.0,stuck,intact,0.6049101055119642,0.7075593949380059,0.010455758907349634,4.240333469998691
capacity,9104,s_lr,0.0,stuck,L4 failure,2.625675250749907,4.155597459731103,1.679157691654592,20.10094618981094
capacity,9104,s_lr,0.0,stuck,L4 slip,1.1760444240747256,1.7305636399381967,0.352072169086016,9.147079674439603
capacity,9104,s_lr,0.025,always,intact,0.5982953707036472,0.6851795130668668,0.054533833535736556,4.165090990478532
capacity,9104,s_lr,0.025,always,L4 failure,2.5429592791519724,4.020382366104046,1.507848150266486,19.56395754978889
capacity,9104,s_lr,0.025,always,L4 slip,1.105457750572844,1.5979021132290554,0.21679164257643144,8.61588906938975
capacity,9104,s_lr,0.025,dropout,intact,0.6077533565381473,0.7094928132431442,0.01273123200180686,4.264404317619455
capacity,9104,s_lr,0.025,dropout,L4 failure,2.6082492730956433,4.125371940987149,1.6583355401002016,19.985724895496688
capacity,9104,s_lr,0.025,dropout,L4 slip,1.1622906838478528,1.7034739750517098,0.33873445423703036,9.041656778205699
capacity,9104,s_lr,0.025,intermittent,intact,0.6023031492452486,0.6992326290568356,0.024815118166618935,4.211583968599633
capacity,9104,s_lr,0.025,intermittent,L4 failure,2.59742221270796,4.109415914105077,1.6206590205449047,19.917273152944183
capacity,9104,s_lr,0.025,intermittent,L4 slip,1.1505048784973284,1.6832412689542384,0.3046757974553027,8.958076523876924
capacity,9104,s_lr,0.025,delayed,intact,0.5996210681469909,0.6884185381979006,0.05293467701685385,4.179428521536205
capacity,9104,s_lr,0.025,delayed,L4 failure,2.5532317714713613,4.037857075432791,1.5178377484548178,19.636548892269744
capacity,9104,s_lr,0.025,delayed,L4 slip,1.1143828598187022,1.6147849918782153,0.22526243553727507,8.688022175706557
capacity,9104,s_lr,0.025,noisy,intact,0.5955373776795264,0.680844446853434,0.054422788830649535,4.138120922103124
capacity,9104,s_lr,0.025,noisy,L4 failure,2.5420742214726757,4.018737075052744,1.5143583961949534,19.551524708636627
capacity,9104,s_lr,0.025,noisy,L4 slip,1.102501846406724,1.5930230642365149,0.21999589866027222,8.589023433440273
capacity,9104,s_lr,0.025,stuck,intact,0.6003715455814969,0.6906312272366828,0.0444950580870937,4.187183230511268
capacity,9104,s_lr,0.025,stuck,L4 failure,2.554103811942909,4.0382389742360285,1.5343885496022662,19.635570139877547
capacity,9104,s_lr,0.025,stuck,L4 slip,1.12615740196907,1.6365276179388306,0.2717005918882477,8.770895195399287
capacity,9104,s_lr,0.05,always,intact,0.5940028928405714,0.6693581125487091,0.09765434110833568,4.112971757927811
capacity,9104,s_lr,0.05,always,L4 failure,2.4576917999838797,3.8805216418202675,1.3366146254702453,19.007331133989265
capacity,9104,s_lr,0.05,always,L4 slip,1.0459909459931818,1.4805134962579007,0.09881208791192304,8.143492638363373
capacity,9104,s_lr,0.05,dropout,intact,0.6092102796120293,0.7086695192479505,0.01616740193806978,4.274365097086399
capacity,9104,s_lr,0.05,dropout,L4 failure,2.5890957135676294,4.092222874631502,1.6364133312959002,19.857162360692797
capacity,9104,s_lr,0.05,dropout,L4 slip,1.146808821227645,1.6732103081222554,0.3244768843904856,8.920996632488428
capacity,9104,s_lr,0.05,intermittent,intact,0.5999622438169449,0.6915735673410185,0.039932323232027056,4.1852039461771655
capacity,9104,s_lr,0.05,intermittent,L4 failure,2.568455190878141,4.062046889679341,1.561590927591134,19.728801605660696
capacity,9104,s_lr,0.05,intermittent,L4 slip,1.125950820967362,1.6369944744594733,0.25751958897902777,8.773195036671188
capacity,9104,s_lr,0.05,delayed,intact,0.5960018029502816,0.6738800930379115,0.09616982670437738,4.134601621119884
capacity,9104,s_lr,0.05,delayed,L4 failure,2.4781440178707714,3.9153802913461186,1.3562011601101762,19.152360568149398
capacity,9104,s_lr,0.05,delayed,L4 slip,1.0605831400113774,1.5088503090823444,0.11038260942377436,8.266417581233751
capacity,9104,s_lr,0.05,noisy,intact,0.5896207574008927,0.6635630208961525,0.09569474418037194,4.0710983553903715
capacity,9104,s_lr,0.05,noisy,L4 failure,2.4565925742117662,3.8784315674978016,1.3501131536606987,18.987572422696708
capacity,9104,s_lr,0.05,noisy,L4 slip,1.0407004448610173,1.4720511358358332,0.10302040597228874,8.095526126011867
capacity,9104,s_lr,0.05,stuck,intact,0.5963229848310708,0.6754854621367317,0.08541917511150902,4.13800971162255
capacity,9104,s_lr,0.05,stuck,L4 failure,2.4807079312243654,3.9175348561907812,1.3908591198800397,19.155612311496533
capacity,9104,s_lr,0.05,stuck,L4 slip,1.0784476537869834,1.544041760531843,0.19197943307696824,8.39850585981281
capacity,9104,s_lr,0.1,always,intact,0.5924666592902932,0.6589625824147975,0.16305086739048325,4.08563889618024
capacity,9104,s_lr,0.1,always,L4 failure,2.2864128448895897,3.5968907872276943,0.9954884622393418,17.876256174901155
capacity,9104,s_lr,0.1,always,L4 slip,0.9600326415325184,1.2998437247434282,0.08659004998643594,7.409521369300984
capacity,9104,s_lr,0.1,dropout,intact,0.6088614709890409,0.7007626483778069,0.026565085676289873,4.261045497738438
capacity,9104,s_lr,0.1,dropout,L4 failure,2.5466721061919193,4.0189471285913285,1.5901010904387882,19.56791402660495
capacity,9104,s_lr,0.1,dropout,L4 slip,1.112272425416128,1.6059656415148182,0.2939951771425987,8.646384574257397
capacity,9104,s_lr,0.1,intermittent,intact,0.5961506355303591,0.6785890823905316,0.07070747742092647,4.140909214872511
capacity,9104,s_lr,0.1,intermittent,L4 failure,2.5087202922404432,3.964242987006937,1.4418081755433132,19.33952029557923
capacity,9104,s_lr,0.1,intermittent,L4 slip,1.080983945227223,1.5500232004518435,0.16748227025792672,8.425023090341652
capacity,9104,s_lr,0.1,delayed,intact,0.5946062979243106,0.662288014442928,0.1681583883688346,4.1084241587917365
capacity,9104,s_lr,0.1,delayed,L4 failure,2.325278242545051,3.663677554842205,1.0327848707790175,18.155002639048984
capacity,9104,s_lr,0.1,delayed,L4 slip,0.978377107858314,1.3360161440442129,0.08995606767012596,7.574238174849596
capacity,9104,s_lr,0.1,noisy,intact,0.5865422284298767,0.6540701988974933,0.1539916401588469,4.031308660376679
capacity,9104,s_lr,0.1,noisy,L4 failure,2.2863071546760017,3.596709862379271,1.0242133690739146,17.854059766251805
capacity,9104,s_lr,0.1,noisy,L4 slip,0.9533483184700281,1.2909626504679206,0.07970560692811755,7.348316174746515
capacity,9104,s_lr,0.1,stuck,intact,0.5933347468699326,0.6611088700661006,0.1733578937940634,4.095091344301976
capacity,9104,s_lr,0.1,stuck,L4 failure,2.3338718999917982,3.674251069769189,1.1105847120989938,18.18546500802328
capacity,9104,s_lr,0.1,stuck,L4 slip,0.9943398220025835,1.37340950428166,0.040415737331816026,7.705197635630505
capacity,9104,s_lr,0.2,always,intact,0.6075934875167309,0.6908702884808647,0.21511763365981826,4.217413931778061
capacity,9104,s_lr,0.2,always,L4 failure,1.9920332398312275,3.0933287166442325,0.3267149734786006,15.86562338177643
capacity,9104,s_lr,0.2,always,L4 slip,0.8823511985015464,1.1294457610508464,0.2289203411448252,6.69034187346701
capacity,9104,s_lr,0.2,dropout,intact,0.601614684051417,0.674885437100359,0.06029674224971295,4.168410191996052
capacity,9104,s_lr,0.2,dropout,L4 failure,2.451876749358269,3.8554582576093623,1.4924210544595211,18.909342957953495
capacity,9104,s_lr,0.2,dropout,L4 slip,1.0382793651292765,1.461268752246692,0.2296933885552702,8.037933092987362
capacity,9104,s_lr,0.2,intermittent,intact,0.5922291897184873,0.6632165279224833,0.12574391148013098,4.091472553995866
capacity,9104,s_lr,0.2,intermittent,L4 failure,2.385242663477386,3.7611306320462448,1.196808084780433,18.531130614323168
capacity,9104,s_lr,0.2,intermittent,L4 slip,1.0080233227682251,1.4014289380871463,0.03553060515718433,7.828368173710331
capacity,9104,s_lr,0.2,delayed,intact,0.6108587808123068,0.6935415145780776,0.24360994249349804,4.251920132816692
capacity,9104,s_lr,0.2,delayed,L4 failure,2.0481841167940353,3.192848843653544,0.39015051988816646,16.286080883127276
capacity,9104,s_lr,0.2,delayed,L4 slip,0.8972093634685391,1.1540999392342774,0.25635550898139,6.828675664499778
capacity,9104,s_lr,0.2,noisy,intact,0.599147530901275,0.6858626424754171,0.191218869743732,4.139919676822288
capacity,9104,s_lr,0.2,noisy,L4 failure,1.994696943585591,3.10056371837802,0.3909761787036101,15.857254415600323
capacity,9104,s_lr,0.2,noisy,L4 slip,0.8771250218191887,1.1279694953924588,0.2088589388853614,6.644180309919493
capacity,9104,s_lr,0.2,stuck,intact,0.6209584824797969,0.7196935503157352,0.3480940502523932,4.3336509960716425
capacity,9104,s_lr,0.2,stuck,L4 failure,2.0728751157605134,3.231518212668386,0.5928848605021024,16.414275753570717
capacity,9104,s_lr,0.2,stuck,L4 slip,0.8924901514624389,1.15287960990261,0.23641759305240412,6.7857862625342396
capacity,9104,s_lr,0.4,always,intact,0.6400914691037402,0.7689099233495849,0.19384011795163802,4.48867781601129
capacity,9104,s_lr,0.4,always,L4 failure,1.7866466480023424,2.714236748058769,0.17668856031688143,14.348599879048805
capacity,9104,s_lr,0.4,always,L4 slip,0.8603971209090401,1.0951262282319285,0.21674734545616864,6.45791758751835
capacity,9104,s_lr,0.4,dropout,intact,0.5970660737753191,0.6663002942504341,0.1373026591437962,4.098620685881102
capacity,9104,s_lr,0.4,dropout,L4 failure,2.261204705133582,3.5262173974030118,1.3032639976145002,17.56058936438855
capacity,9104,s_lr,0.4,dropout,L4 slip,0.9177261593553838,1.2210448882986418,0.11144467221560557,6.986384510083787
capacity,9104,s_lr,0.4,intermittent,intact,0.5977699848734742,0.671021503554143,0.19689874704346316,4.13576968521648
capacity,9104,s_lr,0.4,intermittent,L4 failure,2.154085641031375,3.3739071412777646,0.7027888423340463,16.99371383414646
capacity,9104,s_lr,0.4,intermittent,L4 slip,0.9219267031846476,1.212252523477876,0.17830875073567337,7.062280758126275
capacity,9104,s_lr,0.4,delayed,intact,0.6554225865694596,0.7921913534163046,0.23446109217193567,4.625971473889692
capacity,9104,s_lr,0.4,delayed,L4 failure,1.8089169714744708,2.7525686554810163,0.2076619042510804,14.54616139841391
capacity,9104,s_lr,0.4,delayed,L4 slip,0.8758962626037287,1.1155744445037503,0.260958426610632,6.6020838959511225
capacity,9104,s_lr,0.4,noisy,intact,0.6259353471711907,0.753969783853408,0.16501607468991716,4.361922712200493
capacity,9104,s_lr,0.4,noisy,L4 failure,1.780480575852439,2.7095037441305387,0.16254067597143088,14.28204668551783
capacity,9104,s_lr,0.4,noisy,L4 slip,0.8600940560122596,1.1040251165461814,0.19606567182343423,6.455392465087357
capacity,9104,s_lr,0.4,stuck,intact,0.7683167009186463,0.9956188425249278,0.6150059024609444,5.395093764845607
capacity,9104,s_lr,0.4,stuck,L4 failure,1.8103864677133388,2.7595854919742795,0.22094264541963157,14.520695776817355
capacity,9104,s_lr,0.4,stuck,L4 slip,0.9179826507354221,1.2089022963292788,0.5933846526237003,6.914714844671629
capacity,9104,s_lr,1.0,always,intact,0.63834200775438,0.7934550687805736,0.1744913047944962,4.453700706325093
capacity,9104,s_lr,1.0,always,L4 failure,1.7379644623091064,2.6205400239731076,0.1755756798975273,13.903327753092245
capacity,9104,s_lr,1.0,always,L4 slip,0.8551802774702889,1.1196320426888264,0.1260045098419999,6.360339009669025
capacity,9104,s_lr,1.0,dropout,intact,0.682762880279801,0.8752567107531668,0.2638111921751145,4.789444586788498
capacity,9104,s_lr,1.0,dropout,L4 failure,1.9362403083228519,2.9619903140784865,0.951144209307212,15.22096032203964
capacity,9104,s_lr,1.0,dropout,L4 slip,0.8381274306389149,1.0817855136752599,0.05743386431072685,6.220836655230349
capacity,9104,s_lr,1.0,intermittent,intact,0.6487116372980625,0.7850396012672313,0.2095709439737165,4.575478465061724
capacity,9104,s_lr,1.0,intermittent,L4 failure,1.8911700379180232,2.9038562544965023,0.1833877105513531,15.161881881075793
capacity,9104,s_lr,1.0,intermittent,L4 slip,0.8919876778287088,1.1451575758302948,0.23944476253900424,6.750390587359871
capacity,9104,s_lr,1.0,delayed,intact,0.6557589737219345,0.8250872408221953,0.21264626077787757,4.60829027778641
capacity,9104,s_lr,1.0,delayed,L4 failure,1.7726437339845922,2.673250046097788,0.17202959541171517,14.189612097652367
capacity,9104,s_lr,1.0,delayed,L4 slip,0.8731544373558435,1.1470396711210078,0.13958837914715932,6.514399252054097
capacity,9104,s_lr,1.0,noisy,intact,0.6600037546101643,0.8235098852618918,0.1443281301516372,4.6278412928155594
capacity,9104,s_lr,1.0,noisy,L4 failure,1.7798309022135643,2.691252168100635,0.16478535007750986,14.21547888420073
capacity,9104,s_lr,1.0,noisy,L4 slip,0.9111710900625067,1.2112948515677693,0.10606367948739019,6.830987600441043
capacity,9104,s_lr,1.0,stuck,intact,0.9587992597110534,1.3428237426805452,0.7297462617982209,6.648341906971881
capacity,9104,s_lr,1.0,stuck,L4 failure,1.8908831619860988,2.8825700570398225,0.9510674176106206,14.982717930672303
capacity,9104,s_lr,1.0,stuck,L4 slip,1.0068956929683928,1.398098961729559,0.6237266996339716,7.47718734742106
capacity,9104,s_rl,0.0,always,intact,0.8663120961064615,1.094030051083989,0.02639294627764181,6.546015486241385
capacity,9104,s_rl,0.0,always,L4 failure,2.2466329222086157,3.4911248147028715,1.7429772511521997,17.033472357517425
capacity,9104,s_rl,0.0,always,L4 slip,0.9194744348203103,1.2015146736945712,0.3146943771427476,6.980607092247306
capacity,9104,s_rl,0.0,dropout,intact,0.8663120961064615,1.094030051083989,0.02639294627764181,6.546015486241385
capacity,9104,s_rl,0.0,dropout,L4 failure,2.2466329222086157,3.4911248147028715,1.7429772511521997,17.033472357517425
capacity,9104,s_rl,0.0,dropout,L4 slip,0.9194744348203103,1.2015146736945712,0.3146943771427476,6.980607092247306
capacity,9104,s_rl,0.0,intermittent,intact,0.8663120961064615,1.094030051083989,0.02639294627764181,6.546015486241385
capacity,9104,s_rl,0.0,intermittent,L4 failure,2.2466329222086157,3.4911248147028715,1.7429772511521997,17.033472357517425
capacity,9104,s_rl,0.0,intermittent,L4 slip,0.9194744348203103,1.2015146736945712,0.3146943771427476,6.980607092247306
capacity,9104,s_rl,0.0,delayed,intact,0.8663120961064615,1.094030051083989,0.02639294627764181,6.546015486241385
capacity,9104,s_rl,0.0,delayed,L4 failure,2.2466329222086157,3.4911248147028715,1.7429772511521997,17.033472357517425
capacity,9104,s_rl,0.0,delayed,L4 slip,0.9194744348203103,1.2015146736945712,0.3146943771427476,6.980607092247306
capacity,9104,s_rl,0.0,noisy,intact,0.8663120961064615,1.094030051083989,0.02639294627764181,6.546015486241385
capacity,9104,s_rl,0.0,noisy,L4 failure,2.2466329222086157,3.4911248147028715,1.7429772511521997,17.033472357517425
capacity,9104,s_rl,0.0,noisy,L4 slip,0.9194744348203103,1.2015146736945712,0.3146943771427476,6.980607092247306
capacity,9104,s_rl,0.0,stuck,intact,0.8663120961064615,1.094030051083989,0.02639294627764181,6.546015486241385
capacity,9104,s_rl,0.0,stuck,L4 failure,2.2466329222086157,3.4911248147028715,1.7429772511521997,17.033472357517425
capacity,9104,s_rl,0.0,stuck,L4 slip,0.9194744348203103,1.2015146736945712,0.3146943771427476,6.980607092247306
capacity,9104,s_rl,0.025,always,intact,0.8033376228599723,0.9545626901013954,0.07954907575382009,5.92738828944751
capacity,9104,s_rl,0.025,always,L4 failure,2.2236678745891885,3.4605566803034735,1.6437120575459772,16.902049882805187
capacity,9104,s_rl,0.025,always,L4 slip,0.9285252512552203,1.228107239660257,0.3469120990655843,7.053954468231598
capacity,9104,s_rl,0.025,dropout,intact,0.8257277788417261,1.01201622885779,0.012540435320915814,6.160980217082843
capacity,9104,s_rl,0.025,dropout,L4 failure,2.262828733120831,3.519219691019772,1.7585724755445795,17.133735475418415
capacity,9104,s_rl,0.025,dropout,L4 slip,0.9229447074949546,1.2162187223167813,0.33489699452120025,7.007952269777007
capacity,9104,s_rl,0.025,intermittent,intact,0.8416447733363056,1.039823152259779,0.023093366166704266,6.307913309592112
capacity,9104,s_rl,0.025,intermittent,L4 failure,2.238894636828482,3.4809457450674706,1.7090467201042947,16.989261457870942
capacity,9104,s_rl,0.025,intermittent,L4 slip,0.9223572375269767,1.2104693591937636,0.3284435540049247,7.004538131315721
capacity,9104,s_rl,0.025,delayed,intact,0.8084292143510552,0.9646845049695127,0.0770776082936345,5.9765746894877685
capacity,9104,s_rl,0.025,delayed,L4 failure,2.229180267588079,3.4691169256779886,1.654317059239259,16.9367018787351
capacity,9104,s_rl,0.025,delayed,L4 slip,0.928790119038447,1.227631773067961,0.34973450737175354,7.056270306986846
capacity,9104,s_rl,0.025,noisy,intact,0.8072038979886555,0.9612932587137724,0.07956134348512231,5.963407142463455
capacity,9104,s_rl,0.025,noisy,L4 failure,2.222516422340871,3.458065155349756,1.647088468441083,16.89430000476495
capacity,9104,s_rl,0.025,noisy,L4 slip,0.9291578940529827,1.2280043215119294,0.34741600323437377,7.059885876417958
capacity,9104,s_rl,0.025,stuck,intact,0.8070445333608675,0.9644208132731109,0.06568676023789699,5.967161793762369
capacity,9104,s_rl,0.025,stuck,L4 failure,2.2572454825733117,3.5106178285247687,1.7449778429534035,17.100097746036997
capacity,9104,s_rl,0.025,stuck,L4 slip,0.9308003782544118,1.232594396296944,0.37006129868187576,7.071913737652202
capacity,9104,s_rl,0.05,always,intact,0.7671688263829374,0.8777873066979126,0.1525148223429946,5.566751628680717
capacity,9104,s_rl,0.05,always,L4 failure,2.196964313023943,3.42358929339145,1.5392458334275732,16.747107316242076
capacity,9104,s_rl,0.05,always,L4 slip,0.938339233196662,1.2545698345221938,0.3598440526346392,7.131454143801317
capacity,9104,s_rl,0.05,dropout,intact,0.7933862843558069,0.946555829890438,0.03003139545145538,5.848441433727415
capacity,9104,s_rl,0.05,dropout,L4 failure,2.2767772374357427,3.543481297756672,1.771392854314693,17.220425393792084
capacity,9104,s_rl,0.05,dropout,L4 slip,0.9284562243652587,1.2338494793525583,0.35252206205751796,7.051137527315811
capacity,9104,s_rl,0.05,intermittent,intact,0.8207703346849194,0.9934184681313095,0.05120958273978071,6.101914434080301
capacity,9104,s_rl,0.05,intermittent,L4 failure,2.23056110467576,3.4698122251955303,1.6740705181857585,16.941513204190187
capacity,9104,s_rl,0.05,intermittent,L4 slip,0.9256018332755925,1.2199335735842705,0.33953080086698195,7.0310687334691755
capacity,9104,s_rl,0.05,delayed,intact,0.773341932653289,0.8883277931530783,0.15208117034642768,5.624085675672718
capacity,9104,s_rl,0.05,delayed,L4 failure,2.2082027002207205,3.4412062913448116,1.560272978199304,16.817950797569296
capacity,9104,s_rl,0.05,delayed,L4 slip,0.9392737511850106,1.2547216804621604,0.367572434475929,7.1392068752641995
capacity,9104,s_rl,0.05,noisy,intact,0.7729507033686371,0.8864342444399128,0.1542377068919258,5.618664214411716
capacity,9104,s_rl,0.05,noisy,L4 failure,2.1954508836290474,3.4198955303087133,1.547105852742963,16.736590675885466
capacity,9104,s_rl,0.05,noisy,L4 slip,0.9395783882183946,1.2544573974761288,0.36231784535607386,7.143175015224796
capacity,9104,s_rl,0.05,stuck,intact,0.7695386580428029,0.8840309840823982,0.14336554861144696,5.592241425259894
capacity,9104,s_rl,0.05,stuck,L4 failure,2.262779987028273,3.5219141597696337,1.7374627628006998,17.136043296536478
capacity,9104,s_rl,0.05,stuck,L4 slip,0.9458500100162517,1.2689299590762633,0.4156069340845696,7.18882616539337
capacity,9104,s_rl,0.1,always,intact,0.7410604343468206,0.8436244808653814,0.22956502188570474,5.341326361122754
capacity,9104,s_rl,0.1,always,L4 failure,2.1366482219658294,3.3370006950365037,1.3198261431226495,16.39146575754573
capacity,9104,s_rl,0.1,always,L4 slip,0.953588040511606,1.2955425834424645,0.34999583409248103,7.249868107606267
capacity,9104,s_rl,0.1,dropout,intact,0.7488010263699392,0.8595031302044525,0.07172265155778987,5.414984638278602
capacity,9104,s_rl,0.1,dropout,L4 failure,2.2985636278908386,3.581591393317493,1.7898724447185521,17.356373366667537
capacity,9104,s_rl,0.1,dropout,L4 slip,0.9424553184159994,1.2719413094150969,0.3811571876090776,7.158952093674557
capacity,9104,s_rl,0.1,intermittent,intact,0.788850994576259,0.9229668906312603,0.10778917069221708,5.7818834700584105
capacity,9104,s_rl,0.1,intermittent,L4 failure,2.2122889968792094,3.444950816707396,1.601145671735083,16.83642860271959
capacity,9104,s_rl,0.1,intermittent,L4 slip,0.9325842071391186,1.2392180893413762,0.35472008939462996,7.087116490071626
capacity,9104,s_rl,0.1,delayed,intact,0.7463544820248739,0.8487753663347629,0.24075688966871134,5.384986630509157
capacity,9104,s_rl,0.1,delayed,L4 failure,2.158640891117498,3.372079618539884,1.3599360305095995,16.531263813394954
capacity,9104,s_rl,0.1,delayed,L4 slip,0.9573311581811766,1.3003057475652373,0.36786623756852543,7.279240855390949
capacity,9104,s_rl,0.1,noisy,intact,0.7485007576032306,0.8512065582925938,0.2378869537940295,5.403080067529837
capacity,9104,s_rl,0.1,noisy,L4 failure,2.136294223436637,3.334058255241679,1.3392416687759128,16.387773058189968
capacity,9104,s_rl,0.1,noisy,L4 slip,0.9569096314238557,1.2973530944877267,0.35833218293184715,7.279718312148089
capacity,9104,s_rl,0.1,stuck,intact,0.7423514686513081,0.8467668576623832,0.26897941127688263,5.35444069891815
capacity,9104,s_rl,0.1,stuck,L4 failure,2.2611518740237324,3.5239252864380317,1.6997378690957448,17.130585293387465
capacity,9104,s_rl,0.1,stuck,L4 slip,0.9783348349338424,1.3409275911714924,0.48271372771170745,7.431037439280546
capacity,9104,s_rl,0.2,always,intact,0.7454627854533205,0.8954992578602162,0.23796518452151633,5.425476952987025
capacity,9104,s_rl,0.2,always,L4 failure,2.0161915543059417,3.156138512038391,0.8682319770035607,15.662180866020794
capacity,9104,s_rl,0.2,always,L4 slip,0.9621447642697388,1.3276234157439064,0.27599135021660254,7.31796374534586
capacity,9104,s_rl,0.2,dropout,intact,0.7122766627518039,0.807899622481505,0.13417677475449413,5.087154772924561
capacity,9104,s_rl,0.2,dropout,L4 failure,2.3221751972246065,3.6238071600420234,1.8049524234992038,17.503864680589
capacity,9104,s_rl,0.2,dropout,L4 slip,0.9704633052584642,1.3395505202828577,0.41836180006692014,7.368845728123657
capacity,9104,s_rl,0.2,intermittent,intact,0.7542978325833045,0.8563637390672918,0.1885100333197495,5.448183755249854
capacity,9104,s_rl,0.2,intermittent,L4 failure,2.170872916840026,3.3871397295383843,1.4448487036255655,16.596745191737693
capacity,9104,s_rl,0.2,intermittent,L4 slip,0.9459550244634444,1.274540880195337,0.36310500896177106,7.191716359165287
capacity,9104,s_rl,0.2,delayed,intact,0.7537572140391059,0.9065604547936015,0.2684025888962577,5.496512726457579
capacity,9104,s_rl,0.2,delayed,L4 failure,2.049653026746587,3.211578585115639,0.9320048734159332,15.880581398352161
capacity,9104,s_rl,0.2,delayed,L4 slip,0.9724795493922541,1.3448158987743555,0.3014797789894338,7.39791353356458
capacity,9104,s_rl,0.2,noisy,intact,0.7577342312143258,0.9079303345543828,0.2594626955239082,5.52762616342926
capacity,9104,s_rl,0.2,noisy,L4 failure,2.021606631640143,3.1610621978998608,0.9166947921981908,15.697879013932862
capacity,9104,s_rl,0.2,noisy,L4 slip,0.9730442152741225,1.3403596709451286,0.2946543327800743,7.409567236276428
capacity,9104,s_rl,0.2,stuck,intact,0.7769476482335521,0.9620432182013106,0.427575430174442,5.6917631513519185
capacity,9104,s_rl,0.2,stuck,L4 failure,2.222351936200967,3.469734889738075,1.5652993783134257,16.900251691522595
capacity,9104,s_rl,0.2,stuck,L4 slip,1.028625968025133,1.4458725375959267,0.5508233653712251,7.789853817017229
capacity,9104,s_rl,0.4,always,intact,0.7476217134182487,0.9382313422106263,0.1720785281014396,5.46954709578816
capacity,9104,s_rl,0.4,always,L4 failure,1.9016196715218827,2.9720574302596323,0.3718922676663697,14.935525415878061
capacity,9104,s_rl,0.4,always,L4 slip,0.9435517122645326,1.3072447913300658,0.17044144729403982,7.176702012935846
capacity,9104,s_rl,0.4,dropout,intact,0.7165179701973485,0.8623543373592083,0.19954996704493594,5.1756503603654345
capacity,9104,s_rl,0.4,dropout,L4 failure,2.3197312420227005,3.6234720503803444,1.7855435877151085,17.483328519535434
capacity,9104,s_rl,0.4,dropout,L4 slip,1.0021038328085843,1.4123495665972499,0.44751460911239016,7.598102599574204
capacity,9104,s_rl,0.4,intermittent,intact,0.7433752860083037,0.8674063101664558,0.2469638904311366,5.387542576742608
capacity,9104,s_rl,0.4,intermittent,L4 failure,2.0835066792256813,3.261227766593772,1.107146315400807,16.085513901787483
capacity,9104,s_rl,0.4,intermittent,L4 slip,0.9628038302333942,1.3207929130396097,0.3275927353302673,7.320437813906469
capacity,9104,s_rl,0.4,delayed,intact,0.7630420064723582,0.966674335718961,0.19897643417260205,5.602790848646707
capacity,9104,s_rl,0.4,delayed,L4 failure,1.9185418969510213,3.004225369488244,0.3677744118273637,15.058442392707239
capacity,9104,s_rl,0.4,delayed,L4 slip,0.9569412467255163,1.3320862017241129,0.18716625063211162,7.2839762406294
capacity,9104,s_rl,0.4,noisy,intact,0.7756536114787014,0.9761927935972927,0.1973226564225457,5.702684465278332
capacity,9104,s_rl,0.4,noisy,L4 failure,1.9126836343051319,2.9853204143865146,0.3897577576049592,15.027914531914883
capacity,9104,s_rl,0.4,noisy,L4 slip,0.9737294423555478,1.3505626048977657,0.1934285804959953,7.4256806267682
capacity,9104,s_rl,0.4,stuck,intact,0.8685644197755781,1.1671289476220092,0.5479041010500622,6.384463963880822
capacity,9104,s_rl,0.4,stuck,L4 failure,2.089289467627217,3.2658833557481954,1.2168377662257455,16.084089901647506
capacity,9104,s_rl,0.4,stuck,L4 slip,1.062155042586514,1.5188221738518453,0.5688024240258421,8.020796511690572
capacity,9104,s_rl,1.0,always,intact,0.714055092874059,0.8936134426816151,0.13619767685679404,5.185760611895301
capacity,9104,s_rl,1.0,always,L4 failure,1.8327365241319271,2.8479829550597344,0.2333247079876018,14.469713229947565
capacity,9104,s_rl,1.0,always,L4 slip,0.9019245470840459,1.2364678456766263,0.10844141343090881,6.841106026365576
capacity,9104,s_rl,1.0,dropout,intact,0.7560482348708499,0.9807426824948987,0.2505190754166756,5.537827316947503
capacity,9104,s_rl,1.0,dropout,L4 failure,2.2180116875707747,3.4581924944821187,1.651650183822556,16.8205697349269
capacity,9104,s_rl,1.0,dropout,L4 slip,1.0130335474310395,1.4435417719447752,0.45523029822197775,7.667285183971316
capacity,9104,s_rl,1.0,intermittent,intact,0.7594200177124775,0.9568553494516193,0.19008308021242173,5.572729177698296
capacity,9104,s_rl,1.0,intermittent,L4 failure,1.9631083135757617,3.079321393076488,0.37117738638921677,15.376639798390336
capacity,9104,s_rl,1.0,intermittent,L4 slip,0.9543627560194701,1.3274488277679346,0.18157107668821157,7.255837336002691
capacity,9104,s_rl,1.0,delayed,intact,0.7207029662788559,0.9077672126140929,0.15498339706326375,5.247012590495512
capacity,9104,s_rl,1.0,delayed,L4 failure,1.8418086631251636,2.863427936837664,0.246542049257407,14.542195032794865
capacity,9104,s_rl,1.0,delayed,L4 slip,0.9086253891581163,1.2500605870545112,0.1122247441353175,6.8981061422768395
capacity,9104,s_rl,1.0,noisy,intact,0.7963619109113774,1.0146408989507518,0.13706057609893946,5.856657032576454
capacity,9104,s_rl,1.0,noisy,L4 failure,1.908596287932265,2.95637456232827,0.253003089117354,15.078627069481076
capacity,9104,s_rl,1.0,noisy,L4 slip,1.005233775993906,1.3909617287842557,0.12270614662477104,7.683461095704352
capacity,9104,s_rl,1.0,stuck,intact,0.9130986967140093,1.2729430876715262,0.538060369098497,6.701466532336979
capacity,9104,s_rl,1.0,stuck,L4 failure,1.8504557051612414,2.877111246509339,0.4822956682447794,14.57157124687139
capacity,9104,s_rl,1.0,stuck,L4 slip,1.0538745811561083,1.5153677562888177,0.535073335958991,7.952719990402497
capacity,9104,sine,0.0,always,intact,0.6403885719242309,0.8110131059391751,0.048217377907745024,4.4759587458495576
capacity,9104,sine,0.0,always,L4 failure,2.4962385424719358,3.9471758484315225,1.757758062301867,18.60907355068002
capacity,9104,sine,0.0,always,L4 slip,1.1345549956610794,1.7011809236987112,0.3836534387786946,8.582397405826924
capacity,9104,sine,0.0,dropout,intact,0.6403885719242309,0.8110131059391751,0.048217377907745024,4.4759587458495576
capacity,9104,sine,0.0,dropout,L4 failure,2.4962385424719358,3.9471758484315225,1.757758062301867,18.60907355068002
capacity,9104,sine,0.0,dropout,L4 slip,1.1345549956610794,1.7011809236987112,0.3836534387786946,8.582397405826924
capacity,9104,sine,0.0,intermittent,intact,0.6403885719242309,0.8110131059391751,0.048217377907745024,4.4759587458495576
capacity,9104,sine,0.0,intermittent,L4 failure,2.4962385424719358,3.9471758484315225,1.757758062301867,18.60907355068002
capacity,9104,sine,0.0,intermittent,L4 slip,1.1345549956610794,1.7011809236987112,0.3836534387786946,8.582397405826924
capacity,9104,sine,0.0,delayed,intact,0.6403885719242309,0.8110131059391751,0.048217377907745024,4.4759587458495576
capacity,9104,sine,0.0,delayed,L4 failure,2.4962385424719358,3.9471758484315225,1.757758062301867,18.60907355068002
capacity,9104,sine,0.0,delayed,L4 slip,1.1345549956610794,1.7011809236987112,0.3836534387786946,8.582397405826924
capacity,9104,sine,0.0,noisy,intact,0.6403885719242309,0.8110131059391751,0.048217377907745024,4.4759587458495576
capacity,9104,sine,0.0,noisy,L4 failure,2.4962385424719358,3.9471758484315225,1.757758062301867,18.60907355068002
capacity,9104,sine,0.0,noisy,L4 slip,1.1345549956610794,1.7011809236987112,0.3836534387786946,8.582397405826924
capacity,9104,sine,0.0,stuck,intact,0.6403885719242309,0.8110131059391751,0.048217377907745024,4.4759587458495576
capacity,9104,sine,0.0,stuck,L4 failure,2.4962385424719358,3.9471758484315225,1.757758062301867,18.60907355068002
capacity,9104,sine,0.0,stuck,L4 slip,1.1345549956610794,1.7011809236987112,0.3836534387786946,8.582397405826924
capacity,9104,sine,0.025,always,intact,0.6038233233891475,0.7323998168087739,0.0447177717055938,4.131728428123269
capacity,9104,sine,0.025,always,L4 failure,2.385880602502858,3.7718418944015695,1.5774893163612123,17.88212589481225
capacity,9104,sine,0.025,always,L4 slip,1.032667618956462,1.520562186284889,0.26442727052980997,7.8092145600643255
capacity,9104,sine,0.025,dropout,intact,0.6084503671094673,0.7434549141707283,0.03888424136430027,4.176219185672977
capacity,9104,sine,0.025,dropout,L4 failure,2.4469173353121594,3.8655566466202536,1.718939722938034,18.2549217623878
capacity,9104,sine,0.025,dropout,L4 slip,1.0694809047652336,1.5860772575316309,0.34918336245840387,8.072232104056168
capacity,9104,sine,0.025,intermittent,intact,0.6258382015322275,0.7799287432639624,0.044167307176832794,4.340544572993092
capacity,9104,sine,0.025,intermittent,L4 failure,2.459206301882707,3.888298172362211,1.6969996763935982,18.36472346712383
capacity,9104,sine,0.025,intermittent,L4 slip,1.0982437575983042,1.6372342986824187,0.34031725012075176,8.31097331307752
capacity,9104,sine,0.025,delayed,intact,0.6057461363043559,0.7359517928346545,0.04460926585303339,4.148875274393859
capacity,9104,sine,0.025,delayed,L4 failure,2.395839868494881,3.788123584433768,1.587137486377165,17.95104710395361
capacity,9104,sine,0.025,delayed,L4 slip,1.04057105750466,1.5344574709239338,0.2709228427849998,7.87128264823881
capacity,9104,sine,0.025,noisy,intact,0.6015687034832018,0.7276256577622886,0.044032243832519496,4.109517523873918
capacity,9104,sine,0.025,noisy,L4 failure,2.3846593357136023,3.769396039100718,1.5826145933652378,17.868670909871273
capacity,9104,sine,0.025,noisy,L4 slip,1.029773812287817,1.5152900459870462,0.2659336463790728,7.7845376275090645
capacity,9104,sine,0.025,stuck,intact,0.6030431860961584,0.7305189062809028,0.04279638193972128,4.12417208673151
capacity,9104,sine,0.025,stuck,L4 failure,2.408031511193772,3.805462563951676,1.6329011167549385,18.01592597546203
capacity,9104,sine,0.025,stuck,L4 slip,1.0433106332633937,1.539235162497199,0.3016994199144366,7.8839423596023925
capacity,9104,sine,0.05,always,intact,0.583754756260868,0.6892012431564692,0.04794709226057945,3.938558649740347
capacity,9104,sine,0.05,always,L4 failure,2.2826288886563204,3.608193000697755,1.4055020806734664,17.206607127468125
capacity,9104,sine,0.05,always,L4 slip,0.958039446864665,1.384354659260104,0.17871519339581812,7.222574408472193
capacity,9104,sine,0.05,dropout,intact,0.5872065276662028,0.6977487394819681,0.036925722463350394,3.972947264961883
capacity,9104,sine,0.05,dropout,L4 failure,2.4022058336411827,3.7915932236259637,1.6838096669814107,17.93517651642286
capacity,9104,sine,0.05,dropout,L4 slip,1.0138289421008166,1.4865241924911392,0.3184482059513424,7.632518192443815
capacity,9104,sine,0.05,intermittent,intact,0.613708926513927,0.7537788655652105,0.04368303966678928,4.226048300343229
capacity,9104,sine,0.05,intermittent,L4 failure,2.4225077532882517,3.8300524611097457,1.6365783049037916,18.12353886493268
capacity,9104,sine,0.05,intermittent,L4 slip,1.0652116831006029,1.5784073631292528,0.3001964387695592,8.061010604347095
capacity,9104,sine,0.05,delayed,intact,0.5856486354323089,0.6921023745972075,0.04823549274753651,3.953916526973458
capacity,9104,sine,0.05,delayed,L4 failure,2.300730316333812,3.637749766797542,1.4235126269251472,17.330979376754907
capacity,9104,sine,0.05,delayed,L4 slip,0.9688105277392989,1.4034755427606476,0.18646567061478656,7.309533265759725
capacity,9104,sine,0.05,noisy,intact,0.5813103339490144,0.6840363716815197,0.045990485172039575,3.9140227311193714
capacity,9104,sine,0.05,noisy,L4 failure,2.2802507180212266,3.603478140540915,1.415185648767355,17.181254947374534
capacity,9104,sine,0.05,noisy,L4 slip,0.9539395478686358,1.3767531877083,0.18169391143469404,7.186542991399233
capacity,9104,sine,0.05,stuck,intact,0.5822088616555781,0.6853327981468702,0.05206904751108049,3.9230473963845327
capacity,9104,sine,0.05,stuck,L4 failure,2.3288214436370547,3.6782608836408874,1.5221593560221618,17.485157198864535
capacity,9104,sine,0.05,stuck,L4 slip,0.9714626774903371,1.4088518985330285,0.23473482582963082,7.320598303582677
capacity,9104,sine,0.1,always,intact,0.5688744003937609,0.6593326867487385,0.04231462622863585,3.8000018171017467
capacity,9104,sine,0.1,always,L4 failure,2.1032958336758734,3.3237129719166996,1.0870032951129656,16.037929921301195
capacity,9104,sine,0.1,always,L4 slip,0.8662415496346362,1.211892330569181,0.09368830594313338,6.471377806726084
capacity,9104,sine,0.1,dropout,intact,0.5689738242385521,0.6596025853375549,0.04498525906466349,3.8009972749783723
capacity,9104,sine,0.1,dropout,L4 failure,2.325372815550551,3.6645601446210336,1.6235256743289193,17.388826902489207
capacity,9104,sine,0.1,dropout,L4 slip,0.9274675254010044,1.3294177417700126,0.2671270925906407,6.942292829646397
capacity,9104,sine,0.1,intermittent,intact,0.5955027291860253,0.7143294100318804,0.04621333941409526,4.0517753293119885
capacity,9104,sine,0.1,intermittent,L4 failure,2.3504894276848884,3.7159894742511606,1.5167185148829752,17.652701034173276
capacity,9104,sine,0.1,intermittent,L4 slip,1.0083369308638537,1.4754745932445967,0.2294952046432422,7.622782530665052
capacity,9104,sine,0.1,delayed,intact,0.5699668033392725,0.6597591946423089,0.04474391148904603,3.803577819354824
capacity,9104,sine,0.1,delayed,L4 failure,2.1318040939543486,3.3703643488266253,1.1180306175774357,16.2323128865027
capacity,9104,sine,0.1,delayed,L4 slip,0.875564784091858,1.2279522725848302,0.09604624652289753,6.5487416271322845
capacity,9104,sine,0.1,noisy,intact,0.5686269634248466,0.658748555074012,0.036582336422244725,3.7980781787302336
capacity,9104,sine,0.1,noisy,L4 failure,2.1001533881418073,3.317223707068117,1.1067401529828973,16.00210637725089
capacity,9104,sine,0.1,noisy,L4 slip,0.863354308200552,1.2063152996100466,0.09868999427555296,6.443688267642876
capacity,9104,sine,0.1,stuck,intact,0.5697723751311383,0.6611536750320983,0.07885042455725771,3.8074003750469716
capacity,9104,sine,0.1,stuck,L4 failure,2.1963609313609376,3.4653377862655654,1.3379442170858158,16.599991339481363
capacity,9104,sine,0.1,stuck,L4 slip,0.8750405789540382,1.2289156529168175,0.13986058842734042,6.539540983185596
capacity,9104,sine,0.2,always,intact,0.56749525738256,0.659818087717734,0.027156599697444144,3.813172200210676
capacity,9104,sine,0.2,always,L4 failure,1.868994515126878,2.9472912820624195,0.5570746513293923,14.499134005657329
capacity,9104,sine,0.2,always,L4 slip,0.7973190455437258,1.0807593133984368,0.07477221318672492,5.886255294439202
capacity,9104,sine,0.2,dropout,intact,0.5810491103816052,0.6911899803314504,0.08629542455468145,3.94018474538374
capacity,9104,sine,0.2,dropout,L4 failure,2.2133423299486514,3.479503035425144,1.5358717517152096,16.60021738547784
capacity,9104,sine,0.2,dropout,L4 slip,0.8299268911336254,1.146689197878549,0.198124931309737,6.149374716953162
capacity,9104,sine,0.2,intermittent,intact,0.5760811604541943,0.672964524917943,0.04834573981463003,3.8650460439296683
capacity,9104,sine,0.2,intermittent,L4 failure,2.214718651651617,3.501452116671163,1.2810271594955016,16.77191933744731
capacity,9104,sine,0.2,intermittent,L4 slip,0.9255468834244727,1.3214052085189498,0.13026115630826574,6.963763631589756
capacity,9104,sine,0.2,delayed,intact,0.5692278401716089,0.6619337749049408,0.01854133485748632,3.8183223027235806
capacity,9104,sine,0.2,delayed,L4 failure,1.8978515740198179,2.9953749267492755,0.599438277909972,14.696413119110634
capacity,9104,sine,0.2,delayed,L4 slip,0.8000778881115649,1.083092076200476,0.07108415233121904,5.904161982620418
capacity,9104,sine,0.2,noisy,intact,0.5731320344512119,0.6690476252980717,0.03900751398150957,3.8719989732548443
capacity,9104,sine,0.2,noisy,L4 failure,1.8700945531365316,2.9475977199477272,0.6063899826517523,14.490724907732414
capacity,9104,sine,0.2,noisy,L4 slip,0.8024881583274001,1.0895099367677479,0.08200772690756775,5.929263207918969
capacity,9104,sine,0.2,stuck,intact,0.575700272720364,0.6790252729550191,0.05758367669307381,3.8908899286172245
capacity,9104,sine,0.2,stuck,L4 failure,2.017674141210792,3.1767531595006147,1.0858748952330652,15.40705514874258
capacity,9104,sine,0.2,stuck,L4 slip,0.7969806172318862,1.0797861648176201,0.06889239636841091,5.882859366557365
capacity,9104,sine,0.4,always,intact,0.5778371320338541,0.6798671517104895,0.10328233483928426,3.95820942166787
capacity,9104,sine,0.4,always,L4 failure,1.73588703668682,2.7244485161627554,0.21020819366736135,13.591989801377105
capacity,9104,sine,0.4,always,L4 slip,0.7777822950278178,1.0465811761255952,0.10317137316479055,5.736564728673365
capacity,9104,sine,0.4,dropout,intact,0.6156736149654897,0.765430621271398,0.09626638979207777,4.31163991474567
capacity,9104,sine,0.4,dropout,L4 failure,2.0972893971445496,3.2879951560972827,1.4471695900919839,15.797314013563511
capacity,9104,sine,0.4,dropout,L4 slip,0.7784411467486959,1.0471053176564618,0.14891833958958595,5.7404056947367925
capacity,9104,sine,0.4,intermittent,intact,0.5680373421784202,0.6587116534060733,0.03060787740667778,3.799946395303564
capacity,9104,sine,0.4,intermittent,L4 failure,1.9972272185446567,3.156721433923322,0.8331089289002612,15.367805421560718
capacity,9104,sine,0.4,intermittent,L4 slip,0.841022295824222,1.158598594018055,0.07356815483848538,6.259972556703044
capacity,9104,sine,0.4,delayed,intact,0.581816818770058,0.6853533540314555,0.12434892206382331,3.9851388170835893
capacity,9104,sine,0.4,delayed,L4 failure,1.74497672290916,2.741101047474993,0.2150019868640567,13.652060152962305
capacity,9104,sine,0.4,delayed,L4 slip,0.7786474839647468,1.045025330400504,0.10820100095193838,5.731461793580036
capacity,9104,sine,0.4,noisy,intact,0.5993472841748901,0.7138352403251427,0.1337095391216106,4.163317990320981
capacity,9104,sine,0.4,noisy,L4 failure,1.7438735671114038,2.7362486098934653,0.2266345669960864,13.650967004955334
capacity,9104,sine,0.4,noisy,L4 slip,0.8035998605541803,1.0892429282580225,0.12423822770068398,5.962131251193462
capacity,9104,sine,0.4,stuck,intact,0.5785962956863538,0.6811513464225853,0.17188267745766234,3.9651850694874327
capacity,9104,sine,0.4,stuck,L4 failure,1.8576506724447783,2.915749834434792,0.845637650522353,14.339564638462159
capacity,9104,sine,0.4,stuck,L4 slip,0.7831653489830227,1.0568495792207924,0.17776353992957672,5.778703113712828
capacity,9104,sine,1.0,always,intact,0.5979865561219175,0.72534450812892,0.16268641347405555,4.200111994979274
capacity,9104,sine,1.0,always,L4 failure,1.6891406230594457,2.6392932675571266,0.13921907101662803,13.296623106930523
capacity,9104,sine,1.0,always,L4 slip,0.7852686188937746,1.064937673271131,0.13403176813108958,5.8518079503911
capacity,9104,sine,1.0,dropout,intact,0.5865835195082328,0.6921662519097408,0.043231488119003084,4.087131304524768
capacity,9104,sine,1.0,dropout,L4 failure,2.0245215422284297,3.167391099993123,1.3947749331502393,15.330034891127623
capacity,9104,sine,1.0,dropout,L4 slip,0.7947669868689753,1.0811262177607481,0.2203732376551581,5.9239318852157075
capacity,9104,sine,1.0,intermittent,intact,0.5847104928239014,0.6927628496150062,0.09893793214903626,4.015919864991979
capacity,9104,sine,1.0,intermittent,L4 failure,1.8097285395601934,2.850190060741641,0.2153485659738524,14.13407385809789
capacity,9104,sine,1.0,intermittent,L4 slip,0.8012812933066148,1.0814627011808309,0.08823295630741695,5.928006101380771
capacity,9104,sine,1.0,delayed,intact,0.6133822268910777,0.751683861236745,0.2114944332746466,4.340420661303088
capacity,9104,sine,1.0,delayed,L4 failure,1.693159196158916,2.647632751436581,0.15695025873014284,13.314221110484903
capacity,9104,sine,1.0,delayed,L4 slip,0.7962614774311189,1.0833398406809949,0.1545299752178809,5.939671894309985
capacity,9104,sine,1.0,noisy,intact,0.6770575786245907,0.8478174159281189,0.1670505169542172,4.870385773666737
capacity,9104,sine,1.0,noisy,L4 failure,1.7652983898481227,2.750749742376011,0.16147779176911317,13.913750396663254
capacity,9104,sine,1.0,noisy,L4 slip,0.8877820396639295,1.2235156829959677,0.13912442530106447,6.7070271305480915
capacity,9104,sine,1.0,stuck,intact,0.8354529448209108,1.1615588176115639,0.7131296549613128,5.943461251154993
capacity,9104,sine,1.0,stuck,L4 failure,1.726612810716317,2.699888010886255,0.49945325237495447,13.51654400739804
capacity,9104,sine,1.0,stuck,L4 slip,0.9491861539610537,1.361409606770729,0.6219382817081003,7.033445971523581
capacity,9104,chirp,0.0,always,intact,0.7341922141991424,0.9721032591698003,0.07084275392701642,5.336157366748676
capacity,9104,chirp,0.0,always,L4 failure,2.587947574769685,4.093706367187288,1.759657783153545,19.459883357573748
capacity,9104,chirp,0.0,always,L4 slip,1.30070084453041,1.95925412934275,0.4177561531066528,9.969547415507906
capacity,9104,chirp,0.0,dropout,intact,0.7341922141991424,0.9721032591698003,0.07084275392701642,5.336157366748676
capacity,9104,chirp,0.0,dropout,L4 failure,2.587947574769685,4.093706367187288,1.759657783153545,19.459883357573748
capacity,9104,chirp,0.0,dropout,L4 slip,1.30070084453041,1.95925412934275,0.4177561531066528,9.969547415507906
capacity,9104,chirp,0.0,intermittent,intact,0.7341922141991424,0.9721032591698003,0.07084275392701642,5.336157366748676
capacity,9104,chirp,0.0,intermittent,L4 failure,2.587947574769685,4.093706367187288,1.759657783153545,19.459883357573748
capacity,9104,chirp,0.0,intermittent,L4 slip,1.30070084453041,1.95925412934275,0.4177561531066528,9.969547415507906
capacity,9104,chirp,0.0,delayed,intact,0.7341922141991424,0.9721032591698003,0.07084275392701642,5.336157366748676
capacity,9104,chirp,0.0,delayed,L4 failure,2.587947574769685,4.093706367187288,1.759657783153545,19.459883357573748
capacity,9104,chirp,0.0,delayed,L4 slip,1.30070084453041,1.95925412934275,0.4177561531066528,9.969547415507906
capacity,9104,chirp,0.0,noisy,intact,0.7341922141991424,0.9721032591698003,0.07084275392701642,5.336157366748676
capacity,9104,chirp,0.0,noisy,L4 failure,2.587947574769685,4.093706367187288,1.759657783153545,19.459883357573748
capacity,9104,chirp,0.0,noisy,L4 slip,1.30070084453041,1.95925412934275,0.4177561531066528,9.969547415507906
capacity,9104,chirp,0.0,stuck,intact,0.7341922141991424,0.9721032591698003,0.07084275392701642,5.336157366748676
capacity,9104,chirp,0.0,stuck,L4 failure,2.587947574769685,4.093706367187288,1.759657783153545,19.459883357573748
capacity,9104,chirp,0.0,stuck,L4 slip,1.30070084453041,1.95925412934275,0.4177561531066528,9.969547415507906
capacity,9104,chirp,0.025,always,intact,0.677796290181444,0.8551241778901119,0.02975300521835781,4.822576798424213
capacity,9104,chirp,0.025,always,L4 failure,2.4763251778607875,3.9136099009662892,1.5712885755799524,18.71238603972862
capacity,9104,chirp,0.025,always,L4 slip,1.1773239492077119,1.7420416934393779,0.26737523757395876,9.043051174529849
capacity,9104,chirp,0.025,dropout,intact,0.6950168660348002,0.8937853400653898,0.043474509542116416,4.97881484715897
capacity,9104,chirp,0.025,dropout,L4 failure,2.540664869112383,4.014808114432899,1.7197442389320603,19.11656575267197
capacity,9104,chirp,0.025,dropout,L4 slip,1.234990228588071,1.8439976919640906,0.38197124658677584,9.453385700940325
capacity,9104,chirp,0.025,intermittent,intact,0.7127644416778041,0.9282819566929182,0.042337459300456085,5.144952011862429
capacity,9104,chirp,0.025,intermittent,L4 failure,2.5504008973767234,4.033081423929173,1.6959437452272632,19.20809166896787
capacity,9104,chirp,0.025,intermittent,L4 slip,1.2570343874072247,1.8829688835893794,0.36414858312211706,9.646997666128355
capacity,9104,chirp,0.025,delayed,intact,0.6820949304439898,0.8633323024617864,0.029685524337997614,4.862691066556497
capacity,9104,chirp,0.025,delayed,L4 failure,2.4871371463052534,3.9315267986643603,1.580945639278814,18.79005589603086
capacity,9104,chirp,0.025,delayed,L4 slip,1.1884491995044584,1.7615858422709194,0.27506663999610975,9.131481319470655
capacity,9104,chirp,0.025,noisy,intact,0.6740302549007805,0.8481326659030805,0.029747712341295574,4.786819270022735
capacity,9104,chirp,0.025,noisy,L4 failure,2.4754057085940255,3.911792499656319,1.5775391064242612,18.6996755981513
capacity,9104,chirp,0.025,noisy,L4 slip,1.1739700564121753,1.7362692260470436,0.26974087101618893,9.01364219784158
capacity,9104,chirp,0.025,stuck,intact,0.6784018799261423,0.8565020500214284,0.028866692821118468,4.8280932973868
capacity,9104,chirp,0.025,stuck,L4 failure,2.4913662410653874,3.9370746543304618,1.6081865632021635,18.806037269186625
capacity,9104,chirp,0.025,stuck,L4 slip,1.1920492753878076,1.767829302094863,0.30823326114176874,9.146356747788326
capacity,9104,chirp,0.05,always,intact,0.6408269323685263,0.7764151062913991,0.056258216385397554,4.467091570659464
capacity,9104,chirp,0.05,always,L4 failure,2.3681533631040965,3.739256921462501,1.3879162733297943,17.991049453378007
capacity,9104,chirp,0.05,always,L4 slip,1.0811619377299606,1.5670605804787041,0.148207820763069,8.290572982336537
capacity,9104,chirp,0.05,dropout,intact,0.662801381756918,0.8281521433812709,0.02821256670354232,4.676579686594024
capacity,9104,chirp,0.05,dropout,L4 failure,2.495867893796924,3.9400655393476347,1.6820339432570652,18.791827366008825
capacity,9104,chirp,0.05,dropout,L4 slip,1.1752296979179644,1.7383506597352294,0.3485528375327778,8.979901412511216
capacity,9104,chirp,0.05,intermittent,intact,0.693889145339911,0.8890492244438025,0.029158036094880935,4.972694514445168
capacity,9104,chirp,0.05,intermittent,L4 failure,2.5128113108549455,3.9724555474815957,1.6322894620883581,18.956742856897815
capacity,9104,chirp,0.05,intermittent,L4 slip,1.2160396124078343,1.8105365091011525,0.3121602447883019,9.34042778943591
capacity,9104,chirp,0.05,delayed,intact,0.6462878408673887,0.7861983250025213,0.05634973583547213,4.518993598599628
capacity,9104,chirp,0.05,delayed,L4 failure,2.3884592352312835,3.772894759096144,1.4062047067916421,18.136478729875922
capacity,9104,chirp,0.05,delayed,L4 slip,1.0976921343811392,1.5964774211439186,0.15754055202315045,8.426800319029672
capacity,9104,chirp,0.05,noisy,intact,0.6356123225504989,0.7672878637163094,0.05433754335949946,4.416577387408291
capacity,9104,chirp,0.05,noisy,L4 failure,2.3669048005682316,3.7366587081633114,1.4007600223810932,17.97034297136278
capacity,9104,chirp,0.05,noisy,L4 slip,1.075731020794472,1.5578539247317842,0.15182966446417936,8.24221926192453
capacity,9104,chirp,0.05,stuck,intact,0.6397152096185302,0.7737113251350122,0.06465018275843037,4.45622966077149
capacity,9104,chirp,0.05,stuck,L4 failure,2.4005214453148027,3.789756871126835,1.4677697073048137,18.192284639477784
capacity,9104,chirp,0.05,stuck,L4 slip,1.10047564198711,1.602497956003658,0.21097538665427065,8.432529040782956
capacity,9104,chirp,0.1,always,intact,0.604464029941252,0.7026725238246985,0.10419871826029123,4.104705553785632
capacity,9104,chirp,0.1,always,L4 failure,2.170790477789184,3.420258792371885,1.0376672880514075,16.675641554338927
capacity,9104,chirp,0.1,always,L4 slip,0.9548682625457925,1.3287009471063314,0.042133310291214365,7.246074774997074
capacity,9104,chirp,0.1,dropout,intact,0.617673959697823,0.7353584333696144,0.03533495976832022,4.238441748312462
capacity,9104,chirp,0.1,dropout,L4 failure,2.413661797769175,3.8029349670587678,1.612942834039424,18.197236896498033
capacity,9104,chirp,0.1,dropout,L4 slip,1.0730135750138685,1.5554650087210256,0.2885358826180022,8.158681683157065
capacity,9104,chirp,0.1,intermittent,intact,0.6630557853139988,0.8238389680702489,0.03527869967453168,4.682948889211767
capacity,9104,chirp,0.1,intermittent,L4 failure,2.4379833151368797,3.8519148135163475,1.5052166858651475,18.458231242214033
capacity,9104,chirp,0.1,intermittent,L4 slip,1.1434789691440943,1.6799296478343138,0.21788277455061733,8.786010161050564
capacity,9104,chirp,0.1,delayed,intact,0.6091061665791221,0.7084201133529042,0.1129510156464371,4.146922784972626
capacity,9104,chirp,0.1,delayed,L4 failure,2.2047167302080037,3.476632062070452,1.069818709055044,16.918935476409914
capacity,9104,chirp,0.1,delayed,L4 slip,0.9719931805570042,1.358553102432698,0.04579828256567783,7.395625629496076
capacity,9104,chirp,0.1,noisy,intact,0.5999113857349803,0.6972929119672159,0.09522548077163966,4.061551882301035
capacity,9104,chirp,0.1,noisy,L4 failure,2.1694656981647342,3.4174204881572665,1.0636752874471727,16.64601013630776
capacity,9104,chirp,0.1,noisy,L4 slip,0.949343752511893,1.3203420138575779,0.04293795620933863,7.194138900589881
capacity,9104,chirp,0.1,stuck,intact,0.6040590455809643,0.7014901982657301,0.1625783592405851,4.099787901003117
capacity,9104,chirp,0.1,stuck,L4 failure,2.238974464716074,3.5272046018573264,1.218311712248713,17.100574707296
capacity,9104,chirp,0.1,stuck,L4 slip,0.9659477142141263,1.3508909750734879,0.05198855992909821,7.335032166279051
capacity,9104,chirp,0.2,always,intact,0.5908944108011598,0.6911986159114692,0.08659636201824755,3.9702541158876574
capacity,9104,chirp,0.2,always,L4 failure,1.8965551393604658,2.9698748769556067,0.4225456544253771,14.819449833482413
capacity,9104,chirp,0.2,always,L4 slip,0.8501252285821665,1.1302343995445274,0.07607399839254797,6.317593407472849
capacity,9104,chirp,0.2,dropout,intact,0.587397850691539,0.6827064313131227,0.09455848028907146,3.9375039689064084
capacity,9104,chirp,0.2,dropout,L4 failure,2.277296414653357,3.5756038394756544,1.4979515736614062,17.214693655812138
capacity,9104,chirp,0.2,dropout,L4 slip,0.9311108105757905,1.29606185554968,0.193496687344914,6.985024089393075
capacity,9104,chirp,0.2,intermittent,intact,0.6236789505360757,0.740305180791828,0.08149709268832114,4.297737399609362
capacity,9104,chirp,0.2,intermittent,L4 failure,2.293413893931686,3.619162917849134,1.2527986936665807,17.49975126718824
capacity,9104,chirp,0.2,intermittent,L4 slip,1.0329065710059024,1.4739636538557253,0.07843115384902832,7.9047419815979
capacity,9104,chirp,0.2,delayed,intact,0.5963872321390811,0.6973063349364363,0.10661572076774106,4.0148255346823865
capacity,9104,chirp,0.2,delayed,L4 failure,1.9323052030237173,3.030038762312926,0.4635495166105798,15.084792016544094
capacity,9104,chirp,0.2,delayed,L4 slip,0.8601285456317419,1.1429581552844685,0.09478208068898783,6.407045140836567
capacity,9104,chirp,0.2,noisy,intact,0.5897677827263748,0.6951111850868912,0.06473525627620175,3.965770086822986
capacity,9104,chirp,0.2,noisy,L4 failure,1.893407450095454,2.9651097681469047,0.47262142425063597,14.773433115368949
capacity,9104,chirp,0.2,noisy,L4 slip,0.8501475303611324,1.1344378275886144,0.05714222615688051,6.314875057798911
capacity,9104,chirp,0.2,stuck,intact,0.6186923183187995,0.752142492606507,0.26688437821394856,4.2139288704320705
capacity,9104,chirp,0.2,stuck,L4 failure,2.000509043434899,3.1360985356416555,0.8308432752378099,15.47617816073759
capacity,9104,chirp,0.2,stuck,L4 slip,0.8474898782593165,1.1244460991861707,0.15181428978023614,6.294923978581259
capacity,9104,chirp,0.4,always,intact,0.5889317471401213,0.7079761736460808,0.08306580934479957,3.9733183357478867
capacity,9104,chirp,0.4,always,L4 failure,1.7432657921239827,2.707496789454588,0.0710010045106257,13.705036149391322
capacity,9104,chirp,0.4,always,L4 slip,0.8082137075996344,1.067552045166084,0.050335232684427765,5.925717430569158
capacity,9104,chirp,0.4,dropout,intact,0.6245938132249927,0.7864630689149978,0.16495268472574326,4.287680131558237
capacity,9104,chirp,0.4,dropout,L4 failure,2.0966437063952594,3.2751430337659486,1.342810335473533,15.920360287975535
capacity,9104,chirp,0.4,dropout,L4 slip,0.8190370039525948,1.0906963638139262,0.08535511909328478,6.018158940507886
capacity,9104,chirp,0.4,intermittent,intact,0.5968059881438087,0.692273206810213,0.10919184361199748,4.02790442260517
capacity,9104,chirp,0.4,intermittent,L4 failure,2.053846534412423,3.231152510529474,0.7667994829014144,15.910641978010972
capacity,9104,chirp,0.4,intermittent,L4 slip,0.9119765838301963,1.2391266297389305,0.06219506106247852,6.874549998256985
capacity,9104,chirp,0.4,delayed,intact,0.598626257276828,0.7249046745129542,0.10921242007228131,4.050843701799454
capacity,9104,chirp,0.4,delayed,L4 failure,1.7564189541819442,2.7283280494425943,0.06358523176658291,13.817116441293187
capacity,9104,chirp,0.4,delayed,L4 slip,0.8151892809829374,1.0734868870815433,0.06713748220003424,5.978962274299786
capacity,9104,chirp,0.4,noisy,intact,0.5952203706394984,0.722571978671871,0.07735721853211061,4.047965134275713
capacity,9104,chirp,0.4,noisy,L4 failure,1.7446954108318813,2.7125301308145056,0.08982313402035869,13.70254837847897
capacity,9104,chirp,0.4,noisy,L4 slip,0.8229589261426203,1.0977685984086851,0.04244331830403214,6.059414688256008
capacity,9104,chirp,0.4,stuck,intact,0.6519305755028652,0.8421207894859485,0.2362199231774163,4.511410522784614
capacity,9104,chirp,0.4,stuck,L4 failure,1.7782026881928645,2.7644664862700212,0.3864810090313062,13.922143628454648
capacity,9104,chirp,0.4,stuck,L4 slip,0.8278837090432566,1.107236350452437,0.2349314317000331,6.086848737252397
capacity,9104,chirp,1.0,always,intact,0.5838468259642148,0.7087108784529044,0.0735755413782512,3.9822356694933307
capacity,9104,chirp,1.0,always,L4 failure,1.679860118982057,2.6019019161527117,0.02443504791377943,13.202209093971806
capacity,9104,chirp,1.0,always,L4 slip,0.7975505188603637,1.0699185012067587,0.03902944437979615,5.852762885149055
capacity,9104,chirp,1.0,dropout,intact,0.6525052468954016,0.8588860817942964,0.14326703922180606,4.597926499575907
capacity,9104,chirp,1.0,dropout,L4 failure,1.910301518578277,2.968222833928862,1.1780654616518786,14.598573830748416
capacity,9104,chirp,1.0,dropout,L4 slip,0.8004958451607505,1.0757449935093235,0.0745261622607057,5.881331751487276
capacity,9104,chirp,1.0,intermittent,intact,0.5990033248608577,0.7247420756648106,0.08765835505476852,4.063095739753442
capacity,9104,chirp,1.0,intermittent,L4 failure,1.8289786299476207,2.8545489134758397,0.07314213180877835,14.362020611143098
capacity,9104,chirp,1.0,intermittent,L4 slip,0.8445625994126464,1.1176639825023276,0.06153298443306887,6.249427468918859
capacity,9104,chirp,1.0,delayed,intact,0.5947799328288801,0.7267280608461577,0.11011163654086235,4.072493318449252
capacity,9104,chirp,1.0,delayed,L4 failure,1.6833875051154956,2.60561496657069,0.026846789509473314,13.229116454393319
capacity,9104,chirp,1.0,delayed,L4 slip,0.8078078307451925,1.0847012390195787,0.06014336063210392,5.925658851600012
capacity,9104,chirp,1.0,noisy,intact,0.642939505217363,0.8040236706426157,0.078834705716562,4.509531314195523
capacity,9104,chirp,1.0,noisy,L4 failure,1.7407156079304633,2.696207707998282,0.05560494814299281,13.693112133666625
capacity,9104,chirp,1.0,noisy,L4 slip,0.8829052787779071,1.2065768395236596,0.04860594789991116,6.587116398291094
capacity,9104,chirp,1.0,stuck,intact,0.5994625748401874,0.7419285612208755,0.2798608319092519,4.116958024938078
capacity,9104,chirp,1.0,stuck,L4 failure,1.6776333561450212,2.5972230891425077,0.09302259247849035,13.182249830430216
capacity,9104,chirp,1.0,stuck,L4 slip,0.8064055532131293,1.086926117413198,0.20448389729809707,5.922110012214624
capacity,9105,straight,0.0,always,intact,0.4825308335364317,0.535460770779325,0.019514329762278813,3.138971057822683
capacity,9105,straight,0.0,always,L4 failure,1.4600067714234108,2.263761782795733,0.7124497989749834,11.153614186785674
capacity,9105,straight,0.0,always,L4 slip,0.6845072013506073,0.9181275980858242,0.15638682249489208,4.996641021078666
capacity,9105,straight,0.0,dropout,intact,0.4825308335364317,0.535460770779325,0.019514329762278813,3.138971057822683
capacity,9105,straight,0.0,dropout,L4 failure,1.4600067714234108,2.263761782795733,0.7124497989749834,11.153614186785674
capacity,9105,straight,0.0,dropout,L4 slip,0.6845072013506073,0.9181275980858242,0.15638682249489208,4.996641021078666
capacity,9105,straight,0.0,intermittent,intact,0.4825308335364317,0.535460770779325,0.019514329762278813,3.138971057822683
capacity,9105,straight,0.0,intermittent,L4 failure,1.4600067714234108,2.263761782795733,0.7124497989749834,11.153614186785674
capacity,9105,straight,0.0,intermittent,L4 slip,0.6845072013506073,0.9181275980858242,0.15638682249489208,4.996641021078666
capacity,9105,straight,0.0,delayed,intact,0.4825308335364317,0.535460770779325,0.019514329762278813,3.138971057822683
capacity,9105,straight,0.0,delayed,L4 failure,1.4600067714234108,2.263761782795733,0.7124497989749834,11.153614186785674
capacity,9105,straight,0.0,delayed,L4 slip,0.6845072013506073,0.9181275980858242,0.15638682249489208,4.996641021078666
capacity,9105,straight,0.0,noisy,intact,0.4825308335364317,0.535460770779325,0.019514329762278813,3.138971057822683
capacity,9105,straight,0.0,noisy,L4 failure,1.4600067714234108,2.263761782795733,0.7124497989749834,11.153614186785674
capacity,9105,straight,0.0,noisy,L4 slip,0.6845072013506073,0.9181275980858242,0.15638682249489208,4.996641021078666
capacity,9105,straight,0.0,stuck,intact,0.4825308335364317,0.535460770779325,0.019514329762278813,3.138971057822683
capacity,9105,straight,0.0,stuck,L4 failure,1.4600067714234108,2.263761782795733,0.7124497989749834,11.153614186785674
capacity,9105,straight,0.0,stuck,L4 slip,0.6845072013506073,0.9181275980858242,0.15638682249489208,4.996641021078666
capacity,9105,straight,0.025,always,intact,0.48190316734305055,0.5339759943532421,0.016106597332508278,3.1324442289974965
capacity,9105,straight,0.025,always,L4 failure,1.433589404612123,2.2215732921132885,0.6516434817828753,10.98357260100262
capacity,9105,straight,0.025,always,L4 slip,0.6746084488569573,0.8983732859831157,0.1341730006076621,4.913979629220624
capacity,9105,straight,0.025,dropout,intact,0.4823030156256488,0.5350001399340873,0.018895392547684096,3.136716858356438
capacity,9105,straight,0.025,dropout,L4 failure,1.4556888998806252,2.2564852198885466,0.7087055254647397,11.12234364512076
capacity,9105,straight,0.025,dropout,L4 slip,0.6816933960736381,0.9127017238651522,0.15389905545179686,4.9723281473358885
capacity,9105,straight,0.025,intermittent,intact,0.4823132730516092,0.534940890076532,0.018312124863187545,3.1367011777770317
capacity,9105,straight,0.025,intermittent,L4 failure,1.4510820742679935,2.2495665916050553,0.691815130412264,11.096311720067343
capacity,9105,straight,0.025,intermittent,L4 slip,0.681043193724892,0.9111367686100813,0.14867604840073242,4.967598216255291
capacity,9105,straight,0.025,delayed,intact,0.481955517135583,0.5340925938037507,0.01633869517378157,3.1329752337844465
capacity,9105,straight,0.025,delayed,L4 failure,1.4372151430114934,2.227566135616125,0.6570371977899802,11.008032576385899
capacity,9105,straight,0.025,delayed,L4 slip,0.675724163308167,0.9005899666012567,0.13602495345438642,4.9235039445146285
capacity,9105,straight,0.025,noisy,intact,0.4816302448001334,0.5334970807356363,0.015945188176343564,3.130074669350352
capacity,9105,straight,0.025,noisy,L4 failure,1.4315855879799575,2.218192662558983,0.6524767521677399,10.967428199487983
capacity,9105,straight,0.025,noisy,L4 slip,0.6745005442207416,0.8981194076097594,0.13474703968171126,4.913403451554245
capacity,9105,straight,0.025,stuck,intact,0.4820881052248062,0.5344604882450861,0.017553841865661234,3.134411238262836
capacity,9105,straight,0.025,stuck,L4 failure,1.447333066562089,2.2429088608420007,0.6920130933038825,11.068373253136818
capacity,9105,straight,0.025,stuck,L4 slip,0.6781580342642135,0.9055412605247282,0.1461330156373867,4.942854757010329
capacity,9105,straight,0.05,always,intact,0.4813789968443633,0.5327484162176337,0.013207988368330417,3.1270003478661774
capacity,9105,straight,0.05,always,L4 failure,1.4086274585898264,2.181428984704663,0.5930121906440208,10.821754528817635
capacity,9105,straight,0.05,always,L4 slip,0.6659800561293413,0.8809402560410138,0.11457388539791524,4.840790662644595
capacity,9105,straight,0.05,dropout,intact,0.4820967240127689,0.5345859409801396,0.018321603815625254,3.134682787375528
capacity,9105,straight,0.05,dropout,L4 failure,1.4514921982553364,2.24941034529337,0.7050485646374487,11.09195289378794
capacity,9105,straight,0.05,dropout,L4 slip,0.6790270451650082,0.9075546551730227,0.1515072909700106,4.949248054495798
capacity,9105,straight,0.05,intermittent,intact,0.48210739690519666,0.5344503216866496,0.01716577612230566,3.13455329541336
capacity,9105,straight,0.05,intermittent,L4 failure,1.4422422175982967,2.2354843029532177,0.6711729925853593,11.039472093020354
capacity,9105,straight,0.05,intermittent,L4 slip,0.6777225603307961,0.9044048841924331,0.14122530812573064,4.939608909389638
capacity,9105,straight,0.05,delayed,intact,0.48146326904755127,0.5329318156224006,0.013574458682510842,3.127848637184586
capacity,9105,straight,0.05,delayed,L4 failure,1.4154281668050115,2.1927350693228034,0.6032582409859737,10.867937646408276
capacity,9105,straight,0.05,delayed,L4 slip,0.6678980609648231,0.8847794456712436,0.11766830601137038,4.857392007217934
capacity,9105,straight,0.05,noisy,intact,0.48106810967140173,0.5323061941197105,0.01350836747735341,3.124656737042642
capacity,9105,straight,0.05,noisy,L4 failure,1.4050452744744222,2.1753910959759706,0.5949249042898571,10.792651546944057
capacity,9105,straight,0.05,noisy,L4 slip,0.6661701907619885,0.8812186852765981,0.11615642106883117,4.843135874170928
capacity,9105,straight,0.05,stuck,intact,0.48169827016593525,0.5335858741624467,0.015768485150444905,3.1304034043509867
capacity,9105,straight,0.05,stuck,L4 failure,1.435072472747755,2.222693713579453,0.6720976611416418,10.98575463166157
capacity,9105,straight,0.05,stuck,L4 slip,0.6723039011872798,0.893871208189093,0.13641230995155315,4.8929037525720975
capacity,9105,straight,0.1,always,intact,0.4805728518274904,0.5308938602413382,0.008658258483091345,3.1186571071331586
capacity,9105,straight,0.1,always,L4 failure,1.3634140125196257,2.107871216940583,0.48302638842351187,10.52516602442779
capacity,9105,straight,0.1,always,L4 slip,0.6519083324031406,0.8520917715202458,0.08210587565161738,4.719000246656739
capacity,9105,straight,0.1,dropout,intact,0.48173979711445053,0.5338766973728983,0.017296175743856293,3.131182388835037
capacity,9105,straight,0.1,dropout,L4 failure,1.443438000655344,2.2358253660150074,0.6979797561202306,11.03363335413423
capacity,9105,straight,0.1,dropout,L4 slip,0.6741003580193498,0.898030841377695,0.14699391515119467,4.906494606196852
capacity,9105,straight,0.1,intermittent,intact,0.4817282471868217,0.5335510326196291,0.015032027287578919,3.1305987241538618
capacity,9105,straight,0.1,intermittent,L4 failure,1.4248522689937984,2.2077105715899914,0.629872723564474,10.92738906792907
capacity,9105,straight,0.1,intermittent,L4 slip,0.6714909798000304,0.8916901945829971,0.1270822231333682,4.8866787529042455
capacity,9105,straight,0.1,delayed,intact,0.4806811482531277,0.5311151813420605,0.009093117081070964,3.1197224589241537
capacity,9105,straight,0.1,delayed,L4 failure,1.3751557027280257,2.1276457204662695,0.5011335731687646,10.60611587075489
capacity,9105,straight,0.1,delayed,L4 slip,0.6547368369453611,0.8578020306469687,0.08630226252732422,4.744072442290693
capacity,9105,straight,0.1,noisy,intact,0.48072498625496085,0.5316407696438308,0.011280497516881607,3.121787078802227
capacity,9105,straight,0.1,noisy,L4 failure,1.3581075250596317,2.098931520019902,0.4884462252429899,10.480709781447045
capacity,9105,straight,0.1,noisy,L4 slip,0.6536567908373703,0.8553241698802811,0.08661798890583394,4.735794822875447
capacity,9105,straight,0.1,stuck,intact,0.48105070761983854,0.5321491627622655,0.01266237173173107,3.1237678702204246
capacity,9105,straight,0.1,stuck,L4 failure,1.4117348073010862,2.1840932392528396,0.6337481314051372,10.828033669306587
capacity,9105,straight,0.1,stuck,L4 slip,0.6619333180433757,0.8730434940320949,0.11846105154289951,4.803522330194034
capacity,9105,straight,0.2,always,intact,0.47960155348770506,0.5287607677225149,0.0030998811521816346,3.1087265318674535
capacity,9105,straight,0.2,always,L4 failure,1.293194923301968,1.9906107300769598,0.30122164007524566,10.05181136661529
capacity,9105,straight,0.2,always,L4 slip,0.6330618434956421,0.8127870173004134,0.03777482476076276,4.5507844529413335
capacity,9105,straight,0.2,dropout,intact,0.4811991598998888,0.5328241915512228,0.0156535558172516,3.125939995370871
capacity,9105,straight,0.2,dropout,L4 failure,1.4285375834864051,2.210667711482876,0.6847196492759542,10.925755123576842
capacity,9105,straight,0.2,dropout,L4 slip,0.6656503816826587,0.8816603183156279,0.13893651714243732,4.832832219500717
capacity,9105,straight,0.2,intermittent,intact,0.48108497210104684,0.5320413571106117,0.011343872817610078,3.1238974487575777
capacity,9105,straight,0.2,intermittent,L4 failure,1.3915061034887029,2.1541397697253153,0.5473646795201841,10.711255212134512
capacity,9105,straight,0.2,intermittent,L4 slip,0.6605283770468445,0.8690606723119665,0.1016747813464521,4.792219518463689
capacity,9105,straight,0.2,delayed,intact,0.47968628371358857,0.528894673982513,0.003306644059811992,3.109480298502401
capacity,9105,straight,0.2,delayed,L4 failure,1.3092574696352557,2.0185062878800304,0.32474855029165806,10.16688601213433
capacity,9105,straight,0.2,delayed,L4 slip,0.6361403477003151,0.818941776430572,0.04093261919844664,4.579001963814078
capacity,9105,straight,0.2,noisy,intact,0.48210262852002844,0.5344384091230874,0.01325284954736097,3.1365087915225853
capacity,9105,straight,0.2,noisy,L4 failure,1.28839437743397,1.9827420119941785,0.3148553163525503,10.007956050497375
capacity,9105,straight,0.2,noisy,L4 slip,0.6404419918930474,0.8267557838838397,0.04960717407792187,4.619813236774234
capacity,9105,straight,0.2,stuck,intact,0.4801438249427311,0.53018569021936,0.007951025572623,3.1145536599768024
capacity,9105,straight,0.2,stuck,L4 failure,1.3694390166027084,2.113685362562547,0.5624710195167822,10.540449680558112
capacity,9105,straight,0.2,stuck,L4 slip,0.6456489471570357,0.839955456936868,0.0878432876473528,4.6606727408315365
capacity,9105,straight,0.4,always,intact,0.4788514248563348,0.5273415355224185,0.0015616591886304853,3.1014104662749773
capacity,9105,straight,0.4,always,L4 failure,1.2110450993730573,1.8471510868091634,0.11968087607699136,9.47040458398787
capacity,9105,straight,0.4,always,L4 slip,0.6154236544140433,0.7761093521425875,0.014592742317523878,4.387563901710468
capacity,9105,straight,0.4,dropout,intact,0.48054970156132704,0.5316080979107933,0.013512246065619755,3.1197900691778546
capacity,9105,straight,0.4,dropout,L4 failure,1.4026368790597155,2.166857106006458,0.6610674653602486,10.738233461764082
capacity,9105,straight,0.4,dropout,L4 slip,0.6529998071015689,0.8570988118241409,0.12597853506333423,4.721740533068695
capacity,9105,straight,0.4,intermittent,intact,0.480157779895187,0.5299232519049306,0.0058871279156418365,3.114287286304146
capacity,9105,straight,0.4,intermittent,L4 failure,1.3343584045089791,2.060787723465912,0.3921583657641293,10.334602925646013
capacity,9105,straight,0.4,intermittent,L4 slip,0.6435979343419328,0.8334607746825252,0.06112635162287894,4.642691631140011
capacity,9105,straight,0.4,delayed,intact,0.47886349235612247,0.5272846922374406,0.0019063920808902886,3.101326734451691
capacity,9105,straight,0.4,delayed,L4 failure,1.2250915948451768,1.872721076193438,0.12914133110307682,9.57909074194382
capacity,9105,straight,0.4,delayed,L4 slip,0.617402652632291,0.7795670872841265,0.01730765499224891,4.40614600666787
capacity,9105,straight,0.4,noisy,intact,0.4892914654363318,0.5469730762325558,0.02278476188063478,3.205991445845306
capacity,9105,straight,0.4,noisy,L4 failure,1.2170003265988139,1.857892609543327,0.13972836123980617,9.509053896397425
capacity,9105,straight,0.4,noisy,L4 slip,0.6387451843260852,0.8187275443436606,0.025648683825627537,4.603664172389746
capacity,9105,straight,0.4,stuck,intact,0.47920171014936896,0.5282560105147628,0.0024633435606242473,3.10519987294458
capacity,9105,straight,0.4,stuck,L4 failure,1.2999751215793975,1.9965423554565198,0.4384538139196854,10.062069460674284
capacity,9105,straight,0.4,stuck,L4 slip,0.6254658561921388,0.7984948137351879,0.04340416121240202,4.478905486109191
capacity,9105,straight,1.0,always,intact,0.47856221419382233,0.5272474054982528,0.0010441145583349929,3.0995024878051667
capacity,9105,straight,1.0,always,L4 failure,1.1341559968289106,1.705642021854742,0.02713992060629638,8.88497854720326
capacity,9105,straight,1.0,always,L4 slip,0.6044289359698081,0.7563441220955902,0.011613998469204754,4.282900675120508
capacity,9105,straight,1.0,dropout,intact,0.479857953809489,0.530412395779581,0.011035223780461356,3.113597149236369
capacity,9105,straight,1.0,dropout,L4 failure,1.345250013110513,2.0694389410365504,0.605688065674822,10.32205227629764
capacity,9105,straight,1.0,dropout,L4 slip,0.6333535978326511,0.8191428074787993,0.10317040256608082,4.547470559640987
capacity,9105,straight,1.0,intermittent,intact,0.4789620125077177,0.5274883454947592,0.0017901671098083526,3.1022759224326677
capacity,9105,straight,1.0,intermittent,L4 failure,1.2361729792231562,1.892983691369659,0.12146859274571478,9.65650738378937
capacity,9105,straight,1.0,intermittent,L4 slip,0.617649203829024,0.7777440969004421,0.008970052680646068,4.403523074781646
capacity,9105,straight,1.0,delayed,intact,0.47857022510298997,0.5272328156200958,0.001262260115136735,3.099384185655482
capacity,9105,straight,1.0,delayed,L4 failure,1.1372137213735725,1.7107072438014967,0.035190991069353694,8.918362798476386
capacity,9105,straight,1.0,delayed,L4 slip,0.6060585629928279,0.7588392631211447,0.015114208098610499,4.296949684200392
capacity,9105,straight,1.0,noisy,intact,0.5319852904440416,0.611609503509043,0.02883771696123113,3.5763849142407325
capacity,9105,straight,1.0,noisy,L4 failure,1.198210914856025,1.8053352893635517,0.0389152030641594,9.4045013000805
capacity,9105,straight,1.0,noisy,L4 slip,0.6972095402041487,0.9080093941988899,0.022392994194800585,5.102817922228863
capacity,9105,straight,1.0,stuck,intact,0.4784640922558159,0.5269777202922254,0.002188927344536621,3.0984626966205724
capacity,9105,straight,1.0,stuck,L4 failure,1.1776340747741612,1.783985555404545,0.17622638859327128,9.191583746409762
capacity,9105,straight,1.0,stuck,L4 slip,0.6065185767311108,0.7608820777850396,0.011286296846417743,4.303433503919993
capacity,9105,s_lr,0.0,always,intact,0.7116411155539385,0.9145060030834525,0.040952727248801245,5.359853687202776
capacity,9105,s_lr,0.0,always,L4 failure,1.5590743274842411,2.402755749267539,0.6430135026945277,12.214924600900796
capacity,9105,s_lr,0.0,always,L4 slip,0.9676085238882522,1.3726956284317393,0.1799284925812966,7.547320651670266
capacity,9105,s_lr,0.0,dropout,intact,0.7116411155539385,0.9145060030834525,0.040952727248801245,5.359853687202776
capacity,9105,s_lr,0.0,dropout,L4 failure,1.5590743274842411,2.402755749267539,0.6430135026945277,12.214924600900796
capacity,9105,s_lr,0.0,dropout,L4 slip,0.9676085238882522,1.3726956284317393,0.1799284925812966,7.547320651670266
capacity,9105,s_lr,0.0,intermittent,intact,0.7116411155539385,0.9145060030834525,0.040952727248801245,5.359853687202776
capacity,9105,s_lr,0.0,intermittent,L4 failure,1.5590743274842411,2.402755749267539,0.6430135026945277,12.214924600900796
capacity,9105,s_lr,0.0,intermittent,L4 slip,0.9676085238882522,1.3726956284317393,0.1799284925812966,7.547320651670266
capacity,9105,s_lr,0.0,delayed,intact,0.7116411155539385,0.9145060030834525,0.040952727248801245,5.359853687202776
capacity,9105,s_lr,0.0,delayed,L4 failure,1.5590743274842411,2.402755749267539,0.6430135026945277,12.214924600900796
capacity,9105,s_lr,0.0,delayed,L4 slip,0.9676085238882522,1.3726956284317393,0.1799284925812966,7.547320651670266
capacity,9105,s_lr,0.0,noisy,intact,0.7116411155539385,0.9145060030834525,0.040952727248801245,5.359853687202776
capacity,9105,s_lr,0.0,noisy,L4 failure,1.5590743274842411,2.402755749267539,0.6430135026945277,12.214924600900796
capacity,9105,s_lr,0.0,noisy,L4 slip,0.9676085238882522,1.3726956284317393,0.1799284925812966,7.547320651670266
capacity,9105,s_lr,0.0,stuck,intact,0.7116411155539385,0.9145060030834525,0.040952727248801245,5.359853687202776
capacity,9105,s_lr,0.0,stuck,L4 failure,1.5590743274842411,2.402755749267539,0.6430135026945277,12.214924600900796
capacity,9105,s_lr,0.0,stuck,L4 slip,0.9676085238882522,1.3726956284317393,0.1799284925812966,7.547320651670266
capacity,9105,s_lr,0.025,always,intact,0.6723496506972209,0.8249214020192277,0.033947471541169116,4.976445018324527
capacity,9105,s_lr,0.025,always,L4 failure,1.4999459493155762,2.302151131204553,0.5477567354245038,11.794760704150267
capacity,9105,s_lr,0.025,always,L4 slip,0.9111865475443753,1.2620115597804558,0.10465413156350478,7.076319385046256
capacity,9105,s_lr,0.025,dropout,intact,0.6954260227663767,0.8814314473228455,0.03098148168277535,5.207279134224823
capacity,9105,s_lr,0.025,dropout,L4 failure,1.5380728931550385,2.366822144170325,0.6281709892252566,12.054024531904181
capacity,9105,s_lr,0.025,dropout,L4 slip,0.946368939642287,1.3335092161291562,0.1678081250471625,7.367401799350192
capacity,9105,s_lr,0.025,intermittent,intact,0.6977584628426055,0.8834916326255329,0.023610488228937593,5.227315648830906
capacity,9105,s_lr,0.025,intermittent,L4 failure,1.5391266116545614,2.3689686109820953,0.6107355365244851,12.073712517335062
capacity,9105,s_lr,0.025,intermittent,L4 slip,0.9471629782003528,1.3327736200277651,0.15309250055540105,7.3788758389425695
capacity,9105,s_lr,0.025,delayed,intact,0.6762452471333095,0.8331968787713306,0.0332264132303569,5.014464936530399
capacity,9105,s_lr,0.025,delayed,L4 failure,1.5069402434519046,2.314214387549971,0.553809005585064,11.847532669139909
capacity,9105,s_lr,0.025,delayed,L4 slip,0.917030277042158,1.2731641467891615,0.10863664103444129,7.1267026682793535
capacity,9105,s_lr,0.025,noisy,intact,0.6698178830578417,0.8203841491813838,0.03389592557817295,4.952850546812109
capacity,9105,s_lr,0.025,noisy,L4 failure,1.4978260465911215,2.298699438195805,0.5498215638247376,11.776026461181988
capacity,9105,s_lr,0.025,noisy,L4 slip,0.909902527547596,1.2600712861665282,0.10544586981555706,7.065060774488778
capacity,9105,s_lr,0.025,stuck,intact,0.6780377381912384,0.8393666739330403,0.026452818778852572,5.034918121077775
capacity,9105,s_lr,0.025,stuck,L4 failure,1.5131689112756284,2.32439415989156,0.5797467104425019,11.883556139829409
capacity,9105,s_lr,0.025,stuck,L4 slip,0.9218319606473319,1.2840084077079497,0.12783553080887308,7.165014552947003
capacity,9105,s_lr,0.05,always,intact,0.6398525539231463,0.7464125309027762,0.0680042749731449,4.638141260710298
capacity,9105,s_lr,0.05,always,L4 failure,1.4433495358582664,2.204787359489596,0.4546902001515848,11.388045265395581
capacity,9105,s_lr,0.05,always,L4 slip,0.8624141170885491,1.1625852649291044,0.03947488489208075,6.651236619312527
capacity,9105,s_lr,0.05,dropout,intact,0.6801083635652371,0.8498326319609417,0.02129726496676352,5.061202917653532
capacity,9105,s_lr,0.05,dropout,L4 failure,1.5177016050331804,2.3319267440447407,0.6136836290620118,11.89766242891234
capacity,9105,s_lr,0.05,dropout,L4 slip,0.9260967482611978,1.2959046878093592,0.156037792924919,7.1944831639672735
capacity,9105,s_lr,0.05,intermittent,intact,0.6845985805694565,0.8534779349662148,0.024601069642942962,5.098852729953871
capacity,9105,s_lr,0.05,intermittent,L4 failure,1.5192169086587721,2.335134911568656,0.5782849204997349,11.93236933132713
capacity,9105,s_lr,0.05,intermittent,L4 slip,0.9275358084986323,1.2939143665191604,0.1271626272069056,7.214748062694724
capacity,9105,s_lr,0.05,delayed,intact,0.646235636214458,0.7601552467426093,0.06668725047699059,4.702579940686815
capacity,9105,s_lr,0.05,delayed,L4 failure,1.4565352501916624,2.2276907274908804,0.4662799811634393,11.488457377432088
capacity,9105,s_lr,0.05,delayed,L4 slip,0.8723188792508155,1.181817055695086,0.04511787248942451,6.739289958008562
capacity,9105,s_lr,0.05,noisy,intact,0.6354519834083208,0.7387145920503425,0.06767609267168369,4.596658859453592
capacity,9105,s_lr,0.05,noisy,L4 failure,1.4394753254639496,2.1985639698752495,0.4590366151387236,11.353512164149285
capacity,9105,s_lr,0.05,noisy,L4 slip,0.8602579245008977,1.1595684180378534,0.040948744709328855,6.632409276526801
capacity,9105,s_lr,0.05,stuck,intact,0.6483702619097238,0.7696578515527449,0.05369886313506052,4.7324363651119645
capacity,9105,s_lr,0.05,stuck,L4 failure,1.4691631008814308,2.2487490592637607,0.5186707144731162,11.563515852880366
capacity,9105,s_lr,0.05,stuck,L4 slip,0.8799357793383777,1.2006017023669504,0.0780476563998056,6.804654111141116
capacity,9105,s_lr,0.1,always,intact,0.5928007689529,0.6271747321529431,0.13570498206053758,4.1149887636157985
capacity,9105,s_lr,0.1,always,L4 failure,1.3400244046091738,2.0236175585495255,0.27693058345801486,10.630220987266648
capacity,9105,s_lr,0.1,always,L4 slip,0.7859849693622276,0.9987264172011475,0.07303028388180226,5.943646715455547
capacity,9105,s_lr,0.1,dropout,intact,0.6520746956768464,0.7910534876983659,0.01803874569028991,4.7884379462127615
capacity,9105,s_lr,0.1,dropout,L4 failure,1.4788063647046632,2.265187802289965,0.585740603601568,11.598276250296342
capacity,9105,s_lr,0.1,dropout,L4 slip,0.8883596501880021,1.225338609257839,0.13350958697857535,6.869160839639438
capacity,9105,s_lr,0.1,intermittent,intact,0.6604500784184189,0.7967007613948061,0.04447493836425171,4.855146904822082
capacity,9105,s_lr,0.1,intermittent,L4 failure,1.479656487285432,2.267542672007052,0.5129150962261859,11.650153402491084
capacity,9105,s_lr,0.1,intermittent,L4 slip,0.8907894240470489,1.219607390458308,0.07806940372911851,6.900342539429076
capacity,9105,s_lr,0.1,delayed,intact,0.6010746982263526,0.6435459364637575,0.13537022319457923,4.19799422538221
capacity,9105,s_lr,0.1,delayed,L4 failure,1.3626212208711237,2.0634726145641245,0.297409596987963,10.80633621400436
capacity,9105,s_lr,0.1,delayed,L4 slip,0.7997664695795985,1.0256130059499946,0.07235665781155536,6.0718247114803106
capacity,9105,s_lr,0.1,noisy,intact,0.5862900940959141,0.6175795291888051,0.13319651392912063,4.056141207551584
capacity,9105,s_lr,0.1,noisy,L4 failure,1.3338852257681721,2.0142243393398687,0.2868146499399148,10.574319454504211
capacity,9105,s_lr,0.1,noisy,L4 slip,0.7833288839265142,0.9964807593397509,0.06971821537727999,5.922195472505599
capacity,9105,s_lr,0.1,stuck,intact,0.6009330987724789,0.6508786290270965,0.12084938995423511,4.212150283571224
capacity,9105,s_lr,0.1,stuck,L4 failure,1.387163371824121,2.10619302549555,0.4028392557079168,10.959726728206228
capacity,9105,s_lr,0.1,stuck,L4 slip,0.8079053074145083,1.0509728672767626,0.036117902412608115,6.155079928201111
capacity,9105,s_lr,0.2,always,intact,0.5510706270277422,0.5438489630736899,0.21976509584530923,3.69810900074347
capacity,9105,s_lr,0.2,always,L4 failure,1.1897816909956431,1.749409601508399,0.037549127391897426,9.472208481121744
capacity,9105,s_lr,0.2,always,L4 slip,0.6997354544544847,0.8099071818437139,0.18898618092731168,5.093977179158935
capacity,9105,s_lr,0.2,dropout,intact,0.6057666108334622,0.6913325109349996,0.03666903738845918,4.320635139808398
capacity,9105,s_lr,0.2,dropout,L4 failure,1.4080930543774792,2.1434601983668626,0.5337574884821834,11.050845454767597
capacity,9105,s_lr,0.2,dropout,L4 slip,0.823446392034375,1.1021002952937882,0.09225314312653103,6.297363189821191
capacity,9105,s_lr,0.2,intermittent,intact,0.6206821847592111,0.6982004478121164,0.0944236219312864,4.428838108346628
capacity,9105,s_lr,0.2,intermittent,L4 failure,1.4030844783914747,2.135073267259743,0.38151512449856895,11.097265551240937
capacity,9105,s_lr,0.2,intermittent,L4 slip,0.8274415967364944,1.0860458663865604,0.03015516704090901,6.332593607541404
capacity,9105,s_lr,0.2,delayed,intact,0.5578247429223795,0.5489216315566937,0.2323525384165873,3.7482454108400702
capacity,9105,s_lr,0.2,delayed,L4 failure,1.216256680903894,1.796824124745865,0.04905385786228762,9.691943623563041
capacity,9105,s_lr,0.2,delayed,L4 slip,0.7121351863578466,0.8286763145877984,0.19824477737428925,5.20432272731508
capacity,9105,s_lr,0.2,noisy,intact,0.5440041979093859,0.5402344165209565,0.20983834645251678,3.6470590406979753
capacity,9105,s_lr,0.2,noisy,L4 failure,1.1807646131489644,1.7372960249527871,0.034310498537686,9.3914646317819
capacity,9105,s_lr,0.2,noisy,L4 slip,0.6989677722295344,0.8162476288188902,0.17742148158561188,5.099261013983291
capacity,9105,s_lr,0.2,stuck,intact,0.5518699910204278,0.5417484273918437,0.25690570176270794,3.693296678106991
capacity,9105,s_lr,0.2,stuck,L4 failure,1.2486965580478036,1.859538413735121,0.1947783777986551,9.911159585984576
capacity,9105,s_lr,0.2,stuck,L4 slip,0.7103026814642263,0.8357760178980393,0.17690704252707562,5.201349910514928
capacity,9105,s_lr,0.4,always,intact,0.5551594762026834,0.6052381979647437,0.23919969846367017,3.8076204222477394
capacity,9105,s_lr,0.4,always,L4 failure,1.052795225520476,1.490834772908228,0.17712696821679916,8.333197105703183
capacity,9105,s_lr,0.4,always,L4 slip,0.6615774159911404,0.7636974068359846,0.24546278909534877,4.755672338587858
capacity,9105,s_lr,0.4,dropout,intact,0.5467387984813682,0.5661063854512781,0.08853851462139414,3.7040280375212546
capacity,9105,s_lr,0.4,dropout,L4 failure,1.292373315195623,1.9431456643735472,0.443775978262846,10.144397594680624
capacity,9105,s_lr,0.4,dropout,L4 slip,0.730431511834818,0.921990398417667,0.02510942002205699,5.444676758606672
capacity,9105,s_lr,0.4,intermittent,intact,0.5718654485732236,0.579033122531672,0.18228424722648712,3.891148039000622
capacity,9105,s_lr,0.4,intermittent,L4 failure,1.2733906730368394,1.9041128489765824,0.13139423497195651,10.130183372132125
capacity,9105,s_lr,0.4,intermittent,L4 slip,0.7391825616375368,0.8881544137347552,0.1395757911749748,5.477670541902926
capacity,9105,s_lr,0.4,delayed,intact,0.5630614529975285,0.6096259973522912,0.27755150594921274,3.867664841089959
capacity,9105,s_lr,0.4,delayed,L4 failure,1.0691214297270135,1.5156929109773842,0.2026147133755288,8.481504681041619
capacity,9105,s_lr,0.4,delayed,L4 slip,0.6699883400640277,0.7678807878287028,0.2832461004373039,4.822971720048732
capacity,9105,s_lr,0.4,noisy,intact,0.5485488916910775,0.606457525847833,0.21538027842049132,3.75939717670435
capacity,9105,s_lr,0.4,noisy,L4 failure,1.0496732419583124,1.4938962617938834,0.15633070457139814,8.300979854307812
capacity,9105,s_lr,0.4,noisy,L4 slip,0.6669544966904669,0.7844218036046172,0.22331772526832766,4.8202294748703345
capacity,9105,s_lr,0.4,stuck,intact,0.586560928407183,0.6623403425166037,0.467500891117057,4.039318480972762
capacity,9105,s_lr,0.4,stuck,L4 failure,1.0753449735766618,1.5378390536468136,0.1394067378878399,8.519153369734239
capacity,9105,s_lr,0.4,stuck,L4 slip,0.6684869565748822,0.7761552287995037,0.42023564014019243,4.809851522474133
capacity,9105,s_lr,1.0,always,intact,0.5883965937544495,0.7407935575819348,0.19191424927960615,4.114120335421066
capacity,9105,s_lr,1.0,always,L4 failure,1.0008493910469594,1.410771832560708,0.17123347120111473,7.798389498792249
capacity,9105,s_lr,1.0,always,L4 slip,0.6839784804170866,0.8762708457171596,0.18138838947049737,4.941530851883311
capacity,9105,s_lr,1.0,dropout,intact,0.5262252090696465,0.5891085379783011,0.19921874470964546,3.5739122795005684
capacity,9105,s_lr,1.0,dropout,L4 failure,1.0975075411575503,1.6046360862852183,0.2589516149165753,8.572129924683656
capacity,9105,s_lr,1.0,dropout,L4 slip,0.6375164846857732,0.7661871517385663,0.1066508180588412,4.569538576205341
capacity,9105,s_lr,1.0,intermittent,intact,0.5642144690038029,0.620291020644246,0.2570213396032436,3.901592299757941
capacity,9105,s_lr,1.0,intermittent,L4 failure,1.0961599444662604,1.5731593842452631,0.18171291041397403,8.69917315896768
capacity,9105,s_lr,1.0,intermittent,L4 slip,0.6734784663768209,0.7698165724680941,0.27549486965067294,4.846063169792232
capacity,9105,s_lr,1.0,delayed,intact,0.6135632508867279,0.7803913297152585,0.23810900310785033,4.30606276968135
capacity,9105,s_lr,1.0,delayed,L4 failure,1.010014936534154,1.4157192614505776,0.20792488365793002,7.883634054831025
capacity,9105,s_lr,1.0,delayed,L4 slip,0.7050259986630766,0.9066081504235044,0.22438468544948625,5.1058505563482965
capacity,9105,s_lr,1.0,noisy,intact,0.5943694606681742,0.7516342415059867,0.16018382115837587,4.162925784851788
capacity,9105,s_lr,1.0,noisy,L4 failure,1.0372198384848317,1.4766551976042706,0.14868830414826645,8.098867426088557
capacity,9105,s_lr,1.0,noisy,L4 slip,0.7267991992039399,0.947944287924156,0.14917582244136035,5.328472887594283
capacity,9105,s_lr,1.0,stuck,intact,0.8593359815734253,1.160173508309087,0.7782878578430781,5.784160773978714
capacity,9105,s_lr,1.0,stuck,L4 failure,1.062051269264276,1.5162694291470045,0.6773716182891805,8.225849000024912
capacity,9105,s_lr,1.0,stuck,L4 slip,0.8669370174587148,1.1706588535558773,0.7397013949619676,6.117101275238057
capacity,9105,s_rl,0.0,always,intact,0.6537439980388969,0.774090356544297,0.021633294350676024,4.746937479103087
capacity,9105,s_rl,0.0,always,L4 failure,1.4189873826724868,2.1669152651988997,0.7798753542622539,11.047333893620895
capacity,9105,s_rl,0.0,always,L4 slip,0.6683104275149877,0.7778321319320057,0.12588617571568528,4.83525483220186
capacity,9105,s_rl,0.0,dropout,intact,0.6537439980388969,0.774090356544297,0.021633294350676024,4.746937479103087
capacity,9105,s_rl,0.0,dropout,L4 failure,1.4189873826724868,2.1669152651988997,0.7798753542622539,11.047333893620895
capacity,9105,s_rl,0.0,dropout,L4 slip,0.6683104275149877,0.7778321319320057,0.12588617571568528,4.83525483220186
capacity,9105,s_rl,0.0,intermittent,intact,0.6537439980388969,0.774090356544297,0.021633294350676024,4.746937479103087
capacity,9105,s_rl,0.0,intermittent,L4 failure,1.4189873826724868,2.1669152651988997,0.7798753542622539,11.047333893620895
capacity,9105,s_rl,0.0,intermittent,L4 slip,0.6683104275149877,0.7778321319320057,0.12588617571568528,4.83525483220186
capacity,9105,s_rl,0.0,delayed,intact,0.6537439980388969,0.774090356544297,0.021633294350676024,4.746937479103087
capacity,9105,s_rl,0.0,delayed,L4 failure,1.4189873826724868,2.1669152651988997,0.7798753542622539,11.047333893620895
capacity,9105,s_rl,0.0,delayed,L4 slip,0.6683104275149877,0.7778321319320057,0.12588617571568528,4.83525483220186
capacity,9105,s_rl,0.0,noisy,intact,0.6537439980388969,0.774090356544297,0.021633294350676024,4.746937479103087
capacity,9105,s_rl,0.0,noisy,L4 failure,1.4189873826724868,2.1669152651988997,0.7798753542622539,11.047333893620895
capacity,9105,s_rl,0.0,noisy,L4 slip,0.6683104275149877,0.7778321319320057,0.12588617571568528,4.83525483220186
capacity,9105,s_rl,0.0,stuck,intact,0.6537439980388969,0.774090356544297,0.021633294350676024,4.746937479103087
capacity,9105,s_rl,0.0,stuck,L4 failure,1.4189873826724868,2.1669152651988997,0.7798753542622539,11.047333893620895
capacity,9105,s_rl,0.0,stuck,L4 slip,0.6683104275149877,0.7778321319320057,0.12588617571568528,4.83525483220186
capacity,9105,s_rl,0.025,always,intact,0.6291879585552349,0.7107900826448954,0.04908365474797561,4.4820491746783775
capacity,9105,s_rl,0.025,always,L4 failure,1.4219777457624014,2.173240530955313,0.7622268315718508,11.073039125571826
capacity,9105,s_rl,0.025,always,L4 slip,0.6651876982828497,0.7715101707155153,0.15887320793605036,4.804456806351561
capacity,9105,s_rl,0.025,dropout,intact,0.642598049608986,0.7481316788830243,0.02217499703612672,4.631950123781706
capacity,9105,s_rl,0.025,dropout,L4 failure,1.4254332360486652,2.17794350796218,0.7870475816607241,11.092177945993447
capacity,9105,s_rl,0.025,dropout,L4 slip,0.665369484449348,0.7720202179705099,0.13279752583378712,4.806187115131538
capacity,9105,s_rl,0.025,intermittent,intact,0.6447360735794962,0.7513993834184944,0.027738694353531056,4.6518272278367325
capacity,9105,s_rl,0.025,intermittent,L4 failure,1.420045731022812,2.1691428099864707,0.7741920783711942,11.056091762080786
capacity,9105,s_rl,0.025,intermittent,L4 slip,0.6672057008686129,0.7756341386417247,0.13829482263600817,4.8244363073729195
capacity,9105,s_rl,0.025,delayed,intact,0.6319473608645848,0.7174092618810535,0.04833573877190666,4.5115326846911366
capacity,9105,s_rl,0.025,delayed,L4 failure,1.4228717125160129,2.1745651665184984,0.7664114495575245,11.078164303298031
capacity,9105,s_rl,0.025,delayed,L4 slip,0.6658550242657832,0.7727522771064159,0.15842560075447523,4.811010100137951
capacity,9105,s_rl,0.025,noisy,intact,0.6318072144466251,0.7159102547215047,0.0490237076156948,4.508400915708642
capacity,9105,s_rl,0.025,noisy,L4 failure,1.420761466760145,2.170968637635519,0.7624243273976252,11.065531496747539
capacity,9105,s_rl,0.025,noisy,L4 slip,0.666949017968339,0.7743158390958845,0.1594374021222978,4.8212106289737395
capacity,9105,s_rl,0.025,stuck,intact,0.6323683864568943,0.7199439780113911,0.04178400912071054,4.518675535307908
capacity,9105,s_rl,0.025,stuck,L4 failure,1.4314810146358155,2.187957766538587,0.8013417832331697,11.13150603381896
capacity,9105,s_rl,0.025,stuck,L4 slip,0.665374063254271,0.7720125994008106,0.15734269273446116,4.806456942128623
capacity,9105,s_rl,0.05,always,intact,0.6100776691643566,0.6590463340145114,0.08215809134275358,4.263981264091655
capacity,9105,s_rl,0.05,always,L4 failure,1.423976027742047,2.1779089768866826,0.7425236912372849,11.09226410486783
capacity,9105,s_rl,0.05,always,L4 slip,0.6644736808704949,0.7714024064986157,0.1861686788222404,4.798847311375165
capacity,9105,s_rl,0.05,dropout,intact,0.632160399238998,0.7234589594170708,0.025047024936171912,4.522466822587278
capacity,9105,s_rl,0.05,dropout,L4 failure,1.4317904172058014,2.1888094386317234,0.794009222082009,11.13641169685519
capacity,9105,s_rl,0.05,dropout,L4 slip,0.6628872659725313,0.7673272012874615,0.13953419937764408,4.781825416867228
capacity,9105,s_rl,0.05,intermittent,intact,0.6364408789099228,0.7300739495935391,0.037772958920391175,4.5622859875959065
capacity,9105,s_rl,0.05,intermittent,L4 failure,1.4209853957384395,2.171177586631873,0.768162935330519,11.06410261938114
capacity,9105,s_rl,0.05,intermittent,L4 slip,0.6664934590222966,0.7744640988052576,0.15001290041190413,4.817797253591506
capacity,9105,s_rl,0.05,delayed,intact,0.6145370265789448,0.6698295337739181,0.08105002899395404,4.312878418422712
capacity,9105,s_rl,0.05,delayed,L4 failure,1.4259468813784102,2.180890261874435,0.7510242635044245,11.103805471563998
capacity,9105,s_rl,0.05,delayed,L4 slip,0.6654626954123365,0.7730398913337627,0.18639623116854592,4.808431504599427
capacity,9105,s_rl,0.05,noisy,intact,0.6146912240036503,0.667782962037889,0.08253514085254543,4.310545185767204
capacity,9105,s_rl,0.05,noisy,L4 failure,1.4219923337486984,2.1740957444076163,0.7436375884479205,11.080320255000641
capacity,9105,s_rl,0.05,noisy,L4 slip,0.6678513513036579,0.7766105235151779,0.18778777980640743,4.830774962861864
capacity,9105,s_rl,0.05,stuck,intact,0.6145440809947175,0.6727963911140614,0.0697087796057529,4.318956860688788
capacity,9105,s_rl,0.05,stuck,L4 failure,1.443597686625705,2.2083144602630562,0.8215562040793204,11.213035869276704
capacity,9105,s_rl,0.05,stuck,L4 slip,0.6647026236272339,0.7720183208816029,0.18746832445822598,4.801278153151809
capacity,9105,s_rl,0.1,always,intact,0.5852769408993066,0.5914451960565928,0.14361887277840032,3.97304558646395
capacity,9105,s_rl,0.1,always,L4 failure,1.4254208114345304,2.1829137882514487,0.6982123666452723,11.113778205433645
capacity,9105,s_rl,0.1,always,L4 slip,0.6678441348203137,0.7828455651201328,0.22606841082269974,4.835170251701573
capacity,9105,s_rl,0.1,dropout,intact,0.6133562000807639,0.6780966929032143,0.033366576797148426,4.320484272975074
capacity,9105,s_rl,0.1,dropout,L4 failure,1.4442156399532091,2.210018053520744,0.8073117942026162,11.22288717261588
capacity,9105,s_rl,0.1,dropout,L4 slip,0.6592050235370017,0.7610531321846257,0.15249319746181594,4.746214127266713
capacity,9105,s_rl,0.1,intermittent,intact,0.621859679988618,0.6915802905745548,0.058976958720125025,4.4001444499264295
capacity,9105,s_rl,0.1,intermittent,L4 failure,1.4225261458510916,2.1746948994292565,0.7551141211562189,11.07798440787407
capacity,9105,s_rl,0.1,intermittent,L4 slip,0.6661090811447204,0.7748144118288669,0.17147628421814742,4.815475051910144
capacity,9105,s_rl,0.1,delayed,intact,0.5910414530899148,0.6043861255767335,0.144244456978678,4.035416757780168
capacity,9105,s_rl,0.1,delayed,L4 failure,1.4298931785948334,2.189890518551322,0.7153182232010075,11.140797550191422
capacity,9105,s_rl,0.1,delayed,L4 slip,0.6691186325877411,0.7845392260445166,0.23001430870251977,4.8475228117781475
capacity,9105,s_rl,0.1,noisy,intact,0.5926080069455252,0.6036001455794041,0.14638780316434016,4.044395480958779
capacity,9105,s_rl,0.1,noisy,L4 failure,1.4230707756790493,2.177937500183937,0.7027245767369626,11.101101325096376
capacity,9105,s_rl,0.1,noisy,L4 slip,0.6743826203406887,0.7926033675842017,0.23077935114355438,4.896512309808109
capacity,9105,s_rl,0.1,stuck,intact,0.5891508642326926,0.6041723840143467,0.13230745240525127,4.023762066137431
capacity,9105,s_rl,0.1,stuck,L4 failure,1.4665979321325107,2.2468370225928402,0.8583619571938993,11.367607879568629
capacity,9105,s_rl,0.1,stuck,L4 slip,0.6691827643209021,0.7861266344915387,0.24386642928935265,4.848193817221986
capacity,9105,s_rl,0.2,always,intact,0.5705075928738252,0.5650024044339699,0.21544475040806677,3.8319984659284874
capacity,9105,s_rl,0.2,always,L4 failure,1.420995160036986,2.179993105755957,0.5978646238498204,11.106348505283137
capacity,9105,s_rl,0.2,always,L4 slip,0.6825402827192479,0.8222274393338139,0.2615742688319823,4.976871560586705
capacity,9105,s_rl,0.2,dropout,intact,0.5835688361780957,0.6041692173023223,0.05301914646218,3.987692591894735
capacity,9105,s_rl,0.2,dropout,L4 failure,1.467781134309755,2.2501439216109604,0.8315181166441026,11.386977067583707
capacity,9105,s_rl,0.2,dropout,L4 slip,0.6563072566883834,0.7591255650847323,0.1764259473929392,4.71993634984021
capacity,9105,s_rl,0.2,intermittent,intact,0.5998362211853281,0.6315508451240419,0.1039688575355445,4.144881296254536
capacity,9105,s_rl,0.2,intermittent,L4 failure,1.4243828137713763,2.179713288597791,0.7253875542444799,11.097938608766762
capacity,9105,s_rl,0.2,intermittent,L4 slip,0.6686413880420424,0.7837395217171224,0.20715477023723788,4.844447420808887
capacity,9105,s_rl,0.2,delayed,intact,0.5761390777364424,0.5745107795759401,0.22844332060076228,3.888110856448127
capacity,9105,s_rl,0.2,delayed,L4 failure,1.4306364446023987,2.195728607755245,0.6295372338015983,11.167231751144511
capacity,9105,s_rl,0.2,delayed,L4 slip,0.6851917902890241,0.8262504343071055,0.2770973953107642,5.002517896267236
capacity,9105,s_rl,0.2,noisy,intact,0.5815032002040135,0.5789952939747703,0.22599786560047694,3.9314654325859197
capacity,9105,s_rl,0.2,noisy,L4 failure,1.4213873307143023,2.1784947097234264,0.6121902812264606,11.117341310802932
capacity,9105,s_rl,0.2,noisy,L4 slip,0.6963277027344102,0.8428940011165071,0.27376280853785906,5.104610220368388
capacity,9105,s_rl,0.2,stuck,intact,0.5741672391136016,0.5768153183378264,0.25178328591198673,3.8785712302495057
capacity,9105,s_rl,0.2,stuck,L4 failure,1.507232011828415,2.314609380505911,0.9184189002934685,11.640590048509436
capacity,9105,s_rl,0.2,stuck,L4 slip,0.694893769855571,0.8490565963518927,0.3422258121384432,5.083970099022142
capacity,9105,s_rl,0.4,always,intact,0.5856542068425719,0.6267765599768315,0.22512200189789455,4.026080225524713
capacity,9105,s_rl,0.4,always,L4 failure,1.4006200218090277,2.150393704841619,0.4226373030258313,10.999524625700756
capacity,9105,s_rl,0.4,always,L4 slip,0.7068678697590226,0.8833118694492057,0.2377470075463945,5.198276472365577
capacity,9105,s_rl,0.4,dropout,intact,0.5505663068245856,0.5258098749938158,0.09800955502363354,3.6141507269059163
capacity,9105,s_rl,0.4,dropout,L4 failure,1.5091586687080634,2.320324125703967,0.8710755459538924,11.675450792917424
capacity,9105,s_rl,0.4,dropout,L4 slip,0.663382868343431,0.7838023223912248,0.2169708817916527,4.789807109811538
capacity,9105,s_rl,0.4,intermittent,intact,0.5775970530786074,0.5750713352047572,0.17557204635881535,3.8929440632238257
capacity,9105,s_rl,0.4,intermittent,L4 failure,1.424314656916436,2.183353060276746,0.6541381325689292,11.113136236460049
capacity,9105,s_rl,0.4,intermittent,L4 slip,0.6815150078810064,0.8189667001799332,0.25399902839004806,4.974339767600309
capacity,9105,s_rl,0.4,delayed,intact,0.5956565635790757,0.6449731220435252,0.261732369291065,4.125970317789855
capacity,9105,s_rl,0.4,delayed,L4 failure,1.4162576734403765,2.177906168090113,0.4527854438939121,11.105488519294996
capacity,9105,s_rl,0.4,delayed,L4 slip,0.7165116127369432,0.9012709175322232,0.27050169467571517,5.2849810746066455
capacity,9105,s_rl,0.4,noisy,intact,0.6069278238739104,0.6542630688771001,0.2484442947672089,4.216468927645301
capacity,9105,s_rl,0.4,noisy,L4 failure,1.4136795513031843,2.1680208646983443,0.4440765649725108,11.114464241838148
capacity,9105,s_rl,0.4,noisy,L4 slip,0.7393732922612372,0.9334451245384823,0.2598922318208703,5.490940698358969
capacity,9105,s_rl,0.4,stuck,intact,0.6297527262742746,0.7244115471847847,0.4316948129917531,4.415497770941345
capacity,9105,s_rl,0.4,stuck,L4 failure,1.566337534034061,2.4129977410242174,0.9917271257479296,12.040488520268884
capacity,9105,s_rl,0.4,stuck,L4 slip,0.7734586349757815,1.0120057921297003,0.4888254364719774,5.71311986682957
capacity,9105,s_rl,1.0,always,intact,0.5942462866008469,0.6748853652632427,0.18562825177070058,4.130517297636543
capacity,9105,s_rl,1.0,always,L4 failure,1.348203957687327,2.057312188548786,0.21516752170983722,10.663535132769384
capacity,9105,s_rl,1.0,always,L4 slip,0.7054862956185788,0.8919626050239863,0.16841493384322273,5.193629963324075
capacity,9105,s_rl,1.0,dropout,intact,0.5615585656372645,0.5909636846039035,0.1875387097400072,3.7705464818361616
capacity,9105,s_rl,1.0,dropout,L4 failure,1.5875365229590641,2.452439946349679,0.9349513296718994,12.224638820959878
capacity,9105,s_rl,1.0,dropout,L4 slip,0.7179683219105112,0.9137729713792246,0.29313784381290614,5.2632308997450155
capacity,9105,s_rl,1.0,intermittent,intact,0.5870800537198108,0.625575517540035,0.23224725425320664,4.042025189318155
capacity,9105,s_rl,1.0,intermittent,L4 failure,1.4135551160922177,2.1732796475200074,0.4155376740022726,11.079557387368276
capacity,9105,s_rl,1.0,intermittent,L4 slip,0.727108592564578,0.927518124953447,0.26675966406226265,5.3878843226570075
capacity,9105,s_rl,1.0,delayed,intact,0.6154538136219967,0.7183853462740815,0.22269340557759207,4.340182332199205
capacity,9105,s_rl,1.0,delayed,L4 failure,1.3592680415540856,2.0796435864629084,0.21432535066302102,10.752231398419207
capacity,9105,s_rl,1.0,delayed,L4 slip,0.7243148813540601,0.9295879484180795,0.1993900046001716,5.368757295740002
capacity,9105,s_rl,1.0,noisy,intact,0.6595251770494627,0.766916886447661,0.1964252305514939,4.682693409641504
capacity,9105,s_rl,1.0,noisy,L4 failure,1.4183931859501826,2.1583582385556723,0.2391491778268294,11.24677080761874
capacity,9105,s_rl,1.0,noisy,L4 slip,0.8067643993775532,1.0472030444712703,0.17635563990293818,6.06492348797186
capacity,9105,s_rl,1.0,stuck,intact,0.8347485502439016,1.1213891343003546,0.6587363988241497,5.920603359585854
capacity,9105,s_rl,1.0,stuck,L4 failure,1.605199092514127,2.4809570421036087,0.9706525519661973,12.337176637696743
capacity,9105,s_rl,1.0,stuck,L4 slip,0.939480495464443,1.3187899079377816,0.6627443756824374,6.905904439961126
capacity,9105,sine,0.0,always,intact,0.7146886566985051,0.9571191671624449,0.09580079068574984,5.105483774638722
capacity,9105,sine,0.0,always,L4 failure,1.6846758696787678,2.6391992366269754,0.810769302097273,12.77412635508876
capacity,9105,sine,0.0,always,L4 slip,0.9320012620530135,1.3498927010210993,0.22419474373730744,6.96407970966388
capacity,9105,sine,0.0,dropout,intact,0.7146886566985051,0.9571191671624449,0.09580079068574984,5.105483774638722
capacity,9105,sine,0.0,dropout,L4 failure,1.6846758696787678,2.6391992366269754,0.810769302097273,12.77412635508876
capacity,9105,sine,0.0,dropout,L4 slip,0.9320012620530135,1.3498927010210993,0.22419474373730744,6.96407970966388
capacity,9105,sine,0.0,intermittent,intact,0.7146886566985051,0.9571191671624449,0.09580079068574984,5.105483774638722
capacity,9105,sine,0.0,intermittent,L4 failure,1.6846758696787678,2.6391992366269754,0.810769302097273,12.77412635508876
capacity,9105,sine,0.0,intermittent,L4 slip,0.9320012620530135,1.3498927010210993,0.22419474373730744,6.96407970966388
capacity,9105,sine,0.0,delayed,intact,0.7146886566985051,0.9571191671624449,0.09580079068574984,5.105483774638722
capacity,9105,sine,0.0,delayed,L4 failure,1.6846758696787678,2.6391992366269754,0.810769302097273,12.77412635508876
capacity,9105,sine,0.0,delayed,L4 slip,0.9320012620530135,1.3498927010210993,0.22419474373730744,6.96407970966388
capacity,9105,sine,0.0,noisy,intact,0.7146886566985051,0.9571191671624449,0.09580079068574984,5.105483774638722
capacity,9105,sine,0.0,noisy,L4 failure,1.6846758696787678,2.6391992366269754,0.810769302097273,12.77412635508876
capacity,9105,sine,0.0,noisy,L4 slip,0.9320012620530135,1.3498927010210993,0.22419474373730744,6.96407970966388
capacity,9105,sine,0.0,stuck,intact,0.7146886566985051,0.9571191671624449,0.09580079068574984,5.105483774638722
capacity,9105,sine,0.0,stuck,L4 failure,1.6846758696787678,2.6391992366269754,0.810769302097273,12.77412635508876
capacity,9105,sine,0.0,stuck,L4 slip,0.9320012620530135,1.3498927010210993,0.22419474373730744,6.96407970966388
capacity,9105,sine,0.025,always,intact,0.6467760578230163,0.8229444162869257,0.05349219844072843,4.494890899898407
capacity,9105,sine,0.025,always,L4 failure,1.5975816462787678,2.497955634778434,0.709924975931267,12.154781782456224
capacity,9105,sine,0.025,always,L4 slip,0.8505250799777072,1.2019762457058007,0.15379698811277995,6.300234273006175
capacity,9105,sine,0.025,dropout,intact,0.6618442059276918,0.85596852650903,0.07242426891677081,4.630421322496434
capacity,9105,sine,0.025,dropout,L4 failure,1.631201606149274,2.5516789221007725,0.7798604259669526,12.369141162173786
capacity,9105,sine,0.025,dropout,L4 slip,0.8743417199302236,1.2474269177464,0.19911321282491784,6.485787464966041
capacity,9105,sine,0.025,intermittent,intact,0.6903251586595165,0.909579509654354,0.07568413473087628,4.889949832854928
capacity,9105,sine,0.025,intermittent,L4 failure,1.6547719371206373,2.590791371452964,0.7759794880903144,12.562169111022499
capacity,9105,sine,0.025,intermittent,L4 slip,0.9046894436663716,1.3001784070731794,0.19894920200850788,6.744476481111727
capacity,9105,sine,0.025,delayed,intact,0.6513879328890206,0.8314466486345495,0.054376884704221085,4.53620659379786
capacity,9105,sine,0.025,delayed,L4 failure,1.604804143696261,2.5096341796382893,0.7154806380776836,12.207686280548453
capacity,9105,sine,0.025,delayed,L4 slip,0.8565725941372837,1.2125350843529008,0.15707970068698987,6.3501872124215115
capacity,9105,sine,0.025,noisy,intact,0.6440823580261881,0.8177584945784794,0.053328107129031466,4.4694934461790625
capacity,9105,sine,0.025,noisy,L4 failure,1.5953630137104822,2.494219199036518,0.7115673448437045,12.135741922606696
capacity,9105,sine,0.025,noisy,L4 slip,0.8491064879453544,1.1994775352701157,0.1545225823979462,6.287820791377091
capacity,9105,sine,0.025,stuck,intact,0.6477753975980234,0.825183005555661,0.053020582013183916,4.503704619734077
capacity,9105,sine,0.025,stuck,L4 failure,1.6103820399730036,2.5179693686755202,0.7421505671507852,12.234507665647799
capacity,9105,sine,0.025,stuck,L4 slip,0.8550283995827567,1.2104997619207016,0.16810804193843887,6.334403290498427
capacity,9105,sine,0.05,always,intact,0.5937858898846534,0.7140510330875841,0.047161077577678095,3.993987752780106
capacity,9105,sine,0.05,always,L4 failure,1.5199935765702273,2.3716141525659413,0.6179237981567902,11.599650043703903
capacity,9105,sine,0.05,always,L4 slip,0.7841207771102916,1.0785836650566658,0.09914561452668195,5.742004130818099
capacity,9105,sine,0.05,dropout,intact,0.6160779441473535,0.7658574930647655,0.051993979396922116,4.207239653093103
capacity,9105,sine,0.05,dropout,L4 failure,1.5820109825389779,2.471173587149181,0.7512636831294348,11.996676221030663
capacity,9105,sine,0.05,dropout,L4 slip,0.8227727316102136,1.154711358160729,0.17592925755957628,6.053266231092721
capacity,9105,sine,0.05,intermittent,intact,0.6676545452533772,0.864697280725197,0.060690192727345306,4.6859113257015395
capacity,9105,sine,0.05,intermittent,L4 failure,1.6257741418668599,2.543790656983524,0.7419853979126563,12.356321585011433
capacity,9105,sine,0.05,intermittent,L4 slip,0.8789848909856615,1.2529667047440687,0.1753832137913089,6.535561930378236
capacity,9105,sine,0.05,delayed,intact,0.6005686350648382,0.7264854457953511,0.047621414459102396,4.055991766758317
capacity,9105,sine,0.05,delayed,L4 failure,1.5324671574007864,2.3917714509849417,0.6277878893627866,11.691178807971998
capacity,9105,sine,0.05,delayed,L4 slip,0.7934553503696893,1.0948975498114608,0.10326500102459027,5.820534275608282
capacity,9105,sine,0.05,noisy,intact,0.5894276957063943,0.7054378048539283,0.04658858088859836,3.95123301146592
capacity,9105,sine,0.05,noisy,L4 failure,1.5161063312478797,2.3650846572027633,0.621477263131778,11.565957894262063
capacity,9105,sine,0.05,noisy,L4 slip,0.7820323506904683,1.0749195771153102,0.10083117516759801,5.723428066596046
capacity,9105,sine,0.05,stuck,intact,0.5936373756127905,0.7137747392186575,0.04300405003503969,3.9924414461296984
capacity,9105,sine,0.05,stuck,L4 failure,1.5439653511458162,2.4093119012067374,0.6815000786376736,11.74979960923405
capacity,9105,sine,0.05,stuck,L4 slip,0.78970393483816,1.0896355941061773,0.11948841100702537,5.7862453268871334
capacity,9105,sine,0.1,always,intact,0.5238706787241513,0.5655873933563731,0.05321731395648246,3.2945812685883
capacity,9105,sine,0.1,always,L4 failure,1.3935435717854345,2.16434869585873,0.4623217659588542,10.683930700901861
capacity,9105,sine,0.1,always,L4 slip,0.6887912128843382,0.896899142869122,0.0604262704628318,4.907555278551228
capacity,9105,sine,0.1,dropout,intact,0.5449881406672532,0.6198869364777577,0.03392687680836134,3.520524084769005
capacity,9105,sine,0.1,dropout,L4 failure,1.495671764291989,2.3299145045625047,0.7005202966169088,11.34343771421065
capacity,9105,sine,0.1,dropout,L4 slip,0.7369485708960285,0.9975882259078311,0.13484554838862517,5.320892458522699
capacity,9105,sine,0.1,intermittent,intact,0.6272250541618585,0.7829543722078955,0.04977666849474772,4.3125636944230745
capacity,9105,sine,0.1,intermittent,L4 failure,1.570613520429444,2.4542039401453963,0.6763885260936041,11.963724064372233
capacity,9105,sine,0.1,intermittent,L4 slip,0.8322665361178364,1.1660183630359628,0.13311408621107912,6.149689613954172
capacity,9105,sine,0.1,delayed,intact,0.5307166764385527,0.5766542591437723,0.054518271065057064,3.3548502529977426
capacity,9105,sine,0.1,delayed,L4 failure,1.4111670463920412,2.192712506381467,0.4770619660084689,10.813837848561228
capacity,9105,sine,0.1,delayed,L4 slip,0.6993115933855023,0.9145512501446218,0.06148056964923091,4.996899030315061
capacity,9105,sine,0.1,noisy,intact,0.5188361774246856,0.5555943014305594,0.050960004731150386,3.2425842188088283
capacity,9105,sine,0.1,noisy,L4 failure,1.3869495451396796,2.153458707138044,0.468114346267542,10.627802039789632
capacity,9105,sine,0.1,noisy,L4 slip,0.6873511748755495,0.894720230214034,0.060777759085898865,4.89492279818507
capacity,9105,sine,0.1,stuck,intact,0.5199899271166762,0.5552007793096071,0.06088260301535577,3.2516229608827447
capacity,9105,sine,0.1,stuck,L4 failure,1.4331127594323148,2.2273621293308095,0.5819513193811906,10.93482713146002
capacity,9105,sine,0.1,stuck,L4 slip,0.6909078021057323,0.901435810002028,0.053619206387587194,4.925377992046158
capacity,9105,sine,0.2,always,intact,0.47172565054149,0.4649853006593682,0.06490673041457255,2.772574141917515
capacity,9105,sine,0.2,always,L4 failure,1.2386177642169498,1.9081469207422515,0.2669442770784764,9.530560043466679
capacity,9105,sine,0.2,always,L4 slip,0.5976035051393159,0.7239492404103613,0.04864706397647316,4.077381490086309
capacity,9105,sine,0.2,dropout,intact,0.4742889762208396,0.4715677269422738,0.04489458463637149,2.8051257495057103
capacity,9105,sine,0.2,dropout,L4 failure,1.3650540019989201,2.116542235293233,0.6216335597546385,10.358673320681072
capacity,9105,sine,0.2,dropout,L4 slip,0.6262201664846343,0.7886212751140341,0.07114899640878428,4.347081289601333
capacity,9105,sine,0.2,intermittent,intact,0.5644848196792135,0.6515230601368793,0.048452826201868235,3.7049283096775554
capacity,9105,sine,0.2,intermittent,L4 failure,1.4721511513803902,2.2936035590004096,0.5546765917536579,11.25850110300711
capacity,9105,sine,0.2,intermittent,L4 slip,0.7563420453506468,1.021253456526622,0.07311493530263215,5.50278181434426
capacity,9105,sine,0.2,delayed,intact,0.47550721386220884,0.46695459979113957,0.07502178740300307,2.7871080907980534
capacity,9105,sine,0.2,delayed,L4 failure,1.2529437882480845,1.9302656357364119,0.27959349793983745,9.634982288298536
capacity,9105,sine,0.2,delayed,L4 slip,0.6032509862413077,0.7296037168091754,0.048936528750211414,4.11365264051669
capacity,9105,sine,0.2,noisy,intact,0.4712407108200636,0.4662516756527926,0.05437804016988133,2.7737022293054205
capacity,9105,sine,0.2,noisy,L4 failure,1.2330014974015147,1.8992914330455761,0.28004173819488903,9.480703892917107
capacity,9105,sine,0.2,noisy,L4 slip,0.6025649113329761,0.7349559016721244,0.04716982304853551,4.129566979297076
capacity,9105,sine,0.2,stuck,intact,0.47124988752579916,0.4623418330951453,0.1282241231619487,2.7581949054470254
capacity,9105,sine,0.2,stuck,L4 failure,1.2847991359701536,1.9832198058373591,0.45585000535007936,9.82920834805018
capacity,9105,sine,0.2,stuck,L4 slip,0.5917850151085108,0.7100357444919891,0.051429788099849064,4.020168748626315
capacity,9105,sine,0.4,always,intact,0.46637354925226365,0.48408865001385665,0.023524949926004464,2.8429821247720986
capacity,9105,sine,0.4,always,L4 failure,1.1265908089156615,1.7265769163412217,0.17732043033835274,8.675671928590708
capacity,9105,sine,0.4,always,L4 slip,0.5643759110676932,0.6796844238251173,0.0423770522644633,3.8320993483407726
capacity,9105,sine,0.4,dropout,intact,0.4884230399218547,0.5378256572835489,0.10738644602474948,3.0514883567897315
capacity,9105,sine,0.4,dropout,L4 failure,1.2245721247104426,1.8887186452707443,0.5322895238825376,9.317934687844314
capacity,9105,sine,0.4,dropout,L4 slip,0.5635514700788162,0.6770024295392583,0.02150248480344271,3.821133602596983
capacity,9105,sine,0.4,intermittent,intact,0.49605952619725807,0.5065158209587375,0.06609321685185514,3.0054920566247434
capacity,9105,sine,0.4,intermittent,L4 failure,1.3245389293101397,2.050726431201993,0.3539042150812918,10.182987211265818
capacity,9105,sine,0.4,intermittent,L4 slip,0.6619388168357045,0.8357430810312921,0.0497425895872023,4.6579522375399876
capacity,9105,sine,0.4,delayed,intact,0.47280574285699595,0.49716692997684675,0.020372273158987913,2.877929828274271
capacity,9105,sine,0.4,delayed,L4 failure,1.127411770888352,1.7251988499548105,0.1825757324872413,8.663457995977657
capacity,9105,sine,0.4,delayed,L4 slip,0.5668245650854369,0.6805119898249002,0.034469481726124254,3.8232788117859386
capacity,9105,sine,0.4,noisy,intact,0.4782052464031415,0.5075340093251642,0.039590909654306325,2.9823669029183772
capacity,9105,sine,0.4,noisy,L4 failure,1.1358687787754018,1.7425554872922953,0.19390312325945264,8.749532048789456
capacity,9105,sine,0.4,noisy,L4 slip,0.588443330964232,0.7248694664439547,0.05805978068272002,4.074858039348071
capacity,9105,sine,0.4,stuck,intact,0.4856207756617759,0.5313105388623708,0.09723087131757002,3.026106748792527
capacity,9105,sine,0.4,stuck,L4 failure,1.1711893139652743,1.7991619077328231,0.40316191738665824,8.964455117279634
capacity,9105,sine,0.4,stuck,L4 slip,0.5628316980442112,0.6752494188649057,0.03971057905928216,3.811130306793291
capacity,9105,sine,1.0,always,intact,0.485603406489439,0.5180735603097439,0.13819366192085777,3.2141425019370438
capacity,9105,sine,1.0,always,L4 failure,1.1073986435172956,1.7085662846646734,0.18671788780642934,8.613213218612406
capacity,9105,sine,1.0,always,L4 slip,0.5849960295899149,0.7281773354624677,0.14105705480132177,4.19334259107441
capacity,9105,sine,1.0,dropout,intact,0.5488263495882829,0.6768266732939693,0.09741851846928164,3.8299616788457422
capacity,9105,sine,1.0,dropout,L4 failure,1.1782339932667176,1.819433889281168,0.5273924552069651,9.057837977599375
capacity,9105,sine,1.0,dropout,L4 slip,0.5896861401776214,0.7416629201262925,0.02165436350719042,4.226342125466593
capacity,9105,sine,1.0,intermittent,intact,0.4757271636934337,0.4980451614176342,0.01732872343837005,2.908788560987141
capacity,9105,sine,1.0,intermittent,L4 failure,1.1560307949071629,1.7737988954899273,0.18583692398132792,8.902965289880237
capacity,9105,sine,1.0,intermittent,L4 slip,0.6051890552699747,0.7371594783161675,0.0350732787794415,4.1698751848350915
capacity,9105,sine,1.0,delayed,intact,0.502236344657682,0.5515420014130784,0.17864351234924009,3.374326711848797
capacity,9105,sine,1.0,delayed,L4 failure,1.1065988547638823,1.7107922648690406,0.2213657983805164,8.568979877053177
capacity,9105,sine,1.0,delayed,L4 slip,0.5997724924719707,0.7570688512407692,0.17735690262237086,4.316239738694451
capacity,9105,sine,1.0,noisy,intact,0.5467347798979929,0.6172975191861182,0.16031368288756215,3.7797522767431815
capacity,9105,sine,1.0,noisy,L4 failure,1.1800248732717815,1.818935841311361,0.20247683212463868,9.227257664794726
capacity,9105,sine,1.0,noisy,L4 slip,0.6837660495524103,0.8904124288498366,0.1566176583422295,5.076446154834997
capacity,9105,sine,1.0,stuck,intact,0.5395174570512362,0.6481481878471764,0.3709625083793397,3.7301749326289997
capacity,9105,sine,1.0,stuck,L4 failure,1.2842884203398262,1.991470341350126,0.7766969111936433,9.733934257155092
capacity,9105,sine,1.0,stuck,L4 slip,0.657663057418095,0.8782664996809645,0.4051705428907367,4.790837519748722
capacity,9105,chirp,0.0,always,intact,0.8953249983699022,1.2480728990731804,0.12531058677482987,6.750579184683156
capacity,9105,chirp,0.0,always,L4 failure,1.6983968699204453,2.641789132043688,0.7724990562337541,12.975568068918143
capacity,9105,chirp,0.0,always,L4 slip,1.117828595166236,1.637285764983871,0.2532640118968151,8.583202786858095
capacity,9105,chirp,0.0,dropout,intact,0.8953249983699022,1.2480728990731804,0.12531058677482987,6.750579184683156
capacity,9105,chirp,0.0,dropout,L4 failure,1.6983968699204453,2.641789132043688,0.7724990562337541,12.975568068918143
capacity,9105,chirp,0.0,dropout,L4 slip,1.117828595166236,1.637285764983871,0.2532640118968151,8.583202786858095
capacity,9105,chirp,0.0,intermittent,intact,0.8953249983699022,1.2480728990731804,0.12531058677482987,6.750579184683156
capacity,9105,chirp,0.0,intermittent,L4 failure,1.6983968699204453,2.641789132043688,0.7724990562337541,12.975568068918143
capacity,9105,chirp,0.0,intermittent,L4 slip,1.117828595166236,1.637285764983871,0.2532640118968151,8.583202786858095
capacity,9105,chirp,0.0,delayed,intact,0.8953249983699022,1.2480728990731804,0.12531058677482987,6.750579184683156
capacity,9105,chirp,0.0,delayed,L4 failure,1.6983968699204453,2.641789132043688,0.7724990562337541,12.975568068918143
capacity,9105,chirp,0.0,delayed,L4 slip,1.117828595166236,1.637285764983871,0.2532640118968151,8.583202786858095
capacity,9105,chirp,0.0,noisy,intact,0.8953249983699022,1.2480728990731804,0.12531058677482987,6.750579184683156
capacity,9105,chirp,0.0,noisy,L4 failure,1.6983968699204453,2.641789132043688,0.7724990562337541,12.975568068918143
capacity,9105,chirp,0.0,noisy,L4 slip,1.117828595166236,1.637285764983871,0.2532640118968151,8.583202786858095
capacity,9105,chirp,0.0,stuck,intact,0.8953249983699022,1.2480728990731804,0.12531058677482987,6.750579184683156
capacity,9105,chirp,0.0,stuck,L4 failure,1.6983968699204453,2.641789132043688,0.7724990562337541,12.975568068918143
capacity,9105,chirp,0.0,stuck,L4 slip,1.117828595166236,1.637285764983871,0.2532640118968151,8.583202786858095
capacity,9105,chirp,0.025,always,intact,0.8123963383278009,1.0892008728125364,0.05200650454872815,6.039684920876422
capacity,9105,chirp,0.025,always,L4 failure,1.6098790341667772,2.496401082376162,0.664816257676083,12.338568889648288
capacity,9105,chirp,0.025,always,L4 slip,1.022289351856815,1.4648573966354768,0.16320925953559354,7.819412576641472
capacity,9105,chirp,0.025,dropout,intact,0.8407425600248539,1.14787209154475,0.10142926657878101,6.279860576958431
capacity,9105,chirp,0.025,dropout,L4 failure,1.6473121370613129,2.55743813960787,0.7418212818451078,12.58274498319261
capacity,9105,chirp,0.025,dropout,L4 slip,1.0600061619432006,1.5358404245800845,0.22754280620386025,8.108870114563045
capacity,9105,chirp,0.025,intermittent,intact,0.8659394728736335,1.192455750459089,0.09885653197447523,6.502553537303678
capacity,9105,chirp,0.025,intermittent,L4 failure,1.6681641492010162,2.592239376249887,0.735424894571235,12.758838130116578
capacity,9105,chirp,0.025,intermittent,L4 slip,1.0851268036989714,1.5781890617623597,0.22131953529911338,8.325367398077997
capacity,9105,chirp,0.025,delayed,intact,0.8190265991536171,1.1012606825509468,0.05479233481082439,6.097670803434008
capacity,9105,chirp,0.025,delayed,L4 failure,1.6182465587921717,2.5101094077008232,0.6707221562002095,12.402081747897876
capacity,9105,chirp,0.025,delayed,L4 slip,1.030382994214052,1.4790155178857454,0.16744458634767997,7.886218858571858
capacity,9105,chirp,0.025,noisy,intact,0.8094365023474752,1.0839132277716341,0.05190814495678879,6.013149509378143
capacity,9105,chirp,0.025,noisy,L4 failure,1.607556616466774,2.4925341178172693,0.6666146561096785,12.318165707348667
capacity,9105,chirp,0.025,noisy,L4 slip,1.0207991166058876,1.4624074795151212,0.16449236857871496,7.806209729300486
capacity,9105,chirp,0.025,stuck,intact,0.8156048091173692,1.0959555220086692,0.060759867621758924,6.066834578303889
capacity,9105,chirp,0.025,stuck,L4 failure,1.620960282279653,2.514099007858769,0.6925934057195386,12.409133609985401
capacity,9105,chirp,0.025,stuck,L4 slip,1.0293872008181453,1.4781915518788118,0.18108142553908896,7.873012494621091
capacity,9105,chirp,0.05,always,intact,0.7440803406097517,0.9530731090644065,0.026349450177956653,5.424616436996463
capacity,9105,chirp,0.05,always,L4 failure,1.5286893163290718,2.362404148861521,0.5638111890600797,11.750020315519606
capacity,9105,chirp,0.05,always,L4 slip,0.9415599274338128,1.3153099774341634,0.08992113660864064,7.151635907455912
capacity,9105,chirp,0.05,dropout,intact,0.7909738394599819,1.0550194558693098,0.07895211007260738,5.842766054519361
capacity,9105,chirp,0.05,dropout,L4 failure,1.5993183271920728,2.4781847121627685,0.712848579590173,12.212979670090585
capacity,9105,chirp,0.05,dropout,L4 slip,1.0065653161995969,1.4413770508706,0.2032721964187413,7.666410423986695
capacity,9105,chirp,0.05,intermittent,intact,0.8381134168893174,1.139073915425924,0.07402834853695768,6.263922598711694
capacity,9105,chirp,0.05,intermittent,L4 failure,1.6384591138507343,2.5434848967818886,0.6987106825541204,12.545569202781358
capacity,9105,chirp,0.05,intermittent,L4 slip,1.0539247748694613,1.5212483442334441,0.1906655606741965,8.076515164170127
capacity,9105,chirp,0.05,delayed,intact,0.7546138303672452,0.9723638429340848,0.026894170615452045,5.519629823560257
capacity,9105,chirp,0.05,delayed,L4 failure,1.5436652697162594,2.386938209107865,0.5744957190817861,11.864415563140867
capacity,9105,chirp,0.05,delayed,L4 slip,0.9547423323678824,1.3385115961055534,0.09546375788281036,7.263213504084347
capacity,9105,chirp,0.05,noisy,intact,0.7390020977420863,0.9439303130543559,0.026306179532690165,5.377750124684784
capacity,9105,chirp,0.05,noisy,L4 failure,1.5245602378988303,2.355577663092346,0.5677207728849429,11.713235961771375
capacity,9105,chirp,0.05,noisy,L4 slip,0.9390573838581744,1.3113078210790519,0.09184538259875294,7.129337182737565
capacity,9105,chirp,0.05,stuck,intact,0.7469734691521336,0.9596806456673509,0.024527620338396734,5.451145362055602
capacity,9105,chirp,0.05,stuck,L4 failure,1.5497409795341528,2.3962444166297954,0.6192623745062374,11.88491944870917
capacity,9105,chirp,0.05,stuck,L4 slip,0.9511830950271162,1.334296338668807,0.11537221198496472,7.2279860866807475
capacity,9105,chirp,0.1,always,intact,0.6451521702969172,0.7465854468333081,0.08602115305229766,4.471661533026488
capacity,9105,chirp,0.1,always,L4 failure,1.3908362402858927,2.133031220458272,0.38593483270183054,10.735679569872545
capacity,9105,chirp,0.1,always,L4 slip,0.8191447123667188,1.0810274123422132,0.03557368505403026,6.088406299923934
capacity,9105,chirp,0.1,dropout,intact,0.7054988161427941,0.8913092797899473,0.03794882037158455,5.068774402674664
capacity,9105,chirp,0.1,dropout,L4 failure,1.5122325209361196,2.3344003052280047,0.6597245774816123,11.540144970654035
capacity,9105,chirp,0.1,dropout,L4 slip,0.91234180708717,1.2728547020393766,0.158825353328126,6.874491562437351
capacity,9105,chirp,0.1,intermittent,intact,0.7871275547783448,1.0392297784792321,0.03636067361099077,5.815723988875449
capacity,9105,chirp,0.1,intermittent,L4 failure,1.5810766128449276,2.4490732713630265,0.626912915351369,12.132271708613327
capacity,9105,chirp,0.1,intermittent,L4 slip,0.9961132877165428,1.4141604202919515,0.1340724421463683,7.607095889558117
capacity,9105,chirp,0.1,delayed,intact,0.6579350619573323,0.7688965870118076,0.08708022733964922,4.59045122130397
capacity,9105,chirp,0.1,delayed,L4 failure,1.4135862937721029,2.1701824325024446,0.4019561983383568,10.91267232858674
capacity,9105,chirp,0.1,delayed,L4 slip,0.8360050279245528,1.1101435093875114,0.03669694128357208,6.236484984491767
capacity,9105,chirp,0.1,noisy,intact,0.6381137303844879,0.7343075968276918,0.08328276641980717,4.404121907831032
capacity,9105,chirp,0.1,noisy,L4 failure,1.384213774461657,2.1223821562486256,0.39380403105035866,10.675834054624302
capacity,9105,chirp,0.1,noisy,L4 slip,0.8164585108309746,1.0776101806399339,0.034699770068285354,6.0644285077721065
capacity,9105,chirp,0.1,stuck,intact,0.6423774941448444,0.7391693999268264,0.09793804740108894,4.44157342856894
capacity,9105,chirp,0.1,stuck,L4 failure,1.4256392463334722,2.1898295384147195,0.49095460389272444,10.96199109854311
capacity,9105,chirp,0.1,stuck,L4 slip,0.8247792646422557,1.0933368036167326,0.03096651747336305,6.13799488120586
capacity,9105,chirp,0.2,always,intact,0.5522359825496661,0.5618329050843972,0.14563870294029546,3.5314706223662427
capacity,9105,chirp,0.2,always,L4 failure,1.2120296927886087,1.8316412616638842,0.16427879663883357,9.366682563852288
capacity,9105,chirp,0.2,always,L4 slip,0.6878158874377331,0.8277998287642496,0.10690432405006592,4.8720908697666285
capacity,9105,chirp,0.2,dropout,intact,0.5873732145831705,0.6543634534203443,0.030777587772810776,3.928155165597083
capacity,9105,chirp,0.2,dropout,L4 failure,1.370644909046728,2.10098161305378,0.5708016017483185,10.440487266959929
capacity,9105,chirp,0.2,dropout,L4 slip,0.7706933130962224,1.013808223977001,0.0846105801149207,5.64481004460601
capacity,9105,chirp,0.2,intermittent,intact,0.7032638268858157,0.8684057981807991,0.044411931409768166,5.040466476174302
capacity,9105,chirp,0.2,intermittent,L4 failure,1.476350881805119,2.2758097356339517,0.4918924047564476,11.371383158229612
capacity,9105,chirp,0.2,intermittent,L4 slip,0.8986464951045019,1.2282709404750443,0.04634792141280395,6.786039790523572
capacity,9105,chirp,0.2,delayed,intact,0.5617507648563758,0.5712391701605724,0.16043797280347097,3.607081780331102
capacity,9105,chirp,0.2,delayed,L4 failure,1.2340446808609935,1.8660851424741502,0.17078154838553794,9.546860969838264
capacity,9105,chirp,0.2,delayed,L4 slip,0.7008105709868949,0.8445478464194643,0.11882535716040281,4.981876942240306
capacity,9105,chirp,0.2,noisy,intact,0.5471560822534218,0.5576660820175972,0.13511839733675884,3.4883001171656405
capacity,9105,chirp,0.2,noisy,L4 failure,1.2046385435068365,1.821053942434594,0.17502438262335426,9.297532903203942
capacity,9105,chirp,0.2,noisy,L4 slip,0.6894054062349423,0.8355502146297045,0.09425592801541376,4.892698137379776
capacity,9105,chirp,0.2,stuck,intact,0.5480831233035425,0.5498686227847226,0.24062543443571452,3.480724296736298
capacity,9105,chirp,0.2,stuck,L4 failure,1.244394424918515,1.8862084142835926,0.29851787048169187,9.58371512368239
capacity,9105,chirp,0.2,stuck,L4 slip,0.6797038072027135,0.8075756668033346,0.1626058352259573,4.790411341483628
capacity,9105,chirp,0.4,always,intact,0.5235424960553922,0.5658380163034995,0.09503679186966864,3.320285785081035
capacity,9105,chirp,0.4,always,L4 failure,1.0663856116424388,1.5919706286466053,0.04834971111842986,8.17958773606407
capacity,9105,chirp,0.4,always,L4 slip,0.6231952815614304,0.7428572898556357,0.08786727353993451,4.285803598814044
capacity,9105,chirp,0.4,dropout,intact,0.5144106424402654,0.5378483099020805,0.12146369129680341,3.2291339769101612
capacity,9105,chirp,0.4,dropout,L4 failure,1.1909995751979152,1.807543498894971,0.4483068423936669,9.034360955687276
capacity,9105,chirp,0.4,dropout,L4 slip,0.6357591260610413,0.7693637604189398,0.03196714314449021,4.419794733650296
capacity,9105,chirp,0.4,intermittent,intact,0.5984986805924738,0.6471160670657181,0.12545740350562423,3.9948323673881747
capacity,9105,chirp,0.4,intermittent,L4 failure,1.3121459866062075,2.001049856834759,0.2605341936934943,10.15064871978606
capacity,9105,chirp,0.4,intermittent,L4 slip,0.7682326355806076,0.968796044208578,0.07707562510445988,5.61264988657769
capacity,9105,chirp,0.4,delayed,intact,0.5346929811157645,0.579934781444621,0.11799847673578337,3.397548829970631
capacity,9105,chirp,0.4,delayed,L4 failure,1.074800675512479,1.5994646634508656,0.03789054236253018,8.252610016813676
capacity,9105,chirp,0.4,delayed,L4 slip,0.6319983302609917,0.7490978561895613,0.11068430168151036,4.341461192231182
capacity,9105,chirp,0.4,noisy,intact,0.5268096424147468,0.5802346997283717,0.07337768009201506,3.3702040144662604
capacity,9105,chirp,0.4,noisy,L4 failure,1.0714592860239234,1.6047021555732903,0.07126162081916783,8.210018847322132
capacity,9105,chirp,0.4,noisy,L4 slip,0.6388039574643724,0.7782361722913211,0.06478793414286813,4.447934232600442
capacity,9105,chirp,0.4,stuck,intact,0.5797175426329795,0.6822335215895169,0.35855906561853007,3.7766280319551413
capacity,9105,chirp,0.4,stuck,L4 failure,1.0717059894239132,1.6003648824784888,0.10551714057509495,8.213280771985739
capacity,9105,chirp,0.4,stuck,L4 slip,0.6405160951851652,0.7776199350913912,0.3089067275701082,4.420491639771464
capacity,9105,chirp,1.0,always,intact,0.5154850264408717,0.6079040589773473,0.0852557047226813,3.424952593436413
capacity,9105,chirp,1.0,always,L4 failure,1.0083294054565584,1.5273197016110909,0.06655131819167878,7.665188041009674
capacity,9105,chirp,1.0,always,L4 slip,0.6136707744150499,0.786540067578921,0.06686468341198364,4.324504566022244
capacity,9105,chirp,1.0,dropout,intact,0.6068599932289425,0.8050226542998076,0.20468123641329736,4.197193345497526
capacity,9105,chirp,1.0,dropout,L4 failure,1.0423840815030794,1.5809584847049725,0.3269877566681242,7.8785775127207
capacity,9105,chirp,1.0,dropout,L4 slip,0.6416523077840658,0.8457351817580173,0.11597950165392108,4.554166521218278
capacity,9105,chirp,1.0,intermittent,intact,0.5382544833306213,0.5857151341498278,0.10882190221202889,3.4522932061807907
capacity,9105,chirp,1.0,intermittent,L4 failure,1.1049542678686533,1.6547491869644495,0.04887968646309707,8.501661729307543
capacity,9105,chirp,1.0,intermittent,L4 slip,0.6671318909547681,0.7948364914287801,0.11750893630127376,4.66295404748219
capacity,9105,chirp,1.0,delayed,intact,0.5333904445696998,0.6459618216487257,0.1182032223338624,3.5688791174123176
capacity,9105,chirp,1.0,delayed,L4 failure,1.0095325512847166,1.5249618556701354,0.07835086574271535,7.6465842278076614
capacity,9105,chirp,1.0,delayed,L4 slip,0.6295028657647255,0.8165920035054842,0.09476273382830377,4.435509932052002
capacity,9105,chirp,1.0,noisy,intact,0.5583124978821753,0.6757076222362836,0.08990464749652909,3.8326519378384307
capacity,9105,chirp,1.0,noisy,L4 failure,1.0722141451994909,1.630696253612894,0.08369714499662186,8.210726452374457
capacity,9105,chirp,1.0,noisy,L4 slip,0.6935796596138609,0.9177626737353515,0.06278654968588834,5.057738849488227
capacity,9105,chirp,1.0,stuck,intact,0.582695967522891,0.7574756152301079,0.15536403318656328,4.010108727110377
capacity,9105,chirp,1.0,stuck,L4 failure,1.0181791687794532,1.5400726958210065,0.22172004884876148,7.719605608506694
capacity,9105,chirp,1.0,stuck,L4 slip,0.644619604072206,0.8517970264409029,0.12666739877014804,4.577688630402512
capacity,9106,straight,0.0,always,intact,0.4452843503754193,0.3878775720740972,0.06199861478527864,2.438158946860401
capacity,9106,straight,0.0,always,L4 failure,1.0303523968937849,1.5280922055586512,0.5323277984801336,7.560273540990686
capacity,9106,straight,0.0,always,L4 slip,0.5900922939280604,0.712410067238892,0.12191574638833409,3.975341682184897
capacity,9106,straight,0.0,dropout,intact,0.4452843503754193,0.3878775720740972,0.06199861478527864,2.438158946860401
capacity,9106,straight,0.0,dropout,L4 failure,1.0303523968937849,1.5280922055586512,0.5323277984801336,7.560273540990686
capacity,9106,straight,0.0,dropout,L4 slip,0.5900922939280604,0.712410067238892,0.12191574638833409,3.975341682184897
capacity,9106,straight,0.0,intermittent,intact,0.4452843503754193,0.3878775720740972,0.06199861478527864,2.438158946860401
capacity,9106,straight,0.0,intermittent,L4 failure,1.0303523968937849,1.5280922055586512,0.5323277984801336,7.560273540990686
capacity,9106,straight,0.0,intermittent,L4 slip,0.5900922939280604,0.712410067238892,0.12191574638833409,3.975341682184897
capacity,9106,straight,0.0,delayed,intact,0.4452843503754193,0.3878775720740972,0.06199861478527864,2.438158946860401
capacity,9106,straight,0.0,delayed,L4 failure,1.0303523968937849,1.5280922055586512,0.5323277984801336,7.560273540990686
capacity,9106,straight,0.0,delayed,L4 slip,0.5900922939280604,0.712410067238892,0.12191574638833409,3.975341682184897
capacity,9106,straight,0.0,noisy,intact,0.4452843503754193,0.3878775720740972,0.06199861478527864,2.438158946860401
capacity,9106,straight,0.0,noisy,L4 failure,1.0303523968937849,1.5280922055586512,0.5323277984801336,7.560273540990686
capacity,9106,straight,0.0,noisy,L4 slip,0.5900922939280604,0.712410067238892,0.12191574638833409,3.975341682184897
capacity,9106,straight,0.0,stuck,intact,0.4452843503754193,0.3878775720740972,0.06199861478527864,2.438158946860401
capacity,9106,straight,0.0,stuck,L4 failure,1.0303523968937849,1.5280922055586512,0.5323277984801336,7.560273540990686
capacity,9106,straight,0.0,stuck,L4 slip,0.5900922939280604,0.712410067238892,0.12191574638833409,3.975341682184897
capacity,9106,straight,0.025,always,intact,0.448094860322668,0.39707015737200085,0.0646559041867915,2.4757309735074706
capacity,9106,straight,0.025,always,L4 failure,0.984718112011592,1.4514562962171347,0.46229242021113953,7.245482135342562
capacity,9106,straight,0.025,always,L4 slip,0.571804443106456,0.6705815444525629,0.08860058782794553,3.7993837930068555
capacity,9106,straight,0.025,dropout,intact,0.4482861254559971,0.39774451848176573,0.06780909956904373,2.478354876038526
capacity,9106,straight,0.025,dropout,L4 failure,1.0107992537880512,1.4933631899052178,0.522552660571246,7.4119481376944725
capacity,9106,straight,0.025,dropout,L4 slip,0.5776317536481801,0.6841563128644963,0.11293131098154045,3.8536285569217115
capacity,9106,straight,0.025,intermittent,intact,0.446220136942251,0.39099078319045544,0.06341037482193775,2.450818100889449
capacity,9106,straight,0.025,intermittent,L4 failure,1.0142615665832013,1.5012289720707759,0.5080123327506986,7.449991227579016
capacity,9106,straight,0.025,intermittent,L4 slip,0.5835413249316759,0.697520621654832,0.10982057447314153,3.9132106493200043
capacity,9106,straight,0.025,delayed,intact,0.44814521066860424,0.39718604893044246,0.06540587975821713,2.4763935043360945
capacity,9106,straight,0.025,delayed,L4 failure,0.9893523995042479,1.4594146726959187,0.4677704818049907,7.278196912839158
capacity,9106,straight,0.025,delayed,L4 slip,0.5732004086560428,0.6737709128798637,0.09036774486382511,3.8132271839832286
capacity,9106,straight,0.025,noisy,intact,0.44887615729193503,0.3992742603782011,0.06467713711555623,2.485181487012146
capacity,9106,straight,0.025,noisy,L4 failure,0.9815968264396084,1.4456699313292538,0.46292400467872097,7.2198496212491525
capacity,9106,straight,0.025,noisy,L4 slip,0.5706322134024975,0.6676642130925559,0.0890497085149367,3.7867593657347975
capacity,9106,straight,0.025,stuck,intact,0.4489732357618662,0.4000558164810103,0.07087668824305814,2.4876789959691785
capacity,9106,straight,0.025,stuck,L4 failure,0.9979940065301077,1.4723154092082527,0.5003549254581874,7.32857655546266
capacity,9106,straight,0.025,stuck,L4 slip,0.5735031832794668,0.6745264314803132,0.09919152447168253,3.8151577254800717
capacity,9106,straight,0.05,always,intact,0.4504668565147683,0.40431686745763784,0.06297828290702902,2.506278017453606
capacity,9106,straight,0.05,always,L4 failure,0.9474534890337601,1.387810284718541,0.3999193113006769,6.984340704550283
capacity,9106,straight,0.05,always,L4 slip,0.5591214356238554,0.6404092174049435,0.06347168577350634,3.6720910171244756
capacity,9106,straight,0.05,dropout,intact,0.4516270473901072,0.40819103553855784,0.07253966770803613,2.5216798473320687
capacity,9106,straight,0.05,dropout,L4 failure,0.9937217738528437,1.4629026019914313,0.5139349431227174,7.2823101372772845
capacity,9106,straight,0.05,dropout,L4 slip,0.5676134600162758,0.6608770057566635,0.10511773137288001,3.753753435265945
capacity,9106,straight,0.05,intermittent,intact,0.44714587451628607,0.3940011236067591,0.06424362324695394,2.4631720354771325
capacity,9106,straight,0.05,intermittent,L4 failure,0.9991644800219661,1.4758837031880117,0.48458361422523116,7.345978004357682
capacity,9106,straight,0.05,intermittent,L4 slip,0.5777040087583369,0.6840489508180287,0.09870285435373496,3.856962418746983
capacity,9106,straight,0.05,delayed,intact,0.4507204920573888,0.4050799058670755,0.06480113809064977,2.5096660336750958
capacity,9106,straight,0.05,delayed,L4 failure,0.9550384916900962,1.401032649023556,0.40958471831501386,7.03854921935033
capacity,9106,straight,0.05,delayed,L4 slip,0.5610133673585568,0.6448327588568146,0.06573991768351183,3.691495806370712
capacity,9106,straight,0.05,noisy,intact,0.4521520545587623,0.40877305704111605,0.062006603218444555,2.5261146484450254
capacity,9106,straight,0.05,noisy,L4 failure,0.9421243662615298,1.3777674592630331,0.40172108593639483,6.939790286321733
capacity,9106,straight,0.05,noisy,L4 slip,0.5575755952771264,0.6362359256878305,0.06518976799745872,3.654237213080964
capacity,9106,straight,0.05,stuck,intact,0.45262600675125436,0.4114444189599384,0.07642103222334488,2.5348076361227796
capacity,9106,straight,0.05,stuck,L4 failure,0.9703222127871146,1.4242412841937,0.4720509357911958,7.129365727859505
capacity,9106,straight,0.05,stuck,L4 slip,0.56127858592601,0.6456369809759256,0.08046118674030078,3.6929807886001313
capacity,9106,straight,0.1,always,intact,0.4531361979480862,0.41135059259325396,0.051770682650725666,2.538452545005995
capacity,9106,straight,0.1,always,L4 failure,0.892861866536767,1.2922390454960593,0.29801332648336587,6.5927880730204125
capacity,9106,straight,0.1,always,L4 slip,0.5443899843187741,0.6039190721830279,0.03110610978145169,3.517350341684621
capacity,9106,straight,0.1,dropout,intact,0.45817088254991306,0.4275353193244419,0.07923887333737231,2.603250388904542
capacity,9106,straight,0.1,dropout,L4 failure,0.965832627250041,1.4128637630536116,0.49969758168054346,7.070351941410997
capacity,9106,straight,0.1,dropout,L4 slip,0.5532188958017606,0.626313733544957,0.09253060171424521,3.606296644078468
capacity,9106,straight,0.1,intermittent,intact,0.44889006610890914,0.3994918682055283,0.06439331267917409,2.4860200770493988
capacity,9106,straight,0.1,intermittent,L4 failure,0.9717731963363131,1.4295089899393512,0.44025969283722766,7.155759214235899
capacity,9106,straight,0.1,intermittent,L4 slip,0.5678952201227381,0.6609364105228209,0.07914827635735525,3.760366461993881
capacity,9106,straight,0.1,delayed,intact,0.45413733271299295,0.4144735359506521,0.05548855146897663,2.55170154385409
capacity,9106,straight,0.1,delayed,L4 failure,0.9028777302298326,1.310246644334571,0.3121719862477734,6.66614355075881
capacity,9106,straight,0.1,delayed,L4 slip,0.5461383646798235,0.608068370980986,0.032505670676515885,3.5361131749050827
capacity,9106,straight,0.1,noisy,intact,0.4563467178780879,0.41871385290374896,0.04680597420092344,2.5741634383662824
capacity,9106,straight,0.1,noisy,L4 failure,0.8853535244224982,1.2775323672013812,0.30324618003250753,6.527275978096296
capacity,9106,straight,0.1,noisy,L4 slip,0.5434750639606124,0.6002960635019085,0.036931325743478814,3.5030697751510127
capacity,9106,straight,0.1,stuck,intact,0.4582652150781167,0.4278290305904159,0.07955123015222502,2.604436224963919
capacity,9106,straight,0.1,stuck,L4 failure,0.926389191072426,1.3470643148571404,0.424580957016785,6.810673190657304
capacity,9106,straight,0.1,stuck,L4 slip,0.5459720984339721,0.6079897808924768,0.05290641698008913,3.5335743581717853
capacity,9106,straight,0.2,always,intact,0.45186072796050036,0.40332267494556956,0.021549246048378823,2.5130902830220907
capacity,9106,straight,0.2,always,L4 failure,0.8331518041966739,1.183415525313644,0.16773006279634636,6.148578198016999
capacity,9106,straight,0.2,always,L4 slip,0.5340207329094697,0.5769147521429077,0.008395064328644664,3.401585713892429
capacity,9106,straight,0.2,dropout,intact,0.46713596348833925,0.451959093298864,0.08438120470553678,2.7086406416095494
capacity,9106,straight,0.2,dropout,L4 failure,0.9286256496399303,1.3454111102803243,0.48040738078090894,6.786874370439913
capacity,9106,straight,0.2,dropout,L4 slip,0.5384578737301975,0.5888680114364311,0.07672565564730405,3.448064129169284
capacity,9106,straight,0.2,intermittent,intact,0.4516331201814056,0.4075496639961484,0.05996608874526042,2.5207128067416757
capacity,9106,straight,0.2,intermittent,L4 failure,0.926972953239687,1.3523669993282934,0.36086801009443414,6.83963145924983
capacity,9106,straight,0.2,intermittent,L4 slip,0.5541088680449663,0.6272982391232478,0.049170478280148,3.619467299551299
capacity,9106,straight,0.2,delayed,intact,0.4542404354449237,0.41060051377138845,0.024981981474622224,2.544944564469074
capacity,9106,straight,0.2,delayed,L4 failure,0.8422909983848194,1.2007403611823633,0.18032485518099736,6.217602456431888
capacity,9106,straight,0.2,delayed,L4 slip,0.5349674375199548,0.5790141995700783,0.008133597726596477,3.4120774925618416
capacity,9106,straight,0.2,noisy,intact,0.4565470693800435,0.4097179692642925,0.01690096542850941,2.555805177927932
capacity,9106,straight,0.2,noisy,L4 failure,0.8266549106265096,1.1690736269561033,0.18182761342219345,6.084077092827925
capacity,9106,straight,0.2,noisy,L4 slip,0.536356266423445,0.5785387757480103,0.022118365682444956,3.415451064891626
capacity,9106,straight,0.2,stuck,intact,0.46077368041737127,0.43266555779323257,0.06526762457631263,2.630665081026959
capacity,9106,straight,0.2,stuck,L4 failure,0.8699718650903878,1.2460076496971366,0.35559514128683906,6.396212508842199
capacity,9106,straight,0.2,stuck,L4 slip,0.534142466582162,0.577249830166318,0.02570658709555636,3.402818213703423
capacity,9106,straight,0.4,always,intact,0.44332397768882464,0.3697517569143682,0.020780869889017655,2.378260013381013
capacity,9106,straight,0.4,always,L4 failure,0.7927460590183101,1.1058592232478308,0.06298503653560454,5.836852550707327
capacity,9106,straight,0.4,always,L4 slip,0.5302531254025389,0.56608431510565,0.005207677371696353,3.353757508664549
capacity,9106,straight,0.4,dropout,intact,0.46777760315583405,0.45128300934380866,0.07732936496003659,2.7077204920798863
capacity,9106,straight,0.4,dropout,L4 failure,0.8948265946792042,1.283161954425553,0.4624404865175899,6.5286415891077585
capacity,9106,straight,0.4,dropout,L4 slip,0.530277629387716,0.5663620608482092,0.06660625593639743,3.353232377893926
capacity,9106,straight,0.4,intermittent,intact,0.45357790372054396,0.41133949160904154,0.040520645953796376,2.541560251382299
capacity,9106,straight,0.4,intermittent,L4 failure,0.8678924984476224,1.2473673616412186,0.2411953911423142,6.410109082935863
capacity,9106,straight,0.4,intermittent,L4 slip,0.540561185326,0.592568597372742,0.015350917046273695,3.473277089977115
capacity,9106,straight,0.4,delayed,intact,0.4452854835903992,0.373678133883408,0.027085246556554136,2.401601824949042
capacity,9106,straight,0.4,delayed,L4 failure,0.7984197256602757,1.117605535362613,0.07241440801740906,5.879213284659167
capacity,9106,straight,0.4,delayed,L4 slip,0.5307811354174843,0.5668336604612942,0.005118838216556778,3.358951938121027
capacity,9106,straight,0.4,noisy,intact,0.4515789835219409,0.37400381575145775,0.04594370563470446,2.4316981876639847
capacity,9106,straight,0.4,noisy,L4 failure,0.7953725577906345,1.1057427098866899,0.08270411111939938,5.837384132741899
capacity,9106,straight,0.4,noisy,L4 slip,0.5417995371289729,0.5827037124043732,0.02843590531080657,3.4477496320513055
capacity,9106,straight,0.4,stuck,intact,0.4485641444776375,0.38916638501529455,0.010786431801760568,2.4562277847040535
capacity,9106,straight,0.4,stuck,L4 failure,0.8171636046421212,1.148779785921096,0.2662320144943502,6.003808631487924
capacity,9106,straight,0.4,stuck,L4 slip,0.5295840513942613,0.5642533399463442,0.022207495242608587,3.3462532567033905
capacity,9106,straight,1.0,always,intact,0.4362590827628293,0.35247634957605667,0.010291164914166113,2.277707199773404
capacity,9106,straight,1.0,always,L4 failure,0.7758399719991229,1.069087036572095,0.02580913163486624,5.71567305309867
capacity,9106,straight,1.0,always,L4 slip,0.5294653610495215,0.5642940943026137,0.005625181111960196,3.339541264801042
capacity,9106,straight,1.0,dropout,intact,0.4461823023359995,0.3877989933038667,0.04519184186037427,2.4226315129241858
capacity,9106,straight,1.0,dropout,L4 failure,0.8643627484569205,1.226293324897038,0.4362436884467519,6.310936875750183
capacity,9106,straight,1.0,dropout,L4 slip,0.528500711978823,0.5618707123816126,0.07088836067390822,3.3278431138430413
capacity,9106,straight,1.0,intermittent,intact,0.44590410134402236,0.3783907506438826,0.019790073826947578,2.4163959057384305
capacity,9106,straight,1.0,intermittent,L4 failure,0.8040449330201467,1.12780835693595,0.07952731386288261,5.925338099640179
capacity,9106,straight,1.0,intermittent,L4 slip,0.5325950578178372,0.5702193907847027,0.003190204043850024,3.3779805986100357
capacity,9106,straight,1.0,delayed,intact,0.43683574179843915,0.3517498043768862,0.01572090752942654,2.2762334160288193
capacity,9106,straight,1.0,delayed,L4 failure,0.7801859413393515,1.079448541553129,0.03676438878850606,5.749627889423387
capacity,9106,straight,1.0,delayed,L4 slip,0.5306208055710986,0.5667745049125743,0.00780514447430522,3.349225163602888
capacity,9106,straight,1.0,noisy,intact,0.48202605861723097,0.4303402655831877,0.036538064106586526,2.688849149069437
capacity,9106,straight,1.0,noisy,L4 failure,0.8275984464117958,1.1455788987380173,0.03722229233752954,6.106205381382466
capacity,9106,straight,1.0,noisy,L4 slip,0.5921341664918452,0.6703404670040154,0.029308612217258723,3.884147734141287
capacity,9106,straight,1.0,stuck,intact,0.43491200840787886,0.34731413211764106,0.05251361710106728,2.257009584971022
capacity,9106,straight,1.0,stuck,L4 failure,0.7737620644492351,1.0644515969790764,0.04570065924116225,5.6922410122040885
capacity,9106,straight,1.0,stuck,L4 slip,0.5279598514621024,0.5601898005591315,0.03092568384847184,3.3225493113727596
capacity,9106,s_lr,0.0,always,intact,0.7017362584930431,0.8651086030422779,0.029330005847031337,5.2010184749666
capacity,9106,s_lr,0.0,always,L4 failure,1.2806485955641356,1.9441754400278157,0.5631738021127057,9.917182087960331
capacity,9106,s_lr,0.0,always,L4 slip,0.9353016154879128,1.318261412204651,0.17214923875143046,7.2750984260048845
capacity,9106,s_lr,0.0,dropout,intact,0.7017362584930431,0.8651086030422779,0.029330005847031337,5.2010184749666
capacity,9106,s_lr,0.0,dropout,L4 failure,1.2806485955641356,1.9441754400278157,0.5631738021127057,9.917182087960331
capacity,9106,s_lr,0.0,dropout,L4 slip,0.9353016154879128,1.318261412204651,0.17214923875143046,7.2750984260048845
capacity,9106,s_lr,0.0,intermittent,intact,0.7017362584930431,0.8651086030422779,0.029330005847031337,5.2010184749666
capacity,9106,s_lr,0.0,intermittent,L4 failure,1.2806485955641356,1.9441754400278157,0.5631738021127057,9.917182087960331
capacity,9106,s_lr,0.0,intermittent,L4 slip,0.9353016154879128,1.318261412204651,0.17214923875143046,7.2750984260048845
capacity,9106,s_lr,0.0,delayed,intact,0.7017362584930431,0.8651086030422779,0.029330005847031337,5.2010184749666
capacity,9106,s_lr,0.0,delayed,L4 failure,1.2806485955641356,1.9441754400278157,0.5631738021127057,9.917182087960331
capacity,9106,s_lr,0.0,delayed,L4 slip,0.9353016154879128,1.318261412204651,0.17214923875143046,7.2750984260048845
capacity,9106,s_lr,0.0,noisy,intact,0.7017362584930431,0.8651086030422779,0.029330005847031337,5.2010184749666
capacity,9106,s_lr,0.0,noisy,L4 failure,1.2806485955641356,1.9441754400278157,0.5631738021127057,9.917182087960331
capacity,9106,s_lr,0.0,noisy,L4 slip,0.9353016154879128,1.318261412204651,0.17214923875143046,7.2750984260048845
capacity,9106,s_lr,0.0,stuck,intact,0.7017362584930431,0.8651086030422779,0.029330005847031337,5.2010184749666
capacity,9106,s_lr,0.0,stuck,L4 failure,1.2806485955641356,1.9441754400278157,0.5631738021127057,9.917182087960331
capacity,9106,s_lr,0.0,stuck,L4 slip,0.9353016154879128,1.318261412204651,0.17214923875143046,7.2750984260048845
capacity,9106,s_lr,0.025,always,intact,0.6415129596359055,0.7231440961431439,0.08903150113539796,4.5714115088268406
capacity,9106,s_lr,0.025,always,L4 failure,1.1851654847091153,1.7827974150913377,0.4459555723536274,9.217234077787257
capacity,9106,s_lr,0.025,always,L4 slip,0.8493147983950465,1.1508255890432493,0.06878260495229044,6.541839723862225
capacity,9106,s_lr,0.025,dropout,intact,0.6650261273941147,0.7899435727247524,0.03896882891659394,4.841963402240097
capacity,9106,s_lr,0.025,dropout,L4 failure,1.2363602096048283,1.8697599332821568,0.5408362489436047,9.566569468740596
capacity,9106,s_lr,0.025,dropout,L4 slip,0.8902526997795009,1.2368190921524764,0.1509541787948238,6.889200900898181
capacity,9106,s_lr,0.025,intermittent,intact,0.6795581155084202,0.8142863036098749,0.04765477762321044,4.976762136407003
capacity,9106,s_lr,0.025,intermittent,L4 failure,1.2475356779587856,1.8885060528126183,0.5231277319691384,9.676059035056836
capacity,9106,s_lr,0.025,intermittent,L4 slip,0.9041640365131105,1.2583418485889815,0.13478360486190955,7.014900179678424
capacity,9106,s_lr,0.025,delayed,intact,0.6468914311155908,0.7346350663819053,0.0877060768059998,4.626779705102999
capacity,9106,s_lr,0.025,delayed,L4 failure,1.1943412700777738,1.7984390870376266,0.45237161247702096,9.2887357465974
capacity,9106,s_lr,0.025,delayed,L4 slip,0.8571646384926433,1.1656177693623342,0.07302517614732851,6.611128569789807
capacity,9106,s_lr,0.025,noisy,intact,0.6376178204926198,0.7160108930055573,0.08893929005728304,4.533123803552232
capacity,9106,s_lr,0.025,noisy,L4 failure,1.1816325027747754,1.7770754908817612,0.4484347924730413,9.185138464732262
capacity,9106,s_lr,0.025,noisy,L4 slip,0.8458490063300341,1.1452502464896555,0.06945299525727125,6.510877756359036
capacity,9106,s_lr,0.025,stuck,intact,0.644863978299598,0.7331747613856388,0.08263022814587866,4.611874682726048
capacity,9106,s_lr,0.025,stuck,L4 failure,1.2004671151009332,1.8086291908009664,0.4793134362803815,9.32069613877938
capacity,9106,s_lr,0.025,stuck,L4 slip,0.8581931194627911,1.1699746575356684,0.09051289151495534,6.618802050952175
capacity,9106,s_lr,0.05,always,intact,0.5990886421890121,0.6163765040669344,0.14994868200203254,4.087697236114429
capacity,9106,s_lr,0.05,always,L4 failure,1.1024876294529597,1.6403380433214352,0.3356188962384198,8.59777536276171
capacity,9106,s_lr,0.05,always,L4 slip,0.7818132906543834,1.0120426852635245,0.03634634275463579,5.928386509944284
capacity,9106,s_lr,0.05,dropout,intact,0.6329302413240947,0.7223353189109185,0.05026377219563927,4.517661907819021
capacity,9106,s_lr,0.05,dropout,L4 failure,1.1955076337405264,1.8009480073293573,0.519968130689993,9.242417064530343
capacity,9106,s_lr,0.05,dropout,L4 slip,0.8494274937104375,1.1621372991088965,0.13122589915345556,6.534883504476951
capacity,9106,s_lr,0.05,intermittent,intact,0.6595722747241057,0.7669657443830988,0.06793806123674198,4.767079266395406
capacity,9106,s_lr,0.05,intermittent,L4 failure,1.2157561868178937,1.834772177722098,0.4838206604627592,9.443184930782538
capacity,9106,s_lr,0.05,intermittent,L4 slip,0.8752634869439965,1.2016418095171324,0.09949692971263693,6.768105538708406
capacity,9106,s_lr,0.05,delayed,intact,0.6070198734812782,0.6328658293974025,0.14905653211891093,4.170850345635021
capacity,9106,s_lr,0.05,delayed,L4 failure,1.1183235799966325,1.66765373136598,0.3470936337221044,8.72339564211003
capacity,9106,s_lr,0.05,delayed,L4 slip,0.7941511785726695,1.0357619257111392,0.03614718107070327,6.041850205189883
capacity,9106,s_lr,0.05,noisy,intact,0.5926164982170528,0.6051839364577842,0.14886525343483512,4.023856855682378
capacity,9106,s_lr,0.05,noisy,L4 failure,1.0957899401982671,1.6296816953024247,0.34067971995108026,8.537145573955451
capacity,9106,s_lr,0.05,noisy,L4 slip,0.7757969452734351,1.0026767356854815,0.03490597546160727,5.874023897815317
capacity,9106,s_lr,0.05,stuck,intact,0.6023839481113936,0.6272801995246537,0.14556127547127523,4.131890331271422
capacity,9106,s_lr,0.05,stuck,L4 failure,1.129089351897799,1.6864641121637056,0.4011309245703794,8.78240849855841
capacity,9106,s_lr,0.05,stuck,L4 slip,0.7937540080552192,1.0402359360321243,0.02827189732368428,6.041775422864944
capacity,9106,s_lr,0.1,always,intact,0.5546357842494022,0.5287105374559602,0.23456290169462882,3.6373828767278327
capacity,9106,s_lr,0.1,always,L4 failure,0.9779744779908286,1.419048056772867,0.149402155833618,7.626093376708255
capacity,9106,s_lr,0.1,always,L4 slip,0.692960514190845,0.820328372690615,0.13995237781617315,5.058751042276839
capacity,9106,s_lr,0.1,dropout,intact,0.5811677632234377,0.6093094252127503,0.07564435220683721,3.9699974707560317
capacity,9106,s_lr,0.1,dropout,L4 failure,1.1231169863352488,1.6785615611765277,0.4821938570696066,8.665967770600975
capacity,9106,s_lr,0.1,dropout,L4 slip,0.7792738974213107,1.0314497051893363,0.09572619406168342,5.913185662118725
capacity,9106,s_lr,0.1,intermittent,intact,0.6257708293145573,0.6835265527496163,0.11072000097892012,4.394161610717048
capacity,9106,s_lr,0.1,intermittent,L4 failure,1.1563154638067294,1.7333275214856756,0.40743374533189936,9.003001272443397
capacity,9106,s_lr,0.1,intermittent,L4 slip,0.8239289188445956,1.09794952211645,0.036431785012539394,6.314876554154292
capacity,9106,s_lr,0.1,delayed,intact,0.5634147269011758,0.5412852305120504,0.24143045493465287,3.7164442156386714
capacity,9106,s_lr,0.1,delayed,L4 failure,0.9996522367179267,1.457139987442217,0.16280853181613977,7.805935939330917
capacity,9106,s_lr,0.1,delayed,L4 slip,0.7078380873256241,0.84786353077345,0.14092731418943144,5.200283716633578
capacity,9106,s_lr,0.1,noisy,intact,0.5456015783947942,0.5178673400280307,0.2289246561150538,3.557750729600553
capacity,9106,s_lr,0.1,noisy,L4 failure,0.9657535599131452,1.4002246824494753,0.15720100091375255,7.5165005172505195
capacity,9106,s_lr,0.1,noisy,L4 slip,0.6839929993873815,0.8083346450316853,0.13324564975225955,4.978782313352099
capacity,9106,s_lr,0.1,stuck,intact,0.5566512842763175,0.5353366194070593,0.2617114535963897,3.664693080283179
capacity,9106,s_lr,0.1,stuck,L4 failure,1.0113173450403459,1.4806895056935903,0.2599939500315417,7.872489831939749
capacity,9106,s_lr,0.1,stuck,L4 slip,0.7011094232624033,0.8425081196771579,0.11830777690447095,5.148322276740874
capacity,9106,s_lr,0.2,always,intact,0.5464477606559084,0.5787367455942322,0.29264293640030015,3.6827052143597685
capacity,9106,s_lr,0.2,always,L4 failure,0.8489874247663238,1.1825697547013574,0.06681731553863343,6.547868360502381
capacity,9106,s_lr,0.2,always,L4 slip,0.6295050974248355,0.7137816674338937,0.25242652694575607,4.472202751142901
capacity,9106,s_lr,0.2,dropout,intact,0.5177382829332211,0.47483837957928793,0.12545004425349912,3.2812443795824544
capacity,9106,s_lr,0.2,dropout,L4 failure,1.0093447047116033,1.4847928653785982,0.41974119517673303,7.753252459224001
capacity,9106,s_lr,0.2,dropout,L4 slip,0.6773888452370431,0.83497164024784,0.03784880733170191,4.9699613120306765
capacity,9106,s_lr,0.2,intermittent,intact,0.5796540543802561,0.5700956681577454,0.18520751854885054,3.8682797505913444
capacity,9106,s_lr,0.2,intermittent,L4 failure,1.0546939023975601,1.5562960045151193,0.26434157079761794,8.23162063463239
capacity,9106,s_lr,0.2,intermittent,L4 slip,0.7449192552475269,0.9297581717733465,0.07323307101996783,5.5709814062962435
capacity,9106,s_lr,0.2,delayed,intact,0.5568315297459436,0.5924093556503818,0.3211332771405437,3.7778472392057143
capacity,9106,s_lr,0.2,delayed,L4 failure,0.8687853370564321,1.2162420341041404,0.0745650155293475,6.721845183410946
capacity,9106,s_lr,0.2,delayed,L4 slip,0.6430336745079922,0.7332985152815259,0.2755899490259255,4.595450518780597
capacity,9106,s_lr,0.2,noisy,intact,0.5346314312061123,0.5677158911288459,0.2745273049417241,3.574152075754462
capacity,9106,s_lr,0.2,noisy,L4 failure,0.8325192409428817,1.1601848453855008,0.05184542853167558,6.396790494415827
capacity,9106,s_lr,0.2,noisy,L4 slip,0.617807036905228,0.7019637621261484,0.23391258499521647,4.368643248126636
capacity,9106,s_lr,0.2,stuck,intact,0.5746820401799579,0.6418254982578768,0.4433692816340569,3.9356823134400254
capacity,9106,s_lr,0.2,stuck,L4 failure,0.8635259851762058,1.2127102138538177,0.027584961663246914,6.667266011159246
capacity,9106,s_lr,0.2,stuck,L4 slip,0.6367111395245866,0.7333841484893001,0.3298909513072638,4.551361164823191
capacity,9106,s_lr,0.4,always,intact,0.5695520472225949,0.6861094557710166,0.23577341792545795,3.9216853992959884
capacity,9106,s_lr,0.4,always,L4 failure,0.7861730505408671,1.0822303047633448,0.18355205186991813,5.987353910132246
capacity,9106,s_lr,0.4,always,L4 slip,0.6266594295944709,0.7685111421092824,0.23873159014499462,4.491098275341345
capacity,9106,s_lr,0.4,dropout,intact,0.4856253179630661,0.4687196464101365,0.19243478173537185,3.0653398322323504
capacity,9106,s_lr,0.4,dropout,L4 failure,0.8666624788215846,1.2383490034772862,0.33030696777644214,6.591920180953128
capacity,9106,s_lr,0.4,dropout,L4 slip,0.5772986250911939,0.6392741551502127,0.04216168347123298,3.9845668169640316
capacity,9106,s_lr,0.4,intermittent,intact,0.5465468966189416,0.5380019549525319,0.2692148513070909,3.6173098250462354
capacity,9106,s_lr,0.4,intermittent,L4 failure,0.921261927100988,1.3153589393101341,0.05439063426815487,7.1610538959681325
capacity,9106,s_lr,0.4,intermittent,L4 slip,0.6602473717892174,0.7493677152435071,0.20738451210183992,4.727826603473987
capacity,9106,s_lr,0.4,delayed,intact,0.5935182409290441,0.7270960444029407,0.27934999548443107,4.127557634805836
capacity,9106,s_lr,0.4,delayed,L4 failure,0.8023052345364845,1.1077305175712957,0.21893986493677503,6.133087207732829
capacity,9106,s_lr,0.4,delayed,L4 slip,0.6477933623563508,0.804364172041681,0.2849492252281398,4.6842066560423845
capacity,9106,s_lr,0.4,noisy,intact,0.5481241790656948,0.6582965935901142,0.2049105218475447,3.7132738785723065
capacity,9106,s_lr,0.4,noisy,L4 failure,0.7671824213401153,1.0600991897545315,0.151428332481566,5.803578444858818
capacity,9106,s_lr,0.4,noisy,L4 slip,0.6098064372213756,0.7486570082799293,0.20845448364318914,4.32964395387846
capacity,9106,s_lr,0.4,stuck,intact,0.7359894024413566,0.9683851610979499,0.6777102024740619,5.050236876469532
capacity,9106,s_lr,0.4,stuck,L4 failure,0.8049257076870654,1.1202140712227924,0.3034442458230283,6.137598707810099
capacity,9106,s_lr,0.4,stuck,L4 slip,0.7347971303985312,0.9719069435001504,0.6053566329809091,5.305019104081412
capacity,9106,s_lr,1.0,always,intact,0.5341745331471247,0.6582665844720771,0.2090210615753872,3.6155314664019644
capacity,9106,s_lr,1.0,always,L4 failure,0.7707402096635873,1.0803939652493955,0.14492007691264683,5.819584115416942
capacity,9106,s_lr,1.0,always,L4 slip,0.6050079181505856,0.7719144154491636,0.18361620613188304,4.289035159799748
capacity,9106,s_lr,1.0,dropout,intact,0.5621330602061796,0.69818125539319,0.29194662494260826,3.7743922435034385
capacity,9106,s_lr,1.0,dropout,L4 failure,0.7195738321782923,0.9783165851109363,0.17635402615690135,5.360957193774964
capacity,9106,s_lr,1.0,dropout,L4 slip,0.5680273966465293,0.6834395843085739,0.16335985234131062,3.9317434636452817
capacity,9106,s_lr,1.0,intermittent,intact,0.5708533836224516,0.6786887842536232,0.24770174069583523,3.938260337730773
capacity,9106,s_lr,1.0,intermittent,L4 failure,0.8020410966440608,1.1084646744976523,0.17708939844515692,6.127512955361768
capacity,9106,s_lr,1.0,intermittent,L4 slip,0.6350964341521994,0.7688110380749837,0.27105525171435474,4.56325058197902
capacity,9106,s_lr,1.0,delayed,intact,0.5596345450547593,0.7096925913494145,0.2569269355487706,3.8549656776972236
capacity,9106,s_lr,1.0,delayed,L4 failure,0.7891238762802085,1.1103029586367599,0.17794782170948292,5.992304180803668
capacity,9106,s_lr,1.0,delayed,L4 slip,0.6287273892327929,0.8164390090411254,0.2252294583950582,4.513037361914494
capacity,9106,s_lr,1.0,noisy,intact,0.5243984796804408,0.637003227905337,0.17824138655662716,3.466527074806702
capacity,9106,s_lr,1.0,noisy,L4 failure,0.7809306716711549,1.1040219547796728,0.12041078610055127,5.85598310066453
capacity,9106,s_lr,1.0,noisy,L4 slip,0.6156595439433217,0.7918289492754085,0.15197620195449776,4.342418331870701
capacity,9106,s_lr,1.0,stuck,intact,1.0581658215095873,1.5161323031303986,0.9770328125999873,7.0454488569280045
capacity,9106,s_lr,1.0,stuck,L4 failure,1.0650038383443527,1.5883004775946827,0.8111200873047502,7.8651950722944655
capacity,9106,s_lr,1.0,stuck,L4 slip,1.0410255348001007,1.5058456984285087,0.9238860233534949,7.228837624063312
capacity,9106,s_rl,0.0,always,intact,0.6976281993051341,0.7634353389935896,0.07199122611994699,4.816072156744456
capacity,9106,s_rl,0.0,always,L4 failure,0.9861197955441562,1.3233228552134058,0.5418544642062084,7.250344422031993
capacity,9106,s_rl,0.0,always,L4 slip,0.6179486883303719,0.505330600149589,0.11530369868052222,3.732326863147966
capacity,9106,s_rl,0.0,dropout,intact,0.6976281993051341,0.7634353389935896,0.07199122611994699,4.816072156744456
capacity,9106,s_rl,0.0,dropout,L4 failure,0.9861197955441562,1.3233228552134058,0.5418544642062084,7.250344422031993
capacity,9106,s_rl,0.0,dropout,L4 slip,0.6179486883303719,0.505330600149589,0.11530369868052222,3.732326863147966
capacity,9106,s_rl,0.0,intermittent,intact,0.6976281993051341,0.7634353389935896,0.07199122611994699,4.816072156744456
capacity,9106,s_rl,0.0,intermittent,L4 failure,0.9861197955441562,1.3233228552134058,0.5418544642062084,7.250344422031993
capacity,9106,s_rl,0.0,intermittent,L4 slip,0.6179486883303719,0.505330600149589,0.11530369868052222,3.732326863147966
capacity,9106,s_rl,0.0,delayed,intact,0.6976281993051341,0.7634353389935896,0.07199122611994699,4.816072156744456
capacity,9106,s_rl,0.0,delayed,L4 failure,0.9861197955441562,1.3233228552134058,0.5418544642062084,7.250344422031993
capacity,9106,s_rl,0.0,delayed,L4 slip,0.6179486883303719,0.505330600149589,0.11530369868052222,3.732326863147966
capacity,9106,s_rl,0.0,noisy,intact,0.6976281993051341,0.7634353389935896,0.07199122611994699,4.816072156744456
capacity,9106,s_rl,0.0,noisy,L4 failure,0.9861197955441562,1.3233228552134058,0.5418544642062084,7.250344422031993
capacity,9106,s_rl,0.0,noisy,L4 slip,0.6179486883303719,0.505330600149589,0.11530369868052222,3.732326863147966
capacity,9106,s_rl,0.0,stuck,intact,0.6976281993051341,0.7634353389935896,0.07199122611994699,4.816072156744456
capacity,9106,s_rl,0.0,stuck,L4 failure,0.9861197955441562,1.3233228552134058,0.5418544642062084,7.250344422031993
capacity,9106,s_rl,0.0,stuck,L4 slip,0.6179486883303719,0.505330600149589,0.11530369868052222,3.732326863147966
capacity,9106,s_rl,0.025,always,intact,0.6703451293748881,0.6808192403243818,0.026771969879773316,4.485101516503043
capacity,9106,s_rl,0.025,always,L4 failure,0.977533329471455,1.3073310387789312,0.5095170928181207,7.193033995448622
capacity,9106,s_rl,0.025,always,L4 slip,0.6191505558534476,0.5051789180790136,0.1349471717097246,3.7385731633524806
capacity,9106,s_rl,0.025,dropout,intact,0.6933448657559008,0.7489639255914519,0.06647720528876279,4.761183011889102
capacity,9106,s_rl,0.025,dropout,L4 failure,0.9850407303371174,1.3195900958774893,0.5417224562673411,7.241847897071889
capacity,9106,s_rl,0.025,dropout,L4 slip,0.6199277345828464,0.506563432892928,0.11649709959237065,3.745808514296229
capacity,9106,s_rl,0.025,intermittent,intact,0.6878137551690943,0.7351046125079341,0.05255172548348032,4.702180029411046
capacity,9106,s_rl,0.025,intermittent,L4 failure,0.9830741662298048,1.3177378026314508,0.5307266234848484,7.230000306609613
capacity,9106,s_rl,0.025,intermittent,L4 slip,0.6182684980499206,0.5052560463672394,0.1225406592207527,3.7339207167787474
capacity,9106,s_rl,0.025,delayed,intact,0.6741737058332821,0.6915299438807276,0.02804565920999107,4.531300163622896
capacity,9106,s_rl,0.025,delayed,L4 failure,0.9788404415917318,1.3095733086705386,0.5139610176664128,7.201469160693704
capacity,9106,s_rl,0.025,delayed,L4 slip,0.6192029454093809,0.5049077808000089,0.13498688575336878,3.7384037782754485
capacity,9106,s_rl,0.025,noisy,intact,0.6734518001706353,0.6875687623710204,0.027057076715895866,4.518382647494024
capacity,9106,s_rl,0.025,noisy,L4 failure,0.9753312329294735,1.3023162793589538,0.5096613672393182,7.17565191198614
capacity,9106,s_rl,0.025,noisy,L4 slip,0.6201483847786811,0.5057842796022463,0.13532203781826083,3.745882260438343
capacity,9106,s_rl,0.025,stuck,intact,0.6770727197195167,0.7018410343750036,0.03364120692898631,4.569658505311371
capacity,9106,s_rl,0.025,stuck,L4 failure,0.986481928939209,1.322153270884544,0.5444930020717005,7.251833700762237
capacity,9106,s_rl,0.025,stuck,L4 slip,0.6192215046167093,0.5051751952950937,0.1350555151432107,3.7387624299011466
capacity,9106,s_rl,0.05,always,intact,0.6470786726646944,0.6009753802403168,0.04698294822372233,4.163037943061209
capacity,9106,s_rl,0.05,always,L4 failure,0.9711080996740794,1.2953089515010636,0.47959274336999036,7.15052729918144
capacity,9106,s_rl,0.05,always,L4 slip,0.6208653234948753,0.5081121809151806,0.15232753556385806,3.7552816361487
capacity,9106,s_rl,0.05,dropout,intact,0.6877534114172953,0.7312649296098324,0.06032353396806593,4.691107242444605
capacity,9106,s_rl,0.05,dropout,L4 failure,0.985146576349386,1.318330856757547,0.5423645349185944,7.242220869107581
capacity,9106,s_rl,0.05,dropout,L4 slip,0.62154377926286,0.5075758790801141,0.11848289618439334,3.756549336224381
capacity,9106,s_rl,0.05,intermittent,intact,0.6784118818929527,0.7068984335462382,0.03382410137772146,4.588571559764903
capacity,9106,s_rl,0.05,intermittent,L4 failure,0.9802851633744324,1.3126144538402378,0.5198467136211972,7.211396382586909
capacity,9106,s_rl,0.05,intermittent,L4 slip,0.6186704183874693,0.5056197486392197,0.12954268244279082,3.7370942775195974
capacity,9106,s_rl,0.05,delayed,intact,0.6534865285699687,0.6202701881409155,0.04661742157854012,4.247246224958556
capacity,9106,s_rl,0.05,delayed,L4 failure,0.9733760527414465,1.2991702197223876,0.48807267217126754,7.165140040401022
capacity,9106,s_rl,0.05,delayed,L4 slip,0.6208767661171024,0.5070264060334324,0.15325173333721312,3.753154623856274
capacity,9106,s_rl,0.05,noisy,intact,0.6523619786474106,0.6124942468773835,0.04784872305813543,4.221350920170468
capacity,9106,s_rl,0.05,noisy,L4 failure,0.967480621802177,1.2866635115447511,0.48072738270039456,7.1213197802862815
capacity,9106,s_rl,0.05,noisy,L4 slip,0.6227378758165192,0.5089404635772768,0.1538285496650965,3.768246972343616
capacity,9106,s_rl,0.05,stuck,intact,0.6573308041326513,0.6375813164449592,0.03017166099873015,4.310337338144572
capacity,9106,s_rl,0.05,stuck,L4 failure,0.9883435368289697,1.3240179265986896,0.5485126595793337,7.264374440714089
capacity,9106,s_rl,0.05,stuck,L4 slip,0.6207838990673329,0.5073448604383801,0.15616673703322967,3.752586796184398
capacity,9106,s_rl,0.1,always,intact,0.6129519801214275,0.4565223535998685,0.10759629473198018,3.574513776002575
capacity,9106,s_rl,0.1,always,L4 failure,0.962730959839283,1.2797233331619118,0.42493394459353323,7.096593830543935
capacity,9106,s_rl,0.1,always,L4 slip,0.6259407095129973,0.5220607042357097,0.1789186788700083,3.816251314604044
capacity,9106,s_rl,0.1,dropout,intact,0.6737383149573524,0.6883456533800986,0.046563587802698814,4.515106495364028
capacity,9106,s_rl,0.1,dropout,L4 failure,0.9882040351456212,1.321834786055438,0.5455009781248329,7.264321268743753
capacity,9106,s_rl,0.1,dropout,L4 slip,0.6238770922533197,0.5092539713816293,0.12436203286767067,3.771772154290268
capacity,9106,s_rl,0.1,intermittent,intact,0.6609345687482562,0.651103235068441,0.027477041615254293,4.363214079284916
capacity,9106,s_rl,0.1,intermittent,L4 failure,0.9754006704080679,1.3036272017973691,0.4987410293296685,7.178918673258369
capacity,9106,s_rl,0.1,intermittent,L4 slip,0.619731895071421,0.5076416742462779,0.14276756715928082,3.7481209383261063
capacity,9106,s_rl,0.1,delayed,intact,0.6214450183104535,0.48482386536191535,0.10945400684211257,3.7025068553796716
capacity,9106,s_rl,0.1,delayed,L4 failure,0.9664031447886848,1.2858893623304941,0.4404606566231852,7.120304505654208
capacity,9106,s_rl,0.1,delayed,L4 slip,0.6257387294547627,0.518725354209416,0.18387703099968483,3.808462530869092
capacity,9106,s_rl,0.1,noisy,intact,0.6207011606507613,0.4720617936974646,0.11199556026807274,3.65974872193361
capacity,9106,s_rl,0.1,noisy,L4 failure,0.9579840472590653,1.2670473753791256,0.4296468738776634,7.0565762499296945
capacity,9106,s_rl,0.1,noisy,L4 slip,0.6294782751599624,0.5234260612909925,0.18401069855484398,3.8403937000010253
capacity,9106,s_rl,0.1,stuck,intact,0.6231241071871648,0.5063218484807998,0.08617674765363983,3.775199831324155
capacity,9106,s_rl,0.1,stuck,L4 failure,0.9953007563594344,1.334439632551259,0.5590581101608437,7.313425317386731
capacity,9106,s_rl,0.1,stuck,L4 slip,0.6257712434625823,0.5208216777173857,0.2006838352044566,3.8118928888047976
capacity,9106,s_rl,0.2,always,intact,0.585505184570458,0.3553979621404779,0.1851642939359097,3.1343015366716123
capacity,9106,s_rl,0.2,always,L4 failure,0.9553021268317673,1.2669711953069667,0.3304328744931596,7.054416965319331
capacity,9106,s_rl,0.2,always,L4 slip,0.6405085314205426,0.5675253679529518,0.1986192983071747,3.9946297432548805
capacity,9106,s_rl,0.2,dropout,intact,0.6407078697420412,0.5852287337942769,0.016798289663459608,4.0773436097322175
capacity,9106,s_rl,0.2,dropout,L4 failure,1.001979137343797,1.3453442156724997,0.556506683477829,7.366017852264114
capacity,9106,s_rl,0.2,dropout,L4 slip,0.62673659413899,0.5150996887608172,0.14107949779596732,3.7972699833534684
capacity,9106,s_rl,0.2,intermittent,intact,0.6316841815649907,0.5437836931041324,0.06835603037493052,3.9273785566684496
capacity,9106,s_rl,0.2,intermittent,L4 failure,0.9679581071134413,1.2899390819550542,0.4588222354889268,7.129966909792557
capacity,9106,s_rl,0.2,intermittent,L4 slip,0.6229002797007746,0.5164371733695825,0.16570665936875023,3.7873338645556247
capacity,9106,s_rl,0.2,delayed,intact,0.5927825334805475,0.36386096541731605,0.20400200693827708,3.197376006543665
capacity,9106,s_rl,0.2,delayed,L4 failure,0.9614181498668987,1.277274524015825,0.3546637754740418,7.0951026164373845
capacity,9106,s_rl,0.2,delayed,L4 slip,0.6406957250536491,0.5625437094156621,0.21662874104145596,3.987628686822733
capacity,9106,s_rl,0.2,noisy,intact,0.595658030737003,0.3659393583277451,0.19855113399097163,3.2168935626108595
capacity,9106,s_rl,0.2,noisy,L4 failure,0.9526146049462143,1.2547923384358826,0.343200544097789,7.026260932557595
capacity,9106,s_rl,0.2,noisy,L4 slip,0.6482733725776697,0.5738657814211774,0.2118378516772726,4.054415265177623
capacity,9106,s_rl,0.2,stuck,intact,0.5881940011902789,0.36299539609318243,0.22342743710644308,3.166647542379162
capacity,9106,s_rl,0.2,stuck,L4 failure,1.0155498939392622,1.3692727630100339,0.5817016518066614,7.4593078936968515
capacity,9106,s_rl,0.2,stuck,L4 slip,0.6466069982041004,0.5832248005670422,0.2897378462762892,4.057989329603366
capacity,9106,s_rl,0.4,always,intact,0.5961799843009051,0.4554103512782694,0.17555810609358535,3.443856487252714
capacity,9106,s_rl,0.4,always,L4 failure,0.9492871725758448,1.2600816259941783,0.19581655636535705,7.030003070308357
capacity,9106,s_rl,0.4,always,L4 slip,0.6672192615554874,0.6524244299947387,0.16332305591863105,4.301925877730237
capacity,9106,s_rl,0.4,dropout,intact,0.5861271474164619,0.3918145355647923,0.04584559944157329,3.2234738903488345
capacity,9106,s_rl,0.4,dropout,L4 failure,1.041040980017948,1.41830341411849,0.5832787321398124,7.6552341957608165
capacity,9106,s_rl,0.4,dropout,L4 slip,0.6357200536609479,0.554173020510054,0.18021867714620493,3.926498710522061
capacity,9106,s_rl,0.4,intermittent,intact,0.5961365850288425,0.3817435511123486,0.1491966081736567,3.2590195431398508
capacity,9106,s_rl,0.4,intermittent,L4 failure,0.9596013388511035,1.274915393380533,0.3870601549189536,7.077627294769013
capacity,9106,s_rl,0.4,intermittent,L4 slip,0.6328376839026085,0.5476996767727345,0.19595768666068164,3.9141780778269735
capacity,9106,s_rl,0.4,delayed,intact,0.6076384815161794,0.47061348206537224,0.21436520661979636,3.5487922621522188
capacity,9106,s_rl,0.4,delayed,L4 failure,0.9608734820137477,1.281358652094106,0.2170330066682567,7.113629836943031
capacity,9106,s_rl,0.4,delayed,L4 slip,0.673638633374188,0.6601997924931201,0.19198767976629288,4.354735864882959
capacity,9106,s_rl,0.4,noisy,intact,0.6144264516347658,0.4773279653962482,0.19569673354200284,3.5936400618562554
capacity,9106,s_rl,0.4,noisy,L4 failure,0.9578115799405363,1.2642686655577218,0.21381498057727066,7.085239764838936
capacity,9106,s_rl,0.4,noisy,L4 slip,0.6873705065272306,0.6800455757379763,0.1819691429186182,4.471440851244991
capacity,9106,s_rl,0.4,stuck,intact,0.6417904375355934,0.5679327659364711,0.4336933631360546,3.894849776822448
capacity,9106,s_rl,0.4,stuck,L4 failure,1.0493906993262,1.432822039717287,0.597978796299066,7.711954015574787
capacity,9106,s_rl,0.4,stuck,L4 slip,0.719601879780222,0.7659913497764375,0.4302011123950148,4.755377902553938
capacity,9106,s_rl,1.0,always,intact,0.6064984977062112,0.5632980682783224,0.2126730085671305,3.6929595943041917
capacity,9106,s_rl,1.0,always,L4 failure,0.9257182120581942,1.2188806636856786,0.1157480774397579,6.872883314552124
capacity,9106,s_rl,1.0,always,L4 slip,0.6797954354327077,0.7171958707828653,0.1717591786854408,4.4749310287671795
capacity,9106,s_rl,1.0,dropout,intact,0.576540412962807,0.4568605060661611,0.149538752970816,3.2918940478555445
capacity,9106,s_rl,1.0,dropout,L4 failure,1.1034747369487905,1.539609687723048,0.6132356691625179,8.12474785418853
capacity,9106,s_rl,1.0,dropout,L4 slip,0.6877296924341911,0.7262142310952241,0.25313573781823784,4.5220579182038065
capacity,9106,s_rl,1.0,intermittent,intact,0.5981907391055862,0.456646154157106,0.1832931182357965,3.4697728416741356
capacity,9106,s_rl,1.0,intermittent,L4 failure,0.9547869687624955,1.2703875272868408,0.2179146588381135,7.0651892941464585
capacity,9106,s_rl,1.0,intermittent,L4 slip,0.6698501102650827,0.6604233797468538,0.1777220464312566,4.339380135267928
capacity,9106,s_rl,1.0,delayed,intact,0.6277595032839535,0.6100370151532449,0.25809272300599134,3.9026454553178342
capacity,9106,s_rl,1.0,delayed,L4 failure,0.9382116642708214,1.2460630247203421,0.12185565004535999,6.9751084301717485
capacity,9106,s_rl,1.0,delayed,L4 slip,0.6952819265088583,0.7499350058245986,0.20646177037404873,4.618077300250104
capacity,9106,s_rl,1.0,noisy,intact,0.658634794706431,0.6368960794277462,0.21340997145279647,4.119157094113048
capacity,9106,s_rl,1.0,noisy,L4 failure,0.9794093208221022,1.290238343178678,0.12574400882368378,7.285295167523817
capacity,9106,s_rl,1.0,noisy,L4 slip,0.7446284678232584,0.8159355925863035,0.172267735934943,5.022076548944029
capacity,9106,s_rl,1.0,stuck,intact,0.8320487235093703,1.006302890524797,0.5980777129495983,5.462651143980996
capacity,9106,s_rl,1.0,stuck,L4 failure,0.9963855022457215,1.3506477595955027,0.41318357805747985,7.385811026939212
capacity,9106,s_rl,1.0,stuck,L4 slip,0.8476310265843275,1.0487395266913628,0.5360258179884992,5.796464038789025
capacity,9106,sine,0.0,always,intact,0.6844719621356149,0.8774998436517315,0.04711162266835422,4.790295650766264
capacity,9106,sine,0.0,always,L4 failure,1.4948601503544292,2.324100691055965,0.6334320243918423,11.26254159955543
capacity,9106,sine,0.0,always,L4 slip,0.9725959737688495,1.4167636688606369,0.2121234703330795,7.270245780728866
capacity,9106,sine,0.0,dropout,intact,0.6844719621356149,0.8774998436517315,0.04711162266835422,4.790295650766264
capacity,9106,sine,0.0,dropout,L4 failure,1.4948601503544292,2.324100691055965,0.6334320243918423,11.26254159955543
capacity,9106,sine,0.0,dropout,L4 slip,0.9725959737688495,1.4167636688606369,0.2121234703330795,7.270245780728866
capacity,9106,sine,0.0,intermittent,intact,0.6844719621356149,0.8774998436517315,0.04711162266835422,4.790295650766264
capacity,9106,sine,0.0,intermittent,L4 failure,1.4948601503544292,2.324100691055965,0.6334320243918423,11.26254159955543
capacity,9106,sine,0.0,intermittent,L4 slip,0.9725959737688495,1.4167636688606369,0.2121234703330795,7.270245780728866
capacity,9106,sine,0.0,delayed,intact,0.6844719621356149,0.8774998436517315,0.04711162266835422,4.790295650766264
capacity,9106,sine,0.0,delayed,L4 failure,1.4948601503544292,2.324100691055965,0.6334320243918423,11.26254159955543
capacity,9106,sine,0.0,delayed,L4 slip,0.9725959737688495,1.4167636688606369,0.2121234703330795,7.270245780728866
capacity,9106,sine,0.0,noisy,intact,0.6844719621356149,0.8774998436517315,0.04711162266835422,4.790295650766264
capacity,9106,sine,0.0,noisy,L4 failure,1.4948601503544292,2.324100691055965,0.6334320243918423,11.26254159955543
capacity,9106,sine,0.0,noisy,L4 slip,0.9725959737688495,1.4167636688606369,0.2121234703330795,7.270245780728866
capacity,9106,sine,0.0,stuck,intact,0.6844719621356149,0.8774998436517315,0.04711162266835422,4.790295650766264
capacity,9106,sine,0.0,stuck,L4 failure,1.4948601503544292,2.324100691055965,0.6334320243918423,11.26254159955543
capacity,9106,sine,0.0,stuck,L4 slip,0.9725959737688495,1.4167636688606369,0.2121234703330795,7.270245780728866
capacity,9106,sine,0.025,always,intact,0.5830071152901218,0.6581737431597602,0.057119102178013394,3.7999235637566855
capacity,9106,sine,0.025,always,L4 failure,1.3378224007607813,2.058673535705923,0.5041835435687622,10.098785182861345
capacity,9106,sine,0.025,always,L4 slip,0.8364318333288009,1.1646826086432986,0.10828160323565608,6.145296253119189
capacity,9106,sine,0.025,dropout,intact,0.5978570820255398,0.6962466509457957,0.0408029267612827,3.954424384576359
capacity,9106,sine,0.025,dropout,L4 failure,1.3880060316540956,2.142090758100939,0.5913869642030873,10.434464366017536
capacity,9106,sine,0.025,dropout,L4 slip,0.8682438010720952,1.2268041361722521,0.1724802535728354,6.396681437348754
capacity,9106,sine,0.025,intermittent,intact,0.6468856807083117,0.7987701911394266,0.04590226927050234,4.435986156636936
capacity,9106,sine,0.025,intermittent,L4 failure,1.4399405551001248,2.2316454750746653,0.5886687764803957,10.857219870348885
capacity,9106,sine,0.025,intermittent,L4 slip,0.9256433361756192,1.3307885049958568,0.17449866090490943,6.889428482086783
capacity,9106,sine,0.025,delayed,intact,0.5891532205670268,0.6702664470124453,0.05680484123662882,3.8599223169012307
capacity,9106,sine,0.025,delayed,L4 failure,1.350089909777964,2.079280200571591,0.5102892557959772,10.19323495867458
capacity,9106,sine,0.025,delayed,L4 slip,0.845801311821099,1.181369407990558,0.11222724959156698,6.2249551609743525
capacity,9106,sine,0.025,noisy,intact,0.5801568365884557,0.6515446266886964,0.05683776250483534,3.7685572660260522
capacity,9106,sine,0.025,noisy,L4 failure,1.334627560392801,2.052899502827792,0.5064512500677638,10.070996143181349
capacity,9106,sine,0.025,noisy,L4 slip,0.8337737480512025,1.159539399627989,0.10888876552751658,6.120694001742123
capacity,9106,sine,0.025,stuck,intact,0.5824945716981053,0.6568820199630441,0.05458513888276436,3.7946448280008926
capacity,9106,sine,0.025,stuck,L4 failure,1.3517915042641064,2.0813784442549403,0.5374137148862168,10.189704483284977
capacity,9106,sine,0.025,stuck,L4 slip,0.8408717306697623,1.1733127309122282,0.1264975660345029,6.179881229138712
capacity,9106,sine,0.05,always,intact,0.5155217787025369,0.49588063149181794,0.09239553943924368,3.059606504784543
capacity,9106,sine,0.05,always,L4 failure,1.2059594805895584,1.8323934851873382,0.38973185716488973,9.107325172405304
capacity,9106,sine,0.05,always,L4 slip,0.7323112067717688,0.9620537626621328,0.057237531295190255,5.236999322655198
capacity,9106,sine,0.05,dropout,intact,0.5308430508411517,0.5416348675496137,0.04556326173998766,3.245532033932223
capacity,9106,sine,0.05,dropout,L4 failure,1.2920083818058754,1.9773058692581258,0.5533156449544113,9.689336601167215
capacity,9106,sine,0.05,dropout,L4 slip,0.7782309560802271,1.0575349180943934,0.13678461789572505,5.623189892464018
capacity,9106,sine,0.05,intermittent,intact,0.6134166292750626,0.7261225280857962,0.05038542515876073,4.108392790270147
capacity,9106,sine,0.05,intermittent,L4 failure,1.387808702252587,2.1434902087401015,0.5455737593788227,10.470879785736244
capacity,9106,sine,0.05,intermittent,L4 slip,0.8823182576290025,1.2502300685593366,0.14019461575452832,6.532157167950668
capacity,9106,sine,0.05,delayed,intact,0.5233039246524879,0.5111130895241588,0.0929373122382445,3.1388865165774273
capacity,9106,sine,0.05,delayed,L4 failure,1.22573680961794,1.8658378635037516,0.39986270755503206,9.261236023911893
capacity,9106,sine,0.05,delayed,L4 slip,0.7456602194380749,0.9861937407121133,0.058635275082316085,5.3548552652528905
capacity,9106,sine,0.05,noisy,intact,0.5116281043750761,0.48543518525379187,0.09161650039056322,3.009914864776166
capacity,9106,sine,0.05,noisy,L4 failure,1.1998839393711462,1.821317977162004,0.3938051426322523,9.054707381663802
capacity,9106,sine,0.05,noisy,L4 slip,0.7281019161018525,0.9533715283251125,0.05683602714196188,5.195529822545665
capacity,9106,sine,0.05,stuck,intact,0.5134944672675154,0.48961385545642633,0.10143601350672245,3.034250924384601
capacity,9106,sine,0.05,stuck,L4 failure,1.2287426699519286,1.8700217324124746,0.45454395611459725,9.257850515846082
capacity,9106,sine,0.05,stuck,L4 slip,0.7356728780325293,0.9691739045889374,0.05601942053376472,5.265498745768969
capacity,9106,sine,0.1,always,intact,0.4546224049319349,0.3378173007554833,0.13072975807558831,2.3086968207173095
capacity,9106,sine,0.1,always,L4 failure,1.0135196696365476,1.4931409039929888,0.2168843676305973,7.619153312148886
capacity,9106,sine,0.1,always,L4 slip,0.6006907111070503,0.6857273676892935,0.06098916288204269,3.988677285493479
capacity,9106,sine,0.1,dropout,intact,0.45528835733156053,0.3414699556636383,0.09371240987460246,2.3244795914610914
capacity,9106,sine,0.1,dropout,L4 failure,1.130692265130353,1.6967140402206158,0.48822591859596154,8.433191846910354
capacity,9106,sine,0.1,dropout,L4 slip,0.6403936055530666,0.7812185853021626,0.07633166298491559,4.374230211948357
capacity,9106,sine,0.1,intermittent,intact,0.5580709491255634,0.5991924393457114,0.0658699516110609,3.533832856629674
capacity,9106,sine,0.1,intermittent,L4 failure,1.2918421211192066,1.9800175090447965,0.4642505278982134,9.754754663400945
capacity,9106,sine,0.1,intermittent,L4 slip,0.8059741315438667,1.1047916564645521,0.08135171156158906,5.88590711575976
capacity,9106,sine,0.1,delayed,intact,0.46128266933138956,0.34827506902749844,0.13894742062325355,2.370881967277452
capacity,9106,sine,0.1,delayed,L4 failure,1.0367194615153956,1.5326987882826155,0.22761734331388253,7.804742896275569
capacity,9106,sine,0.1,delayed,L4 slip,0.6131544885764559,0.7073779490687759,0.06304377987900052,4.102646930756466
capacity,9106,sine,0.1,noisy,intact,0.4527515332488532,0.33024530271988717,0.12635211205931016,2.2710775001974564
capacity,9106,sine,0.1,noisy,L4 failure,1.0035666640356837,1.4743380324402953,0.22337837218465947,7.531786071154847
capacity,9106,sine,0.1,noisy,L4 slip,0.5964542878765192,0.6751039946296024,0.05763230912032311,3.938594106189505
capacity,9106,sine,0.1,stuck,intact,0.45943065280999096,0.35290092741253937,0.18153816977640952,2.3686210336874582
capacity,9106,sine,0.1,stuck,L4 failure,1.0376644200913578,1.5346615227278293,0.3248208140974087,7.784873435670081
capacity,9106,sine,0.1,stuck,L4 slip,0.5983822926974108,0.6798520533164562,0.05785797621529472,3.9650771099720004
capacity,9106,sine,0.2,always,intact,0.4496245529400669,0.35034756865523276,0.08481950781095604,2.319120468315683
capacity,9106,sine,0.2,always,L4 failure,0.8197072597345785,1.1338429439667714,0.09169930548755248,6.044303388794083
capacity,9106,sine,0.2,always,L4 slip,0.5124712859484745,0.4815733713305518,0.060628766093300236,3.053492189672988
capacity,9106,sine,0.2,dropout,intact,0.4700729194855457,0.40824420366230757,0.16631076398656153,2.5495592241443994
capacity,9106,sine,0.2,dropout,L4 failure,0.913559142712245,1.307031917992297,0.3959542079156933,6.727963077663896
capacity,9106,sine,0.2,dropout,L4 slip,0.5134996345077908,0.48631623567717686,0.018818793000874683,3.0707710488555993
capacity,9106,sine,0.2,intermittent,intact,0.48751551780533503,0.4218662656233514,0.11371826102587886,2.719374060654176
capacity,9106,sine,0.2,intermittent,L4 failure,1.1320648989233182,1.7032852398830456,0.32014675433494777,8.543021785638409
capacity,9106,sine,0.2,intermittent,L4 slip,0.6900479450709998,0.8722987871532716,0.05162788767674783,4.848679553005031
capacity,9106,sine,0.2,delayed,intact,0.4625981241814199,0.3794804206375772,0.09997794598813348,2.4461073091224663
capacity,9106,sine,0.2,delayed,L4 failure,0.8321516820527298,1.152899836810569,0.09158501252093401,6.143705910606787
capacity,9106,sine,0.2,delayed,L4 slip,0.5201593912418153,0.49032867360341664,0.07305665062269222,3.1080232493189985
capacity,9106,sine,0.2,noisy,intact,0.45451713673420446,0.360715683234251,0.07024559671749646,2.375279753341674
capacity,9106,sine,0.2,noisy,L4 failure,0.8113263737123524,1.115049339152967,0.09782329144115962,5.961529430428219
capacity,9106,sine,0.2,noisy,L4 slip,0.5142290101850976,0.48047071193766655,0.04609612309246633,3.056369472788534
capacity,9106,sine,0.2,stuck,intact,0.4967117972128331,0.4771286308493101,0.22381871989594143,2.827760461856879
capacity,9106,sine,0.2,stuck,L4 failure,0.8261780234943893,1.1455463711972753,0.18286757579128068,6.090607032932081
capacity,9106,sine,0.2,stuck,L4 slip,0.5214549184746694,0.5054998646036475,0.13491536733394033,3.1500130495411884
capacity,9106,sine,0.4,always,intact,0.44563981980313583,0.32837763571778933,0.07210764990252025,2.372735932655082
capacity,9106,sine,0.4,always,L4 failure,0.7223124233527469,0.940269848366334,0.08759858396806279,5.225640014788048
capacity,9106,sine,0.4,always,L4 slip,0.49310084162517354,0.4299001213820137,0.046135757982606204,2.8901640872977694
capacity,9106,sine,0.4,dropout,intact,0.5930898878270389,0.7191605252537568,0.2119274969401773,3.954573897388382
capacity,9106,sine,0.4,dropout,L4 failure,0.7455431519405737,0.9850179683329724,0.31684773886822953,5.393541248375875
capacity,9106,sine,0.4,dropout,L4 slip,0.5304743998020285,0.5385381757383711,0.07198256035161692,3.331762560750377
capacity,9106,sine,0.4,intermittent,intact,0.448517111734658,0.3227851949679936,0.12766249775663926,2.2199600736515444
capacity,9106,sine,0.4,intermittent,L4 failure,0.9269681553610115,1.334253313883676,0.14401021284993148,6.925106652349749
capacity,9106,sine,0.4,intermittent,L4 slip,0.5684034060660674,0.6041048609675798,0.07317218948520944,3.6409400575140602
capacity,9106,sine,0.4,delayed,intact,0.46954637589909165,0.3926909074045928,0.09950465353626142,2.6664637521358765
capacity,9106,sine,0.4,delayed,L4 failure,0.7202509250300643,0.9274743446167871,0.08596905497607576,5.188967011793712
capacity,9106,sine,0.4,delayed,L4 slip,0.5046448217530709,0.4477324236888315,0.0647038980731093,2.9882850242656778
capacity,9106,sine,0.4,noisy,intact,0.45773036054167904,0.33416190743279356,0.09746736667766091,2.4543497690725005
capacity,9106,sine,0.4,noisy,L4 failure,0.7281779177815099,0.9422071552871429,0.10268357587729593,5.257220994892865
capacity,9106,sine,0.4,noisy,L4 slip,0.5080729050472913,0.449072414786567,0.06916463042022138,3.0186958010530844
capacity,9106,sine,0.4,stuck,intact,0.5036925790591047,0.5141876608412799,0.05871113365932225,3.121876849854651
capacity,9106,sine,0.4,stuck,L4 failure,0.716014086566318,0.9269718189331526,0.17641804817312445,5.173326219956799
capacity,9106,sine,0.4,stuck,L4 slip,0.5166669592406271,0.5014615836777312,0.03234557484242507,3.1807167105404113
capacity,9106,sine,1.0,always,intact,0.4396493313424886,0.29631697204919305,0.1802338934375482,2.306997337027826
capacity,9106,sine,1.0,always,L4 failure,0.7282499881404648,0.956738557188318,0.14178504403340228,5.316875656316717
capacity,9106,sine,1.0,always,L4 slip,0.5055773789902174,0.46685122244248,0.1584154055879238,3.1005536530609183
capacity,9106,sine,1.0,dropout,intact,0.5157746080845854,0.5318861511195687,0.1058926249240364,3.305200413830068
capacity,9106,sine,1.0,dropout,L4 failure,0.7350210364038876,0.9631314125030765,0.36516248020637215,5.343068116662986
capacity,9106,sine,1.0,dropout,L4 slip,0.5149277559660704,0.49103492040431773,0.019746282023158812,3.233729940303684
capacity,9106,sine,1.0,intermittent,intact,0.4577605762540112,0.36454024548386654,0.04958289477771468,2.5014694638835673
capacity,9106,sine,1.0,intermittent,L4 failure,0.7371057000373786,0.9656666088696992,0.08533815274850007,5.338813421065914
capacity,9106,sine,1.0,intermittent,L4 slip,0.5173249452299197,0.47630031209869,0.021283705957226097,3.1068307657587377
capacity,9106,sine,1.0,delayed,intact,0.4646612590875565,0.33096984861638135,0.23866539359099354,2.5407740119211
capacity,9106,sine,1.0,delayed,L4 failure,0.7368963703724059,0.962120973002557,0.17645186368045535,5.356704594446369
capacity,9106,sine,1.0,delayed,L4 slip,0.5245070295225612,0.4845299119704066,0.20831007940282237,3.2439621233425076
capacity,9106,sine,1.0,noisy,intact,0.4938366291392589,0.38817311308737856,0.19240768008545112,2.798843277718566
capacity,9106,sine,1.0,noisy,L4 failure,0.7906542791035387,1.0457566421460314,0.15220195863971195,5.804436853096518
capacity,9106,sine,1.0,noisy,L4 slip,0.5764938826063802,0.5870066785884592,0.16802980260128653,3.730292217073993
capacity,9106,sine,1.0,stuck,intact,0.5323286976533365,0.5211415901143348,0.5088679221108616,3.2081783449928922
capacity,9106,sine,1.0,stuck,L4 failure,0.7678094654533643,1.0230055091048753,0.46134683466874604,5.57293649315325
capacity,9106,sine,1.0,stuck,L4 slip,0.5751689694487802,0.6182773258495514,0.47396064459985354,3.7054421489901466
capacity,9106,chirp,0.0,always,intact,0.885510484278167,1.2184012286748973,0.06933855277635068,6.6503848932950325
capacity,9106,chirp,0.0,always,L4 failure,1.6086869228763911,2.4913721233149517,0.6581721259203661,12.257020802676442
capacity,9106,chirp,0.0,always,L4 slip,1.1485435619769089,1.6949873236913728,0.243390949344382,8.81933082509432
capacity,9106,chirp,0.0,dropout,intact,0.885510484278167,1.2184012286748973,0.06933855277635068,6.6503848932950325
capacity,9106,chirp,0.0,dropout,L4 failure,1.6086869228763911,2.4913721233149517,0.6581721259203661,12.257020802676442
capacity,9106,chirp,0.0,dropout,L4 slip,1.1485435619769089,1.6949873236913728,0.243390949344382,8.81933082509432
capacity,9106,chirp,0.0,intermittent,intact,0.885510484278167,1.2184012286748973,0.06933855277635068,6.6503848932950325
capacity,9106,chirp,0.0,intermittent,L4 failure,1.6086869228763911,2.4913721233149517,0.6581721259203661,12.257020802676442
capacity,9106,chirp,0.0,intermittent,L4 slip,1.1485435619769089,1.6949873236913728,0.243390949344382,8.81933082509432
capacity,9106,chirp,0.0,delayed,intact,0.885510484278167,1.2184012286748973,0.06933855277635068,6.6503848932950325
capacity,9106,chirp,0.0,delayed,L4 failure,1.6086869228763911,2.4913721233149517,0.6581721259203661,12.257020802676442
capacity,9106,chirp,0.0,delayed,L4 slip,1.1485435619769089,1.6949873236913728,0.243390949344382,8.81933082509432
capacity,9106,chirp,0.0,noisy,intact,0.885510484278167,1.2184012286748973,0.06933855277635068,6.6503848932950325
capacity,9106,chirp,0.0,noisy,L4 failure,1.6086869228763911,2.4913721233149517,0.6581721259203661,12.257020802676442
capacity,9106,chirp,0.0,noisy,L4 slip,1.1485435619769089,1.6949873236913728,0.243390949344382,8.81933082509432
capacity,9106,chirp,0.0,stuck,intact,0.885510484278167,1.2184012286748973,0.06933855277635068,6.6503848932950325
capacity,9106,chirp,0.0,stuck,L4 failure,1.6086869228763911,2.4913721233149517,0.6581721259203661,12.257020802676442
capacity,9106,chirp,0.0,stuck,L4 slip,1.1485435619769089,1.6949873236913728,0.243390949344382,8.81933082509432
capacity,9106,chirp,0.025,always,intact,0.7576389829637875,0.9651309867411715,0.04383189832212009,5.511259601246217
capacity,9106,chirp,0.025,always,L4 failure,1.4469119132518748,2.2213412914440576,0.5200795242360974,11.06887670030843
capacity,9106,chirp,0.025,always,L4 slip,0.9961326407403548,1.4200254999335677,0.11780492277578145,7.59555100183621
capacity,9106,chirp,0.025,dropout,intact,0.7904893145556019,1.0387009825228908,0.03696292472334403,5.810325929000901
capacity,9106,chirp,0.025,dropout,L4 failure,1.5079010159490538,2.3219474265038187,0.6163079932250456,11.47535839036243
capacity,9106,chirp,0.025,dropout,L4 slip,1.045201218143652,1.5128856772406043,0.20323175676417993,7.972160124140749
capacity,9106,chirp,0.025,intermittent,intact,0.8393211746498696,1.128947903061746,0.04145529972064181,6.2497615907947965
capacity,9106,chirp,0.025,intermittent,L4 failure,1.5528460116705534,2.3985026953789186,0.6105379863198919,11.84885978186112
capacity,9106,chirp,0.025,intermittent,L4 slip,1.0957458840589236,1.600658783069686,0.19861321459786768,8.40303351796989
capacity,9106,chirp,0.025,delayed,intact,0.7670535757752898,0.9825622639512428,0.04293761405686044,5.5967837958416
capacity,9106,chirp,0.025,delayed,L4 failure,1.4606306023218136,2.2441582908690845,0.5264977794912558,11.175310211537955
capacity,9106,chirp,0.025,delayed,L4 slip,1.0081210166708787,1.4409545547721003,0.12284046507591154,7.695528711449256
capacity,9106,chirp,0.025,noisy,intact,0.7541333155253687,0.9584172604063074,0.04382994411484971,5.47788874164004
capacity,9106,chirp,0.025,noisy,L4 failure,1.4440321376422234,2.2162933491215475,0.5227013165470743,11.042681852559642
capacity,9106,chirp,0.025,noisy,L4 slip,0.9934163496305498,1.4152759220292173,0.11935313884996024,7.571165470130956
capacity,9106,chirp,0.025,stuck,intact,0.7598793822152706,0.9703533329334654,0.04063656190980203,5.532216563424594
capacity,9106,chirp,0.025,stuck,L4 failure,1.4618945004467514,2.2456791343571254,0.5493519755296884,11.166528852516636
capacity,9106,chirp,0.025,stuck,L4 slip,1.0043911417718505,1.4357120809130677,0.13996513925689133,7.658530548120658
capacity,9106,chirp,0.05,always,intact,0.66237139161647,0.760366017818612,0.10453489428941982,4.5795385084943545
capacity,9106,chirp,0.05,always,L4 failure,1.305304920027505,1.9818004912585507,0.39188379982146515,10.014188254265687
capacity,9106,chirp,0.05,always,L4 slip,0.8747958187709652,1.1914468704767476,0.04399245063481423,6.570079607545373
capacity,9106,chirp,0.05,dropout,intact,0.7083698122129617,0.8762636496666938,0.03210590107176506,5.051238266036311
capacity,9106,chirp,0.05,dropout,L4 failure,1.415328131913631,2.1656438552718464,0.5776347857350018,10.75589983284105
capacity,9106,chirp,0.05,dropout,L4 slip,0.9524043328277016,1.3464134247674062,0.1662775713668528,7.198761688606976
capacity,9106,chirp,0.05,intermittent,intact,0.7970181341140088,1.044950951507856,0.03552678354487145,5.872473009234944
capacity,9106,chirp,0.05,intermittent,L4 failure,1.4988571354950475,2.3083793529050096,0.5636672064937835,11.452933307105312
capacity,9106,chirp,0.05,intermittent,L4 slip,1.0464405016461606,1.5113498822290876,0.1565472045516591,8.008090321638042
capacity,9106,chirp,0.05,delayed,intact,0.676046756394507,0.7861290350590346,0.10354431027820912,4.710466403889348
capacity,9106,chirp,0.05,delayed,L4 failure,1.3287636995551175,2.021023528951033,0.4030372464624863,10.19816261570615
capacity,9106,chirp,0.05,delayed,L4 slip,0.8931756032161537,1.2239679464907798,0.04721824429245625,6.72908341692083
capacity,9106,chirp,0.05,noisy,intact,0.6567116434607556,0.7489412799597763,0.1036266517536828,4.521567238334845
capacity,9106,chirp,0.05,noisy,L4 failure,1.2998727050630412,1.9723150642491902,0.3973288607099158,9.96487902475888
capacity,9106,chirp,0.05,noisy,L4 slip,0.8700089977290393,1.1829428777478121,0.04413340512987075,6.5259780898752275
capacity,9106,chirp,0.05,stuck,intact,0.6623757264824887,0.7603725193218288,0.10690665758473102,4.579541947312906
capacity,9106,chirp,0.05,stuck,L4 failure,1.332131331014758,2.0262030835920335,0.4516604827373822,10.192161759743218
capacity,9106,chirp,0.05,stuck,L4 slip,0.883578838963759,1.2096230426727312,0.05150453806906642,6.643081461034581
capacity,9106,chirp,0.1,always,intact,0.5506691279009374,0.500903542196894,0.18384868233145452,3.354098172442038
capacity,9106,chirp,0.1,always,L4 failure,1.0901397252140421,1.608558658761671,0.1836376508507538,8.35931255249507
capacity,9106,chirp,0.1,always,L4 slip,0.7102139954821607,0.8614177930016342,0.0968513315074584,5.063226516299791
capacity,9106,chirp,0.1,dropout,intact,0.5832708723853905,0.6059432305459819,0.06468657982326768,3.785166110184467
capacity,9106,chirp,0.1,dropout,L4 failure,1.2536999964906477,1.8907717962260464,0.5092348938061242,9.49486801582691
capacity,9106,chirp,0.1,dropout,L4 slip,0.797771213041872,1.0594945415463335,0.10133067874194097,5.867734549962329
capacity,9106,chirp,0.1,intermittent,intact,0.7235113698716803,0.8930156955358399,0.0609282546225657,5.186578325147217
capacity,9106,chirp,0.1,intermittent,L4 failure,1.3973407050525846,2.1378104982224624,0.47322459785720844,10.703478944893707
capacity,9106,chirp,0.1,intermittent,L4 slip,0.9580576144669987,1.3477274672323563,0.08136882749766475,7.281968392278583
capacity,9106,chirp,0.1,delayed,intact,0.564918549623447,0.5246000779500385,0.19256918570001766,3.491461433781059
capacity,9106,chirp,0.1,delayed,L4 failure,1.120931683913937,1.6603537177298038,0.1954443292246974,8.609348206237067
capacity,9106,chirp,0.1,delayed,L4 slip,0.7309827233047895,0.8973654476880142,0.1001981458293251,5.2521248273702525
capacity,9106,chirp,0.1,noisy,intact,0.5442239649660273,0.48798054282404973,0.17918029122266105,3.2815245403805164
capacity,9106,chirp,0.1,noisy,L4 failure,1.079767196586355,1.5905695637231143,0.19156372779476163,8.267428057096968
capacity,9106,chirp,0.1,noisy,L4 slip,0.7040616099236139,0.8505150413632279,0.09128994392728008,5.002645241297119
capacity,9106,chirp,0.1,stuck,intact,0.5502905072495149,0.5005165426064118,0.23664818086889108,3.3520690050504287
capacity,9106,chirp,0.1,stuck,L4 failure,1.1219923866892778,1.6640938164809718,0.28755474443232804,8.581522477250848
capacity,9106,chirp,0.1,stuck,L4 slip,0.7110277580058191,0.8634379673451242,0.09948023173946172,5.0714293660103635
capacity,9106,chirp,0.2,always,intact,0.49673423615460827,0.4418290663249156,0.18635349327985393,2.875014381394675
capacity,9106,chirp,0.2,always,L4 failure,0.8632794859828286,1.1997874581080634,0.04394363084558141,6.50119318630701
capacity,9106,chirp,0.2,always,L4 slip,0.5782222759952182,0.5965101344194762,0.15417859098323544,3.7514344838883966
capacity,9106,chirp,0.2,dropout,intact,0.47949942207021173,0.37714175519310517,0.1550591627025619,2.622191558152886
capacity,9106,chirp,0.2,dropout,L4 failure,1.0144766382225026,1.477408558577375,0.4037166290033172,7.609818794392448
capacity,9106,chirp,0.2,dropout,L4 slip,0.6042263479801253,0.6684460623455317,0.0375543428005677,4.047683926729954
capacity,9106,chirp,0.2,intermittent,intact,0.6164672926058298,0.6531446738037102,0.14149880038808038,4.087998447336895
capacity,9106,chirp,0.2,intermittent,L4 failure,1.224066605907108,1.8420571337433542,0.310929096416815,9.400298622055864
capacity,9106,chirp,0.2,intermittent,L4 slip,0.8188668776773004,1.078026696722025,0.04574162886619381,6.074643816236523
capacity,9106,chirp,0.2,delayed,intact,0.5130995610856476,0.46808947748524987,0.21284878759034093,3.026532171094017
capacity,9106,chirp,0.2,delayed,L4 failure,0.8873715846868337,1.2374714664119053,0.04666555597588229,6.70493127054028
capacity,9106,chirp,0.2,delayed,L4 slip,0.594869422435195,0.6194470915539696,0.1769549545910933,3.8958572868377077
capacity,9106,chirp,0.2,noisy,intact,0.49384961891165413,0.4403419527084139,0.1712172993167385,2.8455079894092585
capacity,9106,chirp,0.2,noisy,L4 failure,0.8523909289278258,1.1810652461172304,0.04530530323098278,6.398362607501293
capacity,9106,chirp,0.2,noisy,L4 slip,0.574847580284353,0.5924629806514293,0.13887106418032527,3.7160679959161627
capacity,9106,chirp,0.2,stuck,intact,0.5517196443956961,0.582345014605599,0.3834682024029817,3.435984430318587
capacity,9106,chirp,0.2,stuck,L4 failure,0.8714105749190545,1.2155961451018702,0.06686338923141148,6.563857276875649
capacity,9106,chirp,0.2,stuck,L4 slip,0.5929950884128604,0.638225109996422,0.28093776200366993,3.9181107714814036
capacity,9106,chirp,0.4,always,intact,0.48440787457039186,0.4856576987886232,0.10463266831390192,2.907283571739318
capacity,9106,chirp,0.4,always,L4 failure,0.729611402304244,0.963501342271446,0.04736724612908757,5.351893469972961
capacity,9106,chirp,0.4,always,L4 slip,0.5330321496873269,0.5543362695946323,0.08321382168302159,3.3889256018698606
capacity,9106,chirp,0.4,dropout,intact,0.5522666064594882,0.645376070798385,0.24672197530429374,3.542735477060895
capacity,9106,chirp,0.4,dropout,L4 failure,0.7776640165702876,1.0570594760291059,0.28446301096545457,5.707390773345297
capacity,9106,chirp,0.4,dropout,L4 slip,0.5310908054630518,0.5493647554723952,0.1041642041367233,3.365190333899305
capacity,9106,chirp,0.4,intermittent,intact,0.5205502647836819,0.44385692442539054,0.20369197967210723,3.036666380617591
capacity,9106,chirp,0.4,intermittent,L4 failure,0.9921032673530386,1.4325300309561304,0.0951752798146587,7.57308691548886
capacity,9106,chirp,0.4,intermittent,L4 slip,0.6586592389042412,0.7453597306976297,0.14622440192493585,4.541849020162185
capacity,9106,chirp,0.4,delayed,intact,0.5163433338777668,0.5539814538652387,0.1267649422951742,3.2175312391219166
capacity,9106,chirp,0.4,delayed,L4 failure,0.7418692625146397,0.9755724949461004,0.055754666701731924,5.445662987244884
capacity,9106,chirp,0.4,delayed,L4 slip,0.5563566637622069,0.5965919946765068,0.10181060338690615,3.600008317317813
capacity,9106,chirp,0.4,noisy,intact,0.4834835140450114,0.4789054327440687,0.10212608406791386,2.890846084799821
capacity,9106,chirp,0.4,noisy,L4 failure,0.7283357506947855,0.9621364373793991,0.04389989158007468,5.329962981218293
capacity,9106,chirp,0.4,noisy,L4 slip,0.5366057112135797,0.5595625825482287,0.07841330098635516,3.419506619440388
capacity,9106,chirp,0.4,stuck,intact,0.6505836921965735,0.8391842346184291,0.39575627210417424,4.324131816972331
capacity,9106,chirp,0.4,stuck,L4 failure,0.7359325415560513,0.9769468587092016,0.08418329238122943,5.407130867986064
capacity,9106,chirp,0.4,stuck,L4 slip,0.6367571743274496,0.7916048354211849,0.34522719338344315,4.340627731938066
capacity,9106,chirp,1.0,always,intact,0.4149067699441719,0.3066345753194556,0.113787568233963,2.191218856854021
capacity,9106,chirp,1.0,always,L4 failure,0.6755782193760156,0.8910949308760415,0.05463400943231367,4.932891506693894
capacity,9106,chirp,1.0,always,L4 slip,0.4815253683663761,0.467084698536533,0.08692368999737698,2.982069950559435
capacity,9106,chirp,1.0,dropout,intact,0.622823605712325,0.8319753839429967,0.24346574055030956,4.325163462197625
capacity,9106,chirp,1.0,dropout,L4 failure,0.6676534092789008,0.8730661479031514,0.23395615984188667,4.853298655656515
capacity,9106,chirp,1.0,dropout,L4 slip,0.578547269762103,0.7152018422931887,0.1270861987540578,3.993627260530232
capacity,9106,chirp,1.0,intermittent,intact,0.50047661819202,0.5056427369447418,0.10146010237876432,3.0311679325542693
capacity,9106,chirp,1.0,intermittent,L4 failure,0.758160759844468,1.0090619126661147,0.051756644022969936,5.5935825598803435
capacity,9106,chirp,1.0,intermittent,L4 slip,0.5654827770349167,0.5969824814421083,0.09367504430614138,3.670258835635442
capacity,9106,chirp,1.0,delayed,intact,0.43527186717356986,0.3394078951250483,0.1649018257201269,2.3963193495168036
capacity,9106,chirp,1.0,delayed,L4 failure,0.6820543403088793,0.892142517678649,0.07915954085132582,4.972341443041595
capacity,9106,chirp,1.0,delayed,L4 slip,0.4982371019546658,0.48747942338584915,0.12917876747359394,3.1256404747125033
capacity,9106,chirp,1.0,noisy,intact,0.4476546117014622,0.3662778431673009,0.11151827045684101,2.5184144249336766
capacity,9106,chirp,1.0,noisy,L4 failure,0.7260340595632908,0.9733095265744061,0.07091121116130723,5.344105456715074
capacity,9106,chirp,1.0,noisy,L4 slip,0.5348997105483608,0.5653928289041839,0.08599427534097819,3.489044595151303
capacity,9106,chirp,1.0,stuck,intact,0.4460259409342815,0.4185035913433012,0.09673905327608481,2.6457502319543624
capacity,9106,chirp,1.0,stuck,L4 failure,0.6662635036631525,0.8717120097897906,0.1427911234101915,4.856723300683133
capacity,9106,chirp,1.0,stuck,L4 slip,0.4986524682635709,0.5162723658083948,0.09317451854419385,3.1840192585458484
sensor_comm,9101,straight,0.0,always,intact,0.39380063887039424,0.45734013769749354,0.1134166673559441,2.4905685715310737
sensor_comm,9101,straight,0.0,always,L4 failure,0.9028800899956266,1.3610863813615661,0.36129748470354717,6.8948099890919226
sensor_comm,9101,straight,0.0,always,L4 slip,0.41042147137692353,0.4519577729166788,0.020271268603877714,2.6380957503669453
sensor_comm,9101,straight,0.0,dropout,intact,0.39380063887039424,0.45734013769749354,0.1134166673559441,2.4905685715310737
sensor_comm,9101,straight,0.0,dropout,L4 failure,0.9028800899956266,1.3610863813615661,0.36129748470354717,6.8948099890919226
sensor_comm,9101,straight,0.0,dropout,L4 slip,0.41042147137692353,0.4519577729166788,0.020271268603877714,2.6380957503669453
sensor_comm,9101,straight,0.0,intermittent,intact,0.39380063887039424,0.45734013769749354,0.1134166673559441,2.4905685715310737
sensor_comm,9101,straight,0.0,intermittent,L4 failure,0.9028800899956266,1.3610863813615661,0.36129748470354717,6.8948099890919226
sensor_comm,9101,straight,0.0,intermittent,L4 slip,0.41042147137692353,0.4519577729166788,0.020271268603877714,2.6380957503669453
sensor_comm,9101,straight,0.0,delayed,intact,0.39380063887039424,0.45734013769749354,0.1134166673559441,2.4905685715310737
sensor_comm,9101,straight,0.0,delayed,L4 failure,0.9028800899956266,1.3610863813615661,0.36129748470354717,6.8948099890919226
sensor_comm,9101,straight,0.0,delayed,L4 slip,0.41042147137692353,0.4519577729166788,0.020271268603877714,2.6380957503669453
sensor_comm,9101,straight,0.0,noisy,intact,0.39380063887039424,0.45734013769749354,0.1134166673559441,2.4905685715310737
sensor_comm,9101,straight,0.0,noisy,L4 failure,0.9028800899956266,1.3610863813615661,0.36129748470354717,6.8948099890919226
sensor_comm,9101,straight,0.0,noisy,L4 slip,0.41042147137692353,0.4519577729166788,0.020271268603877714,2.6380957503669453
sensor_comm,9101,straight,0.0,stuck,intact,0.39380063887039424,0.45734013769749354,0.1134166673559441,2.4905685715310737
sensor_comm,9101,straight,0.0,stuck,L4 failure,0.9028800899956266,1.3610863813615661,0.36129748470354717,6.8948099890919226
sensor_comm,9101,straight,0.0,stuck,L4 slip,0.41042147137692353,0.4519577729166788,0.020271268603877714,2.6380957503669453
sensor_comm,9101,straight,0.025,always,intact,0.3791081373011865,0.4241458685967344,0.0944099704332965,2.346781030528567
sensor_comm,9101,straight,0.025,always,L4 failure,0.9004828980995148,1.3580926466589016,0.3288216506146632,6.882455695961678
sensor_comm,9101,straight,0.025,always,L4 slip,0.4063935239906126,0.44259747914705905,0.013046028016298578,2.5956483268408386
sensor_comm,9101,straight,0.025,dropout,intact,0.3877621491645963,0.4444349803137409,0.11040249239131965,2.4298569647767
sensor_comm,9101,straight,0.025,dropout,L4 failure,0.903857446937534,1.3630081084768833,0.3627261180333566,6.901054157683006
sensor_comm,9101,straight,0.025,dropout,L4 slip,0.4083936131287248,0.4478324595794364,0.018369933110588516,2.6173095645289752
sensor_comm,9101,straight,0.025,intermittent,intact,0.38870222186740044,0.445976901183296,0.10674021971048302,2.4414318983718815
sensor_comm,9101,straight,0.025,intermittent,L4 failure,0.901962377111034,1.3599194904701326,0.3500548513890541,6.8898148059060675
sensor_comm,9101,straight,0.025,intermittent,L4 slip,0.4089868642403054,0.44867348335109,0.017646780144854175,2.623058395476202
sensor_comm,9101,straight,0.025,delayed,intact,0.3805809917078688,0.42747633606172125,0.09579279455441833,2.361658636533606
sensor_comm,9101,straight,0.025,delayed,L4 failure,0.9012238475048902,1.3592339151091257,0.3330859586632312,6.886797630137207
sensor_comm,9101,straight,0.025,delayed,L4 slip,0.40666966759606316,0.44318190448670103,0.013417636108510055,2.5984693555832354
sensor_comm,9101,straight,0.025,noisy,intact,0.38217522756637173,0.43031788792201897,0.09459960403523801,2.3777544424029697
sensor_comm,9101,straight,0.025,noisy,L4 failure,0.9001919171409761,1.3571087422265156,0.3290142957854333,6.8815253210584615
sensor_comm,9101,straight,0.025,noisy,L4 slip,0.4084147938589749,0.4459288734663212,0.012680227891822127,2.6147752124807795
sensor_comm,9101,straight,0.025,stuck,intact,0.3827391050574516,0.4326617201363222,0.10298748986108205,2.3811537472419935
sensor_comm,9101,straight,0.025,stuck,L4 failure,0.9030613906478074,1.3617352408741656,0.3591925024884791,6.896364820278016
sensor_comm,9101,straight,0.025,stuck,L4 slip,0.4069591330734758,0.4441099586085414,0.014866288224809732,2.601759078703568
sensor_comm,9101,straight,0.05,always,intact,0.3662819740515545,0.3938407567918599,0.07781372867175948,2.2151687207689714
sensor_comm,9101,straight,0.05,always,L4 failure,0.8984526032939065,1.3555818603861205,0.29815051998575637,6.872215255541713
sensor_comm,9101,straight,0.05,always,L4 slip,0.4030844835961396,0.4349681995957747,0.007194685307674814,2.5605432765114386
sensor_comm,9101,straight,0.05,dropout,intact,0.38210078786649565,0.43220161368388743,0.1075439420795686,2.3723037560073807
sensor_comm,9101,straight,0.05,dropout,L4 failure,0.9047428929825714,1.3647559371410203,0.36397539838701753,6.906741523204436
sensor_comm,9101,straight,0.05,dropout,L4 slip,0.4065576899303071,0.44412023672631146,0.01660241617097942,2.5984919820101093
sensor_comm,9101,straight,0.05,intermittent,intact,0.38381756680625984,0.4349296130054522,0.10034338657945777,2.3936221964689106
sensor_comm,9101,straight,0.05,intermittent,L4 failure,0.9010998195094526,1.3588303191036906,0.33897590436267133,6.885151300699196
sensor_comm,9101,straight,0.05,intermittent,L4 slip,0.4076392287669574,0.4455941008654339,0.015187863140417524,2.6088893175823396
sensor_comm,9101,straight,0.05,delayed,intact,0.36880244211590135,0.399752402849356,0.08007002714884637,2.2417176849707587
sensor_comm,9101,straight,0.05,delayed,L4 failure,0.8997826075855212,1.357654261510358,0.30585657498947344,6.8800267472269985
sensor_comm,9101,straight,0.05,delayed,L4 slip,0.40349896037120847,0.43580483688826843,0.007692881813849739,2.5647344475807694
sensor_comm,9101,straight,0.05,noisy,intact,0.3717350382586722,0.40483060373437196,0.07744574542149807,2.271367769518933
sensor_comm,9101,straight,0.05,noisy,L4 failure,0.8982448588907825,1.3542217146331699,0.2991708952271201,6.872773961375784
sensor_comm,9101,straight,0.05,noisy,L4 slip,0.4068168839555506,0.4408150300346937,0.006038196252680273,2.5953242293046674
sensor_comm,9101,straight,0.05,stuck,intact,0.3726288619673605,0.40945976148432345,0.09324810303288658,2.2782241339129743
sensor_comm,9101,straight,0.05,stuck,L4 failure,0.9030370939596039,1.362027319765995,0.35644104675850236,6.896681998252352
sensor_comm,9101,straight,0.05,stuck,L4 slip,0.4039414222212485,0.43728773226485884,0.009998299457375003,2.5699202205413103
sensor_comm,9101,straight,0.1,always,intact,0.345378552670147,0.34096046157951515,0.05073711965095753,1.9845793069901267
sensor_comm,9101,straight,0.1,always,L4 failure,0.895292420601173,1.3517532689532423,0.24269144379183594,6.856976048842904
sensor_comm,9101,straight,0.1,always,L4 slip,0.3981363689292957,0.42382177409269917,0.0039208238411575875,2.5079053355219836
sensor_comm,9101,straight,0.1,dropout,intact,0.3718123508464906,0.4096030565284968,0.10225847046868601,2.2659806764683914
sensor_comm,9101,straight,0.1,dropout,L4 failure,0.9062483550934665,1.3677518956135462,0.3659826737924761,6.916489878395693
sensor_comm,9101,straight,0.1,dropout,L4 slip,0.4033881469507743,0.43777818813071256,0.013434109311183356,2.566044307589406
sensor_comm,9101,straight,0.1,intermittent,intact,0.37465990005033806,0.4137522021384788,0.088346929298797,2.3018567317412177
sensor_comm,9101,straight,0.1,intermittent,L4 failure,0.8995346242720874,1.356878564363699,0.3173406963419426,6.876790844099858
sensor_comm,9101,straight,0.1,intermittent,L4 slip,0.405184178904215,0.44000771553509316,0.010735348596871995,2.5829823361202635
sensor_comm,9101,straight,0.1,delayed,intact,0.3490420077512318,0.35019549621485757,0.05361469986540821,2.0265615934228536
sensor_comm,9101,straight,0.1,delayed,L4 failure,0.8974747674052362,1.3552329337582822,0.2548360888509637,6.869843644326818
sensor_comm,9101,straight,0.1,delayed,L4 slip,0.39856593636495624,0.42452753965600465,0.0040115208804274915,2.5119916467902286
sensor_comm,9101,straight,0.1,noisy,intact,0.3539741813187592,0.3579146600439757,0.047536552531386264,2.075502744987696
sensor_comm,9101,straight,0.1,noisy,L4 failure,0.8961116243856226,1.351069442859299,0.24665930501660044,6.866214214540846
sensor_comm,9101,straight,0.1,noisy,L4 slip,0.40465502726075375,0.4329686817035528,0.007284706691118734,2.5664482981406427
sensor_comm,9101,straight,0.1,stuck,intact,0.35498954046196135,0.36714723188136783,0.0756585603151213,2.0903413052455675
sensor_comm,9101,straight,0.1,stuck,L4 failure,0.9024437859278017,1.3616607531839517,0.34923330373392353,6.894016528452511
sensor_comm,9101,straight,0.1,stuck,L4 slip,0.3990238336685448,0.42626631809427984,0.0032280137071061922,2.517802281598558
sensor_comm,9101,straight,0.2,always,intact,0.3176370715535131,0.2605463153596037,0.01695783050662376,1.6307738432312349
sensor_comm,9101,straight,0.2,always,L4 failure,0.8914190013652156,1.3473001657550838,0.1549725901318216,6.8407534058981305
sensor_comm,9101,straight,0.2,always,L4 slip,0.39258889483349985,0.41238327707186845,0.009025011561941406,2.4497596470055036
sensor_comm,9101,straight,0.2,dropout,intact,0.3547759360291822,0.37096421963020054,0.09319704511690644,2.0841666376521695
sensor_comm,9101,straight,0.2,dropout,L4 failure,0.9082849496843636,1.371920731275231,0.36831939404151104,6.929926596673295
sensor_comm,9101,straight,0.2,dropout,L4 slip,0.3986390999134234,0.42851317333829203,0.008351840987434793,2.5177105692428285
sensor_comm,9101,straight,0.2,intermittent,intact,0.3585905984629936,0.374858666799946,0.06727305544273873,2.1328832072992236
sensor_comm,9101,straight,0.2,intermittent,L4 failure,0.8969934699437784,1.353815739423615,0.2763383837169916,6.86365889387284
sensor_comm,9101,straight,0.2,intermittent,L4 slip,0.4011067135440961,0.43085014932793547,0.0045363770057480265,2.539767085620877
sensor_comm,9101,straight,0.2,delayed,intact,0.32142692247737176,0.2713152048193668,0.01863919909917558,1.6813984278135572
sensor_comm,9101,straight,0.2,delayed,L4 failure,0.8945679699208925,1.3525630645253652,0.1682821612495648,6.859528580778536
sensor_comm,9101,straight,0.2,delayed,L4 slip,0.39261395446656533,0.4118440825166706,0.009865363743125336,2.448835743993067
sensor_comm,9101,straight,0.2,noisy,intact,0.32851271743604726,0.27759986276968973,0.01559931522826698,1.73954933220228
sensor_comm,9101,straight,0.2,noisy,L4 failure,0.8964863509226554,1.3517374468094123,0.16693709850255317,6.882523509810046
sensor_comm,9101,straight,0.2,noisy,L4 slip,0.40360716702386434,0.42513888926136056,0.022510676112913547,2.541533243499261
sensor_comm,9101,straight,0.2,stuck,intact,0.32831293679211115,0.29680434586763355,0.04694663810937415,1.7773518307314937
sensor_comm,9101,straight,0.2,stuck,L4 failure,0.8995813256663926,1.357959082127906,0.32940994751644226,6.878443316280374
sensor_comm,9101,straight,0.2,stuck,L4 slip,0.3924835404694512,0.41208840171198036,0.010226739804357848,2.448584431573793
sensor_comm,9101,straight,0.4,always,intact,0.2924529652043451,0.1689727453745205,0.015491711236040201,1.2184983623594723
sensor_comm,9101,straight,0.4,always,L4 failure,0.8877048727169515,1.3430834745796951,0.06026789460470211,6.830341694898095
sensor_comm,9101,straight,0.4,always,L4 slip,0.3892892894142807,0.40838845843379606,0.008380773122219213,2.4192127930473752
sensor_comm,9101,straight,0.4,dropout,intact,0.33112733625929724,0.31403590628865613,0.0797373861855909,1.8161715084643875
sensor_comm,9101,straight,0.4,dropout,L4 failure,0.9092302393830015,1.3744409156178565,0.36809222453655177,6.936959131775929
sensor_comm,9101,straight,0.4,dropout,L4 slip,0.3931975409308937,0.4185669769394874,0.003032043230341648,2.4636125002806755
sensor_comm,9101,straight,0.4,intermittent,intact,0.33395802547429854,0.30938323251395144,0.034930745879028884,1.8468146440588982
sensor_comm,9101,straight,0.4,intermittent,L4 failure,0.8937825840040984,1.3503726515727617,0.20423035567848932,6.848924316723681
sensor_comm,9101,straight,0.4,intermittent,L4 slip,0.39546525624527634,0.4187295615188754,0.0065424055602029425,2.4800549023403073
sensor_comm,9101,straight,0.4,delayed,intact,0.29441012568787445,0.173540936947386,0.018728609146396593,1.244869304105063
sensor_comm,9101,straight,0.4,delayed,L4 failure,0.8916984211404632,1.350373552668683,0.0691115595620482,6.8552786283201845
sensor_comm,9101,straight,0.4,delayed,L4 slip,0.3885185779826914,0.4059466972245563,0.010309850320360364,2.408975439489399
sensor_comm,9101,straight,0.4,noisy,intact,0.3042902582307383,0.16066746674485258,0.04469693479340546,1.2450855042952602
sensor_comm,9101,straight,0.4,noisy,L4 failure,0.9060031734024381,1.3661524749219744,0.0800382641692289,6.9724266340916135
sensor_comm,9101,straight,0.4,noisy,L4 slip,0.41113605489470256,0.43337786584943777,0.035577702161308025,2.590772263944969
sensor_comm,9101,straight,0.4,stuck,intact,0.29830729523470245,0.20010273706132234,0.008688672543121894,1.344739905205329
sensor_comm,9101,straight,0.4,stuck,L4 failure,0.8906534053344926,1.3445255475008584,0.2767008935597043,6.8275014362153215
sensor_comm,9101,straight,0.4,stuck,L4 slip,0.3867110969388374,0.4011721745765849,0.020999835768797194,2.389863578382211
sensor_comm,9101,straight,1.0,always,intact,0.2778118505227059,0.12260737282876064,0.009518277693976456,0.9727090493034869
sensor_comm,9101,straight,1.0,always,L4 failure,0.8821181522575112,1.3334004975739215,0.016532757648597747,6.813869310013087
sensor_comm,9101,straight,1.0,always,L4 slip,0.39013319981600114,0.41590070720226213,0.004515822168955196,2.43966143075322
sensor_comm,9101,straight,1.0,dropout,intact,0.30098316819843784,0.2331812319924734,0.06011441323037364,1.4344788067316963
sensor_comm,9101,straight,1.0,dropout,L4 failure,0.8997191279956286,1.3589306082539712,0.3496318554621173,6.877653548979476
sensor_comm,9101,straight,1.0,dropout,L4 slip,0.38897305110702074,0.41257148812550526,0.003652033261846333,2.426871184586717
sensor_comm,9101,straight,1.0,intermittent,intact,0.2970328512275418,0.18654293783221262,0.014761644408638535,1.3001876180196164
sensor_comm,9101,straight,1.0,intermittent,L4 failure,0.8906943752300166,1.3489276490498183,0.07381240505414359,6.84492031629373
sensor_comm,9101,straight,1.0,intermittent,L4 slip,0.3888914285084812,0.4076399885112023,0.010428036723723505,2.4140003116524498
sensor_comm,9101,straight,1.0,delayed,intact,0.27761933345403517,0.11853125178122222,0.01297239378208107,0.9564272107585776
sensor_comm,9101,straight,1.0,delayed,L4 failure,0.8850062984929672,1.3395508021712401,0.022997247383385547,6.836184113921958
sensor_comm,9101,straight,1.0,delayed,L4 slip,0.389106675175607,0.41428843098639145,0.006272813309498091,2.4278982918739693
sensor_comm,9101,straight,1.0,noisy,intact,0.31340647289689927,0.17258546917654763,0.049424646464950296,1.2422379861740638
sensor_comm,9101,straight,1.0,noisy,L4 failure,0.9580111048650475,1.4416696669757463,0.028952179899472064,7.404579937516229
sensor_comm,9101,straight,1.0,noisy,L4 slip,0.4807433687233942,0.5602112374748369,0.033226788825982664,3.193282723345026
sensor_comm,9101,straight,1.0,stuck,intact,0.2766778248302231,0.11125562844311317,0.029030552416954864,0.9274251125022354
sensor_comm,9101,straight,1.0,stuck,L4 failure,0.8742062513131834,1.3181974162201282,0.10670516598703736,6.742422690088181
sensor_comm,9101,straight,1.0,stuck,L4 slip,0.3860304714013921,0.40475366198318385,0.015071360918586846,2.393526472771196
sensor_comm,9101,s_lr,0.0,always,intact,0.4555207177817346,0.35800707126766274,0.10718004391517177,2.765658486210807
sensor_comm,9101,s_lr,0.0,always,L4 failure,1.045205886231132,1.4887239871243323,0.3188667516870252,8.267068653024495
sensor_comm,9101,s_lr,0.0,always,L4 slip,0.552372473739768,0.5192041818594362,0.014031230871389088,3.6879974808208305
sensor_comm,9101,s_lr,0.0,dropout,intact,0.4555207177817346,0.35800707126766274,0.10718004391517177,2.765658486210807
sensor_comm,9101,s_lr,0.0,dropout,L4 failure,1.045205886231132,1.4887239871243323,0.3188667516870252,8.267068653024495
sensor_comm,9101,s_lr,0.0,dropout,L4 slip,0.552372473739768,0.5192041818594362,0.014031230871389088,3.6879974808208305
sensor_comm,9101,s_lr,0.0,intermittent,intact,0.4555207177817346,0.35800707126766274,0.10718004391517177,2.765658486210807
sensor_comm,9101,s_lr,0.0,intermittent,L4 failure,1.045205886231132,1.4887239871243323,0.3188667516870252,8.267068653024495
sensor_comm,9101,s_lr,0.0,intermittent,L4 slip,0.552372473739768,0.5192041818594362,0.014031230871389088,3.6879974808208305
sensor_comm,9101,s_lr,0.0,delayed,intact,0.4555207177817346,0.35800707126766274,0.10718004391517177,2.765658486210807
sensor_comm,9101,s_lr,0.0,delayed,L4 failure,1.045205886231132,1.4887239871243323,0.3188667516870252,8.267068653024495
sensor_comm,9101,s_lr,0.0,delayed,L4 slip,0.552372473739768,0.5192041818594362,0.014031230871389088,3.6879974808208305
sensor_comm,9101,s_lr,0.0,noisy,intact,0.4555207177817346,0.35800707126766274,0.10718004391517177,2.765658486210807
sensor_comm,9101,s_lr,0.0,noisy,L4 failure,1.045205886231132,1.4887239871243323,0.3188667516870252,8.267068653024495
sensor_comm,9101,s_lr,0.0,noisy,L4 slip,0.552372473739768,0.5192041818594362,0.014031230871389088,3.6879974808208305
sensor_comm,9101,s_lr,0.0,stuck,intact,0.4555207177817346,0.35800707126766274,0.10718004391517177,2.765658486210807
sensor_comm,9101,s_lr,0.0,stuck,L4 failure,1.045205886231132,1.4887239871243323,0.3188667516870252,8.267068653024495
sensor_comm,9101,s_lr,0.0,stuck,L4 slip,0.552372473739768,0.5192041818594362,0.014031230871389088,3.6879974808208305
sensor_comm,9101,s_lr,0.025,always,intact,0.46239768958015726,0.38318935727228315,0.11782901614037704,2.8716100468015657
sensor_comm,9101,s_lr,0.025,always,L4 failure,1.0198252045778966,1.439412864788213,0.24244133382982952,8.07281533662587
sensor_comm,9101,s_lr,0.025,always,L4 slip,0.5548755492535931,0.5253184625362701,0.03524249622480156,3.717672364350051
sensor_comm,9101,s_lr,0.025,dropout,intact,0.4578147728474551,0.36578649688014203,0.1100705272197811,2.8000354667173477
sensor_comm,9101,s_lr,0.025,dropout,L4 failure,1.0383964447607976,1.4751521383816761,0.3117067267863765,8.212693180121953
sensor_comm,9101,s_lr,0.025,dropout,L4 slip,0.5525312549782982,0.5182106615510302,0.0160374156904046,3.686973573018767
sensor_comm,9101,s_lr,0.025,intermittent,intact,0.4577943279679732,0.36662050298190046,0.11098892004628849,2.8017183568906865
sensor_comm,9101,s_lr,0.025,intermittent,L4 failure,1.036021265332457,1.471090411800711,0.29226550510719473,8.197322071307603
sensor_comm,9101,s_lr,0.025,intermittent,L4 slip,0.5528508867348656,0.5197251717613114,0.020009192081500284,3.692154969741324
sensor_comm,9101,s_lr,0.025,delayed,intact,0.46193391356052066,0.381787271457123,0.11827480493028938,2.8652941118971835
sensor_comm,9101,s_lr,0.025,delayed,L4 failure,1.0230166018941207,1.4458251079218496,0.2481476916829223,8.098325327169361
sensor_comm,9101,s_lr,0.025,delayed,L4 slip,0.5547726463063722,0.525314959696766,0.03448597468553129,3.7170635478223897
sensor_comm,9101,s_lr,0.025,noisy,intact,0.4632758429423558,0.38692744237912297,0.11807886469809996,2.8849945685846876
sensor_comm,9101,s_lr,0.025,noisy,L4 failure,1.0186556804484923,1.4369334788213202,0.24290725261155108,8.062238088880704
sensor_comm,9101,s_lr,0.025,noisy,L4 slip,0.5552659297937369,0.5260067299113572,0.03493753017081437,3.7205303382099104
sensor_comm,9101,s_lr,0.025,stuck,intact,0.4619961893326907,0.38169885289737593,0.12063588794399446,2.8652780905852104
sensor_comm,9101,s_lr,0.025,stuck,L4 failure,1.0280586811329135,1.4550544681464235,0.2823452880610019,8.134353289479483
sensor_comm,9101,s_lr,0.025,stuck,L4 slip,0.554033350662001,0.5226561649891727,0.02910314411620138,3.706538322173981
sensor_comm,9101,s_lr,0.05,always,intact,0.46928482473454336,0.4066235479900728,0.12643704870307257,2.9704895684867503
sensor_comm,9101,s_lr,0.05,always,L4 failure,1.0002958172601477,1.4002743665307558,0.1751153944938138,7.919267865828973
sensor_comm,9101,s_lr,0.05,always,L4 slip,0.5588267008333723,0.536820810193474,0.057050412653124626,3.768833146073093
sensor_comm,9101,s_lr,0.05,dropout,intact,0.4601886966219099,0.37368438790573977,0.1129539029662491,2.8348556344106015
sensor_comm,9101,s_lr,0.05,dropout,L4 failure,1.031826657252402,1.461999775380856,0.3046313346808964,8.160029482389715
sensor_comm,9101,s_lr,0.05,dropout,L4 slip,0.5528627296604516,0.5178652300737273,0.01885539616385009,3.6885207677655893
sensor_comm,9101,s_lr,0.05,intermittent,intact,0.460088620395177,0.3750647654758287,0.11456324861264489,2.8371005596016663
sensor_comm,9101,s_lr,0.05,intermittent,L4 failure,1.0275584938042948,1.4546692517981612,0.26634466654179123,8.132449551815986
sensor_comm,9101,s_lr,0.05,intermittent,L4 slip,0.5535462810525693,0.5210834770602688,0.028108430782043604,3.6996687272852284
sensor_comm,9101,s_lr,0.05,delayed,intact,0.4684683857536874,0.4043515019246572,0.1277656278650115,2.9600473085635812
sensor_comm,9101,s_lr,0.05,delayed,L4 failure,1.0053112032509717,1.4106092508467973,0.18416866499849002,7.960334380421753
sensor_comm,9101,s_lr,0.05,delayed,L4 slip,0.5584533812218536,0.5361827814381901,0.0562884728401406,3.7651447610928273
sensor_comm,9101,s_lr,0.05,noisy,intact,0.47093056297301533,0.4131057651189419,0.1261192675760669,2.9932162732001504
sensor_comm,9101,s_lr,0.05,noisy,L4 failure,0.9986860847749287,1.3967123239755637,0.17624176696625166,7.903865327034264
sensor_comm,9101,s_lr,0.05,noisy,L4 slip,0.5598617531126964,0.5389727756797924,0.05576897061698669,3.777699257532255
sensor_comm,9101,s_lr,0.05,stuck,intact,0.4689095618000894,0.4052280211103575,0.13372795662729814,2.9641988714919787
sensor_comm,9101,s_lr,0.05,stuck,L4 failure,1.0128381058231457,1.4246760056839487,0.24693830789679433,8.014866307288735
sensor_comm,9101,s_lr,0.05,stuck,L4 slip,0.5567988894394968,0.5302812135115604,0.04745495864786081,3.7417360329866627
sensor_comm,9101,s_lr,0.1,always,intact,0.48255031385184644,0.44817433948151375,0.13816230042854552,3.1467076285132936
sensor_comm,9101,s_lr,0.1,always,L4 failure,0.9748290833580394,1.34713468265929,0.0667169900540884,7.7126943781442865
sensor_comm,9101,s_lr,0.1,always,L4 slip,0.5692418843428101,0.5676819701136038,0.09073628041930593,3.9023277163825045
sensor_comm,9101,s_lr,0.1,dropout,intact,0.4651547768754331,0.3897467686753967,0.11867617986135945,2.9054633353594204
sensor_comm,9101,s_lr,0.1,dropout,L4 failure,1.0194301541497117,1.4370157592951114,0.2907620879575536,8.060091908653204
sensor_comm,9101,s_lr,0.1,dropout,L4 slip,0.5540203039204942,0.5190425669716064,0.026605872390879665,3.6990153846132707
sensor_comm,9101,s_lr,0.1,intermittent,intact,0.4647118187944776,0.3914271275267814,0.12102748802403437,2.905755508921835
sensor_comm,9101,s_lr,0.1,intermittent,L4 failure,1.0126890004830362,1.425366196929303,0.2174660320568365,8.016930628186133
sensor_comm,9101,s_lr,0.1,intermittent,L4 slip,0.5555063849005658,0.5259548067776392,0.04445518076995451,3.723332827606858
sensor_comm,9101,s_lr,0.1,delayed,intact,0.48146331113349133,0.4456548325469343,0.14223696315318415,3.134175145588391
sensor_comm,9101,s_lr,0.1,delayed,L4 failure,0.9809154537385641,1.3602146480446637,0.07641726274127095,7.764525372429265
sensor_comm,9101,s_lr,0.1,delayed,L4 slip,0.5683331901844455,0.5658649987608442,0.09195292119206484,3.893021406114008
sensor_comm,9101,s_lr,0.1,noisy,intact,0.4850482247436925,0.45719144486461294,0.13489880432007273,3.1760773313586705
sensor_comm,9101,s_lr,0.1,noisy,L4 failure,0.9737646042216888,1.3442796215777524,0.07071659176975482,7.69958744132419
sensor_comm,9101,s_lr,0.1,noisy,L4 slip,0.5717121449980503,0.5727273447537561,0.08610966630090482,3.9231769631035904
sensor_comm,9101,s_lr,0.1,stuck,intact,0.48375287746686696,0.4513835169650219,0.15875624789411455,3.1582578048030054
sensor_comm,9101,s_lr,0.1,stuck,L4 failure,0.9879911813082329,1.3738744020644642,0.17952905555998072,7.815874061259638
sensor_comm,9101,s_lr,0.1,stuck,L4 slip,0.5651033858673623,0.5549575210707463,0.08233157906130147,3.849690226007684
sensor_comm,9101,s_lr,0.2,always,intact,0.5049664512652832,0.5112062360125138,0.1439919364692618,3.4176036370808833
sensor_comm,9101,s_lr,0.2,always,L4 failure,0.9563837817230096,1.3053588323911431,0.06972083205833106,7.557029645932786
sensor_comm,9101,s_lr,0.2,always,L4 slip,0.5921161984771768,0.630803922543272,0.12658700305655746,4.1736077312830515
sensor_comm,9101,s_lr,0.2,dropout,intact,0.47579450623341696,0.422376062420172,0.1298099640411912,3.048253177993763
sensor_comm,9101,s_lr,0.2,dropout,L4 failure,0.9976872555486846,1.392597933466234,0.26430200591658976,7.882857917514497
sensor_comm,9101,s_lr,0.2,dropout,L4 slip,0.5581014484911091,0.5279873110947771,0.04236841831022514,3.7460084341934934
sensor_comm,9101,s_lr,0.2,intermittent,intact,0.4739318530236967,0.4219679952817053,0.13135736224149358,3.03429832853754
sensor_comm,9101,s_lr,0.2,intermittent,L4 failure,0.9902802728466834,1.379900561056377,0.1314722881656603,7.838701697271211
sensor_comm,9101,s_lr,0.2,intermittent,L4 slip,0.5611920364201343,0.5419351145325357,0.07291374734627377,3.79565993214692
sensor_comm,9101,s_lr,0.2,delayed,intact,0.5051143851780674,0.5128957118428676,0.1554792662076437,3.420510063517874
sensor_comm,9101,s_lr,0.2,delayed,L4 failure,0.9610332922592286,1.315955744216063,0.0759945740742106,7.5988868640208445
sensor_comm,9101,s_lr,0.2,delayed,L4 slip,0.5916175780571356,0.6310092531461804,0.13567986633146517,4.171394619865412
sensor_comm,9101,s_lr,0.2,noisy,intact,0.5059732128022341,0.5157699883098904,0.131358671365,3.4211992111593434
sensor_comm,9101,s_lr,0.2,noisy,L4 failure,0.9584541078302046,1.308117264594489,0.05987950268977178,7.566958261164825
sensor_comm,9101,s_lr,0.2,noisy,L4 slip,0.5964060802088158,0.6374459466244593,0.11331303937886243,4.201924423990955
sensor_comm,9101,s_lr,0.2,stuck,intact,0.5156398422525671,0.5381462823228353,0.20388330738782212,3.5233333941355514
sensor_comm,9101,s_lr,0.2,stuck,L4 failure,0.9585218416675545,1.3106742019350637,0.05852574719254128,7.571911319585244
sensor_comm,9101,s_lr,0.2,stuck,L4 slip,0.5892311339078822,0.6234176905170916,0.14346752548946634,4.141195510517696
sensor_comm,9101,s_lr,0.4,always,intact,0.5303216774715076,0.5742338806432782,0.1224892521927673,3.7013760768409547
sensor_comm,9101,s_lr,0.4,always,L4 failure,0.9603655017321777,1.3085005868989554,0.14299876414957857,7.58834673983952
sensor_comm,9101,s_lr,0.4,always,L4 slip,0.6233895857847466,0.7068310764399255,0.12646683585645369,4.5087552231751795
sensor_comm,9101,s_lr,0.4,dropout,intact,0.49853044745094144,0.48611155524166294,0.15012220857422856,3.3256296941581933
sensor_comm,9101,s_lr,0.4,dropout,L4 failure,0.9659968471789997,1.3260821999099732,0.21722254745792235,7.619259878747318
sensor_comm,9101,s_lr,0.4,dropout,L4 slip,0.5712965700223553,0.5631535982331404,0.0699259895779,3.907164765606615
sensor_comm,9101,s_lr,0.4,intermittent,intact,0.4912990107650506,0.47416830934965387,0.14277174386002783,3.2556387674853697
sensor_comm,9101,s_lr,0.4,intermittent,L4 failure,0.9674160628887001,1.330878109352677,0.025989997817945486,7.650637123331871
sensor_comm,9101,s_lr,0.4,intermittent,L4 slip,0.5764034114505505,0.5847156392636581,0.11322067254169207,3.9836183717043596
sensor_comm,9101,s_lr,0.4,delayed,intact,0.5367620728655943,0.592773800731908,0.1410766595695677,3.771976263158294
sensor_comm,9101,s_lr,0.4,delayed,L4 failure,0.9638378178387306,1.316433983412947,0.1672971670159781,7.621471799231206
sensor_comm,9101,s_lr,0.4,delayed,L4 slip,0.6284180961356192,0.7216785434209985,0.14867889955170838,4.566332318438195
sensor_comm,9101,s_lr,0.4,noisy,intact,0.5216870698154819,0.5532123727607674,0.09991457223749996,3.5841128398640394
sensor_comm,9101,s_lr,0.4,noisy,L4 failure,0.9698845394778767,1.3235979651942142,0.12535366888986937,7.654899826968526
sensor_comm,9101,s_lr,0.4,noisy,L4 slip,0.629322044734194,0.7104800904711306,0.1040369142433026,4.528890105401564
sensor_comm,9101,s_lr,0.4,stuck,intact,0.5773869687708788,0.6819686953730664,0.27363854927992637,4.130294118429673
sensor_comm,9101,s_lr,0.4,stuck,L4 failure,0.9566982594552662,1.3016684013799051,0.12931100564471762,7.553466261623445
sensor_comm,9101,s_lr,0.4,stuck,L4 slip,0.6458769577563458,0.762580284771771,0.23261922689604092,4.728387147102329
sensor_comm,9101,s_lr,1.0,always,intact,0.5291817050291351,0.5494570786368108,0.15393412036080273,3.6527676607023567
sensor_comm,9101,s_lr,1.0,always,L4 failure,0.9768806470581775,1.3367156135333331,0.11926725242591615,7.722724221998027
sensor_comm,9101,s_lr,1.0,always,L4 slip,0.6321946415182241,0.7098705384651129,0.1284838819404246,4.564872863959422
sensor_comm,9101,s_lr,1.0,dropout,intact,0.5583071000436756,0.6318081547626546,0.19144016455546167,3.955648056547466
sensor_comm,9101,s_lr,1.0,dropout,L4 failure,0.9351688061019118,1.256389789074081,0.12314840516185921,7.352760410755607
sensor_comm,9101,s_lr,1.0,dropout,L4 slip,0.6170019796662226,0.6809633649914091,0.12115160817092988,4.418975394637788
sensor_comm,9101,s_lr,1.0,intermittent,intact,0.5268778639365705,0.5674098105834253,0.12576583727290633,3.662953462897395
sensor_comm,9101,s_lr,1.0,intermittent,L4 failure,0.969065586482564,1.3276407089337146,0.14348657559330028,7.663707579348515
sensor_comm,9101,s_lr,1.0,intermittent,L4 slip,0.6198040813097554,0.6923835568061969,0.1414881271307098,4.4622211650628705
sensor_comm,9101,s_lr,1.0,delayed,intact,0.5445029637701554,0.592511741468415,0.17063686875091216,3.8355387395731095
sensor_comm,9101,s_lr,1.0,delayed,L4 failure,0.980269410031063,1.342538516559173,0.13594211418488558,7.758057114255826
sensor_comm,9101,s_lr,1.0,delayed,L4 slip,0.6442321047234355,0.7398225891879477,0.1473580789834255,4.698344668555167
sensor_comm,9101,s_lr,1.0,noisy,intact,0.51965761919742,0.510419173280344,0.12489467193259247,3.4400688940327138
sensor_comm,9101,s_lr,1.0,noisy,L4 failure,1.0260857501907414,1.412671923197103,0.10502740476004935,8.102380000477226
sensor_comm,9101,s_lr,1.0,noisy,L4 slip,0.6835271398085204,0.793246841412817,0.09611629688326737,4.966386806720171
sensor_comm,9101,s_lr,1.0,stuck,intact,0.6743529452575274,0.8793064324335091,0.3460136214632823,4.974736671766538
sensor_comm,9101,s_lr,1.0,stuck,L4 failure,1.039634390924063,1.4604117409380422,0.34745287502517097,8.220379238941979
sensor_comm,9101,s_lr,1.0,stuck,L4 slip,0.7304379082457748,0.9410863544132448,0.30378344357758386,5.488996650635615
sensor_comm,9101,s_rl,0.0,always,intact,0.5644882461083708,0.7211535828798427,0.14307104110167596,4.214398687028395
sensor_comm,9101,s_rl,0.0,always,L4 failure,0.8360820555284987,1.2441406813659783,0.382051867625954,6.443687013765028
sensor_comm,9101,s_rl,0.0,always,L4 slip,0.5035080249004983,0.5902850828505518,0.05218241523746643,3.6150335674631453
sensor_comm,9101,s_rl,0.0,dropout,intact,0.5644882461083708,0.7211535828798427,0.14307104110167596,4.214398687028395
sensor_comm,9101,s_rl,0.0,dropout,L4 failure,0.8360820555284987,1.2441406813659783,0.382051867625954,6.443687013765028
sensor_comm,9101,s_rl,0.0,dropout,L4 slip,0.5035080249004983,0.5902850828505518,0.05218241523746643,3.6150335674631453
sensor_comm,9101,s_rl,0.0,intermittent,intact,0.5644882461083708,0.7211535828798427,0.14307104110167596,4.214398687028395
sensor_comm,9101,s_rl,0.0,intermittent,L4 failure,0.8360820555284987,1.2441406813659783,0.382051867625954,6.443687013765028
sensor_comm,9101,s_rl,0.0,intermittent,L4 slip,0.5035080249004983,0.5902850828505518,0.05218241523746643,3.6150335674631453
sensor_comm,9101,s_rl,0.0,delayed,intact,0.5644882461083708,0.7211535828798427,0.14307104110167596,4.214398687028395
sensor_comm,9101,s_rl,0.0,delayed,L4 failure,0.8360820555284987,1.2441406813659783,0.382051867625954,6.443687013765028
sensor_comm,9101,s_rl,0.0,delayed,L4 slip,0.5035080249004983,0.5902850828505518,0.05218241523746643,3.6150335674631453
sensor_comm,9101,s_rl,0.0,noisy,intact,0.5644882461083708,0.7211535828798427,0.14307104110167596,4.214398687028395
sensor_comm,9101,s_rl,0.0,noisy,L4 failure,0.8360820555284987,1.2441406813659783,0.382051867625954,6.443687013765028
sensor_comm,9101,s_rl,0.0,noisy,L4 slip,0.5035080249004983,0.5902850828505518,0.05218241523746643,3.6150335674631453
sensor_comm,9101,s_rl,0.0,stuck,intact,0.5644882461083708,0.7211535828798427,0.14307104110167596,4.214398687028395
sensor_comm,9101,s_rl,0.0,stuck,L4 failure,0.8360820555284987,1.2441406813659783,0.382051867625954,6.443687013765028
sensor_comm,9101,s_rl,0.0,stuck,L4 slip,0.5035080249004983,0.5902850828505518,0.05218241523746643,3.6150335674631453
sensor_comm,9101,s_rl,0.025,always,intact,0.5211711321052938,0.6254064521568958,0.0898758099992808,3.8038967846894978
sensor_comm,9101,s_rl,0.025,always,L4 failure,0.8378821419877978,1.2473350727883403,0.4066744254604505,6.4336417339052865
sensor_comm,9101,s_rl,0.025,always,L4 slip,0.4676015033988892,0.5009691437157118,0.013794400484211367,3.2291698887143747
sensor_comm,9101,s_rl,0.025,dropout,intact,0.5444023954168844,0.6805921846059062,0.13303991408840665,4.027956588441019
sensor_comm,9101,s_rl,0.025,dropout,L4 failure,0.8355674594695345,1.244269243540987,0.3934141415109259,6.425603605639477
sensor_comm,9101,s_rl,0.025,dropout,L4 slip,0.4870892283314257,0.5549773595353035,0.0426505652872249,3.4494597864676537
sensor_comm,9101,s_rl,0.025,intermittent,intact,0.5492314437545706,0.6883330164451366,0.12437642396277764,4.073738071795884
sensor_comm,9101,s_rl,0.025,intermittent,L4 failure,0.8363319723777728,1.2445944722834654,0.39116302372773354,6.437705556775319
sensor_comm,9101,s_rl,0.025,intermittent,L4 slip,0.4908948540851813,0.5600432425064834,0.03527629224271368,3.4843887329001633
sensor_comm,9101,s_rl,0.025,delayed,intact,0.5256223119373379,0.6348808307172031,0.09191613655728052,3.847248223318678
sensor_comm,9101,s_rl,0.025,delayed,L4 failure,0.8378702697236513,1.2469581220137393,0.4087686452680068,6.436050352486504
sensor_comm,9101,s_rl,0.025,delayed,L4 slip,0.4709424999805065,0.5084887335916168,0.014682109663661633,3.264743633992818
sensor_comm,9101,s_rl,0.025,noisy,intact,0.5246959272275191,0.6318806393401081,0.09002771181525863,3.8367386550564646
sensor_comm,9101,s_rl,0.025,noisy,L4 failure,0.838741802260612,1.2481543185934139,0.4066982768806401,6.443842890418316
sensor_comm,9101,s_rl,0.025,noisy,L4 slip,0.47037332039161084,0.5059710919548076,0.013892833263397446,3.2557884083775948
sensor_comm,9101,s_rl,0.025,stuck,intact,0.5254984269560331,0.6360876879186977,0.09835266905202104,3.8469875456225058
sensor_comm,9101,s_rl,0.025,stuck,L4 failure,0.8368634081204863,1.2453085837955873,0.42590795449447716,6.425731886472164
sensor_comm,9101,s_rl,0.025,stuck,L4 slip,0.47065909753876795,0.5098861487542259,0.016261820219244293,3.2653120077712803
sensor_comm,9101,s_rl,0.05,always,intact,0.48462286709552926,0.5369259659368164,0.04384843249202436,3.423419446702394
sensor_comm,9101,s_rl,0.05,always,L4 failure,0.8413926063218221,1.2534702103728983,0.4234283010016874,6.436314631275088
sensor_comm,9101,s_rl,0.05,always,L4 slip,0.4387832627739013,0.42104499036454845,0.03633299228160934,2.8817438621793774
sensor_comm,9101,s_rl,0.05,dropout,intact,0.5252765306128366,0.641157834005396,0.1233018101194446,3.846741405074258
sensor_comm,9101,s_rl,0.05,dropout,L4 failure,0.8356323686666159,1.245318740834637,0.40439700258826117,6.411824512537908
sensor_comm,9101,s_rl,0.05,dropout,L4 slip,0.4717100586437436,0.5211720468868941,0.033409214519620346,3.290561598413204
sensor_comm,9101,s_rl,0.05,intermittent,intact,0.534709955015914,0.6562504871493507,0.10651250929893323,3.93612642373796
sensor_comm,9101,s_rl,0.05,intermittent,L4 failure,0.836846352237494,1.2455007091978267,0.3993098524404906,6.433640258081737
sensor_comm,9101,s_rl,0.05,intermittent,L4 slip,0.4790799035228225,0.5307316975671036,0.019202156985358154,3.3575673960427226
sensor_comm,9101,s_rl,0.05,delayed,intact,0.49219089204879607,0.5540283975374465,0.046378138631202825,3.502349267946015
sensor_comm,9101,s_rl,0.05,delayed,L4 failure,0.8413215498521591,1.252606506960871,0.4288015693481168,6.440315295126102
sensor_comm,9101,s_rl,0.05,delayed,L4 slip,0.4441271324091411,0.43338347111663955,0.03570979720695049,2.9417219281335507
sensor_comm,9101,s_rl,0.05,noisy,intact,0.49102202821048924,0.5489591141074379,0.04348236013990934,3.4852484728794395
sensor_comm,9101,s_rl,0.05,noisy,L4 failure,0.842992571386403,1.2549025618488745,0.4242325223025111,6.4558261928754295
sensor_comm,9101,s_rl,0.05,noisy,L4 slip,0.4437737476714269,0.43002067285253176,0.03768915650582062,2.9307250139062955
sensor_comm,9101,s_rl,0.05,stuck,intact,0.49094666926381025,0.5545899862796599,0.055304793850091315,3.494756343714248
sensor_comm,9101,s_rl,0.05,stuck,L4 failure,0.8402904280700593,1.2507150771465825,0.4676293173281265,6.425539020987225
sensor_comm,9101,s_rl,0.05,stuck,L4 slip,0.4425821103548977,0.43359599586349684,0.03315614198447046,2.9328328377408592
sensor_comm,9101,s_rl,0.1,always,intact,0.43103878467961654,0.3843998678662068,0.03123990339928744,2.763008764747499
sensor_comm,9101,s_rl,0.1,always,L4 failure,0.8510287863641663,1.2703643334794832,0.438294500801092,6.462879972645414
sensor_comm,9101,s_rl,0.1,always,L4 slip,0.40038996922295433,0.30395196529001434,0.09525464913677258,2.360428681967208
sensor_comm,9101,s_rl,0.1,dropout,intact,0.48986765867966714,0.5655080455996518,0.10465668279788391,3.4992554835736165
sensor_comm,9101,s_rl,0.1,dropout,L4 failure,0.8372882927743214,1.2498110728334937,0.4252843340607903,6.39560508472149
sensor_comm,9101,s_rl,0.1,dropout,L4 slip,0.4440212520315444,0.45825571820543115,0.0157501198343414,2.9934477804955275
sensor_comm,9101,s_rl,0.1,intermittent,intact,0.5078843754954308,0.5943463424158768,0.07318833231410486,3.6702350868279896
sensor_comm,9101,s_rl,0.1,intermittent,L4 failure,0.838539492359586,1.2484492244498913,0.41290068072602465,6.430367008362841
sensor_comm,9101,s_rl,0.1,intermittent,L4 slip,0.45780864731817744,0.4750832059505948,0.016047378724673652,3.116126241198535
sensor_comm,9101,s_rl,0.1,delayed,intact,0.4416654468065614,0.41178779257684306,0.03312199337636014,2.8921092724461666
sensor_comm,9101,s_rl,0.1,delayed,L4 failure,0.851150867983305,1.2689541627417866,0.45204118585769165,6.470732788595029
sensor_comm,9101,s_rl,0.1,delayed,L4 slip,0.4068696371734635,0.3151539948527026,0.09734575488826451,2.42508625727502
sensor_comm,9101,s_rl,0.1,noisy,intact,0.44142703984073,0.40486943215949917,0.034245958580638135,2.8713707343554447
sensor_comm,9101,s_rl,0.1,noisy,L4 failure,0.854126830888505,1.2730423629854413,0.4421685449631159,6.5008361163279105
sensor_comm,9101,s_rl,0.1,noisy,L4 slip,0.40844232523784485,0.31661390749284235,0.09972015096838968,2.4365457456726562
sensor_comm,9101,s_rl,0.1,stuck,intact,0.4368961693976073,0.40671563681697975,0.032835575275562405,2.8534338653335913
sensor_comm,9101,s_rl,0.1,stuck,L4 failure,0.8536061260838016,1.2715241018603805,0.5450541638032538,6.467454691154931
sensor_comm,9101,s_rl,0.1,stuck,L4 slip,0.40205419992459623,0.3068526333514342,0.10554957565046193,2.3735545416305204
sensor_comm,9101,s_rl,0.2,always,intact,0.3881213708416676,0.27252740430778954,0.11411555781921416,2.2256313251521114
sensor_comm,9101,s_rl,0.2,always,L4 failure,0.8717414903250155,1.3078965580781456,0.4195645038771314,6.540923909431277
sensor_comm,9101,s_rl,0.2,always,L4 slip,0.3800203578978998,0.2767171653558774,0.1581789634124499,2.1550100959552427
sensor_comm,9101,s_rl,0.2,dropout,intact,0.43024396299664763,0.4260745550026844,0.07038936717987847,2.859462645758055
sensor_comm,9101,s_rl,0.2,dropout,L4 failure,0.8454094005678368,1.2661757019282596,0.4631236055496556,6.399133009976665
sensor_comm,9101,s_rl,0.2,dropout,L4 slip,0.40055990451209167,0.3540454774347177,0.016923587029631766,2.492737368836406
sensor_comm,9101,s_rl,0.2,intermittent,intact,0.46306007819797096,0.4800083454727474,0.017953502592330438,3.177470560909757
sensor_comm,9101,s_rl,0.2,intermittent,L4 failure,0.8438452158888476,1.2576465166373691,0.43049441682300815,6.438233311676051
sensor_comm,9101,s_rl,0.2,intermittent,L4 slip,0.42431030898155225,0.37824838020306034,0.06118746904536523,2.6922776879137547
sensor_comm,9101,s_rl,0.2,delayed,intact,0.39898546983867017,0.29523070621657604,0.12886151187956402,2.3500442431438016
sensor_comm,9101,s_rl,0.2,delayed,L4 failure,0.8740958272289652,1.3082412442998788,0.4495513310980888,6.564313222711174
sensor_comm,9101,s_rl,0.2,delayed,L4 slip,0.38493852023837244,0.2755106824577661,0.17488411877633664,2.184805665576203
sensor_comm,9101,s_rl,0.2,noisy,intact,0.4018289214715069,0.2908119897179561,0.12662325912262332,2.347246213107703
sensor_comm,9101,s_rl,0.2,noisy,L4 failure,0.8789629918228904,1.314917032461016,0.43169959233640276,6.621951235411896
sensor_comm,9101,s_rl,0.2,noisy,L4 slip,0.3911714081650539,0.2875322230770692,0.17164258971848648,2.245751200715603
sensor_comm,9101,s_rl,0.2,stuck,intact,0.3974554542996669,0.31152061651606083,0.17191109555961454,2.3831929288591187
sensor_comm,9101,s_rl,0.2,stuck,L4 failure,0.8971826950431745,1.3380731990239862,0.6782658298263444,6.659568702159587
sensor_comm,9101,s_rl,0.2,stuck,L4 slip,0.3858336919761301,0.2887052371056388,0.24002508139147852,2.2050959737225817
sensor_comm,9101,s_rl,0.4,always,intact,0.4188256556297623,0.4293913676502649,0.151252682253811,2.712319053236544
sensor_comm,9101,s_rl,0.4,always,L4 failure,0.8988722064472646,1.3637510280125262,0.31339897624906643,6.652967581289004
sensor_comm,9101,s_rl,0.4,always,L4 slip,0.4223448198231663,0.4107531384984428,0.16450990598475027,2.531013759262242
sensor_comm,9101,s_rl,0.4,dropout,intact,0.35473020885757256,0.18881920307115116,0.012891661046138592,1.773377512007297
sensor_comm,9101,s_rl,0.4,dropout,L4 failure,0.8730460291376483,1.315678016569189,0.525578563090377,6.49490595194414
sensor_comm,9101,s_rl,0.4,dropout,L4 slip,0.35710416856112925,0.26436424082923426,0.07122627290764602,1.9903388916919245
sensor_comm,9101,s_rl,0.4,intermittent,intact,0.40656398382771125,0.30263984055189297,0.06816130470288781,2.40157752558533
sensor_comm,9101,s_rl,0.4,intermittent,L4 failure,0.8581128049021992,1.2826213574361456,0.4358103524951483,6.484818376541202
sensor_comm,9101,s_rl,0.4,intermittent,L4 slip,0.3886415077130131,0.28137054105608006,0.13192112970006983,2.2362647602320593
sensor_comm,9101,s_rl,0.4,delayed,intact,0.43716412325414633,0.45967514645665464,0.18482369629798112,2.8821726813520843
sensor_comm,9101,s_rl,0.4,delayed,L4 failure,0.9092138724851799,1.3743896423694488,0.35116327460323704,6.72439825492501
sensor_comm,9101,s_rl,0.4,delayed,L4 slip,0.43297596468440575,0.41923003790392477,0.1988512733781394,2.617524179706672
sensor_comm,9101,s_rl,0.4,noisy,intact,0.436608684225412,0.4413651386214525,0.17411859342650107,2.835096316669336
sensor_comm,9101,s_rl,0.4,noisy,L4 failure,0.9190023706151961,1.3876468342967347,0.3372888140089848,6.848143903540279
sensor_comm,9101,s_rl,0.4,noisy,L4 slip,0.4394685291666899,0.4231215020419808,0.18704490566808735,2.6585940875673573
sensor_comm,9101,s_rl,0.4,stuck,intact,0.5269149905357601,0.6259364855705383,0.4081952680580905,3.4996034526002706
sensor_comm,9101,s_rl,0.4,stuck,L4 failure,1.0052084909414534,1.4999460621193161,0.8742117664932152,7.18798949733825
sensor_comm,9101,s_rl,0.4,stuck,L4 slip,0.517767598790986,0.5654478945939843,0.45406463100410377,3.1512226551218
sensor_comm,9101,s_rl,1.0,always,intact,0.5353585774964873,0.7381262894253602,0.3460392734801516,3.7546391053588692
sensor_comm,9101,s_rl,1.0,always,L4 failure,0.9042581445253814,1.4038996365218757,0.14587971170349054,6.6395504309107585
sensor_comm,9101,s_rl,1.0,always,L4 slip,0.5181023883757577,0.6807135062034659,0.2761898083748231,3.3242010540995297
sensor_comm,9101,s_rl,1.0,dropout,intact,0.38351045390134875,0.388801824553925,0.1089478586174614,2.3253942768945097
sensor_comm,9101,s_rl,1.0,dropout,L4 failure,0.9691948650804728,1.4786711566718218,0.641556714953262,6.954633319844692
sensor_comm,9101,s_rl,1.0,dropout,L4 slip,0.4212912365940122,0.45898347215931246,0.18157650638208406,2.4740403405338958
sensor_comm,9101,s_rl,1.0,intermittent,intact,0.4008917196616119,0.36972657096834605,0.14319309711446487,2.502868861075094
sensor_comm,9101,s_rl,1.0,intermittent,L4 failure,0.8972038161618534,1.3564748965944804,0.336686955830024,6.650825806483048
sensor_comm,9101,s_rl,1.0,intermittent,L4 slip,0.4115589611413913,0.3805098080317298,0.17685345140948888,2.4590178220740837
sensor_comm,9101,s_rl,1.0,delayed,intact,0.6076466542761626,0.8611192517056636,0.42145007465213313,4.290093845387605
sensor_comm,9101,s_rl,1.0,delayed,L4 failure,0.919236297631927,1.4266757809551418,0.17070601202999067,6.749026417722124
sensor_comm,9101,s_rl,1.0,delayed,L4 slip,0.5712004042671304,0.7637912656439279,0.3522232198384109,3.7141963501026
sensor_comm,9101,s_rl,1.0,noisy,intact,0.5632528104124693,0.7503314904563995,0.34598685743963103,3.8242229799464598
sensor_comm,9101,s_rl,1.0,noisy,L4 failure,0.9770438067845483,1.5049016787774065,0.17128458415849426,7.274070226644742
sensor_comm,9101,s_rl,1.0,noisy,L4 slip,0.5583566874883521,0.7004416949107675,0.25241278742652734,3.481464568362908
sensor_comm,9101,s_rl,1.0,stuck,intact,1.070213589116306,1.5555757113275388,0.8365006664522128,7.030841106577967
sensor_comm,9101,s_rl,1.0,stuck,L4 failure,1.2179666026097218,1.8280966151220277,1.1122515115338731,8.296542612351798
sensor_comm,9101,s_rl,1.0,stuck,L4 slip,0.9730831663003552,1.3624561682493008,0.8208183041117032,6.055818576578719
sensor_comm,9101,sine,0.0,always,intact,0.41891259184684554,0.365487222510093,0.09281915299378163,2.064981484862325
sensor_comm,9101,sine,0.0,always,L4 failure,1.0404609992609721,1.584237145945421,0.3896310029461869,7.769512948274509
sensor_comm,9101,sine,0.0,always,L4 slip,0.5112414908993838,0.5761881187734048,0.01623247419079726,3.1206005462883035
sensor_comm,9101,sine,0.0,dropout,intact,0.41891259184684554,0.365487222510093,0.09281915299378163,2.064981484862325
sensor_comm,9101,sine,0.0,dropout,L4 failure,1.0404609992609721,1.584237145945421,0.3896310029461869,7.769512948274509
sensor_comm,9101,sine,0.0,dropout,L4 slip,0.5112414908993838,0.5761881187734048,0.01623247419079726,3.1206005462883035
sensor_comm,9101,sine,0.0,intermittent,intact,0.41891259184684554,0.365487222510093,0.09281915299378163,2.064981484862325
sensor_comm,9101,sine,0.0,intermittent,L4 failure,1.0404609992609721,1.584237145945421,0.3896310029461869,7.769512948274509
sensor_comm,9101,sine,0.0,intermittent,L4 slip,0.5112414908993838,0.5761881187734048,0.01623247419079726,3.1206005462883035
sensor_comm,9101,sine,0.0,delayed,intact,0.41891259184684554,0.365487222510093,0.09281915299378163,2.064981484862325
sensor_comm,9101,sine,0.0,delayed,L4 failure,1.0404609992609721,1.584237145945421,0.3896310029461869,7.769512948274509
sensor_comm,9101,sine,0.0,delayed,L4 slip,0.5112414908993838,0.5761881187734048,0.01623247419079726,3.1206005462883035
sensor_comm,9101,sine,0.0,noisy,intact,0.41891259184684554,0.365487222510093,0.09281915299378163,2.064981484862325
sensor_comm,9101,sine,0.0,noisy,L4 failure,1.0404609992609721,1.584237145945421,0.3896310029461869,7.769512948274509
sensor_comm,9101,sine,0.0,noisy,L4 slip,0.5112414908993838,0.5761881187734048,0.01623247419079726,3.1206005462883035
sensor_comm,9101,sine,0.0,stuck,intact,0.41891259184684554,0.365487222510093,0.09281915299378163,2.064981484862325
sensor_comm,9101,sine,0.0,stuck,L4 failure,1.0404609992609721,1.584237145945421,0.3896310029461869,7.769512948274509
sensor_comm,9101,sine,0.0,stuck,L4 slip,0.5112414908993838,0.5761881187734048,0.01623247419079726,3.1206005462883035
sensor_comm,9101,sine,0.025,always,intact,0.424849886556475,0.3788694621456977,0.10151430652351867,2.138952243905225
sensor_comm,9101,sine,0.025,always,L4 failure,1.0194931909927474,1.5469440140446291,0.33090307174004785,7.630683973349258
sensor_comm,9101,sine,0.025,always,L4 slip,0.5097531719705702,0.5683815831547939,0.025438563600230613,3.1036393978299
sensor_comm,9101,sine,0.025,dropout,intact,0.425287567480456,0.3803859311829488,0.10361745921942545,2.1445238195320875
sensor_comm,9101,sine,0.025,dropout,L4 failure,1.0273555600405722,1.5598523585248503,0.3747908592721433,7.680138740418329
sensor_comm,9101,sine,0.025,dropout,L4 slip,0.508730566829697,0.5657410675800604,0.020265032526172826,3.091915776839232
sensor_comm,9101,sine,0.025,intermittent,intact,0.4208079963654576,0.3698686525457435,0.09641010604017632,2.0890981521001315
sensor_comm,9101,sine,0.025,intermittent,L4 failure,1.033254910362532,1.57147114791976,0.3688241260579823,7.722891264413987
sensor_comm,9101,sine,0.025,intermittent,L4 slip,0.5108239602103191,0.573535962194607,0.019009308649615458,3.115856556322764
sensor_comm,9101,sine,0.025,delayed,intact,0.4248451758104718,0.3793781590108442,0.10212379389440165,2.140352678408106
sensor_comm,9101,sine,0.025,delayed,L4 failure,1.0208684853163774,1.5494833630318707,0.3353046239961814,7.639617254888939
sensor_comm,9101,sine,0.025,delayed,L4 slip,0.5099315756484006,0.5691729346017048,0.02522356771369198,3.106349751697041
sensor_comm,9101,sine,0.025,noisy,intact,0.42577784845117506,0.38017002538830297,0.10170038251827437,2.1475296254070524
sensor_comm,9101,sine,0.025,noisy,L4 failure,1.0188506377721722,1.5453161458406979,0.33131702182821243,7.626550427167103
sensor_comm,9101,sine,0.025,noisy,L4 slip,0.5105311161341144,0.5688215326016108,0.025055457335335662,3.109483737253845
sensor_comm,9101,sine,0.025,stuck,intact,0.4275679114826127,0.38756651599393066,0.10963973082209097,2.1744329430683798
sensor_comm,9101,sine,0.025,stuck,L4 failure,1.0221460689203745,1.551096009920692,0.35652953374125007,7.64703845752201
sensor_comm,9101,sine,0.025,stuck,L4 slip,0.5102858198849193,0.5697577479323884,0.027558998609114576,3.1095386168890697
sensor_comm,9101,sine,0.05,always,intact,0.43096267916841074,0.3915382704583032,0.10462874451843389,2.211488136684373
sensor_comm,9101,sine,0.05,always,L4 failure,1.005052892372828,1.5203057977233323,0.28341030164483916,7.535130062631743
sensor_comm,9101,sine,0.05,always,L4 slip,0.5105640847739068,0.5663124550116481,0.035867280461541654,3.1112712753362897
sensor_comm,9101,sine,0.05,dropout,intact,0.43366945553187763,0.399990086424251,0.11346079993127531,2.244876778345984
sensor_comm,9101,sine,0.05,dropout,L4 failure,1.0164333772385785,1.5391486789968007,0.36125800156288096,7.606524183463282
sensor_comm,9101,sine,0.05,dropout,L4 slip,0.5089525775737411,0.5621552693654527,0.028029359445940212,3.0927639666017486
sensor_comm,9101,sine,0.05,intermittent,intact,0.42281515149642745,0.37438777167232173,0.09929342002260536,2.114039897594845
sensor_comm,9101,sine,0.05,intermittent,L4 failure,1.026894322833055,1.5600555061971082,0.3490718593076823,7.681769774941447
sensor_comm,9101,sine,0.05,intermittent,L4 slip,0.510773871225952,0.5718100501293598,0.022165271723375946,3.1150448497584207
sensor_comm,9101,sine,0.05,delayed,intact,0.4311630481288141,0.3931812836014707,0.10645527183754248,2.2168053967554555
sensor_comm,9101,sine,0.05,delayed,L4 failure,1.006700448765252,1.5235375423724875,0.2904637524604666,7.545558305943796
sensor_comm,9101,sine,0.05,delayed,L4 slip,0.5107748648423226,0.5675438206516652,0.03628491135992916,3.1151694251755724
sensor_comm,9101,sine,0.05,noisy,intact,0.4331328626818164,0.39472861999573977,0.10426551236917692,2.2319734892304606
sensor_comm,9101,sine,0.05,noisy,L4 failure,1.0044455133578556,1.5181541502095772,0.28470073229482196,7.531839815398659
sensor_comm,9101,sine,0.05,noisy,L4 slip,0.5125665911203735,0.5681282646758643,0.03454660672236019,3.127534039365089
sensor_comm,9101,sine,0.05,stuck,intact,0.43786757258734976,0.4123695775558476,0.12295660469965027,2.296340436184252
sensor_comm,9101,sine,0.05,stuck,L4 failure,1.0080936570826653,1.525009909126105,0.3283028586341112,7.5535654543331905
sensor_comm,9101,sine,0.05,stuck,L4 slip,0.5128186499096301,0.5722912043260742,0.04518656546823761,3.1361161880825206
sensor_comm,9101,sine,0.1,always,intact,0.44109315751970746,0.40923305420947964,0.09850548191443681,2.3268254528147887
sensor_comm,9101,sine,0.1,always,L4 failure,0.988835972287573,1.4883720159512337,0.2164785809368121,7.4302895838378165
sensor_comm,9101,sine,0.1,always,L4 slip,0.5145464833409154,0.5676352770541078,0.0442926960254603,3.1505557535550723
sensor_comm,9101,sine,0.1,dropout,intact,0.45394678184380466,0.4460914968776549,0.13048394782136358,2.475663706469504
sensor_comm,9101,sine,0.1,dropout,L4 failure,1.000088667355581,1.5071212014349222,0.33781695005358925,7.498895482862169
sensor_comm,9101,sine,0.1,dropout,L4 slip,0.5153454700641769,0.5701115258265427,0.04742329293956573,3.158619439473176
sensor_comm,9101,sine,0.1,intermittent,intact,0.4269830603852863,0.3833950031066129,0.10310851464195041,2.1644483802459287
sensor_comm,9101,sine,0.1,intermittent,L4 failure,1.01642147068128,1.5408613606312276,0.3130037302366577,7.614323601660406
sensor_comm,9101,sine,0.1,intermittent,L4 slip,0.5115242548139373,0.5704828377157517,0.02843324739540799,3.1224736936034794
sensor_comm,9101,sine,0.1,delayed,intact,0.4424875682261664,0.4151582376610147,0.103305259307679,2.348877016653682
sensor_comm,9101,sine,0.1,delayed,L4 failure,0.9895629445412801,1.4903829977484961,0.22507811047579152,7.433465751480789
sensor_comm,9101,sine,0.1,delayed,L4 slip,0.5150875565407244,0.5703903960722986,0.04708071458143975,3.15980396572851
sensor_comm,9101,sine,0.1,noisy,intact,0.44581985999268536,0.41587386145151595,0.09536312000035166,2.3713433362260044
sensor_comm,9101,sine,0.1,noisy,L4 failure,0.9896714107520151,1.4874522936297976,0.22056681141968335,7.439099144008608
sensor_comm,9101,sine,0.1,noisy,L4 slip,0.5195312931142544,0.5730427279991529,0.03974680595839086,3.1925613801000505
sensor_comm,9101,sine,0.1,stuck,intact,0.4590897055178838,0.4598986887808856,0.14011577579096265,2.532949097736523
sensor_comm,9101,sine,0.1,stuck,L4 failure,0.9897219208272845,1.489288583085623,0.2850067392114073,7.43364357321797
sensor_comm,9101,sine,0.1,stuck,L4 slip,0.5233232708447053,0.590703711463186,0.07112728974449044,3.245150273480352
sensor_comm,9101,sine,0.2,always,intact,0.44910614826867723,0.40813374095163546,0.05941703395562916,2.4024912029667456
sensor_comm,9101,sine,0.2,always,L4 failure,0.9808632710271601,1.4673278115265478,0.15028747765428843,7.390759421782242
sensor_comm,9101,sine,0.2,always,L4 slip,0.5197351945571459,0.5620534407329079,0.025628179108589548,3.1933868001668912
sensor_comm,9101,sine,0.2,dropout,intact,0.49711184446025347,0.538232959202481,0.15523402016151053,2.9331031028939694
sensor_comm,9101,sine,0.2,dropout,L4 failure,0.9832020398752461,1.4705837070558654,0.3034628264629783,7.396774130091487
sensor_comm,9101,sine,0.2,dropout,L4 slip,0.5398195769457127,0.6149469360962578,0.07605320062038232,3.408412555535617
sensor_comm,9101,sine,0.2,intermittent,intact,0.4350304962053949,0.3992817128710572,0.10405010713387627,2.2583237973784236
sensor_comm,9101,sine,0.2,intermittent,L4 failure,1.0025100805958205,1.5140807025081768,0.25494567916703753,7.526553711716559
sensor_comm,9101,sine,0.2,intermittent,L4 slip,0.5150635585134334,0.5727720369488333,0.03991969151863174,3.1585389903946783
sensor_comm,9101,sine,0.2,delayed,intact,0.454304199184586,0.42623053961838486,0.06729069024894954,2.477420646981734
sensor_comm,9101,sine,0.2,delayed,L4 failure,0.9788614988130518,1.4649195570500129,0.15831284338563648,7.373290588846949
sensor_comm,9101,sine,0.2,delayed,L4 slip,0.5220041582270304,0.5699017453359659,0.03118709660861772,3.2251827367290873
sensor_comm,9101,sine,0.2,noisy,intact,0.45741554858111494,0.415829503202651,0.04719179983964632,2.472373523332064
sensor_comm,9101,sine,0.2,noisy,L4 failure,0.9871880519804277,1.4732093047536605,0.16218740208785398,7.444204097015038
sensor_comm,9101,sine,0.2,noisy,L4 slip,0.5307835016493426,0.5735317176618107,0.012391203582265767,3.284286767522857
sensor_comm,9101,sine,0.2,stuck,intact,0.4896893211100928,0.5200767212327795,0.1433869090483871,2.857900820128272
sensor_comm,9101,sine,0.2,stuck,L4 failure,0.9760752813976681,1.4580956321853065,0.24140104467809337,7.354441858369049
sensor_comm,9101,sine,0.2,stuck,L4 slip,0.5454300899282722,0.6287406073854679,0.08806058944963832,3.465835273494203
sensor_comm,9101,sine,0.4,always,intact,0.4387363221865387,0.31842314403447664,0.03164345596982228,2.1437310491185255
sensor_comm,9101,sine,0.4,always,L4 failure,0.9906322041235897,1.473760915444386,0.12546630958856747,7.486838464730076
sensor_comm,9101,sine,0.4,always,L4 slip,0.514522381266276,0.5127263884479272,0.03844316647341256,3.084372476588066
sensor_comm,9101,sine,0.4,dropout,intact,0.5585082333908752,0.6573087646304604,0.17718577719756484,3.5365065117438093
sensor_comm,9101,sine,0.4,dropout,L4 failure,0.9798689937016333,1.4530483536428442,0.27119359962268774,7.405079818274252
sensor_comm,9101,sine,0.4,dropout,L4 slip,0.5865782665186979,0.7005870990399057,0.10318762782330668,3.860892509220729
sensor_comm,9101,sine,0.4,intermittent,intact,0.4464693298653927,0.4156476432767796,0.08687243949993222,2.384934801230479
sensor_comm,9101,sine,0.4,intermittent,L4 failure,0.9921195471279544,1.4901808579511067,0.18035228301471956,7.470500053403292
sensor_comm,9101,sine,0.4,intermittent,L4 slip,0.5238266676965256,0.5807960602996245,0.03981836090942763,3.2454683725517657
sensor_comm,9101,sine,0.4,delayed,intact,0.44707722970237507,0.34639157466347437,0.04133083475433443,2.2803398744511862
sensor_comm,9101,sine,0.4,delayed,L4 failure,0.9863253236617965,1.4669241335181433,0.1346161095953082,7.452567803968202
sensor_comm,9101,sine,0.4,delayed,L4 slip,0.5173184474748785,0.5182635596652512,0.04589889201896272,3.1234222714117243
sensor_comm,9101,sine,0.4,noisy,intact,0.45162208763456146,0.3109677462472318,0.058202883081709754,2.1839751406030823
sensor_comm,9101,sine,0.4,noisy,L4 failure,1.012069758866214,1.5002187790460382,0.14443287595390755,7.660626844979387
sensor_comm,9101,sine,0.4,noisy,L4 slip,0.53905578994336,0.5392561303665422,0.06377017392643393,3.2789313011870007
sensor_comm,9101,sine,0.4,stuck,intact,0.489913099669914,0.49060571993808644,0.07170546311634038,2.8470441837042064
sensor_comm,9101,sine,0.4,stuck,L4 failure,0.9793690911091824,1.4521665241188184,0.26199557285629804,7.402739620842386
sensor_comm,9101,sine,0.4,stuck,L4 slip,0.5493067664131261,0.6096855956931321,0.033259424976417415,3.4837938301162854
sensor_comm,9101,sine,1.0,always,intact,0.4281790038335939,0.21696397157500996,0.10929931645255389,1.7434181452161803
sensor_comm,9101,sine,1.0,always,L4 failure,1.023379111240273,1.5184547161452568,0.1330474398691775,7.754472926881681
sensor_comm,9101,sine,1.0,always,L4 slip,0.5157523870464038,0.48491914625733584,0.11121843827745677,2.9953759412754914
sensor_comm,9101,sine,1.0,dropout,intact,0.5641977401152876,0.6429604666036792,0.14971023642533346,3.554076182879573
sensor_comm,9101,sine,1.0,dropout,L4 failure,1.0039170445804835,1.4786520269234358,0.29137167902009536,7.613884520753131
sensor_comm,9101,sine,1.0,dropout,L4 slip,0.5995630555580689,0.7009736645002114,0.08199396723084089,3.9417990332596293
sensor_comm,9101,sine,1.0,intermittent,intact,0.4456697144172897,0.3535132628061475,0.018501330151426364,2.276584094000627
sensor_comm,9101,sine,1.0,intermittent,L4 failure,1.0052546157630966,1.4981453747408633,0.12819111879633577,7.606455728430345
sensor_comm,9101,sine,1.0,intermittent,L4 slip,0.5339553704681004,0.5653558807762573,0.03029089196401246,3.3120105904075388
sensor_comm,9101,sine,1.0,delayed,intact,0.43531738286807725,0.2088311600225079,0.14524692647488843,1.78625550266896
sensor_comm,9101,sine,1.0,delayed,L4 failure,1.0245648073172389,1.519535677470182,0.15212459291691052,7.762025168418335
sensor_comm,9101,sine,1.0,delayed,L4 slip,0.515748511722416,0.4672256389901591,0.14492693916280341,2.978988328390684
sensor_comm,9101,sine,1.0,noisy,intact,0.4719963082072303,0.2814803708766494,0.13871392785399828,2.1027556910836367
sensor_comm,9101,sine,1.0,noisy,L4 failure,1.0994578606687593,1.6241345255767285,0.1489489539779409,8.355804392980511
sensor_comm,9101,sine,1.0,noisy,L4 slip,0.607525087850702,0.6346303331390748,0.13145503998339278,3.7948801147766567
sensor_comm,9101,sine,1.0,stuck,intact,0.4417497759958651,0.2614728277261957,0.2644011607783103,1.939577101349643
sensor_comm,9101,sine,1.0,stuck,L4 failure,1.0333496018421031,1.5291715809154944,0.49284658179433505,7.78976383981869
sensor_comm,9101,sine,1.0,stuck,L4 slip,0.5067169013717558,0.4520304034149986,0.2780233879052839,2.875532677785784
sensor_comm,9101,chirp,0.0,always,intact,0.49714564817177936,0.4651532138498398,0.07340257930740315,2.8844572856280246
sensor_comm,9101,chirp,0.0,always,L4 failure,1.0926651635905702,1.62827464464402,0.37069173548089174,8.272522545777198
sensor_comm,9101,chirp,0.0,always,L4 slip,0.6230338400786711,0.731230847836108,0.022068163027329595,4.198842529318761
sensor_comm,9101,chirp,0.0,dropout,intact,0.49714564817177936,0.4651532138498398,0.07340257930740315,2.8844572856280246
sensor_comm,9101,chirp,0.0,dropout,L4 failure,1.0926651635905702,1.62827464464402,0.37069173548089174,8.272522545777198
sensor_comm,9101,chirp,0.0,dropout,L4 slip,0.6230338400786711,0.731230847836108,0.022068163027329595,4.198842529318761
sensor_comm,9101,chirp,0.0,intermittent,intact,0.49714564817177936,0.4651532138498398,0.07340257930740315,2.8844572856280246
sensor_comm,9101,chirp,0.0,intermittent,L4 failure,1.0926651635905702,1.62827464464402,0.37069173548089174,8.272522545777198
sensor_comm,9101,chirp,0.0,intermittent,L4 slip,0.6230338400786711,0.731230847836108,0.022068163027329595,4.198842529318761
sensor_comm,9101,chirp,0.0,delayed,intact,0.49714564817177936,0.4651532138498398,0.07340257930740315,2.8844572856280246
sensor_comm,9101,chirp,0.0,delayed,L4 failure,1.0926651635905702,1.62827464464402,0.37069173548089174,8.272522545777198
sensor_comm,9101,chirp,0.0,delayed,L4 slip,0.6230338400786711,0.731230847836108,0.022068163027329595,4.198842529318761
sensor_comm,9101,chirp,0.0,noisy,intact,0.49714564817177936,0.4651532138498398,0.07340257930740315,2.8844572856280246
sensor_comm,9101,chirp,0.0,noisy,L4 failure,1.0926651635905702,1.62827464464402,0.37069173548089174,8.272522545777198
sensor_comm,9101,chirp,0.0,noisy,L4 slip,0.6230338400786711,0.731230847836108,0.022068163027329595,4.198842529318761
sensor_comm,9101,chirp,0.0,stuck,intact,0.49714564817177936,0.4651532138498398,0.07340257930740315,2.8844572856280246
sensor_comm,9101,chirp,0.0,stuck,L4 failure,1.0926651635905702,1.62827464464402,0.37069173548089174,8.272522545777198
sensor_comm,9101,chirp,0.0,stuck,L4 slip,0.6230338400786711,0.731230847836108,0.022068163027329595,4.198842529318761
sensor_comm,9101,chirp,0.025,always,intact,0.49992919128609176,0.4710786851748928,0.09299624539221782,2.9146289735419324
sensor_comm,9101,chirp,0.025,always,L4 failure,1.0674637051311848,1.5835110862357376,0.2987214822825099,8.096487388584217
sensor_comm,9101,chirp,0.025,always,L4 slip,0.6168796746720066,0.7136181021155896,0.0273430604384297,4.13238650177261
sensor_comm,9101,chirp,0.025,dropout,intact,0.4977345527832925,0.46440685294078926,0.08452840631693784,2.8857970263244486
sensor_comm,9101,chirp,0.025,dropout,L4 failure,1.0786849088593211,1.602523995656639,0.35526092811712273,8.16927729977492
sensor_comm,9101,chirp,0.025,dropout,L4 slip,0.6162351788220707,0.7124772457766353,0.02152265724695784,4.125313315588769
sensor_comm,9101,chirp,0.025,intermittent,intact,0.4977767591121213,0.46618008470527367,0.08076508553940329,2.890552444930939
sensor_comm,9101,chirp,0.025,intermittent,L4 failure,1.0838085261338348,1.6125966658042699,0.34525639520797646,8.211510838069916
sensor_comm,9101,chirp,0.025,intermittent,L4 slip,0.6207782495756723,0.7244971544147276,0.021324295872373465,4.174641031983727
sensor_comm,9101,chirp,0.025,delayed,intact,0.5001242799318883,0.4718266320408073,0.09319107655260384,2.9179672251275504
sensor_comm,9101,chirp,0.025,delayed,L4 failure,1.069542661462723,1.5872902101314363,0.30351806584269525,8.111575337069898
sensor_comm,9101,chirp,0.025,delayed,L4 slip,0.6175801418436201,0.7154919276796218,0.0270454153771442,4.14032857321439
sensor_comm,9101,chirp,0.025,noisy,intact,0.5000298906842872,0.47056407644704973,0.09321561713969607,2.9126285085412627
sensor_comm,9101,chirp,0.025,noisy,L4 failure,1.0665446623984858,1.5814744422369338,0.2991277824188816,8.088996501310072
sensor_comm,9101,chirp,0.025,noisy,L4 slip,0.6171200150418918,0.7131162773163486,0.027225934808532536,4.131962882249872
sensor_comm,9101,chirp,0.025,stuck,intact,0.5018486049116779,0.47734702509428806,0.1016465303612893,2.940065266638783
sensor_comm,9101,chirp,0.025,stuck,L4 failure,1.0701001101196779,1.5876834551013062,0.3246347125117009,8.112751581689523
sensor_comm,9101,chirp,0.025,stuck,L4 slip,0.6170749620567276,0.7140960083756499,0.02874605874188745,4.134436132418492
sensor_comm,9101,chirp,0.05,always,intact,0.5046423527900458,0.4827537158358723,0.10615997564882051,2.96915353836696
sensor_comm,9101,chirp,0.05,always,L4 failure,1.0496786496243702,1.5511199769275024,0.23981944331331767,7.970648385555322
sensor_comm,9101,chirp,0.05,always,L4 slip,0.61499298973352,0.7064395577047836,0.042763836524336574,4.109116789296286
sensor_comm,9101,chirp,0.05,dropout,intact,0.5003145024009582,0.4698154607847097,0.09491485459702395,2.913280140250248
sensor_comm,9101,chirp,0.05,dropout,L4 failure,1.0665653316586738,1.580004886057489,0.34086830799304374,8.07987813420973
sensor_comm,9101,chirp,0.05,dropout,L4 slip,0.6118402663561809,0.6992899863620965,0.024378194615963123,4.075600697681848
sensor_comm,9101,chirp,0.05,intermittent,intact,0.498748220364436,0.46827596050794984,0.08733832850640755,2.901134808472311
sensor_comm,9101,chirp,0.05,intermittent,L4 failure,1.0759154826670256,1.5984943398353393,0.32097791588651886,8.156909054057346
sensor_comm,9101,chirp,0.05,intermittent,L4 slip,0.6191438347516198,0.7192428656325708,0.023228536403819295,4.156548706435501
sensor_comm,9101,chirp,0.05,delayed,intact,0.5049767649809225,0.48410314064839516,0.10747738039272345,2.9750369820821665
sensor_comm,9101,chirp,0.05,delayed,L4 failure,1.0524995442047023,1.5563845688254379,0.24702342304761019,7.9914831239692266
sensor_comm,9101,chirp,0.05,delayed,L4 slip,0.6159154211931772,0.7090246133257712,0.04269853363365815,4.12007618498147
sensor_comm,9101,chirp,0.05,noisy,intact,0.5053205252118683,0.48301264216345874,0.10577904456669333,2.9710027629026365
sensor_comm,9101,chirp,0.05,noisy,L4 failure,1.0486160157155664,1.548378620092791,0.24101804818800748,7.96147193777133
sensor_comm,9101,chirp,0.05,noisy,L4 slip,0.6160465536188215,0.7067236595733271,0.04174961757502595,4.11407005885759
sensor_comm,9101,chirp,0.05,stuck,intact,0.5103357024881694,0.5005583071981109,0.12682816177329598,3.0412460796690315
sensor_comm,9101,chirp,0.05,stuck,L4 failure,1.0524103706087165,1.5553540593450734,0.2829755440296407,7.986860465449215
sensor_comm,9101,chirp,0.05,stuck,L4 slip,0.616522345250944,0.7103346792714736,0.051790301705867646,4.1251055889201815
sensor_comm,9101,chirp,0.1,always,intact,0.5155836462934721,0.5092852467717497,0.1173800727055458,3.093380050801396
sensor_comm,9101,chirp,0.1,always,L4 failure,1.0288625070706052,1.5117753511074805,0.1550978811905857,7.822109473017264
sensor_comm,9101,chirp,0.1,always,L4 slip,0.6177576201506567,0.70843474194486,0.07069516097497776,4.130835776199065
sensor_comm,9101,chirp,0.1,dropout,intact,0.50991047507033,0.49354509545066805,0.1136056525379047,3.023192588221482
sensor_comm,9101,chirp,0.1,dropout,L4 failure,1.047180844511308,1.5434780747810737,0.31499074181318987,7.937336579890893
sensor_comm,9101,chirp,0.1,dropout,L4 slip,0.6089256631191502,0.6872193174779436,0.035511159825727924,4.036912007385968
sensor_comm,9101,chirp,0.1,intermittent,intact,0.5014686159552815,0.4748095642050785,0.09826977850464912,2.932227627334035
sensor_comm,9101,chirp,0.1,intermittent,L4 failure,1.0626856396646929,1.5745241481252172,0.2767671208207673,8.064933179560535
sensor_comm,9101,chirp,0.1,intermittent,L4 slip,0.6174313757446126,0.7125220412973625,0.03181271500523994,4.136023646353322
sensor_comm,9101,chirp,0.1,delayed,intact,0.5167174480397777,0.5133361952405024,0.12233858106543498,3.110244169007755
sensor_comm,9101,chirp,0.1,delayed,L4 failure,1.0312932037563567,1.5166169013681645,0.1620387032457124,7.8406322943105415
sensor_comm,9101,chirp,0.1,delayed,L4 slip,0.6189859683854376,0.7120930397370555,0.07378888454811826,4.146127158155403
sensor_comm,9101,chirp,0.1,noisy,intact,0.5177560942532242,0.5115489172749487,0.11401319005042405,3.1061860372464984
sensor_comm,9101,chirp,0.1,noisy,L4 failure,1.0289664377250465,1.510175191633774,0.1594167850556008,7.82092755551889
sensor_comm,9101,chirp,0.1,noisy,L4 slip,0.6211644869124943,0.7117759934332791,0.06590396677641616,4.153905083873937
sensor_comm,9101,chirp,0.1,stuck,intact,0.5337333650493014,0.5611202096063698,0.16873648770671165,3.3030121151205836
sensor_comm,9101,chirp,0.1,stuck,L4 failure,1.0288266992118065,1.5111448476944753,0.2117779907411829,7.818647855185339
sensor_comm,9101,chirp,0.1,stuck,L4 slip,0.6265177576969284,0.7306489658113386,0.10533750858984381,4.221023690285053
sensor_comm,9101,chirp,0.2,always,intact,0.5312800730571746,0.5413099694105913,0.10211087439240926,3.2598745054156346
sensor_comm,9101,chirp,0.2,always,L4 failure,1.016105066855803,1.4846627032585613,0.07140484630245922,7.733427682526752
sensor_comm,9101,chirp,0.2,always,L4 slip,0.627977853729369,0.7238909427704474,0.07767708577259977,4.22425962306152
sensor_comm,9101,chirp,0.2,dropout,intact,0.5384355395965517,0.5633871625869564,0.14357941763963739,3.338930843150304
sensor_comm,9101,chirp,0.2,dropout,L4 failure,1.023325846738573,1.496971224046066,0.2734911100035301,7.76419954968368
sensor_comm,9101,chirp,0.2,dropout,L4 slip,0.6184770038799287,0.7021127408650686,0.06643716160353652,4.123568418009512
sensor_comm,9101,chirp,0.2,intermittent,intact,0.5086727177027774,0.4926229583674395,0.11229673684528005,3.0151735045154577
sensor_comm,9101,chirp,0.2,intermittent,L4 failure,1.0444339591897338,1.540464241893012,0.20454539076815076,7.937455433493421
sensor_comm,9101,chirp,0.2,intermittent,L4 slip,0.618436785490388,0.7100916074589392,0.0552300435375759,4.140626802934928
sensor_comm,9101,chirp,0.2,delayed,intact,0.536144342965099,0.5561281430981193,0.1139190893800269,3.321611231238201
sensor_comm,9101,chirp,0.2,delayed,L4 failure,1.0163503404430378,1.4857940007507922,0.07183205219735186,7.735999470730878
sensor_comm,9101,chirp,0.2,delayed,L4 slip,0.6313549820155545,0.7332907702802531,0.08803871496580977,4.263373437271679
sensor_comm,9101,chirp,0.2,noisy,intact,0.535074440069489,0.5425159858359893,0.08952073132526235,3.2765369778096236
sensor_comm,9101,chirp,0.2,noisy,L4 failure,1.0208839004506098,1.4894470677768497,0.08419668570276508,7.767813822890424
sensor_comm,9101,chirp,0.2,noisy,L4 slip,0.6361909309788384,0.7325797093641478,0.06412367863792603,4.283353795018928
sensor_comm,9101,chirp,0.2,stuck,intact,0.5847708323231724,0.6788195541592807,0.2236777127634973,3.816140351533808
sensor_comm,9101,chirp,0.2,stuck,L4 failure,1.0121333069867466,1.4772049574223547,0.11066791213978684,7.7035130394120275
sensor_comm,9101,chirp,0.2,stuck,L4 slip,0.6648292040460042,0.8128637554779294,0.17865574718183422,4.584508247871744
sensor_comm,9101,chirp,0.4,always,intact,0.5317426248097968,0.5155698054634942,0.05182668288222669,3.216089839459137
sensor_comm,9101,chirp,0.4,always,L4 failure,1.0194161607508516,1.4844075858481833,0.03836158416822337,7.767598146131352
sensor_comm,9101,chirp,0.4,always,L4 slip,0.6307908615044104,0.7116486711219361,0.0441874690785563,4.227930048154261
sensor_comm,9101,chirp,0.4,dropout,intact,0.5962944402298391,0.6924218327909427,0.18054221129220602,3.9235853301110666
sensor_comm,9101,chirp,0.4,dropout,L4 failure,1.0088718159732937,1.4647223231945719,0.2218265064550849,7.668351441498394
sensor_comm,9101,chirp,0.4,dropout,L4 slip,0.6570192725862972,0.7810594884670043,0.11049068285099353,4.496307635522185
sensor_comm,9101,chirp,0.4,intermittent,intact,0.5234998197604671,0.5268523085027367,0.11635418817611776,3.1794853495000748
sensor_comm,9101,chirp,0.4,intermittent,L4 failure,1.0286299257239253,1.5084112997961707,0.11101878000753555,7.829168911964221
sensor_comm,9101,chirp,0.4,intermittent,L4 slip,0.6283810081108084,0.7250849674052313,0.08058916961246732,4.232829804811479
sensor_comm,9101,chirp,0.4,delayed,intact,0.5429807453519856,0.5480729998302812,0.059591455332959155,3.359725059840406
sensor_comm,9101,chirp,0.4,delayed,L4 failure,1.0175436138390745,1.4815840922241401,0.03644058870905616,7.75460295713119
sensor_comm,9101,chirp,0.4,delayed,L4 slip,0.6383868167969889,0.7307411311876572,0.051408031929531674,4.313750301004323
sensor_comm,9101,chirp,0.4,noisy,intact,0.5351422691639544,0.5011012968531093,0.05416141977827971,3.182242937113571
sensor_comm,9101,chirp,0.4,noisy,L4 failure,1.03659631555363,1.5068779871688924,0.05874212738904818,7.898729553021612
sensor_comm,9101,chirp,0.4,noisy,L4 slip,0.6489158890895426,0.7304663585898845,0.0444781496957112,4.357431127988096
sensor_comm,9101,chirp,0.4,stuck,intact,0.646182200965525,0.8038503856306598,0.25271555227538056,4.384478343067619
sensor_comm,9101,chirp,0.4,stuck,L4 failure,1.020404811290372,1.4866800480911944,0.03645538807673383,7.78062595511083
sensor_comm,9101,chirp,0.4,stuck,L4 slip,0.7250674797478793,0.932653179247656,0.23013706004189644,5.123996128612274
sensor_comm,9101,chirp,1.0,always,intact,0.4964481860872466,0.34938271749227434,0.08092882933403042,2.5782716449159606
sensor_comm,9101,chirp,1.0,always,L4 failure,1.0382023075260964,1.509570797821299,0.03826686468388074,7.918568425852526
sensor_comm,9101,chirp,1.0,always,L4 slip,0.6069574869017752,0.6224032386629783,0.05987050643656542,3.9052706996228794
sensor_comm,9101,chirp,1.0,dropout,intact,0.6588927902567732,0.8167020214640548,0.20101080573763172,4.497104919131836
sensor_comm,9101,chirp,1.0,dropout,L4 failure,1.019759285242988,1.4743201338919305,0.1860129549164286,7.77319059190866
sensor_comm,9101,chirp,1.0,dropout,L4 slip,0.7128104667996931,0.8897272746179163,0.1396143214713228,5.0037041194075265
sensor_comm,9101,chirp,1.0,intermittent,intact,0.5376119523286742,0.5366962831180689,0.05725080755329104,3.296716398578002
sensor_comm,9101,chirp,1.0,intermittent,L4 failure,1.0322343794045554,1.5047259378510776,0.035849287897634204,7.875305135103878
sensor_comm,9101,chirp,1.0,intermittent,L4 slip,0.651800183645877,0.7551300866862742,0.04634719848095286,4.443558930799123
sensor_comm,9101,chirp,1.0,delayed,intact,0.5032326371929081,0.3483829698291358,0.10986872180135847,2.6194036009902395
sensor_comm,9101,chirp,1.0,delayed,L4 failure,1.0379699852875028,1.508428444177031,0.05446229783646479,7.9161429643173
sensor_comm,9101,chirp,1.0,delayed,L4 slip,0.6089884486534933,0.6172182104444428,0.08118343360806866,3.9174214892411676
sensor_comm,9101,chirp,1.0,noisy,intact,0.5224205939874793,0.3824690895264869,0.08414884664970682,2.751727552279778
sensor_comm,9101,chirp,1.0,noisy,L4 failure,1.1049264476512186,1.605576493105552,0.05171399236195886,8.44063202796635
sensor_comm,9101,chirp,1.0,noisy,L4 slip,0.6898475597436947,0.7622224167879772,0.0594213792904537,4.62185907198799
sensor_comm,9101,chirp,1.0,stuck,intact,0.6023212961935912,0.6867120035299243,0.11936114146221963,3.959177247558306
sensor_comm,9101,chirp,1.0,stuck,L4 failure,1.031813642751007,1.4972725913920601,0.08115081524625736,7.878829705354445
sensor_comm,9101,chirp,1.0,stuck,L4 slip,0.7006772568761617,0.8624207712609777,0.11963224593642532,4.89067727138775
sensor_comm,9102,straight,0.0,always,intact,0.7856947348684866,0.9893437942001752,0.053895964861537804,5.594183606286347
sensor_comm,9102,straight,0.0,always,L4 failure,1.2829984975362392,1.877814504009465,0.4575109426364105,9.841551652453834
sensor_comm,9102,straight,0.0,always,L4 slip,0.840355217010605,1.0653604552180087,0.07396285078521522,6.055977574026264
sensor_comm,9102,straight,0.0,dropout,intact,0.7856947348684866,0.9893437942001752,0.053895964861537804,5.594183606286347
sensor_comm,9102,straight,0.0,dropout,L4 failure,1.2829984975362392,1.877814504009465,0.4575109426364105,9.841551652453834
sensor_comm,9102,straight,0.0,dropout,L4 slip,0.840355217010605,1.0653604552180087,0.07396285078521522,6.055977574026264
sensor_comm,9102,straight,0.0,intermittent,intact,0.7856947348684866,0.9893437942001752,0.053895964861537804,5.594183606286347
sensor_comm,9102,straight,0.0,intermittent,L4 failure,1.2829984975362392,1.877814504009465,0.4575109426364105,9.841551652453834
sensor_comm,9102,straight,0.0,intermittent,L4 slip,0.840355217010605,1.0653604552180087,0.07396285078521522,6.055977574026264
sensor_comm,9102,straight,0.0,delayed,intact,0.7856947348684866,0.9893437942001752,0.053895964861537804,5.594183606286347
sensor_comm,9102,straight,0.0,delayed,L4 failure,1.2829984975362392,1.877814504009465,0.4575109426364105,9.841551652453834
sensor_comm,9102,straight,0.0,delayed,L4 slip,0.840355217010605,1.0653604552180087,0.07396285078521522,6.055977574026264
sensor_comm,9102,straight,0.0,noisy,intact,0.7856947348684866,0.9893437942001752,0.053895964861537804,5.594183606286347
sensor_comm,9102,straight,0.0,noisy,L4 failure,1.2829984975362392,1.877814504009465,0.4575109426364105,9.841551652453834
sensor_comm,9102,straight,0.0,noisy,L4 slip,0.840355217010605,1.0653604552180087,0.07396285078521522,6.055977574026264
sensor_comm,9102,straight,0.0,stuck,intact,0.7856947348684866,0.9893437942001752,0.053895964861537804,5.594183606286347
sensor_comm,9102,straight,0.0,stuck,L4 failure,1.2829984975362392,1.877814504009465,0.4575109426364105,9.841551652453834
sensor_comm,9102,straight,0.0,stuck,L4 slip,0.840355217010605,1.0653604552180087,0.07396285078521522,6.055977574026264
sensor_comm,9102,straight,0.025,always,intact,0.7403807903014337,0.8968653722851586,0.0103662101235593,5.167066558317022
sensor_comm,9102,straight,0.025,always,L4 failure,1.288812088729015,1.8931041070070431,0.4314254771306012,9.881087463996806
sensor_comm,9102,straight,0.025,always,L4 slip,0.8270105697192865,1.0441977408089518,0.09935265649457495,5.934683810966431
sensor_comm,9102,straight,0.025,dropout,intact,0.7506944845701037,0.9213275130112102,0.032704767702431976,5.265801966037389
sensor_comm,9102,straight,0.025,dropout,L4 failure,1.291205311851594,1.8964410191405563,0.47355169094169475,9.893709975209758
sensor_comm,9102,straight,0.025,dropout,L4 slip,0.8280776558835747,1.0466561087862343,0.0917707685046664,5.944957239772962
sensor_comm,9102,straight,0.025,intermittent,intact,0.7684900065049615,0.9542467530269658,0.03355823656546323,5.4336852875346215
sensor_comm,9102,straight,0.025,intermittent,L4 failure,1.2850351186971822,1.8831170886039423,0.44968854172764594,9.854847057484683
sensor_comm,9102,straight,0.025,intermittent,L4 slip,0.8348088478578982,1.0562515405165587,0.08445822403076089,6.00586040523759
sensor_comm,9102,straight,0.025,delayed,intact,0.7430991494805999,0.9017753092840219,0.010669162816830146,5.192158158811621
sensor_comm,9102,straight,0.025,delayed,L4 failure,1.2891351182900437,1.8931584960152381,0.4367247698169973,9.881963699490312
sensor_comm,9102,straight,0.025,delayed,L4 slip,0.8277566510128725,1.0449060270433115,0.10020139934879266,5.940549108430253
sensor_comm,9102,straight,0.025,noisy,intact,0.742791232229659,0.9012452929330699,0.01073420601363023,5.190277773331985
sensor_comm,9102,straight,0.025,noisy,L4 failure,1.2879789442664122,1.8911874614252748,0.4318955333397258,9.875656269088333
sensor_comm,9102,straight,0.025,noisy,L4 slip,0.8285589427166181,1.0464665184355435,0.09984433848557919,5.94898109707766
sensor_comm,9102,straight,0.025,stuck,intact,0.7413307597931496,0.8991457031495406,0.009684356794073654,5.1762021546674575
sensor_comm,9102,straight,0.025,stuck,L4 failure,1.2916526996034343,1.8971769205622202,0.47637676285128067,9.896313013395085
sensor_comm,9102,straight,0.025,stuck,L4 slip,0.8266255807424856,1.0433114567356991,0.10925724545922337,5.931105892863627
sensor_comm,9102,straight,0.05,always,intact,0.7112723906547591,0.8382986771758679,0.03187479066316195,4.885822085429997
sensor_comm,9102,straight,0.05,always,L4 failure,1.2936819347057074,1.9061566093395386,0.3978740187264343,9.917681562163141
sensor_comm,9102,straight,0.05,always,L4 slip,0.820323277139329,1.0365476146158374,0.11012126191592335,5.87526471828244
sensor_comm,9102,straight,0.05,dropout,intact,0.7241535275905625,0.8698478148844524,0.01463081377078832,5.013263327121463
sensor_comm,9102,straight,0.05,dropout,L4 failure,1.299881685102681,1.9152437382246394,0.4868076814481004,9.951823386036143
sensor_comm,9102,straight,0.05,dropout,L4 slip,0.8208180055581992,1.037737271096907,0.10669918203738815,5.880571392313978
sensor_comm,9102,straight,0.05,intermittent,intact,0.7535201546914211,0.9235971292510914,0.015820592879150247,5.292167448878633
sensor_comm,9102,straight,0.05,intermittent,L4 failure,1.2870218890219791,1.888279303195778,0.44071706741823,9.868321508273011
sensor_comm,9102,straight,0.05,intermittent,L4 slip,0.8302844544808119,1.0492679608000763,0.09298496107431416,5.965128640160638
sensor_comm,9102,straight,0.05,delayed,intact,0.7145272780397112,0.8435324510545344,0.031942990327131805,4.915226523726677
sensor_comm,9102,straight,0.05,delayed,L4 failure,1.2945226449822496,1.9068201814630057,0.40834298061782925,9.920529795215527
sensor_comm,9102,straight,0.05,delayed,L4 slip,0.8212140238151541,1.0369749072194376,0.11312092304743573,5.881378705318572
sensor_comm,9102,straight,0.05,noisy,intact,0.7148820599278526,0.8444120267988197,0.03300690664950848,4.920631298637105
sensor_comm,9102,straight,0.05,noisy,L4 failure,1.2921109761749914,1.902516222133326,0.39966541029400815,9.906968711404645
sensor_comm,9102,straight,0.05,noisy,L4 slip,0.822973500148873,1.0401667578757816,0.11190940212417426,5.899497661943146
sensor_comm,9102,straight,0.05,stuck,intact,0.7115099525231603,0.838895750323244,0.03250352288362618,4.888219756313269
sensor_comm,9102,straight,0.05,stuck,L4 failure,1.299815070875746,1.9151336980329616,0.48644473716041803,9.951425891922717
sensor_comm,9102,straight,0.05,stuck,L4 slip,0.8201575275138984,1.0360971902150398,0.13481896283184008,5.873379215214597
sensor_comm,9102,straight,0.1,always,intact,0.6813809129043499,0.7836791237803767,0.05979321023055713,4.598038709305049
sensor_comm,9102,straight,0.1,always,L4 failure,1.300961388582768,1.9261661933757086,0.3209505197302218,9.979990508285567
sensor_comm,9102,straight,0.1,always,L4 slip,0.815885032020683,1.0377901062987667,0.10528902511711924,5.840477968310677
sensor_comm,9102,straight,0.1,dropout,intact,0.6901883969681042,0.8059415345819776,0.013584373152267213,4.688188963603057
sensor_comm,9102,straight,0.1,dropout,L4 failure,1.316612034533284,1.9501374418429265,0.5062333593921361,10.06930844506777
sensor_comm,9102,straight,0.1,dropout,L4 slip,0.8158855588835926,1.0377698464620233,0.1292616415229003,5.840716986386166
sensor_comm,9102,straight,0.1,intermittent,intact,0.7293309093280359,0.8741955430370798,0.014665070736834273,5.060091903757262
sensor_comm,9102,straight,0.1,intermittent,L4 failure,1.2908258628319806,1.898138107697467,0.41979433148373035,9.895460562264732
sensor_comm,9102,straight,0.1,intermittent,L4 slip,0.8236375067688699,1.0402184121920537,0.1049049781400333,5.905802377837173
sensor_comm,9102,straight,0.1,delayed,intact,0.6837368894927272,0.7857209238001721,0.064232072351244,4.615930509675576
sensor_comm,9102,straight,0.1,delayed,L4 failure,1.3029988941846227,1.928858426610971,0.33868057460104684,9.988261751203362
sensor_comm,9102,straight,0.1,delayed,L4 slip,0.8169897234653072,1.0382077222393948,0.11256679059130377,5.846402638056701
sensor_comm,9102,straight,0.1,noisy,intact,0.6857136901738561,0.7894324653276701,0.06502027905664044,4.638173089661698
sensor_comm,9102,straight,0.1,noisy,L4 failure,1.2984211724371992,1.920067693057853,0.32622681684659127,9.961332913691038
sensor_comm,9102,straight,0.1,noisy,L4 slip,0.8204267215404233,1.0435865435134928,0.1109073931727175,5.880927903000303
sensor_comm,9102,straight,0.1,stuck,intact,0.680512381191621,0.7814432064347488,0.08197385335045908,4.5891180692305005
sensor_comm,9102,straight,0.1,stuck,L4 failure,1.3122047585265177,1.9428313541435749,0.4857749503658608,10.042379998937632
sensor_comm,9102,straight,0.1,stuck,L4 slip,0.8180859760851609,1.042329030672872,0.1629797014063749,5.858463558168149
sensor_comm,9102,straight,0.2,always,intact,0.664629812143765,0.7660719963786884,0.04691655353642917,4.454104940347975
sensor_comm,9102,straight,0.2,always,L4 failure,1.3087298496183943,1.9484070051503615,0.184112137323627,10.065631684132036
sensor_comm,9102,straight,0.2,always,L4 slip,0.8152895188625046,1.0495018408620769,0.05810915410669735,5.851393662611086
sensor_comm,9102,straight,0.2,dropout,intact,0.6654511296257999,0.7682762772572188,0.046343145448300906,4.463129231899102
sensor_comm,9102,straight,0.2,dropout,L4 failure,1.341299992268659,2.0000046460287715,0.5239237538839334,10.254704068368103
sensor_comm,9102,straight,0.2,dropout,L4 slip,0.8211882819441753,1.0617619576618347,0.15280685740675817,5.900292189082857
sensor_comm,9102,straight,0.2,intermittent,intact,0.6981990277985003,0.8127816636740359,0.047695651843738085,4.757582550088487
sensor_comm,9102,straight,0.2,intermittent,L4 failure,1.2978312679251052,1.9160737385242839,0.36891927324059465,9.949747490261235
sensor_comm,9102,straight,0.2,intermittent,L4 slip,0.8165431013371749,1.0342770342617147,0.11279404779661414,5.844457691344658
sensor_comm,9102,straight,0.2,delayed,intact,0.6658491316025357,0.7657892085501448,0.05455426190240402,4.457624971556259
sensor_comm,9102,straight,0.2,delayed,L4 failure,1.3128233435784937,1.9556231996270668,0.1990484226371851,10.085710141691806
sensor_comm,9102,straight,0.2,delayed,L4 slip,0.8174893867616498,1.0526632609197193,0.06562027637629528,5.8646660683035625
sensor_comm,9102,straight,0.2,noisy,intact,0.669864979823368,0.7705866751424348,0.06149095209042493,4.496628587989406
sensor_comm,9102,straight,0.2,noisy,L4 failure,1.3064558734005063,1.941571224304005,0.19520421443199157,10.04542758172602
sensor_comm,9102,straight,0.2,noisy,L4 slip,0.8245724677806807,1.0619878154518594,0.07154467262312356,5.93060430691055
sensor_comm,9102,straight,0.2,stuck,intact,0.6664533877489293,0.7704174530376717,0.11161494595163046,4.471724870936551
sensor_comm,9102,straight,0.2,stuck,L4 failure,1.3199253019416266,1.9643993718546369,0.430869597198677,10.122038822807516
sensor_comm,9102,straight,0.2,stuck,L4 slip,0.8223159528500033,1.064105097740277,0.16032909112141497,5.909637441351286
sensor_comm,9102,straight,0.4,always,intact,0.6600659039406095,0.7734891280305923,0.018708133400568015,4.445287628269628
sensor_comm,9102,straight,0.4,always,L4 failure,1.3145677123427038,1.9629482236555933,0.05049318715564137,10.159106345588269
sensor_comm,9102,straight,0.4,always,L4 slip,0.8148430090250093,1.057753938812732,0.02413258095088694,5.875885330007825
sensor_comm,9102,straight,0.4,dropout,intact,0.6619276918153768,0.7778705824872879,0.06035994177074805,4.463431832172068
sensor_comm,9102,straight,0.4,dropout,L4 failure,1.354046165365092,2.026625915526693,0.5134829420257668,10.377511737033666
sensor_comm,9102,straight,0.4,dropout,L4 slip,0.829675384988638,1.0886682303602975,0.15416014648864118,6.000045621553548
sensor_comm,9102,straight,0.4,intermittent,intact,0.6730401831660509,0.7722954186574686,0.06193450511909811,4.519966602490473
sensor_comm,9102,straight,0.4,intermittent,L4 failure,1.3098247105384169,1.9455198397902902,0.25766190449896803,10.054048434080066
sensor_comm,9102,straight,0.4,intermittent,L4 slip,0.8123334238588098,1.0390150818300083,0.09175908161832103,5.814975638549356
sensor_comm,9102,straight,0.4,delayed,intact,0.6609971414914622,0.7747582416504686,0.025271408469135854,4.446983903483713
sensor_comm,9102,straight,0.4,delayed,L4 failure,1.319844718919496,1.9740465719162255,0.05555670647565142,10.19131595212242
sensor_comm,9102,straight,0.4,delayed,L4 slip,0.8182408047787397,1.0645222949962563,0.032310535345193424,5.901259976321807
sensor_comm,9102,straight,0.4,noisy,intact,0.6723481005993482,0.7876838551972932,0.030367959105391452,4.538891957750766
sensor_comm,9102,straight,0.4,noisy,L4 failure,1.3184475042338504,1.9646974535349329,0.0658543818600949,10.18009954837431
sensor_comm,9102,straight,0.4,noisy,L4 slip,0.838677133166423,1.093201588110554,0.030002488434810893,6.074265049424646
sensor_comm,9102,straight,0.4,stuck,intact,0.661863746887207,0.7777196944031889,0.05954847267903222,4.462815741370355
sensor_comm,9102,straight,0.4,stuck,L4 failure,1.3089784766088226,1.950902666000769,0.24866250533813217,10.101216836677567
sensor_comm,9102,straight,0.4,stuck,L4 slip,0.8179884205569936,1.0643585492349341,0.07279881774343543,5.9024476626946125
sensor_comm,9102,straight,1.0,always,intact,0.6604649781488142,0.7817748178648293,0.011075023522548742,4.4878540007742505
sensor_comm,9102,straight,1.0,always,L4 failure,1.3173543115435389,1.9624598975310252,0.00950708723975213,10.236298114995998
sensor_comm,9102,straight,1.0,always,L4 slip,0.8127800374505764,1.055730212052393,0.014942002455146219,5.887394673881379
sensor_comm,9102,straight,1.0,dropout,intact,0.6590632166364652,0.777964380699079,0.025803989666289957,4.473809807969718
sensor_comm,9102,straight,1.0,dropout,L4 failure,1.3167271705308812,1.9579959404200236,0.426007720177472,10.166352735904844
sensor_comm,9102,straight,1.0,dropout,L4 slip,0.8164463487437262,1.0629308144813598,0.10434384054725845,5.917452940024899
sensor_comm,9102,straight,1.0,intermittent,intact,0.6640744927203037,0.7780931728247125,0.021728497326689165,4.471951267884545
sensor_comm,9102,straight,1.0,intermittent,L4 failure,1.332816039050662,1.9948823102689288,0.059845105545835366,10.291785905635338
sensor_comm,9102,straight,1.0,intermittent,L4 slip,0.8097713047951169,1.0496579134752433,0.019162730994712763,5.823881220358239
sensor_comm,9102,straight,1.0,delayed,intact,0.6610852029098769,0.7840258420345508,0.013908437997560866,4.495183730859454
sensor_comm,9102,straight,1.0,delayed,L4 failure,1.3180452940821819,1.9650114412879198,0.013122327341457535,10.245424585563201
sensor_comm,9102,straight,1.0,delayed,L4 slip,0.8182335616428709,1.0663250813229674,0.017022489571533322,5.937999130152834
sensor_comm,9102,straight,1.0,noisy,intact,0.7358311201781595,0.8950260482014627,0.029123512440673155,5.0992738741655295
sensor_comm,9102,straight,1.0,noisy,L4 failure,1.3776607534013565,2.045727920114685,0.024616477206513103,10.69303082053282
sensor_comm,9102,straight,1.0,noisy,L4 slip,0.9243659797204048,1.2280175565569031,0.02666110333682728,6.808909243405418
sensor_comm,9102,straight,1.0,stuck,intact,0.6625288602190604,0.7867337047142281,0.05309237859461717,4.507577274664992
sensor_comm,9102,straight,1.0,stuck,L4 failure,1.3282428607056918,1.9821648008024197,0.06959530662778365,10.316315877293887
sensor_comm,9102,straight,1.0,stuck,L4 slip,0.8162805156149603,1.0631114084083428,0.045324166121683496,5.918050230281128
sensor_comm,9102,s_lr,0.0,always,intact,0.6427764862885044,0.7334687760187459,0.03164341118672329,4.334804040325139
sensor_comm,9102,s_lr,0.0,always,L4 failure,1.3517327314863499,2.0211369570099422,0.473490537434751,10.448725230915816
sensor_comm,9102,s_lr,0.0,always,L4 slip,0.8336199895735454,1.0869143634770273,0.11271816630774904,6.1012871012635035
sensor_comm,9102,s_lr,0.0,dropout,intact,0.6427764862885044,0.7334687760187459,0.03164341118672329,4.334804040325139
sensor_comm,9102,s_lr,0.0,dropout,L4 failure,1.3517327314863499,2.0211369570099422,0.473490537434751,10.448725230915816
sensor_comm,9102,s_lr,0.0,dropout,L4 slip,0.8336199895735454,1.0869143634770273,0.11271816630774904,6.1012871012635035
sensor_comm,9102,s_lr,0.0,intermittent,intact,0.6427764862885044,0.7334687760187459,0.03164341118672329,4.334804040325139
sensor_comm,9102,s_lr,0.0,intermittent,L4 failure,1.3517327314863499,2.0211369570099422,0.473490537434751,10.448725230915816
sensor_comm,9102,s_lr,0.0,intermittent,L4 slip,0.8336199895735454,1.0869143634770273,0.11271816630774904,6.1012871012635035
sensor_comm,9102,s_lr,0.0,delayed,intact,0.6427764862885044,0.7334687760187459,0.03164341118672329,4.334804040325139
sensor_comm,9102,s_lr,0.0,delayed,L4 failure,1.3517327314863499,2.0211369570099422,0.473490537434751,10.448725230915816
sensor_comm,9102,s_lr,0.0,delayed,L4 slip,0.8336199895735454,1.0869143634770273,0.11271816630774904,6.1012871012635035
sensor_comm,9102,s_lr,0.0,noisy,intact,0.6427764862885044,0.7334687760187459,0.03164341118672329,4.334804040325139
sensor_comm,9102,s_lr,0.0,noisy,L4 failure,1.3517327314863499,2.0211369570099422,0.473490537434751,10.448725230915816
sensor_comm,9102,s_lr,0.0,noisy,L4 slip,0.8336199895735454,1.0869143634770273,0.11271816630774904,6.1012871012635035
sensor_comm,9102,s_lr,0.0,stuck,intact,0.6427764862885044,0.7334687760187459,0.03164341118672329,4.334804040325139
sensor_comm,9102,s_lr,0.0,stuck,L4 failure,1.3517327314863499,2.0211369570099422,0.473490537434751,10.448725230915816
sensor_comm,9102,s_lr,0.0,stuck,L4 slip,0.8336199895735454,1.0869143634770273,0.11271816630774904,6.1012871012635035
sensor_comm,9102,s_lr,0.025,always,intact,0.6467465271772423,0.7394698176157349,0.042214151533486774,4.379548260820608
sensor_comm,9102,s_lr,0.025,always,L4 failure,1.3449164778789189,2.0098164995891445,0.3992287050688365,10.428927315954965
sensor_comm,9102,s_lr,0.025,always,L4 slip,0.8363792451441011,1.0895731922785683,0.07435864870616268,6.135049776255514
sensor_comm,9102,s_lr,0.025,dropout,intact,0.6482125902302127,0.743154664679476,0.026594556128754,4.3950998053416885
sensor_comm,9102,s_lr,0.025,dropout,L4 failure,1.3677897630021065,2.0488864069651718,0.4807366453717812,10.581991196351817
sensor_comm,9102,s_lr,0.025,dropout,L4 slip,0.8473540000636385,1.113534578612612,0.12170358002151431,6.231753137498079
sensor_comm,9102,s_lr,0.025,intermittent,intact,0.6439175460816952,0.7351844556865246,0.034367852329376905,4.347963054577879
sensor_comm,9102,s_lr,0.025,intermittent,L4 failure,1.3493519366633977,2.017336265254733,0.4489204696126466,10.44138583459251
sensor_comm,9102,s_lr,0.025,intermittent,L4 slip,0.8337343057392306,1.0864660659850038,0.09987094787782955,6.105448571055742
sensor_comm,9102,s_lr,0.025,delayed,intact,0.6463616049519427,0.7389159092225488,0.0418716028049601,4.3749306439778834
sensor_comm,9102,s_lr,0.025,delayed,L4 failure,1.3471194232173107,2.01404649135232,0.40572512038030106,10.442055514419813
sensor_comm,9102,s_lr,0.025,delayed,L4 slip,0.8370915428726736,1.0915286262845216,0.07777865519852543,6.14061797346078
sensor_comm,9102,s_lr,0.025,noisy,intact,0.6460909008471154,0.738455090629977,0.04215797943863149,4.372712626668208
sensor_comm,9102,s_lr,0.025,noisy,L4 failure,1.343071765649911,2.0065140327269533,0.4015031055030428,10.413026618442965
sensor_comm,9102,s_lr,0.025,noisy,L4 slip,0.8357812518164499,1.088368326561687,0.07478802658722854,6.1290029423286425
sensor_comm,9102,s_lr,0.025,stuck,intact,0.6475636181532507,0.741533593253404,0.03121070758450479,4.388202102494576
sensor_comm,9102,s_lr,0.025,stuck,L4 failure,1.3574933801691167,2.031017951392946,0.4518968277280698,10.512484963774988
sensor_comm,9102,s_lr,0.025,stuck,L4 slip,0.8425179041062418,1.103059225211947,0.10519317705897824,6.1892146390989895
sensor_comm,9102,s_lr,0.05,always,intact,0.6510724827596234,0.7458388345142026,0.05723429218514309,4.42683123164651
sensor_comm,9102,s_lr,0.05,always,L4 failure,1.3380109193928655,1.9973320415544578,0.3218194584616395,10.404550486809747
sensor_comm,9102,s_lr,0.05,always,L4 slip,0.8376085311061875,1.08844155213249,0.03858971183896709,6.153283695704033
sensor_comm,9102,s_lr,0.05,dropout,intact,0.6556389663559908,0.7574383733259731,0.025542138180713332,4.4752466276197955
sensor_comm,9102,s_lr,0.05,dropout,L4 failure,1.3814883881727598,2.072203006682053,0.48551121632297145,10.69754987264649
sensor_comm,9102,s_lr,0.05,dropout,L4 slip,0.8600802970296201,1.137610795727518,0.12818752886709445,6.351961595598637
sensor_comm,9102,s_lr,0.05,intermittent,intact,0.6451859224179626,0.7371371338455754,0.03771371842921659,4.362321977787855
sensor_comm,9102,s_lr,0.05,intermittent,L4 failure,1.3469254458827828,2.0133414536888643,0.4237735885965793,10.433394058558882
sensor_comm,9102,s_lr,0.05,intermittent,L4 slip,0.8336854444785912,1.0855858973612764,0.08657306067294734,6.107982004032551
sensor_comm,9102,s_lr,0.05,delayed,intact,0.650451746314484,0.7450900179552861,0.056600505667699606,4.419426371296684
sensor_comm,9102,s_lr,0.05,delayed,L4 failure,1.342090215575261,2.005379693232919,0.33438019109144224,10.429699503620805
sensor_comm,9102,s_lr,0.05,delayed,L4 slip,0.8390811130141171,1.092456006823357,0.042541739944855966,6.165449601767616
sensor_comm,9102,s_lr,0.05,noisy,intact,0.6496403498714431,0.7436645020793597,0.056322833187966714,4.411975197563744
sensor_comm,9102,s_lr,0.05,noisy,L4 failure,1.3346013993160533,1.9913091804637741,0.32681356344219775,10.37479625848937
sensor_comm,9102,s_lr,0.05,noisy,L4 slip,0.8367330956281027,1.0868162726609314,0.039074014102246965,6.14399670494857
sensor_comm,9102,s_lr,0.05,stuck,intact,0.6530769700829769,0.750933633792585,0.035867032861301676,4.448049918452788
sensor_comm,9102,s_lr,0.05,stuck,L4 failure,1.359573484352498,2.03406045849074,0.42372948019808304,10.549058426735384
sensor_comm,9102,s_lr,0.05,stuck,L4 slip,0.8485829149709311,1.112773872206804,0.09053347703954988,6.251079926132637
sensor_comm,9102,s_lr,0.1,always,intact,0.6595918538818241,0.7577547725757812,0.09447596096267405,4.517504010976377
sensor_comm,9102,s_lr,0.1,always,L4 failure,1.3283062000602983,1.9772969423968925,0.1662003804222572,10.374101695839562
sensor_comm,9102,s_lr,0.1,always,L4 slip,0.8385962699291142,1.0823473968867214,0.0639566956062456,6.1713334896029695
sensor_comm,9102,s_lr,0.1,dropout,intact,0.6719856257917168,0.7889587393262854,0.026434055154505615,4.647625561813954
sensor_comm,9102,s_lr,0.1,dropout,L4 failure,1.4020675253765549,2.106238304218077,0.48881431378115303,10.87676872762598
sensor_comm,9102,s_lr,0.1,dropout,L4 slip,0.8810999048106041,1.1758188202810238,0.1348871998820493,6.550071206550172
sensor_comm,9102,s_lr,0.1,intermittent,intact,0.6479623410031923,0.7414278272586913,0.04603830488786799,4.393149504519025
sensor_comm,9102,s_lr,0.1,intermittent,L4 failure,1.3421618276894067,2.005174999958322,0.371945729282591,10.41699757620381
sensor_comm,9102,s_lr,0.1,intermittent,L4 slip,0.8332428606554269,1.0828593889309097,0.05907238161823105,6.109390324672455
sensor_comm,9102,s_lr,0.1,delayed,intact,0.6587119001522619,0.7567731965905984,0.09451099696515165,4.507022758436281
sensor_comm,9102,s_lr,0.1,delayed,L4 failure,1.3342332518778282,1.989778038617893,0.18676902390265293,10.412326764919847
sensor_comm,9102,s_lr,0.1,delayed,L4 slip,0.8410318184531465,1.0889766665304277,0.0646525434950023,6.1927004334348785
sensor_comm,9102,s_lr,0.1,noisy,intact,0.6568119892493282,0.7540314388698934,0.08959927386273121,4.488924938915338
sensor_comm,9102,s_lr,0.1,noisy,L4 failure,1.3222629152231788,1.966944481661257,0.17645997507437333,10.320728909952042
sensor_comm,9102,s_lr,0.1,noisy,L4 slip,0.837926858641911,1.0817276268717482,0.06039763691859579,6.162639999327032
sensor_comm,9102,s_lr,0.1,stuck,intact,0.6625337506551128,0.7649540090702507,0.05771078816708548,4.5480210129748135
sensor_comm,9102,s_lr,0.1,stuck,L4 failure,1.3559434166401076,2.0253280131828175,0.35255458910506726,10.561755422674498
sensor_comm,9102,s_lr,0.1,stuck,L4 slip,0.8536022443979003,1.1163066018577035,0.04528642081458343,6.308123780882356
sensor_comm,9102,s_lr,0.2,always,intact,0.678169996916039,0.7882221949398229,0.16650434037442408,4.711137186131455
sensor_comm,9102,s_lr,0.2,always,L4 failure,1.3255252967355406,1.9630875480037795,0.08419559220281436,10.405402481675171
sensor_comm,9102,s_lr,0.2,always,L4 slip,0.8453470694373036,1.082899489978306,0.1550740392110092,6.240927900608947
sensor_comm,9102,s_lr,0.2,dropout,intact,0.6970753099723953,0.8331851810554021,0.026907097294841087,4.90425771634815
sensor_comm,9102,s_lr,0.2,dropout,L4 failure,1.4203283910037385,2.132703871610628,0.4771166224715316,11.057479244945174
sensor_comm,9102,s_lr,0.2,dropout,L4 slip,0.9042495777968731,1.2127798335506905,0.13022386881508635,6.771546232014415
sensor_comm,9102,s_lr,0.2,intermittent,intact,0.6540028908960543,0.7506268490638737,0.06851598563448902,4.458487257002517
sensor_comm,9102,s_lr,0.2,intermittent,L4 failure,1.3344529927597857,1.9908426834568516,0.2634651982782984,10.392931048876077
sensor_comm,9102,s_lr,0.2,intermittent,L4 slip,0.8318742184339677,1.0756505030196828,0.03375281067142377,6.105492771487532
sensor_comm,9102,s_lr,0.2,delayed,intact,0.6769662562246846,0.785609985615876,0.17693426975272336,4.696945760618003
sensor_comm,9102,s_lr,0.2,delayed,L4 failure,1.331810757839668,1.9776585076368438,0.09521381170210409,10.449518731370539
sensor_comm,9102,s_lr,0.2,delayed,L4 slip,0.8477744574844392,1.0887950552080636,0.1641578748236467,6.263358795198862
sensor_comm,9102,s_lr,0.2,noisy,intact,0.6734812887205114,0.7828496090096232,0.15115487760282073,4.662137215455859
sensor_comm,9102,s_lr,0.2,noisy,L4 failure,1.317399633210282,1.9501216948752798,0.07816714830583531,10.329722037386198
sensor_comm,9102,s_lr,0.2,noisy,L4 slip,0.8464749384383101,1.0870811008171406,0.14102864657618203,6.2462402174874505
sensor_comm,9102,s_lr,0.2,stuck,intact,0.6756025143001049,0.7800352672853282,0.1460191355533047,4.68136385881194
sensor_comm,9102,s_lr,0.2,stuck,L4 failure,1.3379087593122827,1.9852467122889952,0.17716189757464168,10.486507493274111
sensor_comm,9102,s_lr,0.2,stuck,L4 slip,0.8515061505581777,1.0969407004118028,0.08855425651601996,6.2987058343671425
sensor_comm,9102,s_lr,0.4,always,intact,0.7189015919000277,0.8700122493324457,0.1983902575344349,5.117193260225728
sensor_comm,9102,s_lr,0.4,always,L4 failure,1.3454100492401133,1.9824925634492268,0.1901291507141593,10.607484891119464
sensor_comm,9102,s_lr,0.4,always,L4 slip,0.8746171533794237,1.132290741013346,0.2124828297505486,6.511386230727047
sensor_comm,9102,s_lr,0.4,dropout,intact,0.7096360994006081,0.8398330645236743,0.029890984261906978,5.021561585625008
sensor_comm,9102,s_lr,0.4,dropout,L4 failure,1.4052049773434012,2.093351832555231,0.4172796646510223,11.001118848695516
sensor_comm,9102,s_lr,0.4,dropout,L4 slip,0.9031757520207031,1.193289097764,0.08640790582564198,6.774559673362987
sensor_comm,9102,s_lr,0.4,intermittent,intact,0.6678389372285073,0.7729272704649339,0.12588743628024726,4.604029154222329
sensor_comm,9102,s_lr,0.4,intermittent,L4 failure,1.3326538860662063,1.9831002248505007,0.08276337476195991,10.428810749175565
sensor_comm,9102,s_lr,0.4,intermittent,L4 slip,0.8320348392710596,1.066371786547657,0.10077097042261288,6.116828837115616
sensor_comm,9102,s_lr,0.4,delayed,intact,0.7235984827841824,0.877862009280874,0.23489200063847862,5.160810705931216
sensor_comm,9102,s_lr,0.4,delayed,L4 failure,1.3524469713575098,1.997785764874127,0.21690483521449436,10.66635652540331
sensor_comm,9102,s_lr,0.4,delayed,L4 slip,0.8813050908974245,1.1440237483861477,0.24697025052162305,6.574080326234558
sensor_comm,9102,s_lr,0.4,noisy,intact,0.7123426479226265,0.8609261290313386,0.17602494484820808,5.041979190090036
sensor_comm,9102,s_lr,0.4,noisy,L4 failure,1.337715816955301,1.9716693163175214,0.17270531468620814,10.527282644325012
sensor_comm,9102,s_lr,0.4,noisy,L4 slip,0.882073469510133,1.1476131488054102,0.19354947107453255,6.566009030600146
sensor_comm,9102,s_lr,0.4,stuck,intact,0.7332400887946454,0.8994487146943511,0.37936525733511306,5.237681765454522
sensor_comm,9102,s_lr,0.4,stuck,L4 failure,1.34476923535244,1.9811523538775362,0.17738282173867523,10.594361796823131
sensor_comm,9102,s_lr,0.4,stuck,L4 slip,0.8799152434953078,1.1429917695906084,0.332648314444547,6.55585040890866
sensor_comm,9102,s_lr,1.0,always,intact,0.7573030003456965,0.9509938177665266,0.1437621155632495,5.478927815177042
sensor_comm,9102,s_lr,1.0,always,L4 failure,1.3779165728907892,2.021700471379263,0.17740353578752527,10.8873799589116
sensor_comm,9102,s_lr,1.0,always,L4 slip,0.9074174373910021,1.195607486710428,0.14374944227797587,6.797489808570081
sensor_comm,9102,s_lr,1.0,dropout,intact,0.7153816791492482,0.8423928306165951,0.12697576985837444,5.066267423992137
sensor_comm,9102,s_lr,1.0,dropout,L4 failure,1.335671327577079,1.9444251881177745,0.24429563095746545,10.515893641555502
sensor_comm,9102,s_lr,1.0,dropout,L4 slip,0.8743175964694981,1.1168786047399248,0.03481914025239907,6.49749071874492
sensor_comm,9102,s_lr,1.0,intermittent,intact,0.7274360155534375,0.8900821971352612,0.20799465013691698,5.198770697957782
sensor_comm,9102,s_lr,1.0,intermittent,L4 failure,1.3734304997527977,2.0377696345927774,0.19071383713854906,10.826646678660289
sensor_comm,9102,s_lr,1.0,intermittent,L4 slip,0.8683300004580314,1.1216483132412325,0.22292626624614525,6.455384189272682
sensor_comm,9102,s_lr,1.0,delayed,intact,0.7727656080097803,0.9795080205035186,0.16411528232495604,5.621585537740715
sensor_comm,9102,s_lr,1.0,delayed,L4 failure,1.3868325970869024,2.034078394994503,0.18126461995312,10.973974171283382
sensor_comm,9102,s_lr,1.0,delayed,L4 slip,0.9243965128882196,1.2241325992328682,0.15778978435355548,6.950158341422593
sensor_comm,9102,s_lr,1.0,noisy,intact,0.7936604423029691,1.0048895039174321,0.1172719078026558,5.740709688881375
sensor_comm,9102,s_lr,1.0,noisy,L4 failure,1.4110270498309037,2.072584115777422,0.16793021995681645,11.11657150080751
sensor_comm,9102,s_lr,1.0,noisy,L4 slip,0.9829677789524367,1.316160997302238,0.13073095141653868,7.406425028123187
sensor_comm,9102,s_lr,1.0,stuck,intact,0.9279284631326437,1.2728516457304668,0.6378999804013412,6.763932234994633
sensor_comm,9102,s_lr,1.0,stuck,L4 failure,1.4978268468449267,2.238216389587884,0.5937549716629277,11.768241091303162
sensor_comm,9102,s_lr,1.0,stuck,L4 slip,1.0079666481292708,1.3913978789756984,0.5468239332265139,7.58139748781204
sensor_comm,9102,s_rl,0.0,always,intact,1.0547536395330563,1.3911218119186788,0.08771539905261105,7.986162565686968
sensor_comm,9102,s_rl,0.0,always,L4 failure,1.291108168499175,1.8077658351959034,0.4420448639737221,10.010094306768671
sensor_comm,9102,s_rl,0.0,always,L4 slip,1.0069454810221836,1.272693484854575,0.057101565513992925,7.506280448222208
sensor_comm,9102,s_rl,0.0,dropout,intact,1.0547536395330563,1.3911218119186788,0.08771539905261105,7.986162565686968
sensor_comm,9102,s_rl,0.0,dropout,L4 failure,1.291108168499175,1.8077658351959034,0.4420448639737221,10.010094306768671
sensor_comm,9102,s_rl,0.0,dropout,L4 slip,1.0069454810221836,1.272693484854575,0.057101565513992925,7.506280448222208
sensor_comm,9102,s_rl,0.0,intermittent,intact,1.0547536395330563,1.3911218119186788,0.08771539905261105,7.986162565686968
sensor_comm,9102,s_rl,0.0,intermittent,L4 failure,1.291108168499175,1.8077658351959034,0.4420448639737221,10.010094306768671
sensor_comm,9102,s_rl,0.0,intermittent,L4 slip,1.0069454810221836,1.272693484854575,0.057101565513992925,7.506280448222208
sensor_comm,9102,s_rl,0.0,delayed,intact,1.0547536395330563,1.3911218119186788,0.08771539905261105,7.986162565686968
sensor_comm,9102,s_rl,0.0,delayed,L4 failure,1.291108168499175,1.8077658351959034,0.4420448639737221,10.010094306768671
sensor_comm,9102,s_rl,0.0,delayed,L4 slip,1.0069454810221836,1.272693484854575,0.057101565513992925,7.506280448222208
sensor_comm,9102,s_rl,0.0,noisy,intact,1.0547536395330563,1.3911218119186788,0.08771539905261105,7.986162565686968
sensor_comm,9102,s_rl,0.0,noisy,L4 failure,1.291108168499175,1.8077658351959034,0.4420448639737221,10.010094306768671
sensor_comm,9102,s_rl,0.0,noisy,L4 slip,1.0069454810221836,1.272693484854575,0.057101565513992925,7.506280448222208
sensor_comm,9102,s_rl,0.0,stuck,intact,1.0547536395330563,1.3911218119186788,0.08771539905261105,7.986162565686968
sensor_comm,9102,s_rl,0.0,stuck,L4 failure,1.291108168499175,1.8077658351959034,0.4420448639737221,10.010094306768671
sensor_comm,9102,s_rl,0.0,stuck,L4 slip,1.0069454810221836,1.272693484854575,0.057101565513992925,7.506280448222208
sensor_comm,9102,s_rl,0.025,always,intact,0.9482141908816034,1.1715756112096003,0.05440764824859312,6.999478657716233
sensor_comm,9102,s_rl,0.025,always,L4 failure,1.2815880971262428,1.8003424245047106,0.47312343689166775,9.909548114049963
sensor_comm,9102,s_rl,0.025,always,L4 slip,0.940601408870414,1.1386154662239074,0.1273452650131283,6.879226291997682
sensor_comm,9102,s_rl,0.025,dropout,intact,0.9870945686000938,1.2637833373897582,0.0580233844133061,7.37298035207804
sensor_comm,9102,s_rl,0.025,dropout,L4 failure,1.2813071211422213,1.8000344190354063,0.46587062235718746,9.912886342613385
sensor_comm,9102,s_rl,0.025,dropout,L4 slip,0.9612423292298727,1.1889444491769035,0.07429823291361022,7.084429764415891
sensor_comm,9102,s_rl,0.025,intermittent,intact,1.0156122411970216,1.31191706482285,0.048367209451763815,7.631547254957027
sensor_comm,9102,s_rl,0.025,intermittent,L4 failure,1.287067618491675,1.8037229853196002,0.45483284104946076,9.969195622069657
sensor_comm,9102,s_rl,0.025,intermittent,L4 slip,0.9822716085999577,1.222702633307496,0.0811564700307738,7.2754681035603035
sensor_comm,9102,s_rl,0.025,delayed,intact,0.9566971365406147,1.1880567793186392,0.05378618074473094,7.078782337601067
sensor_comm,9102,s_rl,0.025,delayed,L4 failure,1.2823498000040192,1.800301740426756,0.47621494920103863,9.916802922602281
sensor_comm,9102,s_rl,0.025,delayed,L4 slip,0.9456012874829369,1.1474126753967913,0.12632778377507145,6.92506248890906
sensor_comm,9102,s_rl,0.025,noisy,intact,0.9520646085256917,1.1783555978934213,0.0545123286260206,7.035139361989096
sensor_comm,9102,s_rl,0.025,noisy,L4 failure,1.2821394573684868,1.8004184875142442,0.47310183689149754,9.915566743135471
sensor_comm,9102,s_rl,0.025,noisy,L4 slip,0.9434314628131387,1.1430730366863506,0.12790453598200652,6.904964927375869
sensor_comm,9102,s_rl,0.025,stuck,intact,0.9574259553516028,1.1942197895704003,0.044520045366847685,7.0905082055002175
sensor_comm,9102,s_rl,0.025,stuck,L4 failure,1.2799897247726117,1.7970521851323498,0.49786925133821713,9.896298619152777
sensor_comm,9102,s_rl,0.025,stuck,L4 slip,0.9446236180818796,1.1486584757619251,0.11692785461136768,6.919828755395017
sensor_comm,9102,s_rl,0.05,always,intact,0.8706982300472327,1.0041808502628267,0.11129049477719466,6.233271094283089
sensor_comm,9102,s_rl,0.05,always,L4 failure,1.278017012434079,1.8030994065462,0.4858724273139353,9.859069550042719
sensor_comm,9102,s_rl,0.05,always,L4 slip,0.8964337730606098,1.0532550505922653,0.18524418417840305,6.457773182025001
sensor_comm,9102,s_rl,0.05,dropout,intact,0.9298105025389751,1.1543925314386627,0.03505692720314447,6.842378163482625
sensor_comm,9102,s_rl,0.05,dropout,L4 failure,1.2754509768417035,1.7985211367418656,0.4865874549846028,9.848430553759123
sensor_comm,9102,s_rl,0.05,dropout,L4 slip,0.9244044767103461,1.1226945048783814,0.09161618572709959,6.7423440942670005
sensor_comm,9102,s_rl,0.05,intermittent,intact,0.9800646767493696,1.2385335376559041,0.04412919232142026,7.301536412182715
sensor_comm,9102,s_rl,0.05,intermittent,L4 failure,1.2840250181075425,1.8014665112277015,0.4650641602451714,9.93652671819464
sensor_comm,9102,s_rl,0.05,intermittent,L4 slip,0.9605452717473647,1.1788113476339332,0.10509946028284864,7.0701857109449
sensor_comm,9102,s_rl,0.05,delayed,intact,0.8827408873388078,1.0272484930379575,0.11101720699870224,6.3488553030804145
sensor_comm,9102,s_rl,0.05,delayed,L4 failure,1.2790808286237123,1.8025025241292567,0.49367108879641874,9.869067400569314
sensor_comm,9102,s_rl,0.05,delayed,L4 slip,0.9031363882544564,1.0636644636487567,0.18582471761607672,6.517716793710133
sensor_comm,9102,s_rl,0.05,noisy,intact,0.8768634612519242,1.0144691586738213,0.11244025465640886,6.290791835211221
sensor_comm,9102,s_rl,0.05,noisy,L4 failure,1.2787506535057114,1.802617473784911,0.4868694091614598,9.867987457304384
sensor_comm,9102,s_rl,0.05,noisy,L4 slip,0.9013250453383305,1.0604333230547875,0.18711360171138489,6.501842264432168
sensor_comm,9102,s_rl,0.05,stuck,intact,0.8820634778659778,1.035006057140799,0.08826622159220934,6.357308765373354
sensor_comm,9102,s_rl,0.05,stuck,L4 failure,1.2758303764558554,1.7982294819123559,0.542659884792867,9.839120286180837
sensor_comm,9102,s_rl,0.05,stuck,L4 slip,0.9003642400794167,1.0632521045248091,0.17648896239777428,6.4984648770003135
sensor_comm,9102,s_rl,0.1,always,intact,0.7782344668345225,0.808305562510062,0.2017560102746437,5.287380754476494
sensor_comm,9102,s_rl,0.1,always,L4 failure,1.2786058116843841,1.8202400191074388,0.47699666852348327,9.828067106742408
sensor_comm,9102,s_rl,0.1,always,L4 slip,0.8498028475173484,0.9786481406436304,0.2491978849058368,6.0268096953601
sensor_comm,9102,s_rl,0.1,dropout,intact,0.8414987368116803,0.9833819299899581,0.03235161763806257,6.000600201723181
sensor_comm,9102,s_rl,0.1,dropout,L4 failure,1.271559008341163,1.8068914640356284,0.520073247634954,9.785205035193178
sensor_comm,9102,s_rl,0.1,dropout,L4 slip,0.8718038669444896,1.0330241029942535,0.12479524004188378,6.254766200364589
sensor_comm,9102,s_rl,0.1,intermittent,intact,0.9190381284614412,1.1092108978701507,0.07178730823057103,6.715121967619047
sensor_comm,9102,s_rl,0.1,intermittent,L4 failure,1.280282046676641,1.8010450575437855,0.4788481910443331,9.890640733119222
sensor_comm,9102,s_rl,0.1,intermittent,L4 slip,0.9249312725420927,1.1081584990112128,0.15032270993080998,6.731382145186996
sensor_comm,9102,s_rl,0.1,delayed,intact,0.7902885000149584,0.8269061360225187,0.20900747567172076,5.39697652156033
sensor_comm,9102,s_rl,0.1,delayed,L4 failure,1.2803817066935235,1.8195515791406158,0.4944172593456688,9.842353128553945
sensor_comm,9102,s_rl,0.1,delayed,L4 slip,0.8563321375517344,0.9853883900340191,0.2585177679662881,6.080661010552741
sensor_comm,9102,s_rl,0.1,noisy,intact,0.7868335255745418,0.8199098597506553,0.20698413202826868,5.3638258565049215
sensor_comm,9102,s_rl,0.1,noisy,L4 failure,1.2795316833270076,1.8184872738424018,0.48154714752690353,9.840682768657416
sensor_comm,9102,s_rl,0.1,noisy,L4 slip,0.8578337246870901,0.9891582612422536,0.254787099935336,6.097846463615219
sensor_comm,9102,s_rl,0.1,stuck,intact,0.7850106887180389,0.8281478740388643,0.19616748674964452,5.367717324741521
sensor_comm,9102,s_rl,0.1,stuck,L4 failure,1.2786742234841746,1.818007130666804,0.605661983308232,9.817370796250433
sensor_comm,9102,s_rl,0.1,stuck,L4 slip,0.8511428476844023,0.9819685222132388,0.27238173669996674,6.041015538495087
sensor_comm,9102,s_rl,0.2,always,intact,0.7166446189950463,0.7272943554540647,0.24553307557768783,4.733536294985572
sensor_comm,9102,s_rl,0.2,always,L4 failure,1.2848983292403642,1.8554340188524592,0.4038233470256147,9.837560942576312
sensor_comm,9102,s_rl,0.2,always,L4 slip,0.8244457836328476,0.9715007060547889,0.2615261356280289,5.815466484461701
sensor_comm,9102,s_rl,0.2,dropout,intact,0.7397293133567497,0.790489532900636,0.07183307366917997,5.00230946240578
sensor_comm,9102,s_rl,0.2,dropout,L4 failure,1.2775470786169458,1.8393913489478713,0.5630418864802145,9.781873388484419
sensor_comm,9102,s_rl,0.2,dropout,L4 slip,0.8200909097334536,0.961975899986086,0.17466183503772506,5.7899041989390945
sensor_comm,9102,s_rl,0.2,intermittent,intact,0.83149632800024,0.9190826039331107,0.15184663334723264,5.830728406195181
sensor_comm,9102,s_rl,0.2,intermittent,L4 failure,1.2788536407800544,1.8102665769201032,0.48549278335410745,9.85036016417293
sensor_comm,9102,s_rl,0.2,intermittent,L4 slip,0.8783587346599295,1.02384602575698,0.21942747747595118,6.2936875968365955
sensor_comm,9102,s_rl,0.2,delayed,intact,0.7257347087500974,0.7356643082335891,0.27121709266038574,4.806564805873109
sensor_comm,9102,s_rl,0.2,delayed,L4 failure,1.289269574007649,1.8588224724845173,0.4295838969447434,9.866362371715633
sensor_comm,9102,s_rl,0.2,delayed,L4 slip,0.8309626824310536,0.9769740151759105,0.28533727867472986,5.865984938265556
sensor_comm,9102,s_rl,0.2,noisy,intact,0.7284269288245605,0.7390499912931124,0.25946888407606405,4.831565298378196
sensor_comm,9102,s_rl,0.2,noisy,L4 failure,1.2876892735044687,1.8542531636346626,0.4150061949352109,9.866211840367189
sensor_comm,9102,s_rl,0.2,noisy,L4 slip,0.8390358497781928,0.9902402638412482,0.2743490697873715,5.943056203958
sensor_comm,9102,s_rl,0.2,stuck,intact,0.7224715221649204,0.7429955809862658,0.34035396828224795,4.797174441321184
sensor_comm,9102,s_rl,0.2,stuck,L4 failure,1.2943958492072025,1.8667751237050116,0.6596325457442954,9.877957276447752
sensor_comm,9102,s_rl,0.2,stuck,L4 slip,0.8318477584236454,0.987046098073342,0.3827150112286985,5.8784202806450745
sensor_comm,9102,s_rl,0.4,always,intact,0.6970213304802099,0.758392820659141,0.1758500454190595,4.619871956720046
sensor_comm,9102,s_rl,0.4,always,L4 failure,1.2859041683853054,1.883683032579698,0.2682445018743442,9.830238648189306
sensor_comm,9102,s_rl,0.4,always,L4 slip,0.814604985466087,1.000926431413673,0.18092392452485845,5.750693896450764
sensor_comm,9102,s_rl,0.4,dropout,intact,0.6741603481630233,0.6998542523210366,0.12703498688716947,4.3997511787582955
sensor_comm,9102,s_rl,0.4,dropout,L4 failure,1.2911593141789548,1.8864143950922585,0.5946906831003478,9.837620868417318
sensor_comm,9102,s_rl,0.4,dropout,L4 slip,0.7952897346900903,0.9582741783931159,0.21824260799009867,5.590989884900634
sensor_comm,9102,s_rl,0.4,intermittent,intact,0.7485803609513355,0.7636890839429263,0.23759928605932273,5.0111157282723475
sensor_comm,9102,s_rl,0.4,intermittent,L4 failure,1.2855868375846995,1.842057756948457,0.4489097373667545,9.860204131625256
sensor_comm,9102,s_rl,0.4,intermittent,L4 slip,0.8417935295887871,0.9843770043169131,0.27526388195515894,5.9752156572344495
sensor_comm,9102,s_rl,0.4,delayed,intact,0.7076971092911243,0.7743192851062032,0.20441872615888163,4.708614780462575
sensor_comm,9102,s_rl,0.4,delayed,L4 failure,1.2935303357397927,1.894875801547768,0.2804925247688221,9.878204032239807
sensor_comm,9102,s_rl,0.4,delayed,L4 slip,0.823840401334537,1.0147744219512167,0.20404058308773787,5.822437494943079
sensor_comm,9102,s_rl,0.4,noisy,intact,0.7207041436018156,0.7872307084269528,0.19586238278119877,4.816616403595505
sensor_comm,9102,s_rl,0.4,noisy,L4 failure,1.298848895965844,1.8956989359570358,0.2842364191003723,9.936920221337113
sensor_comm,9102,s_rl,0.4,noisy,L4 slip,0.8475398850094231,1.0476477975693075,0.1988792336908032,6.033391366843251
sensor_comm,9102,s_rl,0.4,stuck,intact,0.74251853343623,0.853007717094985,0.45265206506652095,4.99872468036624
sensor_comm,9102,s_rl,0.4,stuck,L4 failure,1.3016906521214475,1.9034993229132902,0.6406421767030679,9.899882979773304
sensor_comm,9102,s_rl,0.4,stuck,L4 slip,0.8517142802358327,1.0716710095338837,0.4555665512135268,6.033944016054245
sensor_comm,9102,s_rl,1.0,always,intact,0.6751200046623322,0.769859850162055,0.14275216124920714,4.4811509749683465
sensor_comm,9102,s_rl,1.0,always,L4 failure,1.2692201578727438,1.874725423749836,0.14938275286788605,9.722691801418804
sensor_comm,9102,s_rl,1.0,always,L4 slip,0.7935176265642284,0.9985301999468333,0.12069275790151432,5.604015262571181
sensor_comm,9102,s_rl,1.0,dropout,intact,0.6568114965677107,0.723787246777798,0.166799510818552,4.305957023911637
sensor_comm,9102,s_rl,1.0,dropout,L4 failure,1.2833762331524534,1.8913910808799854,0.5859267219841329,9.767234481124689
sensor_comm,9102,s_rl,1.0,dropout,L4 slip,0.7876630667807423,0.9834020305772964,0.24144701864183302,5.552274816900928
sensor_comm,9102,s_rl,1.0,intermittent,intact,0.7139120763688173,0.7871270189459969,0.18985499753164856,4.773463710029875
sensor_comm,9102,s_rl,1.0,intermittent,L4 failure,1.3022513104735853,1.9074463053093698,0.2711289683420097,9.948772239892516
sensor_comm,9102,s_rl,1.0,intermittent,L4 slip,0.8324414993759551,1.0357451215079052,0.20298330071760678,5.909079578327094
sensor_comm,9102,s_rl,1.0,delayed,intact,0.6818453497035395,0.7844796202528065,0.17710631071663727,4.545458734800789
sensor_comm,9102,s_rl,1.0,delayed,L4 failure,1.2696154934887185,1.8775012043639432,0.14618222090292782,9.718569118335658
sensor_comm,9102,s_rl,1.0,delayed,L4 slip,0.8011711018810787,1.0138402877332242,0.1413746939571316,5.670692811003644
sensor_comm,9102,s_rl,1.0,noisy,intact,0.761224947807619,0.8936411271474309,0.1471097939983746,5.190965860291374
sensor_comm,9102,s_rl,1.0,noisy,L4 failure,1.3440540781578436,1.9741381845878343,0.16998797536929944,10.3172110589385
sensor_comm,9102,s_rl,1.0,noisy,L4 slip,0.9121951500674679,1.1759644289560833,0.13361068796849931,6.599755419250538
sensor_comm,9102,s_rl,1.0,stuck,intact,0.801258296932562,1.0108375525647078,0.5228727238622516,5.445331343128017
sensor_comm,9102,s_rl,1.0,stuck,L4 failure,1.2684346966156317,1.8672074078977452,0.5111381645570969,9.680082185581892
sensor_comm,9102,s_rl,1.0,stuck,L4 slip,0.8786272295921076,1.1556080428838116,0.49940217403935694,6.232189365024538
sensor_comm,9102,sine,0.0,always,intact,0.6676258903593036,0.7826924645340678,0.02919623618183348,4.488316312773146
sensor_comm,9102,sine,0.0,always,L4 failure,1.3969084432214403,2.1101783605258,0.5353845404892403,10.695217633171318
sensor_comm,9102,sine,0.0,always,L4 slip,0.8519300412039241,1.1336121126490013,0.1517924627649921,6.175230780054267
sensor_comm,9102,sine,0.0,dropout,intact,0.6676258903593036,0.7826924645340678,0.02919623618183348,4.488316312773146
sensor_comm,9102,sine,0.0,dropout,L4 failure,1.3969084432214403,2.1101783605258,0.5353845404892403,10.695217633171318
sensor_comm,9102,sine,0.0,dropout,L4 slip,0.8519300412039241,1.1336121126490013,0.1517924627649921,6.175230780054267
sensor_comm,9102,sine,0.0,intermittent,intact,0.6676258903593036,0.7826924645340678,0.02919623618183348,4.488316312773146
sensor_comm,9102,sine,0.0,intermittent,L4 failure,1.3969084432214403,2.1101783605258,0.5353845404892403,10.695217633171318
sensor_comm,9102,sine,0.0,intermittent,L4 slip,0.8519300412039241,1.1336121126490013,0.1517924627649921,6.175230780054267
sensor_comm,9102,sine,0.0,delayed,intact,0.6676258903593036,0.7826924645340678,0.02919623618183348,4.488316312773146
sensor_comm,9102,sine,0.0,delayed,L4 failure,1.3969084432214403,2.1101783605258,0.5353845404892403,10.695217633171318
sensor_comm,9102,sine,0.0,delayed,L4 slip,0.8519300412039241,1.1336121126490013,0.1517924627649921,6.175230780054267
sensor_comm,9102,sine,0.0,noisy,intact,0.6676258903593036,0.7826924645340678,0.02919623618183348,4.488316312773146
sensor_comm,9102,sine,0.0,noisy,L4 failure,1.3969084432214403,2.1101783605258,0.5353845404892403,10.695217633171318
sensor_comm,9102,sine,0.0,noisy,L4 slip,0.8519300412039241,1.1336121126490013,0.1517924627649921,6.175230780054267
sensor_comm,9102,sine,0.0,stuck,intact,0.6676258903593036,0.7826924645340678,0.02919623618183348,4.488316312773146
sensor_comm,9102,sine,0.0,stuck,L4 failure,1.3969084432214403,2.1101783605258,0.5353845404892403,10.695217633171318
sensor_comm,9102,sine,0.0,stuck,L4 slip,0.8519300412039241,1.1336121126490013,0.1517924627649921,6.175230780054267
sensor_comm,9102,sine,0.025,always,intact,0.6661397804572133,0.778678288356502,0.026004833496247846,4.473924231383518
sensor_comm,9102,sine,0.025,always,L4 failure,1.3746425762325913,2.072007398079762,0.46062750575370953,10.548459573608735
sensor_comm,9102,sine,0.025,always,L4 slip,0.8413607318726024,1.1111573412735447,0.11702545941131792,6.085679339828819
sensor_comm,9102,sine,0.025,dropout,intact,0.6662586309938908,0.7789674720479441,0.025195131615427996,4.475073566300658
sensor_comm,9102,sine,0.025,dropout,L4 failure,1.3880890534615933,2.0941014237236306,0.5257538509934856,10.633571544469621
sensor_comm,9102,sine,0.025,dropout,L4 slip,0.8452080346473564,1.1191056931602867,0.1427238356586241,6.117595049718215
sensor_comm,9102,sine,0.025,intermittent,intact,0.6670462311793875,0.7811741930506713,0.027786552208648424,4.4827607662328814
sensor_comm,9102,sine,0.025,intermittent,L4 failure,1.3888751576771612,2.096514552908503,0.5092284336264585,10.642571321021899
sensor_comm,9102,sine,0.025,intermittent,L4 slip,0.8485858049973818,1.1263530427732675,0.13952041710364002,6.146909356969517
sensor_comm,9102,sine,0.025,delayed,intact,0.6661893007726185,0.7789833512837424,0.026012346793880668,4.474552138539785
sensor_comm,9102,sine,0.025,delayed,L4 failure,1.3772795763397385,2.076689287154889,0.4662444835015534,10.566556349127442
sensor_comm,9102,sine,0.025,delayed,L4 slip,0.8423673779067995,1.11336647613411,0.11940852545077614,6.094503330836642
sensor_comm,9102,sine,0.025,noisy,intact,0.6659375114875247,0.7776637444928145,0.025923170546764972,4.471574100745701
sensor_comm,9102,sine,0.025,noisy,L4 failure,1.3728217105840397,2.0685203065981663,0.4616085259362677,10.534686847058655
sensor_comm,9102,sine,0.025,noisy,L4 slip,0.8411912596251067,1.1101939724053094,0.11752169419282263,6.084131769017196
sensor_comm,9102,sine,0.025,stuck,intact,0.6661507540059849,0.7787094815335155,0.022860276209896606,4.473977928854838
sensor_comm,9102,sine,0.025,stuck,L4 failure,1.3797558585640026,2.080058990285646,0.4978916898255047,10.580009677180673
sensor_comm,9102,sine,0.025,stuck,L4 slip,0.8417462438770944,1.1119204542892507,0.12574644975377364,6.088767625017756
sensor_comm,9102,sine,0.05,always,intact,0.6651320689988689,0.7757326671522623,0.025191108499068148,4.464234973847835
sensor_comm,9102,sine,0.05,always,L4 failure,1.3574594548641712,2.0419566184481175,0.39290855492133997,10.43407623289742
sensor_comm,9102,sine,0.05,always,L4 slip,0.8333498890659834,1.0937510139632403,0.0897030045698685,6.0167217058773135
sensor_comm,9102,sine,0.05,dropout,intact,0.6652883958456783,0.7761181358692966,0.02191581500344579,4.4657293920893695
sensor_comm,9102,sine,0.05,dropout,L4 failure,1.3794295637170528,2.0782628319098797,0.5161670374662233,10.572955655757879
sensor_comm,9102,sine,0.05,dropout,L4 slip,0.8390383148181361,1.1056268541172245,0.13378996607180804,6.064410404552525
sensor_comm,9102,sine,0.05,intermittent,intact,0.6665379859477567,0.7798143806804861,0.026938895257930105,4.477900759763332
sensor_comm,9102,sine,0.05,intermittent,L4 failure,1.3814960498267266,2.0838835294477396,0.4837444126791568,10.594081401877657
sensor_comm,9102,sine,0.05,intermittent,L4 slip,0.8455627683244221,1.1197162522666755,0.12805417320483498,6.121156573420916
sensor_comm,9102,sine,0.05,delayed,intact,0.6651576687275703,0.7761785715399774,0.02491032289648564,4.464771520074641
sensor_comm,9102,sine,0.05,delayed,L4 failure,1.3615968412217196,2.0494308305566724,0.40274392611294196,10.462774665455763
sensor_comm,9102,sine,0.05,delayed,L4 slip,0.8348353819456067,1.0970995510530994,0.09306642230876086,6.0299796513764115
sensor_comm,9102,sine,0.05,noisy,intact,0.6650978204779147,0.7744942689606547,0.025181658313874318,4.4631165247344295
sensor_comm,9102,sine,0.05,noisy,L4 failure,1.3544404422815732,2.036053379858955,0.39547036171000977,10.411052933153213
sensor_comm,9102,sine,0.05,noisy,L4 slip,0.8336058259899886,1.0929878793492733,0.09148842277292486,6.018728610062745
sensor_comm,9102,sine,0.05,stuck,intact,0.6654452059380167,0.7765005287441255,0.02009922911213615,4.467168116157378
sensor_comm,9102,sine,0.05,stuck,L4 failure,1.364497198169647,2.0529999044184235,0.4622910797269467,10.477052384556096
sensor_comm,9102,sine,0.05,stuck,L4 slip,0.8335403225887941,1.0941058727674713,0.10202383035323001,6.018227008952123
sensor_comm,9102,sine,0.1,always,intact,0.6640230187453352,0.7718082409546818,0.025425893155707036,4.453926147694463
sensor_comm,9102,sine,0.1,always,L4 failure,1.3346463857731479,2.000789308486033,0.28202271189620076,10.280631905270232
sensor_comm,9102,sine,0.1,always,L4 slip,0.8227310981260583,1.0698952634303043,0.057731477304691234,5.9238063679565744
sensor_comm,9102,sine,0.1,dropout,intact,0.6646100365590777,0.7732582471097543,0.01747858411614083,4.459542134215444
sensor_comm,9102,sine,0.1,dropout,L4 failure,1.362899600866761,2.0478684691366436,0.49738579945207223,10.45708128817601
sensor_comm,9102,sine,0.1,dropout,L4 slip,0.8285503595555054,1.0822405332967313,0.11657554372430771,5.973382806673238
sensor_comm,9102,sine,0.1,intermittent,intact,0.6657099774228259,0.777510064933945,0.026041072529815266,4.470027167921491
sensor_comm,9102,sine,0.1,intermittent,L4 failure,1.3686280460305877,2.061632000588113,0.43526644535896875,10.509212007842077
sensor_comm,9102,sine,0.1,intermittent,L4 slip,0.8403833419433812,1.1081404649577937,0.10742804416453074,6.07667894151659
sensor_comm,9102,sine,0.1,delayed,intact,0.6639301291460087,0.772389228944489,0.02442194214333979,4.453598281479346
sensor_comm,9102,sine,0.1,delayed,L4 failure,1.3395994686196306,2.0100858163377495,0.29579587025928766,10.315690904345807
sensor_comm,9102,sine,0.1,delayed,L4 slip,0.8243555483049092,1.0737997723556423,0.0596364982633261,5.938786158842397
sensor_comm,9102,sine,0.1,noisy,intact,0.6649549381593093,0.7713590239790817,0.0261541151338187,4.4612848309903965
sensor_comm,9102,sine,0.1,noisy,L4 failure,1.3305633382174198,1.9923824496984543,0.2880527057871034,10.24908905016845
sensor_comm,9102,sine,0.1,noisy,L4 slip,0.8249586968206966,1.0717160532372798,0.06180823463989764,5.942848662196525
sensor_comm,9102,sine,0.1,stuck,intact,0.6658397934277207,0.7762328307835833,0.022124380275425366,4.471374065066955
sensor_comm,9102,sine,0.1,stuck,L4 failure,1.3394377429204376,2.00789496280726,0.3973202605120577,10.307124895244565
sensor_comm,9102,sine,0.1,stuck,L4 slip,0.8222908879086739,1.0689185950756719,0.06193800682794339,5.920134565820097
sensor_comm,9102,sine,0.2,always,intact,0.6632438219473347,0.7666736991244507,0.030438029577941884,4.448024634525085
sensor_comm,9102,sine,0.2,always,L4 failure,1.312336676585597,1.958065290284533,0.1568842000202651,10.129999678861997
sensor_comm,9102,sine,0.2,always,L4 slip,0.8130031797500926,1.0460404285158826,0.04740795705924424,5.837417213954753
sensor_comm,9102,sine,0.2,dropout,intact,0.6678591558561795,0.7780139635612005,0.020935198663936335,4.49298627546866
sensor_comm,9102,sine,0.2,dropout,L4 failure,1.3342709947408504,1.9946272174367952,0.46270446575769225,10.256229863856916
sensor_comm,9102,sine,0.2,dropout,L4 slip,0.8151176554705792,1.0506223970927775,0.08595781917240741,5.855876518865067
sensor_comm,9102,sine,0.2,intermittent,intact,0.6646501990873367,0.7741914265663201,0.025627014979592456,4.460174456806872
sensor_comm,9102,sine,0.2,intermittent,L4 failure,1.3494939979259197,2.0278210730846635,0.34806195166373916,10.38246169704308
sensor_comm,9102,sine,0.2,intermittent,L4 slip,0.8328916849529568,1.0906899100347984,0.07458750667314537,6.011454790216753
sensor_comm,9102,sine,0.2,delayed,intact,0.662938415910451,0.7675821721212339,0.028407546573184544,4.4465156883744275
sensor_comm,9102,sine,0.2,delayed,L4 failure,1.3163082966760231,1.9660920434058569,0.16549069743159903,10.158959110534711
sensor_comm,9102,sine,0.2,delayed,L4 slip,0.8141004728419037,1.0492553098137147,0.04600976073094849,5.848289699647174
sensor_comm,9102,sine,0.2,noisy,intact,0.6673349477250795,0.7697224983005561,0.037742876924558466,4.482901998495826
sensor_comm,9102,sine,0.2,noisy,L4 failure,1.3096298610521193,1.950705041378228,0.16740011022540696,10.108013503159533
sensor_comm,9102,sine,0.2,noisy,L4 slip,0.8214368735039991,1.0571598164411127,0.05490643052598067,5.910703225113157
sensor_comm,9102,sine,0.2,stuck,intact,0.6699696273219667,0.7830820484542713,0.03608719571333595,4.513312146831002
sensor_comm,9102,sine,0.2,stuck,L4 failure,1.3076702126770208,1.9489034155644382,0.29394736774022656,10.091203997199777
sensor_comm,9102,sine,0.2,stuck,L4 slip,0.8138622860276781,1.0478846492601985,0.023966689868791118,5.845508403410402
sensor_comm,9102,sine,0.4,always,intact,0.662876379514108,0.7572615488497925,0.05873256630140702,4.446072847388108
sensor_comm,9102,sine,0.4,always,L4 failure,1.2975075356930441,1.9259730915696565,0.11024021464125307,10.031746845767323
sensor_comm,9102,sine,0.4,always,L4 slip,0.8076124092599638,1.027708707939428,0.06244437440383892,5.790423218674913
sensor_comm,9102,sine,0.4,dropout,intact,0.6835659691254035,0.8080478703780148,0.04921027488200439,4.649825107588891
sensor_comm,9102,sine,0.4,dropout,L4 failure,1.2964132225366098,1.922430453880218,0.4097416693255577,9.99181508855218
sensor_comm,9102,sine,0.4,dropout,L4 slip,0.8101661517481299,1.0334659433705182,0.04375789986611698,5.814695242608081
sensor_comm,9102,sine,0.4,intermittent,intact,0.6639890205702526,0.7705113120623712,0.027590609364460596,4.455099836078087
sensor_comm,9102,sine,0.4,intermittent,L4 failure,1.3295366846042724,1.9905982373161286,0.2146123576705868,10.251001871351583
sensor_comm,9102,sine,0.4,intermittent,L4 slip,0.8257233133907453,1.071597563783813,0.0509989898879013,5.947698689737876
sensor_comm,9102,sine,0.4,delayed,intact,0.6617514447759026,0.7569129991751391,0.06336406083587878,4.439638356099404
sensor_comm,9102,sine,0.4,delayed,L4 failure,1.2985813949995038,1.9288530469482787,0.11254402431773743,10.04011755073872
sensor_comm,9102,sine,0.4,delayed,L4 slip,0.8079492880433394,1.0295428572851457,0.0634577207612884,5.795946561668042
sensor_comm,9102,sine,0.4,noisy,intact,0.677521326887914,0.7745988426636684,0.07854548714553028,4.569195670257328
sensor_comm,9102,sine,0.4,noisy,L4 failure,1.3036241965730668,1.9307938895997665,0.12412419331853157,10.077574655027735
sensor_comm,9102,sine,0.4,noisy,L4 slip,0.8336524278711059,1.0660963180513492,0.07846409702347923,6.014934668441773
sensor_comm,9102,sine,0.4,stuck,intact,0.6729902834150282,0.7827325173207658,0.011314046508476089,4.547845232572411
sensor_comm,9102,sine,0.4,stuck,L4 failure,1.2849106214004988,1.9031098838973945,0.18502482735598594,9.940411582559559
sensor_comm,9102,sine,0.4,stuck,L4 slip,0.8131458057647618,1.0399985360060782,0.01586849597676886,5.841450354247251
sensor_comm,9102,sine,1.0,always,intact,0.671665679964524,0.7585553851593796,0.11058192365539068,4.5191431597450755
sensor_comm,9102,sine,1.0,always,L4 failure,1.2916590562707684,1.9077984880967342,0.11025216841626753,9.996198320723401
sensor_comm,9102,sine,1.0,always,L4 slip,0.8106181825360979,1.019438326988667,0.10585868062264363,5.812909437713332
sensor_comm,9102,sine,1.0,dropout,intact,0.7027993390991543,0.8352805910552018,0.0472302253903933,4.833615845266661
sensor_comm,9102,sine,1.0,dropout,L4 failure,1.265906975269329,1.8592347770851894,0.35662914156498954,9.785598369538894
sensor_comm,9102,sine,1.0,dropout,L4 slip,0.8214107510233483,1.0437491612011214,0.0272055563980176,5.918597664891322
sensor_comm,9102,sine,1.0,intermittent,intact,0.666837719184627,0.7669317503096226,0.061948410266486384,4.486786571532384
sensor_comm,9102,sine,1.0,intermittent,L4 failure,1.3130563224741725,1.953784087680066,0.12001700163342181,10.151990811279132
sensor_comm,9102,sine,1.0,intermittent,L4 slip,0.8309549942100991,1.0686360132463935,0.06083082511258771,5.993672283137766
sensor_comm,9102,sine,1.0,delayed,intact,0.6710924665937098,0.7548889046925703,0.14008507899675685,4.521748047755931
sensor_comm,9102,sine,1.0,delayed,L4 failure,1.2852712487235753,1.8981111024644732,0.11872600440753409,9.943489389627935
sensor_comm,9102,sine,1.0,delayed,L4 slip,0.8138246271825368,1.0231637571336474,0.12768170776121432,5.84669377816707
sensor_comm,9102,sine,1.0,noisy,intact,0.7517144434058921,0.8817374301924767,0.1262931629767403,5.189044614245832
sensor_comm,9102,sine,1.0,noisy,L4 failure,1.3566486389834245,1.997468135546378,0.12571920867861586,10.502715368462965
sensor_comm,9102,sine,1.0,noisy,L4 slip,0.9261195009086348,1.199875931800332,0.11842018894606254,6.784173511921243
sensor_comm,9102,sine,1.0,stuck,intact,0.6848448786403365,0.7902997857538254,0.27814740210792327,4.6466078127842705
sensor_comm,9102,sine,1.0,stuck,L4 failure,1.2689180287591573,1.8656646052173262,0.20858431680637715,9.82989061182677
sensor_comm,9102,sine,1.0,stuck,L4 slip,0.8151397629670757,1.0288855364679683,0.25275618501128483,5.852429035979961
sensor_comm,9102,chirp,0.0,always,intact,0.7311305401725746,0.9145632039896215,0.06297707700288406,5.153257208865673
sensor_comm,9102,chirp,0.0,always,L4 failure,1.4791665178206654,2.247414773781272,0.5597244974674208,11.36264217037447
sensor_comm,9102,chirp,0.0,always,L4 slip,0.9501354143983033,1.3125281228265795,0.1861400726430164,7.075146565692865
sensor_comm,9102,chirp,0.0,dropout,intact,0.7311305401725746,0.9145632039896215,0.06297707700288406,5.153257208865673
sensor_comm,9102,chirp,0.0,dropout,L4 failure,1.4791665178206654,2.247414773781272,0.5597244974674208,11.36264217037447
sensor_comm,9102,chirp,0.0,dropout,L4 slip,0.9501354143983033,1.3125281228265795,0.1861400726430164,7.075146565692865
sensor_comm,9102,chirp,0.0,intermittent,intact,0.7311305401725746,0.9145632039896215,0.06297707700288406,5.153257208865673
sensor_comm,9102,chirp,0.0,intermittent,L4 failure,1.4791665178206654,2.247414773781272,0.5597244974674208,11.36264217037447
sensor_comm,9102,chirp,0.0,intermittent,L4 slip,0.9501354143983033,1.3125281228265795,0.1861400726430164,7.075146565692865
sensor_comm,9102,chirp,0.0,delayed,intact,0.7311305401725746,0.9145632039896215,0.06297707700288406,5.153257208865673
sensor_comm,9102,chirp,0.0,delayed,L4 failure,1.4791665178206654,2.247414773781272,0.5597244974674208,11.36264217037447
sensor_comm,9102,chirp,0.0,delayed,L4 slip,0.9501354143983033,1.3125281228265795,0.1861400726430164,7.075146565692865
sensor_comm,9102,chirp,0.0,noisy,intact,0.7311305401725746,0.9145632039896215,0.06297707700288406,5.153257208865673
sensor_comm,9102,chirp,0.0,noisy,L4 failure,1.4791665178206654,2.247414773781272,0.5597244974674208,11.36264217037447
sensor_comm,9102,chirp,0.0,noisy,L4 slip,0.9501354143983033,1.3125281228265795,0.1861400726430164,7.075146565692865
sensor_comm,9102,chirp,0.0,stuck,intact,0.7311305401725746,0.9145632039896215,0.06297707700288406,5.153257208865673
sensor_comm,9102,chirp,0.0,stuck,L4 failure,1.4791665178206654,2.247414773781272,0.5597244974674208,11.36264217037447
sensor_comm,9102,chirp,0.0,stuck,L4 slip,0.9501354143983033,1.3125281228265795,0.1861400726430164,7.075146565692865
sensor_comm,9102,chirp,0.025,always,intact,0.7240009228957962,0.8974081234278366,0.03187808515532496,5.086450763727424
sensor_comm,9102,chirp,0.025,always,L4 failure,1.4509121270077,2.1995576008866307,0.4710058300188285,11.182287829715989
sensor_comm,9102,chirp,0.025,always,L4 slip,0.9302775536249203,1.272287112729415,0.12885796163851376,6.915812038965183
sensor_comm,9102,chirp,0.025,dropout,intact,0.7294540125218761,0.9097355082332588,0.05741519128959334,5.136695178794795
sensor_comm,9102,chirp,0.025,dropout,L4 failure,1.4744377118199983,2.2383027690553154,0.5516227746344956,11.333504054461365
sensor_comm,9102,chirp,0.025,dropout,L4 slip,0.9445041127543276,1.300345875333651,0.17799558031628454,7.0290228839793585
sensor_comm,9102,chirp,0.025,intermittent,intact,0.7285256478852109,0.908400415233333,0.05140866270748545,5.129201899764718
sensor_comm,9102,chirp,0.025,intermittent,L4 failure,1.4692173402250126,2.2307001415869157,0.5296486217232504,11.299451345595797
sensor_comm,9102,chirp,0.025,intermittent,L4 slip,0.9430096904515082,1.2981223581346983,0.1659482997654662,7.018342365328102
sensor_comm,9102,chirp,0.025,delayed,intact,0.7249055194602875,0.899598457991357,0.03318674516622323,5.095353701391885
sensor_comm,9102,chirp,0.025,delayed,L4 failure,1.4545891949182752,2.2061052100275353,0.4770820555295138,11.207679292667793
sensor_comm,9102,chirp,0.025,delayed,L4 slip,0.9327019549417023,1.277260220784629,0.13235600061313518,6.936420297047187
sensor_comm,9102,chirp,0.025,noisy,intact,0.7226339916745198,0.8943776100513166,0.031852005147655425,5.073022957885754
sensor_comm,9102,chirp,0.025,noisy,L4 failure,1.4489203095425014,2.1958988946443467,0.47267277787375894,11.166309824439546
sensor_comm,9102,chirp,0.025,noisy,L4 slip,0.9295107507857114,1.2704864839118346,0.12936851995725104,6.90883911685921
sensor_comm,9102,chirp,0.025,stuck,intact,0.724158412761758,0.8977645130915469,0.03360260918520665,5.087861361991131
sensor_comm,9102,chirp,0.025,stuck,L4 failure,1.4594248537186139,2.213173771656322,0.5107027672369074,11.235899445474562
sensor_comm,9102,chirp,0.025,stuck,L4 slip,0.9330498855540772,1.2777168837512973,0.14482855502760167,6.937599032951171
sensor_comm,9102,chirp,0.05,always,intact,0.7182604038847148,0.8832305509131881,0.02098432165666353,5.030991024406491
sensor_comm,9102,chirp,0.05,always,L4 failure,1.4279553064926593,2.159778515737951,0.386396527138777,11.033771519140918
sensor_comm,9102,chirp,0.05,always,L4 slip,0.9143034822047711,1.2389654981399822,0.08083639831742648,6.783555350031813
sensor_comm,9102,chirp,0.05,dropout,intact,0.7270779070150085,0.9033584010858611,0.05104295417465042,5.113291572222975
sensor_comm,9102,chirp,0.05,dropout,L4 failure,1.4686745042701326,2.2273381577582625,0.5427579217986469,11.29647715060289
sensor_comm,9102,chirp,0.05,dropout,L4 slip,0.9380934136161702,1.2865770850463114,0.1691804669183068,6.975832213105966
sensor_comm,9102,chirp,0.05,intermittent,intact,0.726096165892422,0.9025914348214791,0.04035822655600636,5.106531220254578
sensor_comm,9102,chirp,0.05,intermittent,L4 failure,1.4598330177814867,2.214831223313563,0.499684556489405,11.239652786154705
sensor_comm,9102,chirp,0.05,intermittent,L4 slip,0.9363927270672182,1.2845881374587607,0.14670319987710528,6.9650391524725705
sensor_comm,9102,chirp,0.05,delayed,intact,0.7196621288513385,0.8866857503609655,0.021619511640556133,5.04518074497752
sensor_comm,9102,chirp,0.05,delayed,L4 failure,1.4340596571743027,2.1708299352332547,0.3973618321450617,11.076606986319575
sensor_comm,9102,chirp,0.05,delayed,L4 slip,0.918143805131435,1.2469829842707862,0.08555627701450522,6.81712531689669
sensor_comm,9102,chirp,0.05,noisy,intact,0.7162338523973126,0.8787030537941247,0.020982771526704722,5.010610468755094
sensor_comm,9102,chirp,0.05,noisy,L4 failure,1.4244181150437474,2.1532803745810853,0.3898215518128271,11.005231028280484
sensor_comm,9102,chirp,0.05,noisy,L4 slip,0.9134854621100689,1.2367542334785386,0.08258311279543296,6.775513497661598
sensor_comm,9102,chirp,0.05,stuck,intact,0.7180012912522867,0.882630178345672,0.02091850604354662,5.028526309650485
sensor_comm,9102,chirp,0.05,stuck,L4 failure,1.4406977261705134,2.180283749239348,0.46144928975975674,11.11417779625334
sensor_comm,9102,chirp,0.05,stuck,L4 slip,0.9176090064799619,1.2455926817701295,0.10380384850068873,6.810188652145024
sensor_comm,9102,chirp,0.1,always,intact,0.7107899395600642,0.8640689951221908,0.03772720848850812,4.955669987746536
sensor_comm,9102,chirp,0.1,always,L4 failure,1.3970107612448834,2.104039196337849,0.23742336355156315,10.830621016062473
sensor_comm,9102,chirp,0.1,always,L4 slip,0.8921358524338686,1.1910810435782155,0.03160318545040443,6.5928614604109725
sensor_comm,9102,chirp,0.1,dropout,intact,0.7211843483014786,0.8880693651462407,0.036558415139575307,5.054817299974459
sensor_comm,9102,chirp,0.1,dropout,L4 failure,1.4549584406922718,2.2014668917112195,0.5233557650846292,11.205362280464911
sensor_comm,9102,chirp,0.1,dropout,L4 slip,0.9240606226759104,1.2564710161588284,0.1501845585316713,6.857551030829935
sensor_comm,9102,chirp,0.1,intermittent,intact,0.7217764831791806,0.8920995412536243,0.026224808776206178,5.065619320538828
sensor_comm,9102,chirp,0.1,intermittent,L4 failure,1.442854837647593,2.1858284008737314,0.44019857090626824,11.131023409560871
sensor_comm,9102,chirp,0.1,intermittent,L4 slip,0.9246237267029861,1.2601019171202448,0.11106835462161416,6.868821166718337
sensor_comm,9102,chirp,0.1,delayed,intact,0.7123701758062223,0.8680925398099906,0.038428873838907904,4.972602043928383
sensor_comm,9102,chirp,0.1,delayed,L4 failure,1.4048949736738416,2.1188403580527284,0.25287855076249316,10.887913537596118
sensor_comm,9102,chirp,0.1,delayed,L4 slip,0.8968686465015528,1.2011727851447767,0.03483345633659738,6.636261552331502
sensor_comm,9102,chirp,0.1,noisy,intact,0.7087534779920782,0.859393717698931,0.03374746470622429,4.933934781607583
sensor_comm,9102,chirp,0.1,noisy,L4 failure,1.3916640164973675,2.0941664631136514,0.24528187836164544,10.786675757187359
sensor_comm,9102,chirp,0.1,noisy,L4 slip,0.8926063277759939,1.1908246345610218,0.033170686243159095,6.594911492600383
sensor_comm,9102,chirp,0.1,stuck,intact,0.7098281519499431,0.861798939053641,0.056842947213580464,4.94633979267108
sensor_comm,9102,chirp,0.1,stuck,L4 failure,1.407974565221271,2.121694648043744,0.36433270071542667,10.898437949724322
sensor_comm,9102,chirp,0.1,stuck,L4 slip,0.8934097497408102,1.1937140897522558,0.03205594302941154,6.6036208269272
sensor_comm,9102,chirp,0.2,always,intact,0.706953274875399,0.8524408039573921,0.06924016577153366,4.910201260581781
sensor_comm,9102,chirp,0.2,always,L4 failure,1.3678629074364188,2.047183813550808,0.07987728250367614,10.637472099557245
sensor_comm,9102,chirp,0.2,always,L4 slip,0.8729580039380819,1.147169762537488,0.05556636925651849,6.417148518494455
sensor_comm,9102,chirp,0.2,dropout,intact,0.7099964793045637,0.8590158681282076,0.021762804960223738,4.940722458690067
sensor_comm,9102,chirp,0.2,dropout,L4 failure,1.423818117399603,2.1429145593951078,0.4812841297367621,10.991874094685121
sensor_comm,9102,chirp,0.2,dropout,L4 slip,0.89698200492212,1.1976237620024848,0.1102233629993502,6.623135166858238
sensor_comm,9102,chirp,0.2,intermittent,intact,0.7152722022275431,0.8757744128761,0.02249906379053115,5.002249218420602
sensor_comm,9102,chirp,0.2,intermittent,L4 failure,1.4166153159323123,2.139946282860703,0.32551883830511025,10.962362149412478
sensor_comm,9102,chirp,0.2,intermittent,L4 slip,0.9064124458275036,1.2209215666487259,0.052127553130679426,6.71588919490815
sensor_comm,9102,chirp,0.2,delayed,intact,0.7081766822759005,0.855807406245059,0.07835731282360289,4.9245283983658545
sensor_comm,9102,chirp,0.2,delayed,L4 failure,1.375542560295684,2.0622761044426148,0.08543649250220559,10.696786656699551
sensor_comm,9102,chirp,0.2,delayed,L4 slip,0.8770648574399629,1.15593225293709,0.0638731228021244,6.457276850697614
sensor_comm,9102,chirp,0.2,noisy,intact,0.70695910509333,0.8513302368736758,0.05498991977653267,4.905941594682416
sensor_comm,9102,chirp,0.2,noisy,L4 failure,1.3628169665343257,2.037467829185288,0.08855173003665326,10.592657278333931
sensor_comm,9102,chirp,0.2,noisy,L4 slip,0.8784902881011313,1.1554891606977957,0.04450607293572688,6.462561005600003
sensor_comm,9102,chirp,0.2,stuck,intact,0.7133288386946915,0.8674056181117408,0.162361717110609,4.969216911814041
sensor_comm,9102,chirp,0.2,stuck,L4 failure,1.3665742695576106,2.044257351317379,0.18615887566805447,10.622195351022173
sensor_comm,9102,chirp,0.2,stuck,L4 slip,0.8744787737791816,1.1503110582681952,0.11122705993379989,6.430252863565238
sensor_comm,9102,chirp,0.4,always,intact,0.71158371075473,0.8589718358022408,0.046155928612839923,4.944768393762459
sensor_comm,9102,chirp,0.4,always,L4 failure,1.3530840405955302,2.01151144438659,0.026894486128249805,10.543766824507635
sensor_comm,9102,chirp,0.4,always,L4 slip,0.8679662903863017,1.1318067717632663,0.05153807398699519,6.360208849281341
sensor_comm,9102,chirp,0.4,dropout,intact,0.7076158929689904,0.8487321744536753,0.05536223178949421,4.905792870946015
sensor_comm,9102,chirp,0.4,dropout,L4 failure,1.369708718346355,2.0399735589393044,0.4013149587886781,10.612309847048767
sensor_comm,9102,chirp,0.4,dropout,L4 slip,0.867284582208134,1.1295186463268572,0.043847050121911244,6.354001905831722
sensor_comm,9102,chirp,0.4,intermittent,intact,0.7095941300814163,0.8599053939094917,0.056860666340903164,4.9427812089878245
sensor_comm,9102,chirp,0.4,intermittent,L4 failure,1.389733813623308,2.0896735408792457,0.1530775953886604,10.791291770881358
sensor_comm,9102,chirp,0.4,intermittent,L4 slip,0.8865859827197018,1.1749202256923759,0.032110219301557844,6.541434754371394
sensor_comm,9102,chirp,0.4,delayed,intact,0.7141764070084144,0.8663377377442594,0.0578456906076427,4.971899053411924
sensor_comm,9102,chirp,0.4,delayed,L4 failure,1.3592317028038392,2.0233418144870554,0.036859820449998845,10.596422903262589
sensor_comm,9102,chirp,0.4,delayed,L4 slip,0.872736308252378,1.1419096368392574,0.0644537045581661,6.406130973255265
sensor_comm,9102,chirp,0.4,noisy,intact,0.7186587217530767,0.8676821957769623,0.03105004744519415,5.000386356248593
sensor_comm,9102,chirp,0.4,noisy,L4 failure,1.3536106613081758,2.0102640839691435,0.02993580920200003,10.539832869427514
sensor_comm,9102,chirp,0.4,noisy,L4 slip,0.8877833735060724,1.1628312125718554,0.03825009139504152,6.528961363738721
sensor_comm,9102,chirp,0.4,stuck,intact,0.7613581890070202,0.9692142991324812,0.2816925258553737,5.383919345066262
sensor_comm,9102,chirp,0.4,stuck,L4 failure,1.3605696543046504,2.025566098101623,0.06778338264907713,10.600846462077289
sensor_comm,9102,chirp,0.4,stuck,L4 slip,0.9045658439701856,1.2080748595031008,0.26605499329269844,6.66726407989286
sensor_comm,9102,chirp,1.0,always,intact,0.7164105004160445,0.8536418168257438,0.035078027240184176,4.979547704078509
sensor_comm,9102,chirp,1.0,always,L4 failure,1.3468572703713841,1.9886856190900353,0.00949408891884918,10.501487104130879
sensor_comm,9102,chirp,1.0,always,L4 slip,0.8679912161630687,1.1195713533854215,0.0210675215587309,6.348530808530105
sensor_comm,9102,chirp,1.0,dropout,intact,0.7596943321022531,0.9559752426259098,0.12652996797423233,5.387423682312252
sensor_comm,9102,chirp,1.0,dropout,L4 failure,1.317355975559346,1.9345308364365175,0.27791626592614704,10.247147504499516
sensor_comm,9102,chirp,1.0,dropout,L4 slip,0.8842341540270592,1.1553011772676656,0.050642617028588854,6.494643575288848
sensor_comm,9102,chirp,1.0,intermittent,intact,0.718842155934891,0.87289661250642,0.05322214614110252,5.018798144965358
sensor_comm,9102,chirp,1.0,intermittent,L4 failure,1.3743545649651636,2.049600677731969,0.02433090699101622,10.71764659638572
sensor_comm,9102,chirp,1.0,intermittent,L4 slip,0.888617844781425,1.1635343243449054,0.05987393231674942,6.545104396015612
sensor_comm,9102,chirp,1.0,delayed,intact,0.720169321604663,0.8611951343633144,0.05140776368979827,5.018025713426948
sensor_comm,9102,chirp,1.0,delayed,L4 failure,1.3496464783338622,1.9919889703382352,0.03213500805249049,10.528649057105032
sensor_comm,9102,chirp,1.0,delayed,L4 slip,0.8761382242734698,1.1336671040756592,0.039938864238979674,6.423006333962689
sensor_comm,9102,chirp,1.0,noisy,intact,0.7824731059258272,0.9548369243127258,0.03738405871107664,5.526891385356556
sensor_comm,9102,chirp,1.0,noisy,L4 failure,1.3978213436544003,2.061352093190705,0.025879687924666973,10.892510809371155
sensor_comm,9102,chirp,1.0,noisy,L4 slip,0.9716053793847537,1.282751353927118,0.029635298674609557,7.218317855577351
sensor_comm,9102,chirp,1.0,stuck,intact,0.7769794222803187,0.9938931598494506,0.1739617783107069,5.53938803164065
sensor_comm,9102,chirp,1.0,stuck,L4 failure,1.3954295743517906,2.0783126770049747,0.18787256087493337,10.87701770895505
sensor_comm,9102,chirp,1.0,stuck,L4 slip,0.9211866286993082,1.2335496881799906,0.18120952543738136,6.810030999411406
sensor_comm,9103,straight,0.0,always,intact,0.5026181630209732,0.6708092908823413,0.12072922780410918,3.601383145559828
sensor_comm,9103,straight,0.0,always,L4 failure,1.2976444583629392,2.0150521654518974,0.48795290007587777,10.06412499433726
sensor_comm,9103,straight,0.0,always,L4 slip,0.7958975805467126,1.1676586674374523,0.2325630966633918,6.065530365228724
sensor_comm,9103,straight,0.0,dropout,intact,0.5026181630209732,0.6708092908823413,0.12072922780410918,3.601383145559828
sensor_comm,9103,straight,0.0,dropout,L4 failure,1.2976444583629392,2.0150521654518974,0.48795290007587777,10.06412499433726
sensor_comm,9103,straight,0.0,dropout,L4 slip,0.7958975805467126,1.1676586674374523,0.2325630966633918,6.065530365228724
sensor_comm,9103,straight,0.0,intermittent,intact,0.5026181630209732,0.6708092908823413,0.12072922780410918,3.601383145559828
sensor_comm,9103,straight,0.0,intermittent,L4 failure,1.2976444583629392,2.0150521654518974,0.48795290007587777,10.06412499433726
sensor_comm,9103,straight,0.0,intermittent,L4 slip,0.7958975805467126,1.1676586674374523,0.2325630966633918,6.065530365228724
sensor_comm,9103,straight,0.0,delayed,intact,0.5026181630209732,0.6708092908823413,0.12072922780410918,3.601383145559828
sensor_comm,9103,straight,0.0,delayed,L4 failure,1.2976444583629392,2.0150521654518974,0.48795290007587777,10.06412499433726
sensor_comm,9103,straight,0.0,delayed,L4 slip,0.7958975805467126,1.1676586674374523,0.2325630966633918,6.065530365228724
sensor_comm,9103,straight,0.0,noisy,intact,0.5026181630209732,0.6708092908823413,0.12072922780410918,3.601383145559828
sensor_comm,9103,straight,0.0,noisy,L4 failure,1.2976444583629392,2.0150521654518974,0.48795290007587777,10.06412499433726
sensor_comm,9103,straight,0.0,noisy,L4 slip,0.7958975805467126,1.1676586674374523,0.2325630966633918,6.065530365228724
sensor_comm,9103,straight,0.0,stuck,intact,0.5026181630209732,0.6708092908823413,0.12072922780410918,3.601383145559828
sensor_comm,9103,straight,0.0,stuck,L4 failure,1.2976444583629392,2.0150521654518974,0.48795290007587777,10.06412499433726
sensor_comm,9103,straight,0.0,stuck,L4 slip,0.7958975805467126,1.1676586674374523,0.2325630966633918,6.065530365228724
sensor_comm,9103,straight,0.025,always,intact,0.474682982277994,0.6143612401958809,0.08471572393872315,3.3588410903300465
sensor_comm,9103,straight,0.025,always,L4 failure,1.263333846738809,1.958385245431614,0.40450768614163374,9.83473234212662
sensor_comm,9103,straight,0.025,always,L4 slip,0.7605557782914325,1.103769530715717,0.17671264988991844,5.796280235249209
sensor_comm,9103,straight,0.025,dropout,intact,0.4843828354380472,0.6344707794886035,0.11105622676988254,3.4391461791681963
sensor_comm,9103,straight,0.025,dropout,L4 failure,1.280848513077237,1.9861539774286416,0.47492171955786466,9.942220951035626
sensor_comm,9103,straight,0.025,dropout,L4 slip,0.7753778395306036,1.1303680116648462,0.22056353171199997,5.901884482494438
sensor_comm,9103,straight,0.025,intermittent,intact,0.4925898790169742,0.6507993865451086,0.10772487462723376,3.5156259339970606
sensor_comm,9103,straight,0.025,intermittent,L4 failure,1.285280734697309,1.9947434278149991,0.4588436438736874,9.981880009610315
sensor_comm,9103,straight,0.025,intermittent,L4 slip,0.7833254476639283,1.1449861640796082,0.2125986877309312,5.970583839264492
sensor_comm,9103,straight,0.025,delayed,intact,0.4768870194759647,0.6188082519520297,0.08654892719378612,3.3787222822708274
sensor_comm,9103,straight,0.025,delayed,L4 failure,1.2668711253860425,1.9643502928674201,0.4102243769400776,9.859177050246291
sensor_comm,9103,straight,0.025,delayed,L4 slip,0.7636635781096884,1.1094239841893667,0.18009754234755704,5.820848345449858
sensor_comm,9103,straight,0.025,noisy,intact,0.4719717137937225,0.608880638177421,0.08458389263129276,3.333135357527759
sensor_comm,9103,straight,0.025,noisy,L4 failure,1.2613064035609898,1.9548376941026349,0.405556593933862,9.818699642142924
sensor_comm,9103,straight,0.025,noisy,L4 slip,0.7584251560682981,1.0997866506661715,0.17673491748770873,5.7781436209017984
sensor_comm,9103,straight,0.025,stuck,intact,0.4771998575741406,0.6195444544649671,0.09490701582337102,3.3795332255203108
sensor_comm,9103,straight,0.025,stuck,L4 failure,1.2701818991501859,1.9688456597032604,0.44337429279723856,9.875674095729169
sensor_comm,9103,straight,0.025,stuck,L4 slip,0.7651937984113878,1.1119447546790648,0.1969945551562785,5.828800905734379
sensor_comm,9103,straight,0.05,always,intact,0.45332319787439623,0.5694564559045062,0.056305064803209695,3.164891713034282
sensor_comm,9103,straight,0.05,always,L4 failure,1.2370507919720852,1.9143859635690503,0.3301317658853867,9.656853548862589
sensor_comm,9103,straight,0.05,always,L4 slip,0.7330594741443541,1.0529977185197914,0.13136012441696548,5.581464026060509
sensor_comm,9103,straight,0.05,dropout,intact,0.46863051455189575,0.602456363055183,0.10227751196192778,3.296482864352487
sensor_comm,9103,straight,0.05,dropout,L4 failure,1.2657309258390643,1.9600836617733948,0.46286109482701543,9.832567311985924
sensor_comm,9103,straight,0.05,dropout,L4 slip,0.7572353216260876,1.0971572487115435,0.20954860349916865,5.7564218800714535
sensor_comm,9103,straight,0.05,intermittent,intact,0.4833657318423243,0.6321330879809913,0.09563270645629303,3.435513735270085
sensor_comm,9103,straight,0.05,intermittent,L4 failure,1.2738796170806506,1.9759376362193268,0.43057177306251304,9.905758647129057
sensor_comm,9103,straight,0.05,intermittent,L4 slip,0.7717188809928676,1.1238840907069,0.1938554824541357,5.882138708022677
sensor_comm,9103,straight,0.05,delayed,intact,0.45658565978696464,0.576206329342197,0.058710380368081204,3.195461573259575
sensor_comm,9103,straight,0.05,delayed,L4 failure,1.2425810995100548,1.9238156464115115,0.3399682805927114,9.695510026191355
sensor_comm,9103,straight,0.05,delayed,L4 slip,0.7378139206463505,1.061772536431461,0.13622146423214426,5.619934718034263
sensor_comm,9103,straight,0.05,noisy,intact,0.44892489901889127,0.5603228301887299,0.05692181633686927,3.1215604802614316
sensor_comm,9103,straight,0.05,noisy,L4 failure,1.2335166596928924,1.908178452413091,0.33252180385570523,9.628625185651998
sensor_comm,9103,straight,0.05,noisy,L4 slip,0.7296775946464097,1.0465607767991838,0.13212761793572123,5.551881735307927
sensor_comm,9103,straight,0.05,stuck,intact,0.45672219076442455,0.5768368923053346,0.07240262692253349,3.1943281287014997
sensor_comm,9103,straight,0.05,stuck,L4 failure,1.2468846954445074,1.9294001500454285,0.40266605255081167,9.715179506276563
sensor_comm,9103,straight,0.05,stuck,L4 slip,0.7397310222220714,1.0650477832600458,0.1653026387000432,5.629315526009647
sensor_comm,9103,straight,0.1,always,intact,0.4251223585302438,0.507423012020726,0.017474269942938814,2.8941665803909404
sensor_comm,9103,straight,0.1,always,L4 failure,1.2017850782828554,1.854224694370942,0.214851996895206,9.414301445927402
sensor_comm,9103,straight,0.1,always,L4 slip,0.6953659873039431,0.9817109963847208,0.06585458326425112,5.2776882747300835
sensor_comm,9103,straight,0.1,dropout,intact,0.44356720648981496,0.5500395440907492,0.08714743510368554,3.063444051979028
sensor_comm,9103,straight,0.1,dropout,L4 failure,1.2398899157854115,1.9153736255260312,0.44138656687204286,9.645307349669423
sensor_comm,9103,straight,0.1,dropout,L4 slip,0.727161344442416,1.0415315858923992,0.19020349705843953,5.513416066983505
sensor_comm,9103,straight,0.1,intermittent,intact,0.46713377488221197,0.5986152301663383,0.07400591186495238,3.291320556159225
sensor_comm,9103,straight,0.1,intermittent,L4 failure,1.253859597523403,1.942687035566721,0.3772605108342231,9.771266880452366
sensor_comm,9103,straight,0.1,intermittent,L4 slip,0.7511542065840764,1.0860644606771046,0.15982834098497828,5.72340773244871
sensor_comm,9103,straight,0.1,delayed,intact,0.42860248604221923,0.5147752289087233,0.018821632007939456,2.9287413810593304
sensor_comm,9103,straight,0.1,delayed,L4 failure,1.2085830038289131,1.8660682029191555,0.22671752745645862,9.462877938236076
sensor_comm,9103,straight,0.1,delayed,L4 slip,0.7008935558400693,0.9920786043113257,0.0700844629024954,5.324211951878353
sensor_comm,9103,straight,0.1,noisy,intact,0.4195267183325705,0.4953370283062254,0.0214143403573201,2.835153991353941
sensor_comm,9103,straight,0.1,noisy,L4 failure,1.1966412891453246,1.8450824549197093,0.21914424565739837,9.37194266535119
sensor_comm,9103,straight,0.1,noisy,L4 slip,0.6913326607049233,0.973736680761807,0.06980227279125939,5.240233863724644
sensor_comm,9103,straight,0.1,stuck,intact,0.4278339652159726,0.5138801785866253,0.03613383057466375,2.9198379169731687
sensor_comm,9103,straight,0.1,stuck,L4 failure,1.2106510946495097,1.8675052119337565,0.33160165262989966,9.464281714200308
sensor_comm,9103,straight,0.1,stuck,L4 slip,0.7017862410091155,0.9937797186775263,0.11223040040559887,5.325346237939465
sensor_comm,9103,straight,0.2,always,intact,0.4010079142557205,0.45229035408567003,0.014833227983288951,2.6458724833843155
sensor_comm,9103,straight,0.2,always,L4 failure,1.1667536222594697,1.7928767585872394,0.08743830640971391,9.169359800616569
sensor_comm,9103,straight,0.2,always,L4 slip,0.6594330021704343,0.9119569681853271,0.018698709739776546,4.975000187488325
sensor_comm,9103,straight,0.2,dropout,intact,0.4127920034313251,0.4823120482351184,0.06500023074010539,2.7631768787361497
sensor_comm,9103,straight,0.2,dropout,L4 failure,1.2020067829699017,1.849424156004749,0.40735945134440266,9.371313051301525
sensor_comm,9103,straight,0.2,dropout,L4 slip,0.6862124468255641,0.9643643548091585,0.16056191125350586,5.177786210887952
sensor_comm,9103,straight,0.2,intermittent,intact,0.44223063648663063,0.5452949158777447,0.03979353693138603,3.0606172948490635
sensor_comm,9103,straight,0.2,intermittent,L4 failure,1.2234284462589549,1.8914408982240556,0.2834753354394698,9.564351815925736
sensor_comm,9103,straight,0.2,intermittent,L4 slip,0.7190094486062025,1.0257364644140328,0.10418668326983646,5.469426166180163
sensor_comm,9103,straight,0.2,delayed,intact,0.40305452479417075,0.4562283785238767,0.017816890894576408,2.6670424702512268
sensor_comm,9103,straight,0.2,delayed,L4 failure,1.172751370349647,1.8036691967767537,0.09182455125751172,9.213513536109025
sensor_comm,9103,straight,0.2,delayed,L4 slip,0.6633755261909177,0.9192609750875814,0.021254127839356214,5.0100446996656345
sensor_comm,9103,straight,0.2,noisy,intact,0.39693329685249956,0.4428144677883291,0.0038821985569819388,2.59651638785858
sensor_comm,9103,straight,0.2,noisy,L4 failure,1.1613329116355715,1.7829011425049515,0.0981802037079542,9.121048738631734
sensor_comm,9103,straight,0.2,noisy,L4 slip,0.6577166114237591,0.9076483313903451,0.02009289963766923,4.9535574327383625
sensor_comm,9103,straight,0.2,stuck,intact,0.4013844468299106,0.45330443175823465,0.009472917745938109,2.649771484985434
sensor_comm,9103,straight,0.2,stuck,L4 failure,1.1675187482937517,1.7926410799050085,0.2231196310649853,9.163483004152608
sensor_comm,9103,straight,0.2,stuck,L4 slip,0.6614046685378687,0.9158340018767532,0.03923723001000608,4.989688249849869
sensor_comm,9103,straight,0.4,always,intact,0.3906225373483663,0.42920781210971126,0.011247724738952724,2.5322771358781426
sensor_comm,9103,straight,0.4,always,L4 failure,1.1444102841410384,1.7519396174686697,0.024552219266800658,9.011607059137095
sensor_comm,9103,straight,0.4,always,L4 slip,0.6396213302398711,0.8730489540855524,0.021044554305059682,4.798907722590885
sensor_comm,9103,straight,0.4,dropout,intact,0.3912483797927703,0.43162519575352365,0.04299081887462649,2.5380641766792316
sensor_comm,9103,straight,0.4,dropout,L4 failure,1.1601661522305138,1.775800611756527,0.36431383303592063,9.070045799202132
sensor_comm,9103,straight,0.4,dropout,L4 slip,0.6484749258600088,0.8912128660368829,0.12663602889840153,4.861526060100194
sensor_comm,9103,straight,0.4,intermittent,intact,0.41367656251467483,0.48105353944248075,0.010044619011583161,2.7781134301077284
sensor_comm,9103,straight,0.4,intermittent,L4 failure,1.1872881526441923,1.8292249108652168,0.15253269587179924,9.31464226581982
sensor_comm,9103,straight,0.4,intermittent,L4 slip,0.680034739447442,0.9503435878460585,0.03358286049903555,5.149689483859787
sensor_comm,9103,straight,0.4,delayed,intact,0.3915765474588187,0.4306256593056389,0.014904268265694126,2.541734481014992
sensor_comm,9103,straight,0.4,delayed,L4 failure,1.1480192251465742,1.7588144703935804,0.02984121696268398,9.039413655252648
sensor_comm,9103,straight,0.4,delayed,L4 slip,0.6413211564551482,0.875871806311514,0.027365221407963564,4.814875215718427
sensor_comm,9103,straight,0.4,noisy,intact,0.392143312847693,0.4282341570018081,0.018577508519214712,2.5296081890138837
sensor_comm,9103,straight,0.4,noisy,L4 failure,1.1426418404200978,1.7475419168789905,0.034982288732784486,8.986240415220333
sensor_comm,9103,straight,0.4,noisy,L4 slip,0.6464608664809937,0.8824081064877898,0.01039140594737535,4.845643554549022
sensor_comm,9103,straight,0.4,stuck,intact,0.3922803837440464,0.4336038138036037,0.03255842795965044,2.550064258741564
sensor_comm,9103,straight,0.4,stuck,L4 failure,1.1384226234166133,1.7406138382160037,0.09336101225771265,8.96073692146648
sensor_comm,9103,straight,0.4,stuck,L4 slip,0.640388805542717,0.8746303576836221,0.02336066020997557,4.804825894027582
sensor_comm,9103,straight,1.0,always,intact,0.38692277666085984,0.4212811140231377,0.004906455788487648,2.4869185270064786
sensor_comm,9103,straight,1.0,always,L4 failure,1.133480003560679,1.7292000765840534,0.008280117046921285,8.935927632577654
sensor_comm,9103,straight,1.0,always,L4 slip,0.6307767340798808,0.8556690791215656,0.0059744334119070834,4.714247609072581
sensor_comm,9103,straight,1.0,dropout,intact,0.3853439394000895,0.417360542997284,0.041511503035740714,2.469310254380291
sensor_comm,9103,straight,1.0,dropout,L4 failure,1.1237970297240545,1.710316088578915,0.31502992972436605,8.813600833029952
sensor_comm,9103,straight,1.0,dropout,L4 slip,0.6279857485527226,0.8502993743913386,0.105206351461579,4.683339329852323
sensor_comm,9103,straight,1.0,intermittent,intact,0.3924085525071046,0.4326301750348412,0.016049937124521234,2.5511719407060727
sensor_comm,9103,straight,1.0,intermittent,L4 failure,1.151909262098837,1.7657139656177,0.03111388595726002,9.067849692231482
sensor_comm,9103,straight,1.0,intermittent,L4 slip,0.6454031981059626,0.8808503858152598,0.0244073391860056,4.849057482945697
sensor_comm,9103,straight,1.0,delayed,intact,0.38703636249518225,0.42054984480438956,0.008694217256841474,2.4856070216419175
sensor_comm,9103,straight,1.0,delayed,L4 failure,1.134110925319224,1.7306006650376276,0.01191512267472595,8.942357060620054
sensor_comm,9103,straight,1.0,delayed,L4 slip,0.6306192291812001,0.8549159953889124,0.005617905509706728,4.712824121648002
sensor_comm,9103,straight,1.0,noisy,intact,0.4203922001096582,0.4737695454726687,0.035484502443438544,2.7536862460679323
sensor_comm,9103,straight,1.0,noisy,L4 failure,1.1621165459336982,1.7714102214376932,0.017626100003986435,9.143720854953608
sensor_comm,9103,straight,1.0,noisy,L4 slip,0.6808244663880465,0.9332750470484118,0.020571295404882728,5.1098757807024064
sensor_comm,9103,straight,1.0,stuck,intact,0.38662148075864844,0.4204330133882522,0.010327826706002926,2.483689973005255
sensor_comm,9103,straight,1.0,stuck,L4 failure,1.1420883444457717,1.744556677807345,0.05531506963265331,8.997625710199006
sensor_comm,9103,straight,1.0,stuck,L4 slip,0.6333998937918504,0.8611150326439836,0.020639775042491048,4.736316748847834
sensor_comm,9103,s_lr,0.0,always,intact,0.7414249929191623,0.9497316619174174,0.13679374550539292,5.660873521450139
sensor_comm,9103,s_lr,0.0,always,L4 failure,1.4630381363916636,2.2028320643763823,0.5027252674725277,11.619550522704229
sensor_comm,9103,s_lr,0.0,always,L4 slip,0.9968187004258294,1.3917162055634502,0.24721232029535445,7.821299636678031
sensor_comm,9103,s_lr,0.0,dropout,intact,0.7414249929191623,0.9497316619174174,0.13679374550539292,5.660873521450139
sensor_comm,9103,s_lr,0.0,dropout,L4 failure,1.4630381363916636,2.2028320643763823,0.5027252674725277,11.619550522704229
sensor_comm,9103,s_lr,0.0,dropout,L4 slip,0.9968187004258294,1.3917162055634502,0.24721232029535445,7.821299636678031
sensor_comm,9103,s_lr,0.0,intermittent,intact,0.7414249929191623,0.9497316619174174,0.13679374550539292,5.660873521450139
sensor_comm,9103,s_lr,0.0,intermittent,L4 failure,1.4630381363916636,2.2028320643763823,0.5027252674725277,11.619550522704229
sensor_comm,9103,s_lr,0.0,intermittent,L4 slip,0.9968187004258294,1.3917162055634502,0.24721232029535445,7.821299636678031
sensor_comm,9103,s_lr,0.0,delayed,intact,0.7414249929191623,0.9497316619174174,0.13679374550539292,5.660873521450139
sensor_comm,9103,s_lr,0.0,delayed,L4 failure,1.4630381363916636,2.2028320643763823,0.5027252674725277,11.619550522704229
sensor_comm,9103,s_lr,0.0,delayed,L4 slip,0.9968187004258294,1.3917162055634502,0.24721232029535445,7.821299636678031
sensor_comm,9103,s_lr,0.0,noisy,intact,0.7414249929191623,0.9497316619174174,0.13679374550539292,5.660873521450139
sensor_comm,9103,s_lr,0.0,noisy,L4 failure,1.4630381363916636,2.2028320643763823,0.5027252674725277,11.619550522704229
sensor_comm,9103,s_lr,0.0,noisy,L4 slip,0.9968187004258294,1.3917162055634502,0.24721232029535445,7.821299636678031
sensor_comm,9103,s_lr,0.0,stuck,intact,0.7414249929191623,0.9497316619174174,0.13679374550539292,5.660873521450139
sensor_comm,9103,s_lr,0.0,stuck,L4 failure,1.4630381363916636,2.2028320643763823,0.5027252674725277,11.619550522704229
sensor_comm,9103,s_lr,0.0,stuck,L4 slip,0.9968187004258294,1.3917162055634502,0.24721232029535445,7.821299636678031
sensor_comm,9103,s_lr,0.025,always,intact,0.6825533245825186,0.8192462909431774,0.06540547563495284,5.099508377292413
sensor_comm,9103,s_lr,0.025,always,L4 failure,1.401186437070586,2.093845529683221,0.3912838613533249,11.165615319240594
sensor_comm,9103,s_lr,0.025,always,L4 slip,0.9326183990362845,1.2655166193827303,0.15698815430861912,7.283610543435554
sensor_comm,9103,s_lr,0.025,dropout,intact,0.7069907138876794,0.8792492364838698,0.11945770707204742,5.340579348965351
sensor_comm,9103,s_lr,0.025,dropout,L4 failure,1.4324078188127785,2.148819697207736,0.48173245149045085,11.38148499805316
sensor_comm,9103,s_lr,0.025,dropout,L4 slip,0.9619811489038118,1.3259682574503964,0.22811529286833832,7.525265111658372
sensor_comm,9103,s_lr,0.025,intermittent,intact,0.7201494856654764,0.9037617311112583,0.11127266701743606,5.463493388967961
sensor_comm,9103,s_lr,0.025,intermittent,L4 failure,1.4409046689472558,2.164046950441379,0.46444674046276885,11.458102104724606
sensor_comm,9103,s_lr,0.025,intermittent,L4 slip,0.973425466574335,1.346153918814079,0.21497067702581357,7.628141046102176
sensor_comm,9103,s_lr,0.025,delayed,intact,0.687799593444016,0.8305593132318355,0.06825510637789009,5.150742243188444
sensor_comm,9103,s_lr,0.025,delayed,L4 failure,1.407306276949498,2.1047384488442846,0.397640191513399,11.21260441854199
sensor_comm,9103,s_lr,0.025,delayed,L4 slip,0.9385675201602367,1.277072963060283,0.16157164132632568,7.335114362290539
sensor_comm,9103,s_lr,0.025,noisy,intact,0.6792714541708147,0.8128492081280061,0.06524378903383656,5.067840659852139
sensor_comm,9103,s_lr,0.025,noisy,L4 failure,1.3993314449094514,2.090648988051651,0.3939521796368909,11.149319275016914
sensor_comm,9103,s_lr,0.025,noisy,L4 slip,0.9300994397479384,1.2609170885743561,0.15721425242962228,7.261027674217175
sensor_comm,9103,s_lr,0.025,stuck,intact,0.6885023439042836,0.8343374579791265,0.08132407494622415,5.159939703143976
sensor_comm,9103,s_lr,0.025,stuck,L4 failure,1.4120663553724284,2.11272245650236,0.4306442598614314,11.240109122743299
sensor_comm,9103,s_lr,0.025,stuck,L4 slip,0.9417453839008292,1.2844242780621582,0.1857754563586092,7.359073638784007
sensor_comm,9103,s_lr,0.05,always,intact,0.6380019622014815,0.7121243619421955,0.026449226013129427,4.635116952337807
sensor_comm,9103,s_lr,0.05,always,L4 failure,1.3523671093075,2.0065127306670916,0.28635371307587365,10.800461491508525
sensor_comm,9103,s_lr,0.05,always,L4 slip,0.8835321305612553,1.1653078775898191,0.08268868604739557,6.8531085533191805
sensor_comm,9103,s_lr,0.05,dropout,intact,0.6764214782655724,0.8149492192426979,0.10335863160481243,5.04805513703565
sensor_comm,9103,s_lr,0.05,dropout,L4 failure,1.4046407119101125,2.0997117005047032,0.4620938673048477,11.165008226107904
sensor_comm,9103,s_lr,0.05,dropout,L4 slip,0.9308356209916226,1.2665496951505895,0.21037209226044204,7.257357803109966
sensor_comm,9103,s_lr,0.05,intermittent,intact,0.7005668364130396,0.8602867698185059,0.08730194651623821,5.276483904384894
sensor_comm,9103,s_lr,0.05,intermittent,L4 failure,1.4202240794653473,2.127613766297331,0.4267829075328192,11.306327827701564
sensor_comm,9103,s_lr,0.05,intermittent,L4 slip,0.9518842162290156,1.3035802212611096,0.18453496676648345,7.447305130865316
sensor_comm,9103,s_lr,0.05,delayed,intact,0.6459270950090167,0.7299320852974663,0.028766087210340057,4.717232693667942
sensor_comm,9103,s_lr,0.05,delayed,L4 failure,1.362231500901532,2.0242063514602173,0.29791073066332185,10.877420675365851
sensor_comm,9103,s_lr,0.05,delayed,L4 slip,0.8926212418401739,1.1832494581344348,0.08882600535802114,6.934445293407762
sensor_comm,9103,s_lr,0.05,noisy,intact,0.6325878518054375,0.7014741874368131,0.02585990870139936,4.580841903544845
sensor_comm,9103,s_lr,0.05,noisy,L4 failure,1.3489933094072384,2.0007727004228095,0.29202695622169905,10.77077457970763
sensor_comm,9103,s_lr,0.05,noisy,L4 slip,0.8794803091378279,1.1579859382855862,0.0834881681837019,6.815939076379505
sensor_comm,9103,s_lr,0.05,stuck,intact,0.645784353151436,0.7345551786094172,0.03340347661090849,4.7249037214829235
sensor_comm,9103,s_lr,0.05,stuck,L4 failure,1.3692562303699525,2.0362600479339124,0.3646732210852027,10.91744085629123
sensor_comm,9103,s_lr,0.05,stuck,L4 slip,0.8964107110073655,1.1935552344472495,0.13029452066675778,6.965711047582946
sensor_comm,9103,s_lr,0.1,always,intact,0.582756060581953,0.569000882982893,0.07437768309630649,4.000095920107991
sensor_comm,9103,s_lr,0.1,always,L4 failure,1.2892621180064034,1.8917140447118903,0.10798699088197869,10.314804242846556
sensor_comm,9103,s_lr,0.1,always,L4 slip,0.8200898388617978,1.031697483420984,0.04020406175694573,6.267591763972958
sensor_comm,9103,s_lr,0.1,dropout,intact,0.6258436814799057,0.70402122966973,0.07455193364838716,4.541908355103155
sensor_comm,9103,s_lr,0.1,dropout,L4 failure,1.356785180342611,2.014750465213996,0.4265507802127038,10.790251034567943
sensor_comm,9103,s_lr,0.1,dropout,L4 slip,0.87848641830335,1.1651856171247967,0.1786072147686248,6.798909860979922
sensor_comm,9103,s_lr,0.1,intermittent,intact,0.6662320109060172,0.7808572692346456,0.043835170022795286,4.933677156516584
sensor_comm,9103,s_lr,0.1,intermittent,L4 failure,1.3833641917972874,2.062162839634179,0.3538981194159962,11.033187639852676
sensor_comm,9103,s_lr,0.1,intermittent,L4 slip,0.9140185880483643,1.2271768029922345,0.12892683238617084,7.121665983944206
sensor_comm,9103,s_lr,0.1,delayed,intact,0.5914739348245537,0.5877589739524709,0.07546333116273166,4.093175524622466
sensor_comm,9103,s_lr,0.1,delayed,L4 failure,1.3012058647431455,1.9132116603730764,0.12122540382307707,10.411098178680502
sensor_comm,9103,s_lr,0.1,delayed,L4 slip,0.8304750692072285,1.0518200732176293,0.04281995576840976,6.363898237482719
sensor_comm,9103,s_lr,0.1,noisy,intact,0.575524349171701,0.5563057439998061,0.07040187445394382,3.927884577867522
sensor_comm,9103,s_lr,0.1,noisy,L4 failure,1.2834565882315334,1.882124544838329,0.11623718299438032,10.264023822184521
sensor_comm,9103,s_lr,0.1,noisy,L4 slip,0.8150990391668649,1.0235115224899616,0.03745506704707373,6.220930301760872
sensor_comm,9103,s_lr,0.1,stuck,intact,0.5876984164712762,0.5867056177789163,0.05636022154548863,4.070857615101632
sensor_comm,9103,s_lr,0.1,stuck,L4 failure,1.3045369151985116,1.9192087176608734,0.2493205884929406,10.421022860805579
sensor_comm,9103,s_lr,0.1,stuck,L4 slip,0.8309862687745383,1.058074780257356,0.03841470090773409,6.372241751844832
sensor_comm,9103,s_lr,0.2,always,intact,0.5499319063812338,0.5166347837111376,0.14412687517936834,3.6951464177716904
sensor_comm,9103,s_lr,0.2,always,L4 failure,1.2367958052669878,1.7960226826738848,0.07888381302502785,9.893287410717633
sensor_comm,9103,s_lr,0.2,always,L4 slip,0.7720823733443155,0.9378265658113477,0.128989828636928,5.815147996780241
sensor_comm,9103,s_lr,0.2,dropout,intact,0.5595588071012115,0.5480292165371271,0.028488936372786544,3.820282070718183
sensor_comm,9103,s_lr,0.2,dropout,L4 failure,1.2860240694047118,1.8884329568831675,0.3683042465867449,10.23156538119894
sensor_comm,9103,s_lr,0.2,dropout,L4 slip,0.8060065161779714,1.0217778105186626,0.12780423358762766,6.143439773536311
sensor_comm,9103,s_lr,0.2,intermittent,intact,0.6148945453690505,0.6527752336096266,0.03245477872793242,4.375408996409415
sensor_comm,9103,s_lr,0.2,intermittent,L4 failure,1.3267239266108848,1.9601847866724547,0.21842633526833444,10.605260436148432
sensor_comm,9103,s_lr,0.2,intermittent,L4 slip,0.8565918612956758,1.107272308749249,0.04397975429300136,6.605898713724776
sensor_comm,9103,s_lr,0.2,delayed,intact,0.5565994404421333,0.5247205399433233,0.15996741485003227,3.752545594938201
sensor_comm,9103,s_lr,0.2,delayed,L4 failure,1.2470769049687978,1.8138106422975095,0.08737785311049337,9.979686270673094
sensor_comm,9103,s_lr,0.2,delayed,L4 slip,0.7799567783862876,0.9500231977766681,0.14038599423389533,5.886070288451058
sensor_comm,9103,s_lr,0.2,noisy,intact,0.542439127014797,0.5096341396209219,0.13029820731152203,3.631490450413982
sensor_comm,9103,s_lr,0.2,noisy,L4 failure,1.2299583431590333,1.7858275059350266,0.07113865622744948,9.83107874818411
sensor_comm,9103,s_lr,0.2,noisy,L4 slip,0.7683974464357282,0.9347432912345962,0.11655115617063294,5.781455807602085
sensor_comm,9103,s_lr,0.2,stuck,intact,0.5516717323867758,0.5227350559440802,0.1814917238655092,3.719199273053347
sensor_comm,9103,s_lr,0.2,stuck,L4 failure,1.2355214403919645,1.7930689663720862,0.07403151167508132,9.87570931831423
sensor_comm,9103,s_lr,0.2,stuck,L4 slip,0.772466382016636,0.9393120929993429,0.1019923622957023,5.819578522486275
sensor_comm,9103,s_lr,0.4,always,intact,0.5563752958105929,0.5914516144543418,0.1277897094711466,3.878701472400545
sensor_comm,9103,s_lr,0.4,always,L4 failure,1.2146418417270521,1.7602410134355313,0.15883240283632083,9.70135905815476
sensor_comm,9103,s_lr,0.4,always,L4 slip,0.7618132877763485,0.9419301729837976,0.1443968348104326,5.737888988453167
sensor_comm,9103,s_lr,0.4,dropout,intact,0.5127311046547223,0.4534320148467172,0.030439408098298433,3.3203852132535747
sensor_comm,9103,s_lr,0.4,dropout,L4 failure,1.2085986004426816,1.749990933108855,0.2894336107908816,9.612527785741623
sensor_comm,9103,s_lr,0.4,dropout,L4 slip,0.7403620031448035,0.8933082898063935,0.06305424306520283,5.52865790270453
sensor_comm,9103,s_lr,0.4,intermittent,intact,0.5640091173791154,0.5261302896962665,0.11320658978541864,3.7917603076943713
sensor_comm,9103,s_lr,0.4,intermittent,L4 failure,1.2659668604863408,1.8491758558756959,0.05546475835261644,10.129562279560957
sensor_comm,9103,s_lr,0.4,intermittent,L4 slip,0.7947726592948979,0.9757289411077898,0.08090584726115471,6.020639862453675
sensor_comm,9103,s_lr,0.4,delayed,intact,0.5679391047240785,0.6122885004385825,0.15402406936192,3.9878114421333737
sensor_comm,9103,s_lr,0.4,delayed,L4 failure,1.223091545045753,1.7735080040068145,0.17978759342508566,9.774363938806182
sensor_comm,9103,s_lr,0.4,delayed,L4 slip,0.7703714531342983,0.9549192827586944,0.16975561784407583,5.81385367351708
sensor_comm,9103,s_lr,0.4,noisy,intact,0.5455429661837778,0.5779457787235786,0.10419461785665547,3.77657538496074
sensor_comm,9103,s_lr,0.4,noisy,L4 failure,1.208286207766431,1.7527230541240377,0.14147317661648798,9.639399071972981
sensor_comm,9103,s_lr,0.4,noisy,L4 slip,0.7611010848083676,0.9452525518240286,0.12293331676318402,5.728024870594762
sensor_comm,9103,s_lr,0.4,stuck,intact,0.5980471457043284,0.6882012794267957,0.31260700139441217,4.265573008557874
sensor_comm,9103,s_lr,0.4,stuck,L4 failure,1.2092055550296132,1.7490509822073652,0.12374880563276783,9.651831423248398
sensor_comm,9103,s_lr,0.4,stuck,L4 slip,0.7730856439649705,0.9676208134979974,0.23760729450187773,5.839313072105824
sensor_comm,9103,s_lr,1.0,always,intact,0.5388147275378469,0.5935246649562002,0.14662706641287387,3.7604286202912505
sensor_comm,9103,s_lr,1.0,always,L4 failure,1.202696562127726,1.749634618676731,0.1308606411492812,9.585158080209018
sensor_comm,9103,s_lr,1.0,always,L4 slip,0.748946189514629,0.9448854106856384,0.10333504320525337,5.637808707744612
sensor_comm,9103,s_lr,1.0,dropout,intact,0.5270187333029255,0.5624498611738193,0.09101932553684249,3.6256520142690536
sensor_comm,9103,s_lr,1.0,dropout,L4 failure,1.1498212682151299,1.64900031602863,0.19286133594328914,9.135442405550673
sensor_comm,9103,s_lr,1.0,dropout,L4 slip,0.7139321770275843,0.8646384059489245,0.018866789745805725,5.299826751860105
sensor_comm,9103,s_lr,1.0,intermittent,intact,0.5586098008790407,0.5865775508756024,0.13690362459430178,3.8851036991710615
sensor_comm,9103,s_lr,1.0,intermittent,L4 failure,1.2267493856458995,1.7817302059952858,0.15950782127146929,9.801363258041633
sensor_comm,9103,s_lr,1.0,intermittent,L4 slip,0.766835578738424,0.9401755755565027,0.15455577874144802,5.769460226505647
sensor_comm,9103,s_lr,1.0,delayed,intact,0.5516636359567516,0.6217219188484361,0.1690510232581229,3.888830823503339
sensor_comm,9103,s_lr,1.0,delayed,L4 failure,1.2080162709644726,1.7565293058513902,0.13682269258463203,9.633880217627024
sensor_comm,9103,s_lr,1.0,delayed,L4 slip,0.7563695770613308,0.9573163146451762,0.1182758119246378,5.703442489375255
sensor_comm,9103,s_lr,1.0,noisy,intact,0.5372678931112767,0.587010653880997,0.1190362377108507,3.7154564860096944
sensor_comm,9103,s_lr,1.0,noisy,L4 failure,1.2169492654439042,1.7762265941452475,0.12342226892008712,9.686697177221852
sensor_comm,9103,s_lr,1.0,noisy,L4 slip,0.7769932187086391,0.9942147851313005,0.0819218667766991,5.867866428044455
sensor_comm,9103,s_lr,1.0,stuck,intact,0.6777535571044152,0.8866000178915432,0.36209679831872804,4.935370502859635
sensor_comm,9103,s_lr,1.0,stuck,L4 failure,1.220301763501759,1.780764020761056,0.21502811940323063,9.712298677281186
sensor_comm,9103,s_lr,1.0,stuck,L4 slip,0.7934284022439231,1.040106379966342,0.25343089732533325,6.018231438568342
sensor_comm,9103,s_rl,0.0,always,intact,0.3249531141861452,0.32235065302848653,0.07647531998175554,1.9856046978650115
sensor_comm,9103,s_rl,0.0,always,L4 failure,1.0740330569763785,1.6764608752787353,0.44345341530940574,8.2069190729922
sensor_comm,9103,s_rl,0.0,always,L4 slip,0.5632244557019657,0.8025917029614383,0.18891973322537486,4.085318438989546
sensor_comm,9103,s_rl,0.0,dropout,intact,0.3249531141861452,0.32235065302848653,0.07647531998175554,1.9856046978650115
sensor_comm,9103,s_rl,0.0,dropout,L4 failure,1.0740330569763785,1.6764608752787353,0.44345341530940574,8.2069190729922
sensor_comm,9103,s_rl,0.0,dropout,L4 slip,0.5632244557019657,0.8025917029614383,0.18891973322537486,4.085318438989546
sensor_comm,9103,s_rl,0.0,intermittent,intact,0.3249531141861452,0.32235065302848653,0.07647531998175554,1.9856046978650115
sensor_comm,9103,s_rl,0.0,intermittent,L4 failure,1.0740330569763785,1.6764608752787353,0.44345341530940574,8.2069190729922
sensor_comm,9103,s_rl,0.0,intermittent,L4 slip,0.5632244557019657,0.8025917029614383,0.18891973322537486,4.085318438989546
sensor_comm,9103,s_rl,0.0,delayed,intact,0.3249531141861452,0.32235065302848653,0.07647531998175554,1.9856046978650115
sensor_comm,9103,s_rl,0.0,delayed,L4 failure,1.0740330569763785,1.6764608752787353,0.44345341530940574,8.2069190729922
sensor_comm,9103,s_rl,0.0,delayed,L4 slip,0.5632244557019657,0.8025917029614383,0.18891973322537486,4.085318438989546
sensor_comm,9103,s_rl,0.0,noisy,intact,0.3249531141861452,0.32235065302848653,0.07647531998175554,1.9856046978650115
sensor_comm,9103,s_rl,0.0,noisy,L4 failure,1.0740330569763785,1.6764608752787353,0.44345341530940574,8.2069190729922
sensor_comm,9103,s_rl,0.0,noisy,L4 slip,0.5632244557019657,0.8025917029614383,0.18891973322537486,4.085318438989546
sensor_comm,9103,s_rl,0.0,stuck,intact,0.3249531141861452,0.32235065302848653,0.07647531998175554,1.9856046978650115
sensor_comm,9103,s_rl,0.0,stuck,L4 failure,1.0740330569763785,1.6764608752787353,0.44345341530940574,8.2069190729922
sensor_comm,9103,s_rl,0.0,stuck,L4 slip,0.5632244557019657,0.8025917029614383,0.18891973322537486,4.085318438989546
sensor_comm,9103,s_rl,0.025,always,intact,0.32895068753960927,0.32755372134214167,0.08619397140699543,2.0216151178154185
sensor_comm,9103,s_rl,0.025,always,L4 failure,1.0683420774917962,1.6666976440547068,0.4095607908641809,8.177497654887052
sensor_comm,9103,s_rl,0.025,always,L4 slip,0.5604026881583019,0.7954662729154788,0.1800225898319962,4.069182310978493
sensor_comm,9103,s_rl,0.025,dropout,intact,0.32616322503557804,0.32024351186720756,0.07599377657340231,1.9941517968551363
sensor_comm,9103,s_rl,0.025,dropout,L4 failure,1.0703988440376562,1.6693987778656756,0.4397692223006178,8.187333527123403
sensor_comm,9103,s_rl,0.025,dropout,L4 slip,0.5593900122679377,0.7935593660307185,0.1857171446419236,4.062124701213316
sensor_comm,9103,s_rl,0.025,intermittent,intact,0.32621804367225704,0.3240344315536305,0.07974980836102671,1.9970886996951904
sensor_comm,9103,s_rl,0.025,intermittent,L4 failure,1.0720209101726625,1.6730616502085762,0.43139827906760503,8.19640980271139
sensor_comm,9103,s_rl,0.025,intermittent,L4 slip,0.5623987082169729,0.8004682055924286,0.18575402462612162,4.080779022099555
sensor_comm,9103,s_rl,0.025,delayed,intact,0.3285706865999945,0.32669224089594684,0.0866390544095059,2.018302948210216
sensor_comm,9103,s_rl,0.025,delayed,L4 failure,1.0689084499324444,1.667623427407276,0.4134980493759013,8.180168703460408
sensor_comm,9103,s_rl,0.025,delayed,L4 slip,0.5604051401739065,0.7955682786254842,0.18163536500042068,4.0688379585161645
sensor_comm,9103,s_rl,0.025,noisy,intact,0.3289911579928248,0.3254864676655799,0.08608084562031226,2.0211459544993153
sensor_comm,9103,s_rl,0.025,noisy,L4 failure,1.0669745363103478,1.6640259602615857,0.4097172332138431,8.169444943616208
sensor_comm,9103,s_rl,0.025,noisy,L4 slip,0.5594439610650742,0.7929484859145097,0.1800068962153467,4.064142820114494
sensor_comm,9103,s_rl,0.025,stuck,intact,0.32883228767934886,0.32715372130822273,0.09130562627302766,2.0202598919286765
sensor_comm,9103,s_rl,0.025,stuck,L4 failure,1.0697348095133368,1.6683874047866005,0.4369060901814762,8.183673077705038
sensor_comm,9103,s_rl,0.025,stuck,L4 slip,0.5609811803298281,0.7962993837673137,0.19100909901011437,4.072574951293702
sensor_comm,9103,s_rl,0.05,always,intact,0.3333897345091987,0.33418846678192127,0.09584290900341466,2.0614686539073093
sensor_comm,9103,s_rl,0.05,always,L4 failure,1.0642328789706295,1.6594186532179058,0.38044105089209357,8.157211065921187
sensor_comm,9103,s_rl,0.05,always,L4 slip,0.5588170842344977,0.7906186522413517,0.17346567533250074,4.0611843527393505
sensor_comm,9103,s_rl,0.05,dropout,intact,0.3276121758609442,0.3190988569912405,0.0761036244674299,2.0047515753221408
sensor_comm,9103,s_rl,0.05,dropout,L4 failure,1.067390320294861,1.6634296933418558,0.4367253138557777,8.171513661563829
sensor_comm,9103,s_rl,0.05,dropout,L4 slip,0.5564138455732508,0.7861475269218989,0.1831752579736051,4.044588530344882
sensor_comm,9103,s_rl,0.05,intermittent,intact,0.3275347925493969,0.3258802800892937,0.08303622004140591,2.009038376753266
sensor_comm,9103,s_rl,0.05,intermittent,L4 failure,1.0702140290371063,1.6699801052215846,0.4198800210202552,8.187094160486463
sensor_comm,9103,s_rl,0.05,intermittent,L4 slip,0.5617144907088466,0.7986022690370318,0.1828688384154334,4.0771746255095165
sensor_comm,9103,s_rl,0.05,delayed,intact,0.3326409614543667,0.3323792169177432,0.09706316678488913,2.055004912077497
sensor_comm,9103,s_rl,0.05,delayed,L4 failure,1.0650459969696955,1.6607637590697863,0.38741111452820187,8.1607430123105
sensor_comm,9103,s_rl,0.05,delayed,L4 slip,0.5586616377452653,0.7904936634485199,0.17645044075338726,4.059494517536236
sensor_comm,9103,s_rl,0.05,noisy,intact,0.33362204076212076,0.3304438136496024,0.09648147398177884,2.0620148191560546
sensor_comm,9103,s_rl,0.05,noisy,L4 failure,1.0619123139721915,1.654719185816638,0.381400201691308,8.143794608379869
sensor_comm,9103,s_rl,0.05,noisy,L4 slip,0.5573924577115764,0.786396580829454,0.1742317596777217,4.054568520704713
sensor_comm,9103,s_rl,0.05,stuck,intact,0.33337963498808676,0.3339049472150578,0.10766571480977438,2.060811842675747
sensor_comm,9103,s_rl,0.05,stuck,L4 failure,1.066383395793384,1.6618962584570123,0.4322457127993717,8.165986320350235
sensor_comm,9103,s_rl,0.05,stuck,L4 slip,0.5598888046338916,0.7921509462293834,0.19507481321352427,4.0674422199835645
sensor_comm,9103,s_rl,0.1,always,intact,0.3435043463567942,0.3511958348940101,0.11332575728616186,2.150943357325207
sensor_comm,9103,s_rl,0.1,always,L4 failure,1.0591689334483896,1.6499509375321213,0.3339085816669649,8.134747650893866
sensor_comm,9103,s_rl,0.1,always,L4 slip,0.5582898759140127,0.7859863402299538,0.16475267548975503,4.062531581513013
sensor_comm,9103,s_rl,0.1,dropout,intact,0.3308807844867456,0.31893894021571756,0.0778876991871145,2.0294582810231354
sensor_comm,9103,s_rl,0.1,dropout,L4 failure,1.062948613086629,1.6542731603962537,0.43233952833533806,8.149208179024015
sensor_comm,9103,s_rl,0.1,dropout,L4 slip,0.5525167695606071,0.7753164368878618,0.17985473313327893,4.02291953279046
sensor_comm,9103,s_rl,0.1,intermittent,intact,0.3303244460657415,0.33004862877979385,0.0895760509428453,2.034308318302885
sensor_comm,9103,s_rl,0.1,intermittent,L4 failure,1.0671287323283782,1.6646423107071702,0.39847338779953234,8.171534765350623
sensor_comm,9103,s_rl,0.1,intermittent,L4 slip,0.5607270446277632,0.7955717595322966,0.17783734310726731,4.072482553930793
sensor_comm,9103,s_rl,0.1,delayed,intact,0.3421357495192558,0.34751796972491206,0.11730638304119889,2.1395375987103735
sensor_comm,9103,s_rl,0.1,delayed,L4 failure,1.0600225133469503,1.6513762821120266,0.34475704302257615,8.137515875609182
sensor_comm,9103,s_rl,0.1,delayed,L4 slip,0.5576300480177266,0.7849267110538404,0.17035109634803075,4.0570787022470105
sensor_comm,9103,s_rl,0.1,noisy,intact,0.3445039826792975,0.3452482695639277,0.11741960033298963,2.1577032029017382
sensor_comm,9103,s_rl,0.1,noisy,L4 failure,1.055914168312544,1.6427241204530294,0.33760866382749677,8.116921859656903
sensor_comm,9103,s_rl,0.1,noisy,L4 slip,0.557040000811394,0.7802252673684814,0.16878523109226734,4.06056603833394
sensor_comm,9103,s_rl,0.1,stuck,intact,0.3448872516172213,0.3535629237750548,0.14405066329866614,2.1612992791838117
sensor_comm,9103,s_rl,0.1,stuck,L4 failure,1.0619371922889023,1.6527334773939368,0.42761906185208415,8.143695159655598
sensor_comm,9103,s_rl,0.1,stuck,L4 slip,0.5605151826716354,0.7891852958610819,0.20814309336549455,4.075586917804394
sensor_comm,9103,s_rl,0.2,always,intact,0.3672289834809227,0.39497750753344196,0.13461632226046077,2.3513345798464917
sensor_comm,9103,s_rl,0.2,always,L4 failure,1.0558864565202395,1.642563546786738,0.27070421881097656,8.12824862395052
sensor_comm,9103,s_rl,0.2,always,L4 slip,0.5633262604836838,0.789265209738695,0.15333861443436683,4.104550021171284
sensor_comm,9103,s_rl,0.2,dropout,intact,0.33784816666917217,0.3244674581190252,0.0864179384938,2.0848516964144794
sensor_comm,9103,s_rl,0.2,dropout,L4 failure,1.0587556525729764,1.6444012888846373,0.4290232924151821,8.131666848087614
sensor_comm,9103,s_rl,0.2,dropout,L4 slip,0.5503427318048001,0.765159313681085,0.1789113435236327,4.01548877687779
sensor_comm,9103,s_rl,0.2,intermittent,intact,0.3365232443279243,0.3401937695483489,0.10210516977935033,2.090021399663633
sensor_comm,9103,s_rl,0.2,intermittent,L4 failure,1.0626547201375667,1.6566514606057972,0.3614274989111407,8.150256583710766
sensor_comm,9103,s_rl,0.2,intermittent,L4 slip,0.5600217693104141,0.7918945950211234,0.17009291761224665,4.071468763932702
sensor_comm,9103,s_rl,0.2,delayed,intact,0.36585097030032104,0.38953017973545767,0.14864116614170692,2.3413015162710744
sensor_comm,9103,s_rl,0.2,delayed,L4 failure,1.0564257499042065,1.6433533109282987,0.28460662065592424,8.127822246498908
sensor_comm,9103,s_rl,0.2,delayed,L4 slip,0.5619395401649935,0.7863221893047277,0.1651292468834448,4.094081374399751
sensor_comm,9103,s_rl,0.2,noisy,intact,0.37153341933207373,0.38963374629538605,0.14960937476281763,2.3879065028108477
sensor_comm,9103,s_rl,0.2,noisy,L4 failure,1.053269018259784,1.6343562296344682,0.2819651786733095,8.118087282756436
sensor_comm,9103,s_rl,0.2,noisy,L4 slip,0.565405400989776,0.7856665514593594,0.16694152221303984,4.132697886167111
sensor_comm,9103,s_rl,0.2,stuck,intact,0.37971058433119703,0.41685008305882504,0.22601306847409486,2.4402238009805184
sensor_comm,9103,s_rl,0.2,stuck,L4 failure,1.059244622087887,1.6451451268422868,0.4314073652774675,8.134311750960435
sensor_comm,9103,s_rl,0.2,stuck,L4 slip,0.5703929219871999,0.799836702673766,0.24811861956087328,4.147175402013386
sensor_comm,9103,s_rl,0.4,always,intact,0.4132796907230857,0.48515527851865015,0.1359370235597787,2.7133763711031755
sensor_comm,9103,s_rl,0.4,always,L4 failure,1.0581231911423723,1.6444128712709787,0.19771926345898821,8.16028793170862
sensor_comm,9103,s_rl,0.4,always,L4 slip,0.5804159093334937,0.8145829821749248,0.1272341174097593,4.2302755280119895
sensor_comm,9103,s_rl,0.4,dropout,intact,0.35431020118721746,0.35575296571073967,0.11523496348139037,2.2255838444718816
sensor_comm,9103,s_rl,0.4,dropout,L4 failure,1.061151989236558,1.6448116288623589,0.43576056839647254,8.156003492887573
sensor_comm,9103,s_rl,0.4,dropout,L4 slip,0.5575896907931963,0.7710822145667193,0.19131551639181255,4.071773631537696
sensor_comm,9103,s_rl,0.4,intermittent,intact,0.35117045694030913,0.36653499399574796,0.122433864731773,2.218077961837366
sensor_comm,9103,s_rl,0.4,intermittent,L4 failure,1.0582571376102612,1.6480560784291562,0.3045123495162432,8.133857599318679
sensor_comm,9103,s_rl,0.4,intermittent,L4 slip,0.562202035264878,0.7915554025820175,0.15986231149887203,4.092891238430248
sensor_comm,9103,s_rl,0.4,delayed,intact,0.41961481832046543,0.4892853352946894,0.16273600272395897,2.7623893698208386
sensor_comm,9103,s_rl,0.4,delayed,L4 failure,1.0590307007277062,1.6453941931500928,0.21019299963296828,8.161309885375877
sensor_comm,9103,s_rl,0.4,delayed,L4 slip,0.5811135820991705,0.8131309203193929,0.1476478039918015,4.23479164345911
sensor_comm,9103,s_rl,0.4,noisy,intact,0.43062659060061814,0.496152490456394,0.16209699286435217,2.856055528955674
sensor_comm,9103,s_rl,0.4,noisy,L4 failure,1.062360333751614,1.6439512964101937,0.21960767165269363,8.203024479656051
sensor_comm,9103,s_rl,0.4,noisy,L4 slip,0.595553291752988,0.8276445740557523,0.15242828600820146,4.3621744722667355
sensor_comm,9103,s_rl,0.4,stuck,intact,0.49244531529166474,0.6081391535539213,0.39562174372160086,3.2061438146557806
sensor_comm,9103,s_rl,0.4,stuck,L4 failure,1.0659908788734915,1.652174530765679,0.4584874532274962,8.18227655275263
sensor_comm,9103,s_rl,0.4,stuck,L4 slip,0.6140733226944037,0.8660805319792144,0.3494139768812131,4.435478852924997
sensor_comm,9103,s_rl,1.0,always,intact,0.45204505207002055,0.5909846961630778,0.2220738243936009,3.0120626671485113
sensor_comm,9103,s_rl,1.0,always,L4 failure,1.0635688834196837,1.6545666611575853,0.11397886248769248,8.218699387037308
sensor_comm,9103,s_rl,1.0,always,L4 slip,0.6029389944672412,0.8620228929676645,0.1299114918920739,4.3919393788769785
sensor_comm,9103,s_rl,1.0,dropout,intact,0.4515470273151673,0.5664048938499272,0.21007601540134413,2.9544423741479253
sensor_comm,9103,s_rl,1.0,dropout,L4 failure,1.089769214975387,1.6909071164518195,0.473867997635414,8.337704551710676
sensor_comm,9103,s_rl,1.0,dropout,L4 slip,0.6096207622215586,0.864083380367008,0.25195544863900404,4.418780479374562
sensor_comm,9103,s_rl,1.0,intermittent,intact,0.4021874982340251,0.46455020263562635,0.13475504873656485,2.630599348805751
sensor_comm,9103,s_rl,1.0,intermittent,L4 failure,1.0593445427679766,1.6473266933690591,0.20377946903578975,8.163276342291132
sensor_comm,9103,s_rl,1.0,intermittent,L4 slip,0.5807757994088164,0.8172024693584875,0.1292957742273419,4.231574884902464
sensor_comm,9103,s_rl,1.0,delayed,intact,0.48584205422365,0.6432893238567179,0.28365248148270167,3.2711609988700974
sensor_comm,9103,s_rl,1.0,delayed,L4 failure,1.065370604794397,1.6582127133965188,0.11524326232627011,8.225914899039406
sensor_comm,9103,s_rl,1.0,delayed,L4 slip,0.6156203556761054,0.880548650952915,0.16755611171838972,4.483114963743909
sensor_comm,9103,s_rl,1.0,noisy,intact,0.5041647388954652,0.6573519979820807,0.23133060506564443,3.4206348527114816
sensor_comm,9103,s_rl,1.0,noisy,L4 failure,1.104310686923287,1.7068055202831267,0.13780935888061077,8.544432643680299
sensor_comm,9103,s_rl,1.0,noisy,L4 slip,0.664440792031502,0.9456504746412783,0.14015407347556536,4.887890466411854
sensor_comm,9103,s_rl,1.0,stuck,intact,0.8298156233945824,1.157318382315529,0.7125605483616813,5.267792706951814
sensor_comm,9103,s_rl,1.0,stuck,L4 failure,1.083045904070454,1.6806090497588528,0.44593550973805784,8.300347297076861
sensor_comm,9103,s_rl,1.0,stuck,L4 slip,0.7705217500656205,1.1176766277488395,0.5496369491665748,5.40390405705457
sensor_comm,9103,sine,0.0,always,intact,0.7523296280387414,1.0641036867244937,0.13986451339991826,5.422469516810509
sensor_comm,9103,sine,0.0,always,L4 failure,1.4699395760801048,2.288298910467856,0.5064415836704139,11.275935992618882
sensor_comm,9103,sine,0.0,always,L4 slip,1.0239744727691402,1.5251789116731582,0.25178704751089986,7.703357420716632
sensor_comm,9103,sine,0.0,dropout,intact,0.7523296280387414,1.0641036867244937,0.13986451339991826,5.422469516810509
sensor_comm,9103,sine,0.0,dropout,L4 failure,1.4699395760801048,2.288298910467856,0.5064415836704139,11.275935992618882
sensor_comm,9103,sine,0.0,dropout,L4 slip,1.0239744727691402,1.5251789116731582,0.25178704751089986,7.703357420716632
sensor_comm,9103,sine,0.0,intermittent,intact,0.7523296280387414,1.0641036867244937,0.13986451339991826,5.422469516810509
sensor_comm,9103,sine,0.0,intermittent,L4 failure,1.4699395760801048,2.288298910467856,0.5064415836704139,11.275935992618882
sensor_comm,9103,sine,0.0,intermittent,L4 slip,1.0239744727691402,1.5251789116731582,0.25178704751089986,7.703357420716632
sensor_comm,9103,sine,0.0,delayed,intact,0.7523296280387414,1.0641036867244937,0.13986451339991826,5.422469516810509
sensor_comm,9103,sine,0.0,delayed,L4 failure,1.4699395760801048,2.288298910467856,0.5064415836704139,11.275935992618882
sensor_comm,9103,sine,0.0,delayed,L4 slip,1.0239744727691402,1.5251789116731582,0.25178704751089986,7.703357420716632
sensor_comm,9103,sine,0.0,noisy,intact,0.7523296280387414,1.0641036867244937,0.13986451339991826,5.422469516810509
sensor_comm,9103,sine,0.0,noisy,L4 failure,1.4699395760801048,2.288298910467856,0.5064415836704139,11.275935992618882
sensor_comm,9103,sine,0.0,noisy,L4 slip,1.0239744727691402,1.5251789116731582,0.25178704751089986,7.703357420716632
sensor_comm,9103,sine,0.0,stuck,intact,0.7523296280387414,1.0641036867244937,0.13986451339991826,5.422469516810509
sensor_comm,9103,sine,0.0,stuck,L4 failure,1.4699395760801048,2.288298910467856,0.5064415836704139,11.275935992618882
sensor_comm,9103,sine,0.0,stuck,L4 slip,1.0239744727691402,1.5251789116731582,0.25178704751089986,7.703357420716632
sensor_comm,9103,sine,0.025,always,intact,0.6707362819141242,0.9065069533834121,0.07004773632471303,4.716371590274732
sensor_comm,9103,sine,0.025,always,L4 failure,1.3947023729407286,2.161142641065515,0.39374057218794534,10.738436724196402
sensor_comm,9103,sine,0.025,always,L4 slip,0.9367798607624604,1.3676359769288666,0.16157831737417191,7.011161153605397
sensor_comm,9103,sine,0.025,dropout,intact,0.6896541165193831,0.946036459597573,0.11304817942320744,4.87524404551178
sensor_comm,9103,sine,0.025,dropout,L4 failure,1.4213917326682228,2.2054886799387305,0.47547630975703825,10.912226706131609
sensor_comm,9103,sine,0.025,dropout,L4 slip,0.9614946129671277,1.4137284437011133,0.22202252472044098,7.195463949313503
sensor_comm,9103,sine,0.025,intermittent,intact,0.722808031878637,1.0079731228293671,0.11411479912052144,5.171679049235227
sensor_comm,9103,sine,0.025,intermittent,L4 failure,1.44279902847349,2.242656933344932,0.46711808453259335,11.083178900144624
sensor_comm,9103,sine,0.025,intermittent,L4 slip,0.9929929118069801,1.4695213521075954,0.21921669922968617,7.460449963402896
sensor_comm,9103,sine,0.025,delayed,intact,0.6764647986091413,0.9171201422612014,0.07263435743196625,4.767698504136615
sensor_comm,9103,sine,0.025,delayed,L4 failure,1.4007885043335473,2.17137434081076,0.39930890110849415,10.783818742805487
sensor_comm,9103,sine,0.025,delayed,L4 slip,0.9432677511048014,1.3790483043688275,0.16561399959169953,7.064694418233474
sensor_comm,9103,sine,0.025,noisy,intact,0.667373010298309,0.9000192770504285,0.06993849692031628,4.684714118743814
sensor_comm,9103,sine,0.025,noisy,L4 failure,1.3924470157159754,2.1571955385212433,0.3951861991294147,10.719940978948642
sensor_comm,9103,sine,0.025,noisy,L4 slip,0.9340803791016423,1.3626926997756565,0.16187213603358924,6.987602435619047
sensor_comm,9103,sine,0.025,stuck,intact,0.6728518543059844,0.9110113194695117,0.08036529080707297,4.7343793296838825
sensor_comm,9103,sine,0.025,stuck,L4 failure,1.401262829830112,2.1717457838335745,0.42431871631825463,10.78029386730481
sensor_comm,9103,sine,0.025,stuck,L4 slip,0.9407246420130214,1.3749431961239402,0.17958920627331212,7.040337435626924
sensor_comm,9103,sine,0.05,always,intact,0.6096137828746354,0.7821989365920995,0.023228520683397477,4.155368218438428
sensor_comm,9103,sine,0.05,always,L4 failure,1.3385148919486671,2.0646709754910963,0.29854005065335654,10.330100428190988
sensor_comm,9103,sine,0.05,always,L4 slip,0.8709433123234327,1.2454457320854098,0.09394916226157239,6.470668674193201
sensor_comm,9103,sine,0.05,dropout,intact,0.636237213951596,0.8418821560011039,0.08875041807444763,4.394841006205058
sensor_comm,9103,sine,0.05,dropout,L4 failure,1.378977244674363,2.1327500927832723,0.4471239188358826,10.594799868527234
sensor_comm,9103,sine,0.05,dropout,L4 slip,0.9074500376958539,1.3158647705707913,0.19488312097600619,6.751488269854587
sensor_comm,9103,sine,0.05,intermittent,intact,0.6957492675625903,0.955616167224437,0.09069485200578557,4.9372721056126245
sensor_comm,9103,sine,0.05,intermittent,L4 failure,1.4178573919554878,2.2004982007584117,0.4291108828299334,10.905138255265594
sensor_comm,9103,sine,0.05,intermittent,L4 slip,0.9645910856599206,1.4179666829876292,0.18889854084453916,7.2350962116158115
sensor_comm,9103,sine,0.05,delayed,intact,0.6177669811075753,0.7975065336121265,0.024069144985952896,4.231393824061878
sensor_comm,9103,sine,0.05,delayed,L4 failure,1.3475092817317131,2.0798638532247367,0.3071195553090253,10.398244971562054
sensor_comm,9103,sine,0.05,delayed,L4 slip,0.8803660132781873,1.2620790486017535,0.0985274160932397,6.55042874311218
sensor_comm,9103,sine,0.05,noisy,intact,0.6041960379305922,0.7712905816682427,0.02269193814936598,4.101718480155578
sensor_comm,9103,sine,0.05,noisy,L4 failure,1.3345190046550528,2.0576521744386143,0.3010009094917974,10.297354865320653
sensor_comm,9103,sine,0.05,noisy,L4 slip,0.8666772204959151,1.237456525991464,0.09484179242642518,6.432324989263904
sensor_comm,9103,sine,0.05,stuck,intact,0.6106978515929341,0.7848182707362847,0.030112655684941265,4.165833968002038
sensor_comm,9103,sine,0.05,stuck,L4 failure,1.346057012518415,2.076994319267181,0.3518280758614203,10.378364056583706
sensor_comm,9103,sine,0.05,stuck,L4 slip,0.8744905762125711,1.2523396612392201,0.11724694037891817,6.498166035290334
sensor_comm,9103,sine,0.1,always,intact,0.5338211693599029,0.6192464301335467,0.04063737621081116,3.409126333749891
sensor_comm,9103,sine,0.1,always,L4 failure,1.2667648078595852,1.9391095538049463,0.16751482352474265,9.797764154490423
sensor_comm,9103,sine,0.1,always,L4 slip,0.7862398337751989,1.0841146868160014,0.02925688816734698,5.748445825309332
sensor_comm,9103,sine,0.1,dropout,intact,0.5557049213393445,0.6752463812923262,0.04711793017525813,3.632446859027786
sensor_comm,9103,sine,0.1,dropout,L4 failure,1.310395589997853,2.0141711779948515,0.3976794380053453,10.082433493315206
sensor_comm,9103,sine,0.1,dropout,L4 slip,0.8225492847896915,1.1584471650068928,0.147890565259386,6.042286208003495
sensor_comm,9103,sine,0.1,intermittent,intact,0.6485503017695339,0.8618638837532275,0.05037187665508332,4.516135618219761
sensor_comm,9103,sine,0.1,intermittent,L4 failure,1.374384721771555,2.1264391578877535,0.3578642019970251,10.592280919175572
sensor_comm,9103,sine,0.1,intermittent,L4 slip,0.9149580455527319,1.3265498936354585,0.13611499346661143,6.83447180724653
sensor_comm,9103,sine,0.1,delayed,intact,0.5416688739556179,0.6331791067626769,0.042572402573890264,3.484337649241768
sensor_comm,9103,sine,0.1,delayed,L4 failure,1.2763320043663688,1.9552236680038952,0.17493639772769223,9.872410179670577
sensor_comm,9103,sine,0.1,delayed,L4 slip,0.7959376011829985,1.1006733259896404,0.029614264716917284,5.832871010248442
sensor_comm,9103,sine,0.1,noisy,intact,0.5274208272263939,0.6053491826664692,0.03684434169286001,3.3397119739519825
sensor_comm,9103,sine,0.1,noisy,L4 failure,1.2612603298828164,1.929246797888903,0.17205941443594935,9.75162355152439
sensor_comm,9103,sine,0.1,noisy,L4 slip,0.7813999254745263,1.074605936869767,0.0277287676935004,5.702302325082754
sensor_comm,9103,sine,0.1,stuck,intact,0.5318033971359354,0.6139232547390809,0.04596491269787158,3.388014784993852
sensor_comm,9103,sine,0.1,stuck,L4 failure,1.2688390385105321,1.9424488334948802,0.23323020966332045,9.8096230023189
sensor_comm,9103,sine,0.1,stuck,L4 slip,0.7856349999756628,1.082839986729438,0.02169003818336408,5.743471797124109
sensor_comm,9103,sine,0.2,always,intact,0.4815046789058195,0.5061177173392057,0.05216598438472584,2.8740532112996946
sensor_comm,9103,sine,0.2,always,L4 failure,1.202766207834435,1.8243022858521598,0.06397340329182913,9.314773104537592
sensor_comm,9103,sine,0.2,always,L4 slip,0.7173228610971858,0.9510790643514822,0.033559943089907576,5.140045088214653
sensor_comm,9103,sine,0.2,dropout,intact,0.4816118626592647,0.5063064507827129,0.013267542158171827,2.87141347766063
sensor_comm,9103,sine,0.2,dropout,L4 failure,1.2234797907853756,1.8613976341481397,0.3238062612424012,9.436664835486395
sensor_comm,9103,sine,0.2,dropout,L4 slip,0.7272375986029451,0.9737135842136867,0.07896252367317011,5.222797552060063
sensor_comm,9103,sine,0.2,intermittent,intact,0.5783320571632102,0.7155050472047135,0.02707293125496446,3.853421022433947
sensor_comm,9103,sine,0.2,intermittent,L4 failure,1.310200935588414,2.015356457206221,0.24308425281326693,10.122398200770638
sensor_comm,9103,sine,0.2,intermittent,L4 slip,0.8402074110440468,1.185421471575672,0.05720801216170185,6.212429784152319
sensor_comm,9103,sine,0.2,delayed,intact,0.48640098253253317,0.513030748787959,0.06300785023102842,2.915148365376032
sensor_comm,9103,sine,0.2,delayed,L4 failure,1.2088623947164172,1.8339205798869025,0.06192497063283968,9.363909436014627
sensor_comm,9103,sine,0.2,delayed,L4 slip,0.7232554032549867,0.9593528987726072,0.04285501066401585,5.18948504810361
sensor_comm,9103,sine,0.2,noisy,intact,0.47873162525246704,0.49776597755285223,0.037677988214759005,2.837421166596952
sensor_comm,9103,sine,0.2,noisy,L4 failure,1.1979013821085187,1.8148741687089942,0.07485886469735274,9.271783679282686
sensor_comm,9103,sine,0.2,noisy,L4 slip,0.7161400747950125,0.947143170129461,0.022285599932451057,5.124045464839456
sensor_comm,9103,sine,0.2,stuck,intact,0.48916423832776557,0.5280214559290031,0.11594048510623807,2.963425671916583
sensor_comm,9103,sine,0.2,stuck,L4 failure,1.1996384167678213,1.819023370511856,0.08326815060604316,9.293278443028923
sensor_comm,9103,sine,0.2,stuck,L4 slip,0.7207584550040235,0.9583662059255389,0.08858599162441091,5.170964074643736
sensor_comm,9103,sine,0.4,always,intact,0.46675583969692364,0.4675207716929625,0.029440446973193445,2.7516838442726264
sensor_comm,9103,sine,0.4,always,L4 failure,1.1688012989351448,1.7602747828178458,0.05485739544598419,9.062104605380192
sensor_comm,9103,sine,0.4,always,L4 slip,0.6877482679121174,0.8916161879424731,0.019535429692123983,4.890748917363651
sensor_comm,9103,sine,0.4,dropout,intact,0.4916104519617752,0.5368903089526138,0.06422280860524518,3.0354829119491673
sensor_comm,9103,sine,0.4,dropout,L4 failure,1.1583615181530937,1.7430217081303425,0.2473211209310695,8.965923873220447
sensor_comm,9103,sine,0.4,dropout,L4 slip,0.6892915568970657,0.8956102537384227,0.014765181495834745,4.904383255853118
sensor_comm,9103,sine,0.4,intermittent,intact,0.5065140305811136,0.5582269692783269,0.05622333275602254,3.1251249901454683
sensor_comm,9103,sine,0.4,intermittent,L4 failure,1.2389829891680884,1.8891653246955755,0.10860415597540296,9.589694936029113
sensor_comm,9103,sine,0.4,intermittent,L4 slip,0.7587677082199844,1.0270259395989385,0.030953618569502638,5.505727969452167
sensor_comm,9103,sine,0.4,delayed,intact,0.4716939072985573,0.47467551975776834,0.038182445944948316,2.789353110848527
sensor_comm,9103,sine,0.4,delayed,L4 failure,1.1697755130712673,1.7598801077557469,0.05161991778160306,9.070769287502364
sensor_comm,9103,sine,0.4,delayed,L4 slip,0.6906241992246597,0.89315662924514,0.026001289910672326,4.908588689137133
sensor_comm,9103,sine,0.4,noisy,intact,0.47309605290365364,0.4700379937042147,0.058347104636966685,2.803674884775784
sensor_comm,9103,sine,0.4,noisy,L4 failure,1.1697835488844168,1.7589917623976887,0.07275708736890986,9.064909722330327
sensor_comm,9103,sine,0.4,noisy,L4 slip,0.6978213342887543,0.9042474622529493,0.04290415468839545,4.974910072083276
sensor_comm,9103,sine,0.4,stuck,intact,0.49108929485338476,0.5355508325118763,0.06265445275400373,3.0299870476545454
sensor_comm,9103,sine,0.4,stuck,L4 failure,1.172963890451996,1.7688869043453876,0.018195416311511548,9.101226967637274
sensor_comm,9103,sine,0.4,stuck,L4 slip,0.7093586769695822,0.9381017274180617,0.08856650253061453,5.083079709291928
sensor_comm,9103,sine,1.0,always,intact,0.47626057802057986,0.48279368863567446,0.12150973440348001,2.9034909393455544
sensor_comm,9103,sine,1.0,always,L4 failure,1.163555186952198,1.7483457647046492,0.09852556255292902,9.033211407327187
sensor_comm,9103,sine,1.0,always,L4 slip,0.6860969176709953,0.8852110743209523,0.09976687917494087,4.904497541394844
sensor_comm,9103,sine,1.0,dropout,intact,0.5020607549070663,0.5459868802693968,0.0235170054924024,3.200451077753782
sensor_comm,9103,sine,1.0,dropout,L4 failure,1.1381639761347562,1.7030994242338537,0.23337782576254612,8.84495818771448
sensor_comm,9103,sine,1.0,dropout,L4 slip,0.6934164837037294,0.898081942216967,0.026365906209279553,4.984049145649698
sensor_comm,9103,sine,1.0,intermittent,intact,0.4713596446112323,0.47791069032032374,0.012747749972635346,2.7857563445088847
sensor_comm,9103,sine,1.0,intermittent,L4 failure,1.179171986983496,1.7773564381643303,0.05536084124020115,9.14072490077027
sensor_comm,9103,sine,1.0,intermittent,L4 slip,0.7081318723487348,0.9243219839707695,0.009798426952275728,5.0623410041326
sensor_comm,9103,sine,1.0,delayed,intact,0.4866143126225207,0.4932153466554488,0.16615488358030164,2.9960342080792497
sensor_comm,9103,sine,1.0,delayed,L4 failure,1.1636690553286415,1.7454695276438035,0.11225560817428556,9.028219908853464
sensor_comm,9103,sine,1.0,delayed,L4 slip,0.6901516999092491,0.8848095867248432,0.12934778485286189,4.930946349939617
sensor_comm,9103,sine,1.0,noisy,intact,0.5193416750044493,0.5513594725132878,0.14489191548562705,3.2828472126914785
sensor_comm,9103,sine,1.0,noisy,L4 failure,1.19980572262268,1.7993336815588414,0.11800315596274953,9.315145226698636
sensor_comm,9103,sine,1.0,noisy,L4 slip,0.7428848031093697,0.9728287130969993,0.1193154162958779,5.378783452034607
sensor_comm,9103,sine,1.0,stuck,intact,0.5091720110620267,0.5598398086215802,0.36409145959514855,3.2163878144848597
sensor_comm,9103,sine,1.0,stuck,L4 failure,1.1445988670472251,1.7147899072178205,0.14990413219344523,8.903580927016632
sensor_comm,9103,sine,1.0,stuck,L4 slip,0.6787286733643602,0.8677508306210647,0.25499762101380025,4.839336371566687
sensor_comm,9103,chirp,0.0,always,intact,0.8897553727756605,1.2502279188684686,0.1646194904804747,6.638285395335818
sensor_comm,9103,chirp,0.0,always,L4 failure,1.6077070170783814,2.472683773943266,0.5354480575050735,12.451143722579964
sensor_comm,9103,chirp,0.0,always,L4 slip,1.1601315859683707,1.703451021702635,0.2756358860501958,8.873548869534595
sensor_comm,9103,chirp,0.0,dropout,intact,0.8897553727756605,1.2502279188684686,0.1646194904804747,6.638285395335818
sensor_comm,9103,chirp,0.0,dropout,L4 failure,1.6077070170783814,2.472683773943266,0.5354480575050735,12.451143722579964
sensor_comm,9103,chirp,0.0,dropout,L4 slip,1.1601315859683707,1.703451021702635,0.2756358860501958,8.873548869534595
sensor_comm,9103,chirp,0.0,intermittent,intact,0.8897553727756605,1.2502279188684686,0.1646194904804747,6.638285395335818
sensor_comm,9103,chirp,0.0,intermittent,L4 failure,1.6077070170783814,2.472683773943266,0.5354480575050735,12.451143722579964
sensor_comm,9103,chirp,0.0,intermittent,L4 slip,1.1601315859683707,1.703451021702635,0.2756358860501958,8.873548869534595
sensor_comm,9103,chirp,0.0,delayed,intact,0.8897553727756605,1.2502279188684686,0.1646194904804747,6.638285395335818
sensor_comm,9103,chirp,0.0,delayed,L4 failure,1.6077070170783814,2.472683773943266,0.5354480575050735,12.451143722579964
sensor_comm,9103,chirp,0.0,delayed,L4 slip,1.1601315859683707,1.703451021702635,0.2756358860501958,8.873548869534595
sensor_comm,9103,chirp,0.0,noisy,intact,0.8897553727756605,1.2502279188684686,0.1646194904804747,6.638285395335818
sensor_comm,9103,chirp,0.0,noisy,L4 failure,1.6077070170783814,2.472683773943266,0.5354480575050735,12.451143722579964
sensor_comm,9103,chirp,0.0,noisy,L4 slip,1.1601315859683707,1.703451021702635,0.2756358860501958,8.873548869534595
sensor_comm,9103,chirp,0.0,stuck,intact,0.8897553727756605,1.2502279188684686,0.1646194904804747,6.638285395335818
sensor_comm,9103,chirp,0.0,stuck,L4 failure,1.6077070170783814,2.472683773943266,0.5354480575050735,12.451143722579964
sensor_comm,9103,chirp,0.0,stuck,L4 slip,1.1601315859683707,1.703451021702635,0.2756358860501958,8.873548869534595
sensor_comm,9103,chirp,0.025,always,intact,0.7999703771123683,1.0778789088642657,0.0797880063124265,5.876782589319976
sensor_comm,9103,chirp,0.025,always,L4 failure,1.5242863111575424,2.3304654692913664,0.4099652456100342,11.848992333706725
sensor_comm,9103,chirp,0.025,always,L4 slip,1.0659303410861245,1.5320686348722663,0.17011443248557406,8.127432753208783
sensor_comm,9103,chirp,0.025,dropout,intact,0.8276694406742513,1.134576338105493,0.13710740696287277,6.10484030672053
sensor_comm,9103,chirp,0.025,dropout,L4 failure,1.558449117695331,2.3882411716888226,0.5037698111209886,12.07635537970566
sensor_comm,9103,chirp,0.025,dropout,L4 slip,1.098940398052699,1.5939282959745398,0.24548724938585828,8.375028504831098
sensor_comm,9103,chirp,0.025,intermittent,intact,0.857422469292928,1.1890648983796752,0.1337092741333336,6.36884890847018
sensor_comm,9103,chirp,0.025,intermittent,L4 failure,1.5778251434419721,2.421958349042984,0.4921164396140176,12.236616289219132
sensor_comm,9103,chirp,0.025,intermittent,L4 slip,1.126552484787925,1.6427027868312862,0.2380217452138937,8.610914074867614
sensor_comm,9103,chirp,0.025,delayed,intact,0.8070149260339505,1.0909359352650927,0.08299745549550577,5.938762034311797
sensor_comm,9103,chirp,0.025,delayed,L4 failure,1.5315559583285172,2.342844494823737,0.4159320051825956,11.904220761977983
sensor_comm,9103,chirp,0.025,delayed,L4 slip,1.0736407376844375,1.5457947114643464,0.1748061194070989,8.191104630585091
sensor_comm,9103,chirp,0.025,noisy,intact,0.7963415880601218,1.071145003492438,0.0796881974149601,5.843514017484345
sensor_comm,9103,chirp,0.025,noisy,L4 failure,1.5220354828621308,2.32655578177739,0.41247730559427964,11.829644153168624
sensor_comm,9103,chirp,0.025,noisy,L4 slip,1.0630883607935069,1.5269630866426775,0.17084392727564052,8.102531463919734
sensor_comm,9103,chirp,0.025,stuck,intact,0.8031816678423047,1.0844814194889056,0.09120174873850148,5.9032098587647175
sensor_comm,9103,chirp,0.025,stuck,L4 failure,1.5320184452106038,2.3432561327649357,0.43918053916983946,11.899524188175373
sensor_comm,9103,chirp,0.025,stuck,L4 slip,1.0713753455890733,1.5421761875670221,0.19062374885855005,8.167802152601968
sensor_comm,9103,chirp,0.05,always,intact,0.7313674514794296,0.9398564363536301,0.029923684826940578,5.26118090912837
sensor_comm,9103,chirp,0.05,always,L4 failure,1.4599820292127814,2.219418703027508,0.297077028486065,11.376957014051484
sensor_comm,9103,chirp,0.05,always,L4 slip,0.9940332611451684,1.3976386259101172,0.0883680696025579,7.537031408522921
sensor_comm,9103,chirp,0.05,dropout,intact,0.7733557616200412,1.0310000577888372,0.11185229166034447,5.627427785519047
sensor_comm,9103,chirp,0.05,dropout,L4 failure,1.5145799987183546,2.312776472758969,0.4744423545919002,11.742156484697727
sensor_comm,9103,chirp,0.05,dropout,L4 slip,1.0450612955808425,1.4963857523092354,0.21772214667277368,7.931483774973128
sensor_comm,9103,chirp,0.05,intermittent,intact,0.8276013151055398,1.1317378911382723,0.10523861612929286,6.115700563672471
sensor_comm,9103,chirp,0.05,intermittent,L4 failure,1.5501446739619433,2.374759636115079,0.45008046505748955,12.036848790852964
sensor_comm,9103,chirp,0.05,intermittent,L4 slip,1.0956377443470406,1.5861786309612176,0.20256740001345275,8.366049790228187
sensor_comm,9103,chirp,0.05,delayed,intact,0.7418396265532465,0.9595225360695396,0.031573010583432606,5.356981082608669
sensor_comm,9103,chirp,0.05,delayed,L4 failure,1.4712404906161285,2.2386369120278404,0.30695257867162384,11.463818007128985
sensor_comm,9103,chirp,0.05,delayed,L4 slip,1.005570789193881,1.4182822323061122,0.09377137079026773,7.63498295465583
sensor_comm,9103,chirp,0.05,noisy,intact,0.7254120011986301,0.9285717572808722,0.029915597804471804,5.204330283966498
sensor_comm,9103,chirp,0.05,noisy,L4 failure,1.4557901646650604,2.2121955906092077,0.3014676266752002,11.341231641618135
sensor_comm,9103,chirp,0.05,noisy,L4 slip,0.9894324902113445,1.3893110688335395,0.0893191971389179,7.495668474713689
sensor_comm,9103,chirp,0.05,stuck,intact,0.7338931901703456,0.9455274365489336,0.03195848832559869,5.283868814300665
sensor_comm,9103,chirp,0.05,stuck,L4 failure,1.470210894370403,2.2365077873813375,0.3521736676053073,11.44405962285353
sensor_comm,9103,chirp,0.05,stuck,L4 slip,0.9997457472320944,1.4087692650785772,0.1151193336501802,7.581420684168328
sensor_comm,9103,chirp,0.1,always,intact,0.643546651911424,0.7543568582297825,0.06487154364242557,4.415205318756752
sensor_comm,9103,chirp,0.1,always,L4 failure,1.3771295499518865,2.0740618490975042,0.12946052900917632,10.75259142151323
sensor_comm,9103,chirp,0.1,always,L4 slip,0.900410975409339,1.2182554061850355,0.034911850654702994,6.7344182507407515
sensor_comm,9103,chirp,0.1,dropout,intact,0.6866347355930028,0.8592228359446221,0.06758492250003052,4.835347061443804
sensor_comm,9103,chirp,0.1,dropout,L4 failure,1.4413315028909324,2.1861872669128504,0.42232661531584803,11.183097113401343
sensor_comm,9103,chirp,0.1,dropout,L4 slip,0.9574128533936338,1.335023628148315,0.16880586109150914,7.1980638706991975
sensor_comm,9103,chirp,0.1,intermittent,intact,0.7750890963204338,1.0283382449274652,0.055220611194572576,5.657185010118963
sensor_comm,9103,chirp,0.1,intermittent,L4 failure,1.5012022778210599,2.2907587859005454,0.36992280571069774,11.680737568586828
sensor_comm,9103,chirp,0.1,intermittent,L4 slip,1.0413292534273046,1.4853750987043548,0.1391572346557083,7.927827563364506
sensor_comm,9103,chirp,0.1,delayed,intact,0.6548083897432315,0.7745877369847475,0.06745521823021414,4.522279104387635
sensor_comm,9103,chirp,0.1,delayed,L4 failure,1.3902470954313493,2.0962805917898564,0.1368811240921375,10.857014165432062
sensor_comm,9103,chirp,0.1,delayed,L4 slip,0.9131838939849807,1.240423374216144,0.03636964947174723,6.84668858560205
sensor_comm,9103,chirp,0.1,noisy,intact,0.6359580011733668,0.7399376516616083,0.06066621389803173,4.338062693289266
sensor_comm,9103,chirp,0.1,noisy,L4 failure,1.3707565270950448,2.063232160538526,0.13433408029166474,10.697689228800549
sensor_comm,9103,chirp,0.1,noisy,L4 slip,0.8949232040207263,1.208419995563995,0.033471688805436176,6.682463489197028
sensor_comm,9103,chirp,0.1,stuck,intact,0.6423740021670461,0.7512701291439532,0.07860025348164139,4.402898973060428
sensor_comm,9103,chirp,0.1,stuck,L4 failure,1.3820968614344287,2.0824940387515887,0.20375585364634657,10.784183068060258
sensor_comm,9103,chirp,0.1,stuck,L4 slip,0.9016973424766804,1.2210007163243948,0.03253384947476549,6.745284459477204
sensor_comm,9103,chirp,0.2,always,intact,0.5790136172474736,0.6257552386374282,0.10549555009930538,3.766448122201161
sensor_comm,9103,chirp,0.2,always,L4 failure,1.3023403080782125,1.9417273629979301,0.03293324019625256,10.17047116355149
sensor_comm,9103,chirp,0.2,always,L4 slip,0.8234286438934098,1.0732125388084959,0.08822169857511472,6.044581312288129
sensor_comm,9103,chirp,0.2,dropout,intact,0.5874822193741438,0.6501665673786575,0.029832544173896726,3.8599936101231997
sensor_comm,9103,chirp,0.2,dropout,L4 failure,1.3412833714338765,2.012105106614793,0.3407528686877777,10.417183189348926
sensor_comm,9103,chirp,0.2,dropout,L4 slip,0.8480734405489675,1.1283596266390388,0.09378825407691463,6.254881388054056
sensor_comm,9103,chirp,0.2,intermittent,intact,0.6954161038042952,0.86444820589034,0.031511996706945836,4.922336944759895
sensor_comm,9103,chirp,0.2,intermittent,L4 failure,1.4269396423111167,2.161783339596836,0.22527506819833656,11.13115549475333
sensor_comm,9103,chirp,0.2,intermittent,L4 slip,0.9587581419645308,1.3281838890488973,0.04919954218199901,7.238465453582674
sensor_comm,9103,chirp,0.2,delayed,intact,0.5877998709194882,0.6380752338292044,0.12188768232350415,3.8452571197634238
sensor_comm,9103,chirp,0.2,delayed,L4 failure,1.3130446580245354,1.9587379239001401,0.03744898083488164,10.259007142697765
sensor_comm,9103,chirp,0.2,delayed,L4 slip,0.8331723379280607,1.0874080620293736,0.10288534638447748,6.1294645720851095
sensor_comm,9103,chirp,0.2,noisy,intact,0.573377303822609,0.6167361617203705,0.09111436532471676,3.70681990490165
sensor_comm,9103,chirp,0.2,noisy,L4 failure,1.2956384791963726,1.9306645872981207,0.0329264596124615,10.109615159628806
sensor_comm,9103,chirp,0.2,noisy,L4 slip,0.820624542111953,1.0688911370424763,0.07517520294023217,6.014189844267705
sensor_comm,9103,chirp,0.2,stuck,intact,0.5916407000968787,0.6595245968195005,0.21006288525116784,3.902433432734624
sensor_comm,9103,chirp,0.2,stuck,L4 failure,1.3034417310838624,1.9440682249969856,0.035607100438101,10.17816042579674
sensor_comm,9103,chirp,0.2,stuck,L4 slip,0.8308330839326322,1.0892638128143457,0.17334142109680256,6.109852076224925
sensor_comm,9103,chirp,0.4,always,intact,0.5570126188667627,0.6051929317831194,0.05787353155464296,3.58474625623307
sensor_comm,9103,chirp,0.4,always,L4 failure,1.258778970354773,1.8669555506564506,0.04180688425143849,9.8228567838135
sensor_comm,9103,chirp,0.4,always,L4 slip,0.7883757732927995,1.0185715982940966,0.05325625197709492,5.734976579621588
sensor_comm,9103,chirp,0.4,dropout,intact,0.5560316176645776,0.6040617080807829,0.07225685789715026,3.572926078107854
sensor_comm,9103,chirp,0.4,dropout,L4 failure,1.2516095779353646,1.8559556111737556,0.24355464071020413,9.731039897453904
sensor_comm,9103,chirp,0.4,dropout,L4 slip,0.780695954612777,1.0037318665855262,0.042409723384081235,5.661187732459162
sensor_comm,9103,chirp,0.4,intermittent,intact,0.6105526236877342,0.6836114053790169,0.09510570950245809,4.0781834438892695
sensor_comm,9103,chirp,0.4,intermittent,L4 failure,1.344425314765689,2.0159865381425925,0.06495284636358487,10.500954358569505
sensor_comm,9103,chirp,0.4,intermittent,L4 slip,0.8676617533445701,1.150642804162279,0.0626721104837259,6.439167516845202
sensor_comm,9103,chirp,0.4,delayed,intact,0.5687336472430606,0.6263109205177729,0.06956522980698679,3.690940150857475
sensor_comm,9103,chirp,0.4,delayed,L4 failure,1.2660450530001064,1.8764452350206398,0.05423363911309005,9.884187445083922
sensor_comm,9103,chirp,0.4,delayed,L4 slip,0.7974847534688944,1.0311521840747675,0.06503460662277602,5.809652627399342
sensor_comm,9103,chirp,0.4,noisy,intact,0.5555668030796553,0.6013678650049517,0.05842934780336919,3.5646888634681932
sensor_comm,9103,chirp,0.4,noisy,L4 failure,1.2551808991623292,1.8613684708122833,0.03591638712881882,9.784585617044147
sensor_comm,9103,chirp,0.4,noisy,L4 slip,0.793457268692991,1.0272884982748678,0.046438149945427595,5.774612000431894
sensor_comm,9103,chirp,0.4,stuck,intact,0.6294303182089271,0.7753186637860234,0.27184892106682423,4.270292890839537
sensor_comm,9103,chirp,0.4,stuck,L4 failure,1.2909857914411997,1.9266469007186715,0.19682056025792782,10.066445058155347
sensor_comm,9103,chirp,0.4,stuck,L4 slip,0.8448414796779437,1.136591086233079,0.2771029252552606,6.213068842485699
sensor_comm,9103,chirp,1.0,always,intact,0.5287379695779959,0.555384358906912,0.07064936929487561,3.3552269189759834
sensor_comm,9103,chirp,1.0,always,L4 failure,1.2311940614605639,1.8258492773275603,0.02302528333465808,9.603363390219522
sensor_comm,9103,chirp,1.0,always,L4 slip,0.7606264646388589,0.9782010346567074,0.043594693295467016,5.516291834578642
sensor_comm,9103,chirp,1.0,dropout,intact,0.5872870156240916,0.7046628163688194,0.09256311357077769,3.967647879927556
sensor_comm,9103,chirp,1.0,dropout,L4 failure,1.206774899604541,1.7835850346733697,0.17263340191102766,9.401522891678109
sensor_comm,9103,chirp,1.0,dropout,L4 slip,0.7794518916093236,1.0201563437301258,0.04341031158574806,5.688740731851714
sensor_comm,9103,chirp,1.0,intermittent,intact,0.5648616124868604,0.6152915992294107,0.06038613532838917,3.648426595776731
sensor_comm,9103,chirp,1.0,intermittent,L4 failure,1.2719584897347465,1.8877335095365957,0.04115174025785179,9.929192230919739
sensor_comm,9103,chirp,1.0,intermittent,L4 slip,0.8094087072058549,1.0469094537523707,0.06238351446078899,5.912367785179605
sensor_comm,9103,chirp,1.0,delayed,intact,0.5357804905043869,0.5621365597387274,0.09699732030608535,3.409214636221134
sensor_comm,9103,chirp,1.0,delayed,L4 failure,1.2349335435931459,1.8282129213514111,0.05550952126150978,9.629993624149371
sensor_comm,9103,chirp,1.0,delayed,L4 slip,0.7658484659677174,0.9819276614092691,0.06038519422176365,5.5524800135715395
sensor_comm,9103,chirp,1.0,noisy,intact,0.5552820460522403,0.5992329837396537,0.07845474814354422,3.5907056165055637
sensor_comm,9103,chirp,1.0,noisy,L4 failure,1.256144075289851,1.864561367412793,0.034241285463079314,9.79491517923031
sensor_comm,9103,chirp,1.0,noisy,L4 slip,0.8058470926379533,1.0523117966917257,0.053733172964630496,5.899839062513218
sensor_comm,9103,chirp,1.0,stuck,intact,0.5675652520154162,0.6574541871900672,0.0484236779579479,3.774468794282365
sensor_comm,9103,chirp,1.0,stuck,L4 failure,1.288161361813064,1.9311111964179268,0.2032050218991368,10.043252882529368
sensor_comm,9103,chirp,1.0,stuck,L4 slip,0.805285473206482,1.0744890490975858,0.11085193056046636,5.91383383128025
sensor_comm,9104,straight,0.0,always,intact,0.22645704975148362,0.2545453260219901,0.011386375872549407,1.4781187065579056
sensor_comm,9104,straight,0.0,always,L4 failure,1.1110106611564314,1.7413587157177717,0.7236847480817149,7.984516882287109
sensor_comm,9104,straight,0.0,always,L4 slip,0.43881974171370886,0.6494053947323414,0.2033663712950018,3.229812096361578
sensor_comm,9104,straight,0.0,dropout,intact,0.22645704975148362,0.2545453260219901,0.011386375872549407,1.4781187065579056
sensor_comm,9104,straight,0.0,dropout,L4 failure,1.1110106611564314,1.7413587157177717,0.7236847480817149,7.984516882287109
sensor_comm,9104,straight,0.0,dropout,L4 slip,0.43881974171370886,0.6494053947323414,0.2033663712950018,3.229812096361578
sensor_comm,9104,straight,0.0,intermittent,intact,0.22645704975148362,0.2545453260219901,0.011386375872549407,1.4781187065579056
sensor_comm,9104,straight,0.0,intermittent,L4 failure,1.1110106611564314,1.7413587157177717,0.7236847480817149,7.984516882287109
sensor_comm,9104,straight,0.0,intermittent,L4 slip,0.43881974171370886,0.6494053947323414,0.2033663712950018,3.229812096361578
sensor_comm,9104,straight,0.0,delayed,intact,0.22645704975148362,0.2545453260219901,0.011386375872549407,1.4781187065579056
sensor_comm,9104,straight,0.0,delayed,L4 failure,1.1110106611564314,1.7413587157177717,0.7236847480817149,7.984516882287109
sensor_comm,9104,straight,0.0,delayed,L4 slip,0.43881974171370886,0.6494053947323414,0.2033663712950018,3.229812096361578
sensor_comm,9104,straight,0.0,noisy,intact,0.22645704975148362,0.2545453260219901,0.011386375872549407,1.4781187065579056
sensor_comm,9104,straight,0.0,noisy,L4 failure,1.1110106611564314,1.7413587157177717,0.7236847480817149,7.984516882287109
sensor_comm,9104,straight,0.0,noisy,L4 slip,0.43881974171370886,0.6494053947323414,0.2033663712950018,3.229812096361578
sensor_comm,9104,straight,0.0,stuck,intact,0.22645704975148362,0.2545453260219901,0.011386375872549407,1.4781187065579056
sensor_comm,9104,straight,0.0,stuck,L4 failure,1.1110106611564314,1.7413587157177717,0.7236847480817149,7.984516882287109
sensor_comm,9104,straight,0.0,stuck,L4 slip,0.43881974171370886,0.6494053947323414,0.2033663712950018,3.229812096361578
sensor_comm,9104,straight,0.025,always,intact,0.22689667777036662,0.2554144517699576,0.01031583010869191,1.482562585883159
sensor_comm,9104,straight,0.025,always,L4 failure,1.0443824319951818,1.6409060381225082,0.6359374537857836,7.57342593659847
sensor_comm,9104,straight,0.025,always,L4 slip,0.4087711476596365,0.5980962485379772,0.15896571569312207,3.0166358340064394
sensor_comm,9104,straight,0.025,dropout,intact,0.22705415694157893,0.25582927483754225,0.012550692841954586,1.4841628316456743
sensor_comm,9104,straight,0.025,dropout,L4 failure,1.097959679942771,1.7195270264824516,0.718129033348248,7.889583306909194
sensor_comm,9104,straight,0.025,dropout,L4 slip,0.42768428704615485,0.6296687542035304,0.19774563975417836,3.1446286692167362
sensor_comm,9104,straight,0.025,intermittent,intact,0.22658600967705533,0.2548176396194628,0.011122598095378971,1.479459657405739
sensor_comm,9104,straight,0.025,intermittent,L4 failure,1.088243822491432,1.7071752395321504,0.6936495113723053,7.844822443972484
sensor_comm,9104,straight,0.025,intermittent,L4 slip,0.42841265028184145,0.6318207247985329,0.18782867199072636,3.1570716750642163
sensor_comm,9104,straight,0.025,delayed,intact,0.22691200098907824,0.2554874133751139,0.010602204279233493,1.4828009051546998
sensor_comm,9104,straight,0.025,delayed,L4 failure,1.0527185712934148,1.6540686776688525,0.643056316784264,7.6279325005604335
sensor_comm,9104,straight,0.025,delayed,L4 slip,0.4119803813501688,0.603734926665011,0.16252268909193884,3.0403051409765354
sensor_comm,9104,straight,0.025,noisy,intact,0.22792270977876436,0.257763509166805,0.0102332495280745,1.4939683555587608
sensor_comm,9104,straight,0.025,noisy,L4 failure,1.039271815799533,1.6318372505873289,0.637269303515349,7.530670405996922
sensor_comm,9104,straight,0.025,noisy,L4 slip,0.4042699374378062,0.5898965149516747,0.1595216962910692,2.97881051467701
sensor_comm,9104,straight,0.025,stuck,intact,0.227012744031216,0.25571780365400276,0.012217712645134094,1.4837379684929681
sensor_comm,9104,straight,0.025,stuck,L4 failure,1.0749340712941353,1.6846102338519011,0.6908614947986106,7.748590335598023
sensor_comm,9104,straight,0.025,stuck,L4 slip,0.41790362728630714,0.613175406506073,0.18252317833296955,3.077353774178695
sensor_comm,9104,straight,0.05,always,intact,0.2271458936282927,0.25578413473913447,0.008199328523188373,1.484990065341419
sensor_comm,9104,straight,0.05,always,L4 failure,0.9836884905997414,1.5486578124367743,0.5522877490859444,7.195982074570856
sensor_comm,9104,straight,0.05,always,L4 slip,0.38418509938298395,0.5548209201576517,0.12205805782600901,2.836579261023543
sensor_comm,9104,straight,0.05,dropout,intact,0.22758425689647527,0.2569413934657526,0.013354214634534938,1.4894552203607887
sensor_comm,9104,straight,0.05,dropout,L4 failure,1.0857334845653244,1.6990769842570188,0.7128852894470581,7.800854825024408
sensor_comm,9104,straight,0.05,dropout,L4 slip,0.4176396444950138,0.6117748253349757,0.19258985069812887,3.067607059058984
sensor_comm,9104,straight,0.05,intermittent,intact,0.2266985359535673,0.2550465515911509,0.010733819862242493,1.480626634358869
sensor_comm,9104,straight,0.05,intermittent,L4 failure,1.0661004944801051,1.6738465501838415,0.6641037023329962,7.708635901351721
sensor_comm,9104,straight,0.05,intermittent,L4 slip,0.4186281663243434,0.6151230932097125,0.1731455219354192,3.08796777177337
sensor_comm,9104,straight,0.05,delayed,intact,0.227205657262386,0.25600007680287745,0.008759126492479292,1.4857790634472532
sensor_comm,9104,straight,0.05,delayed,L4 failure,0.9989395813875087,1.572893287504034,0.5656060430032817,7.296369335612088
sensor_comm,9104,straight,0.05,delayed,L4 slip,0.38934577486115574,0.5641448113597942,0.12751545232292877,2.875813299929787
sensor_comm,9104,straight,0.05,noisy,intact,0.2291046405854924,0.2599910523129568,0.005645168759303023,1.5066643025401891
sensor_comm,9104,straight,0.05,noisy,L4 failure,0.9749349774181353,1.5330058706456473,0.5559058703929388,7.121307216285095
sensor_comm,9104,straight,0.05,noisy,L4 slip,0.3772239665215282,0.5418874253391838,0.1250229947493207,2.776067811165514
sensor_comm,9104,straight,0.05,stuck,intact,0.22740628479384503,0.25646499899703257,0.012024996397975626,1.4876321319588244
sensor_comm,9104,straight,0.05,stuck,L4 failure,1.0408289311733376,1.6309451422429226,0.6593166710021382,7.525779537731179
sensor_comm,9104,straight,0.05,stuck,L4 slip,0.3995904112216143,0.5810115338369662,0.1636125535444092,2.94209240501328
sensor_comm,9104,straight,0.1,always,intact,0.22718223439528498,0.2553369610521848,0.003660585177720533,1.4848971436865954
sensor_comm,9104,straight,0.1,always,L4 failure,0.8793663279310474,1.3876435156350577,0.39914471441544286,6.5371671465936005
sensor_comm,9104,straight,0.1,always,L4 slip,0.34804269726999554,0.48836734404456605,0.0662980746798902,2.559334219375781
sensor_comm,9104,straight,0.1,dropout,intact,0.22836420187973888,0.25847480901034164,0.014068330461164652,1.4969974581938466
sensor_comm,9104,straight,0.1,dropout,L4 failure,1.063431473373367,1.661782709530487,0.7032063955343772,7.639577096749065
sensor_comm,9104,straight,0.1,dropout,L4 slip,0.40036973141195176,0.5807802141972862,0.18349573189622767,2.9347151731926715
sensor_comm,9104,straight,0.1,intermittent,intact,0.22687421105246192,0.25537492526437416,0.00964963135617186,1.482437604782884
sensor_comm,9104,straight,0.1,intermittent,L4 failure,1.023758992046689,1.609849531949589,0.6066304276131618,7.447161056247603
sensor_comm,9104,straight,0.1,intermittent,L4 slip,0.40081317224354707,0.584260152514505,0.1461821064702272,2.960141776997026
sensor_comm,9104,straight,0.1,delayed,intact,0.227348839880807,0.25586481816078843,0.004188933926372063,1.4870035974571372
sensor_comm,9104,straight,0.1,delayed,L4 failure,0.9043640251606275,1.4280755163255312,0.4214485418354304,6.704876021987537
sensor_comm,9104,straight,0.1,delayed,L4 slip,0.3545865490853473,0.5008361050696075,0.07220949121299669,2.6121302848639028
sensor_comm,9104,straight,0.1,noisy,intact,0.23014434225121885,0.2604569422302324,0.009818571469640646,1.5173201131176135
sensor_comm,9104,straight,0.1,noisy,L4 failure,0.8671287265681418,1.3653136833252133,0.40996081945255297,6.427036021719559
sensor_comm,9104,straight,0.1,noisy,L4 slip,0.34022196882065703,0.4733566266124084,0.07716401958415256,2.4862970751240123
sensor_comm,9104,straight,0.1,stuck,intact,0.2276915827507001,0.2566804224038285,0.00933903087550294,1.4901057541886737
sensor_comm,9104,straight,0.1,stuck,L4 failure,0.9778590393021358,1.5317690113439182,0.5995533129804129,7.114797368938298
sensor_comm,9104,straight,0.1,stuck,L4 slip,0.36962207658298113,0.5272282703911083,0.13077878056900175,2.716091299676485
sensor_comm,9104,straight,0.2,always,intact,0.22640545282145663,0.2523888871092328,0.0069978549948707365,1.4752644057743367
sensor_comm,9104,straight,0.2,always,L4 failure,0.730928255756027,1.1496606978650865,0.1749897574534539,5.562389994226232
sensor_comm,9104,straight,0.2,always,L4 slip,0.30973583887621053,0.4127705672495763,0.02711025945325656,2.241407872763867
sensor_comm,9104,straight,0.2,dropout,intact,0.22879137438052544,0.2588409051302497,0.01300946051455686,1.4999930386898161
sensor_comm,9104,straight,0.2,dropout,L4 failure,1.0255549019258976,1.5984937802438253,0.6863473461486741,7.367684571422877
sensor_comm,9104,straight,0.2,dropout,L4 slip,0.3745223516461875,0.5337281307536396,0.16914532923092956,2.7344656144787947
sensor_comm,9104,straight,0.2,intermittent,intact,0.22704221404334995,0.2555551342225234,0.006659418228231823,1.48410966594043
sensor_comm,9104,straight,0.2,intermittent,L4 failure,0.9472172294355996,1.4929955470359086,0.49926933425103676,6.969735717579155
sensor_comm,9104,straight,0.2,intermittent,L4 slip,0.3714344293918833,0.5318015564354165,0.1008262448556196,2.7424868586352398
sensor_comm,9104,straight,0.2,delayed,intact,0.2266056026923789,0.25298107846452283,0.00792835744752087,1.4781175590272122
sensor_comm,9104,straight,0.2,delayed,L4 failure,0.7620622484063408,1.202459344486274,0.19409909194311503,5.78286851879806
sensor_comm,9104,straight,0.2,delayed,L4 slip,0.314744832636093,0.42306262499652103,0.03110998695587815,2.28582918929693
sensor_comm,9104,straight,0.2,noisy,intact,0.22951749386938736,0.25308649261403277,0.03799818870465417,1.5049396532821366
sensor_comm,9104,straight,0.2,noisy,L4 failure,0.720272254294308,1.129577725069633,0.1965570524558978,5.4517779754118525
sensor_comm,9104,straight,0.2,noisy,L4 slip,0.3066570983250991,0.4064721029318039,0.038083438558953464,2.2041233849409108
sensor_comm,9104,straight,0.2,stuck,intact,0.22694947254507136,0.253871872007565,0.0025641262090192844,1.4809466878950281
sensor_comm,9104,straight,0.2,stuck,L4 failure,0.8691709469126176,1.359969921003058,0.49051208666344676,6.405345090539699
sensor_comm,9104,straight,0.2,stuck,L4 slip,0.32969933073277236,0.45234921545886414,0.08050960177233672,2.4017390094672604
sensor_comm,9104,straight,0.4,always,intact,0.22514673897136508,0.2481828387599264,0.009105698608434623,1.4583095895653173
sensor_comm,9104,straight,0.4,always,L4 failure,0.5852252948549082,0.8993654223510099,0.08893153584902724,4.532187517159267
sensor_comm,9104,straight,0.4,always,L4 slip,0.28821724230621676,0.3675757045998046,0.03035588237457394,2.0458618292575923
sensor_comm,9104,straight,0.4,dropout,intact,0.22734772292629268,0.2544352854436512,0.006797848211186172,1.4815770287087873
sensor_comm,9104,straight,0.4,dropout,L4 failure,0.9662821766310067,1.499684901461945,0.6585568180106607,6.94857495859537
sensor_comm,9104,straight,0.4,dropout,L4 slip,0.34366369296642574,0.4761028378902479,0.15000036581044643,2.492585260277295
sensor_comm,9104,straight,0.4,intermittent,intact,0.22684793712755194,0.2545555983492177,0.003813352274530185,1.4817207595138566
sensor_comm,9104,straight,0.4,intermittent,L4 failure,0.8247840712465302,1.3017430296897647,0.31441575788421094,6.188103677730621
sensor_comm,9104,straight,0.4,intermittent,L4 slip,0.3321842871064009,0.4576376459537805,0.039158800387429436,2.4333257560386827
sensor_comm,9104,straight,0.4,delayed,intact,0.2249168360508914,0.24744185484765616,0.012765138433030159,1.4568020960011403
sensor_comm,9104,straight,0.4,delayed,L4 failure,0.6084957768149484,0.9417388376862629,0.11541226733776,4.714092170139999
sensor_comm,9104,straight,0.4,delayed,L4 slip,0.29003688880042466,0.3715194717461469,0.03961153200030798,2.063194358549985
sensor_comm,9104,straight,0.4,noisy,intact,0.2329438277550407,0.2518582287773919,0.05127576682454686,1.5169890650704065
sensor_comm,9104,straight,0.4,noisy,L4 failure,0.5876720619620843,0.9028485885708376,0.09678261060124721,4.5180723613762765
sensor_comm,9104,straight,0.4,noisy,L4 slip,0.2953142409226094,0.3784239949886727,0.03592845520318853,2.0937349656024042
sensor_comm,9104,straight,0.4,stuck,intact,0.22538758710265927,0.2488327622575981,0.02276193882382243,1.4609242475383013
sensor_comm,9104,straight,0.4,stuck,L4 failure,0.7026174400224267,1.0925017223503595,0.30024909921252,5.306757103357588
sensor_comm,9104,straight,0.4,stuck,L4 slip,0.2945877593740481,0.38132986937977154,0.017702844750729547,2.1032972139930672
sensor_comm,9104,straight,1.0,always,intact,0.22595514833775968,0.25053789709191177,0.005801748308541779,1.4604853407313596
sensor_comm,9104,straight,1.0,always,L4 failure,0.5001817119132979,0.7421769767513775,0.05582327886717087,3.8692234458486503
sensor_comm,9104,straight,1.0,always,L4 slip,0.28267045003246755,0.355605360919552,0.013675758732895227,1.9935823719185664
sensor_comm,9104,straight,1.0,dropout,intact,0.2256637454601484,0.24984568906935523,0.0037426367218378054,1.4576296926414898
sensor_comm,9104,straight,1.0,dropout,L4 failure,0.8347778639250387,1.2816302513077802,0.5907021306227241,6.046564669229093
sensor_comm,9104,straight,1.0,dropout,L4 slip,0.3072841975220067,0.40450010683048176,0.12050255732879997,2.20172656752152
sensor_comm,9104,straight,1.0,intermittent,intact,0.2253374897976556,0.24951424814310402,0.010229194787857767,1.4635280555578
sensor_comm,9104,straight,1.0,intermittent,L4 failure,0.6335236471585816,0.9844587353904257,0.09257990116594161,4.88886504619756
sensor_comm,9104,straight,1.0,intermittent,L4 slip,0.29279980490434926,0.37706444800695293,0.029517620251572962,2.09015314013248
sensor_comm,9104,straight,1.0,delayed,intact,0.225480928414415,0.24999540997259437,0.010885253997172554,1.4552172048859993
sensor_comm,9104,straight,1.0,delayed,L4 failure,0.511742944277347,0.7636251349248958,0.08331109614512323,3.9669329088889445
sensor_comm,9104,straight,1.0,delayed,L4 slip,0.28374807205955804,0.35903206866789994,0.022465762178172012,2.003603980307218
sensor_comm,9104,straight,1.0,noisy,intact,0.2693842976792033,0.31897093758807793,0.06299911202695097,1.7902153730487453
sensor_comm,9104,straight,1.0,noisy,L4 failure,0.546544790234897,0.8139407318638782,0.06086225128112477,4.205155040938582
sensor_comm,9104,straight,1.0,noisy,L4 slip,0.33402597560464825,0.43663450148409827,0.04497267369011097,2.3881325012178927
sensor_comm,9104,straight,1.0,stuck,intact,0.2259014605300913,0.25016010983765746,0.02299695040384291,1.4601398378245207
sensor_comm,9104,straight,1.0,stuck,L4 failure,0.5043546498248223,0.7495080737856965,0.12625187511051084,3.899608699423712
sensor_comm,9104,straight,1.0,stuck,L4 slip,0.2834615494805386,0.35691519112413317,0.04339161645034543,2.000108625458427
sensor_comm,9104,s_lr,0.0,always,intact,0.5175478764854299,0.3025812372369624,0.05597543873286801,3.007224320338076
sensor_comm,9104,s_lr,0.0,always,L4 failure,1.472865180673838,2.2392080533958527,0.7159685109895497,11.44176613664768
sensor_comm,9104,s_lr,0.0,always,L4 slip,0.6896913728832323,0.7731879379075579,0.16167848584617345,5.133719755544718
sensor_comm,9104,s_lr,0.0,dropout,intact,0.5175478764854299,0.3025812372369624,0.05597543873286801,3.007224320338076
sensor_comm,9104,s_lr,0.0,dropout,L4 failure,1.472865180673838,2.2392080533958527,0.7159685109895497,11.44176613664768
sensor_comm,9104,s_lr,0.0,dropout,L4 slip,0.6896913728832323,0.7731879379075579,0.16167848584617345,5.133719755544718
sensor_comm,9104,s_lr,0.0,intermittent,intact,0.5175478764854299,0.3025812372369624,0.05597543873286801,3.007224320338076
sensor_comm,9104,s_lr,0.0,intermittent,L4 failure,1.472865180673838,2.2392080533958527,0.7159685109895497,11.44176613664768
sensor_comm,9104,s_lr,0.0,intermittent,L4 slip,0.6896913728832323,0.7731879379075579,0.16167848584617345,5.133719755544718
sensor_comm,9104,s_lr,0.0,delayed,intact,0.5175478764854299,0.3025812372369624,0.05597543873286801,3.007224320338076
sensor_comm,9104,s_lr,0.0,delayed,L4 failure,1.472865180673838,2.2392080533958527,0.7159685109895497,11.44176613664768
sensor_comm,9104,s_lr,0.0,delayed,L4 slip,0.6896913728832323,0.7731879379075579,0.16167848584617345,5.133719755544718
sensor_comm,9104,s_lr,0.0,noisy,intact,0.5175478764854299,0.3025812372369624,0.05597543873286801,3.007224320338076
sensor_comm,9104,s_lr,0.0,noisy,L4 failure,1.472865180673838,2.2392080533958527,0.7159685109895497,11.44176613664768
sensor_comm,9104,s_lr,0.0,noisy,L4 slip,0.6896913728832323,0.7731879379075579,0.16167848584617345,5.133719755544718
sensor_comm,9104,s_lr,0.0,stuck,intact,0.5175478764854299,0.3025812372369624,0.05597543873286801,3.007224320338076
sensor_comm,9104,s_lr,0.0,stuck,L4 failure,1.472865180673838,2.2392080533958527,0.7159685109895497,11.44176613664768
sensor_comm,9104,s_lr,0.0,stuck,L4 slip,0.6896913728832323,0.7731879379075579,0.16167848584617345,5.133719755544718
sensor_comm,9104,s_lr,0.025,always,intact,0.5235310149331089,0.3636004095528763,0.08938670307524987,3.233212199541128
sensor_comm,9104,s_lr,0.025,always,L4 failure,1.3384421316594275,2.009250962675208,0.5926817548080355,10.491278150341131
sensor_comm,9104,s_lr,0.025,always,L4 slip,0.6335277192827696,0.6195905858249882,0.08112318506372676,4.491006757779163
sensor_comm,9104,s_lr,0.025,dropout,intact,0.5186727815755382,0.3341925142321959,0.07139086493068644,3.1184380733106134
sensor_comm,9104,s_lr,0.025,dropout,L4 failure,1.428048356241153,2.1607802410296477,0.6982911584415697,11.101598411087444
sensor_comm,9104,s_lr,0.025,dropout,L4 slip,0.6594230397618099,0.6979691261548643,0.14290283851002544,4.8095423894355
sensor_comm,9104,s_lr,0.025,intermittent,intact,0.5188039485935066,0.3221914597048025,0.06900748902762613,3.0796883047401558
sensor_comm,9104,s_lr,0.025,intermittent,L4 failure,1.426727139795663,2.16087209468816,0.6740762250817915,11.118139196936689
sensor_comm,9104,s_lr,0.025,intermittent,L4 slip,0.6685101561092883,0.7182616145426761,0.1323074199174663,4.904649001718183
sensor_comm,9104,s_lr,0.025,delayed,intact,0.5233489088108487,0.3600960490287748,0.0903059502091246,3.22158012629078
sensor_comm,9104,s_lr,0.025,delayed,L4 failure,1.3531046563845945,2.035183922899767,0.6004907732784075,10.600865741818817
sensor_comm,9104,s_lr,0.025,delayed,L4 slip,0.6384629863280544,0.6334299159471564,0.08433179053020781,4.550738577758758
sensor_comm,9104,s_lr,0.025,noisy,intact,0.5236573844111967,0.3695650134113985,0.08943547703782602,3.251571362997372
sensor_comm,9104,s_lr,0.025,noisy,L4 failure,1.33426515949,2.0016895468230764,0.5953839461714825,10.454707621706971
sensor_comm,9104,s_lr,0.025,noisy,L4 slip,0.6299723440265459,0.610956313693352,0.08145542227539004,4.45075160039844
sensor_comm,9104,s_lr,0.025,stuck,intact,0.5239634357495933,0.36518397020550963,0.09947683352726422,3.239650460127038
sensor_comm,9104,s_lr,0.025,stuck,L4 failure,1.3759974847345429,2.0722040356232454,0.6444616116604148,10.743732153749185
sensor_comm,9104,s_lr,0.025,stuck,L4 slip,0.6401179714427343,0.6409583346334944,0.10075432475143246,4.577205604593461
sensor_comm,9104,s_lr,0.05,always,intact,0.5337298749930649,0.42176887641574795,0.10759230885914395,3.4506465246542337
sensor_comm,9104,s_lr,0.05,always,L4 failure,1.2197721237211234,1.8010857330711327,0.47535714644648464,9.630907084219574
sensor_comm,9104,s_lr,0.05,always,L4 slip,0.5978091689134339,0.5013641688992262,0.02207160040491913,3.9932980362214874
sensor_comm,9104,s_lr,0.05,dropout,intact,0.5226671436655096,0.37029546960896764,0.085454476594684,3.2496037774016635
sensor_comm,9104,s_lr,0.05,dropout,L4 failure,1.3862060260592908,2.087272308061773,0.6816807024560423,10.783323209697869
sensor_comm,9104,s_lr,0.05,dropout,L4 slip,0.6337547193455908,0.629746119409725,0.12551864118151462,4.5158493511274385
sensor_comm,9104,s_lr,0.05,intermittent,intact,0.5208972978649687,0.34278177527612685,0.08008102117123436,3.156395845216351
sensor_comm,9104,s_lr,0.05,intermittent,L4 failure,1.3822482086709211,2.0848132949668026,0.6329549441024878,10.804015186050867
sensor_comm,9104,s_lr,0.05,intermittent,L4 slip,0.6500083135128207,0.667295567616019,0.10545822849324855,4.691839474092752
sensor_comm,9104,s_lr,0.05,delayed,intact,0.5333436807575375,0.41689408678752493,0.11166957717612473,3.4350901686742525
sensor_comm,9104,s_lr,0.05,delayed,L4 failure,1.2455396838511807,1.847634785884604,0.4896175754799552,9.827728681469155
sensor_comm,9104,s_lr,0.05,delayed,L4 slip,0.6039889013833845,0.5209857288992197,0.024171330189521705,4.0793693160175115
sensor_comm,9104,s_lr,0.05,noisy,intact,0.5346917156144154,0.43248282114349335,0.10539731161089039,3.4838323158062843
sensor_comm,9104,s_lr,0.05,noisy,L4 failure,1.212814662257407,1.7885106767966406,0.48156442503667235,9.568968212143286
sensor_comm,9104,s_lr,0.05,noisy,L4 slip,0.5929435425110359,0.48905073080802597,0.024424259615091388,3.933829873873673
sensor_comm,9104,s_lr,0.05,stuck,intact,0.5367430357086446,0.43183652145994583,0.13666348759619654,3.490889732696619
sensor_comm,9104,s_lr,0.05,stuck,L4 failure,1.288266685817,1.918864280875812,0.5782746142144832,10.103111933821392
sensor_comm,9104,s_lr,0.05,stuck,L4 slip,0.6045552867502177,0.5295309033007466,0.04694135918603695,4.1071526072428455
sensor_comm,9104,s_lr,0.1,always,intact,0.5548524347882765,0.5114673957613916,0.11233143033839758,3.7859131208156422
sensor_comm,9104,s_lr,0.1,always,L4 failure,1.0332098711907176,1.456692217219725,0.2682639814882945,8.205579192284514
sensor_comm,9104,s_lr,0.1,always,L4 slip,0.5668438683502043,0.3905169511532038,0.049423141179707364,3.509299122015014
sensor_comm,9104,s_lr,0.1,dropout,intact,0.536322257437357,0.4443120961992634,0.10995323701114539,3.5241276979180265
sensor_comm,9104,s_lr,0.1,dropout,L4 failure,1.310604572312859,1.9536499483949115,0.6513558752793809,10.206209738239998
sensor_comm,9104,s_lr,0.1,dropout,L4 slip,0.5946149984523371,0.513497513160052,0.09453134654337582,4.015704985568336
sensor_comm,9104,s_lr,0.1,intermittent,intact,0.5268209819318415,0.38380719586689077,0.09692894270791398,3.3100932794423246
sensor_comm,9104,s_lr,0.1,intermittent,L4 failure,1.298714057344561,1.940243331513932,0.5533691829600269,10.207089890277828
sensor_comm,9104,s_lr,0.1,intermittent,L4 slip,0.6202390472104434,0.5771193729065593,0.05877178624590333,4.314430703439511
sensor_comm,9104,s_lr,0.1,delayed,intact,0.5558668402663265,0.5106188855935738,0.12487712005856562,3.787850104275366
sensor_comm,9104,s_lr,0.1,delayed,L4 failure,1.0694308026679187,1.5261382597368771,0.2871540589255305,8.500880449587843
sensor_comm,9104,s_lr,0.1,delayed,L4 slip,0.5712423373982504,0.39993549874748313,0.054460936426479735,3.558304264476009
sensor_comm,9104,s_lr,0.1,noisy,intact,0.5562295649913235,0.524348487157325,0.10255053564023373,3.822496892713078
sensor_comm,9104,s_lr,0.1,noisy,L4 failure,1.0228939645980326,1.4384495857632533,0.28091565334362817,8.112978856119941
sensor_comm,9104,s_lr,0.1,noisy,L4 slip,0.562054155138126,0.38265026291866616,0.0402972720995192,3.4616632957540596
sensor_comm,9104,s_lr,0.1,stuck,intact,0.570660011260191,0.5536153436351883,0.1945681893919824,3.953728569391085
sensor_comm,9104,s_lr,0.1,stuck,L4 failure,1.1379651915390734,1.6495836336185732,0.460352007080058,8.978701547709619
sensor_comm,9104,s_lr,0.1,stuck,L4 slip,0.5677446287550754,0.391707968800367,0.041761314506668014,3.5155386967044993
sensor_comm,9104,s_lr,0.2,always,intact,0.5769723503125317,0.5958650203641247,0.11302075842555073,4.095695496051441
sensor_comm,9104,s_lr,0.2,always,L4 failure,0.8276537959267414,1.0269603837170265,0.07925698235845255,6.415092935448147
sensor_comm,9104,s_lr,0.2,always,L4 slip,0.5684092385378103,0.46068073713158186,0.0825847700332126,3.7357199888879173
sensor_comm,9104,s_lr,0.2,dropout,intact,0.5724992559785747,0.5748964570817195,0.1469557958373103,4.017742012280384
sensor_comm,9104,s_lr,0.2,dropout,L4 failure,1.1866963228971221,1.7318040699079738,0.6005021311679533,9.252506953314654
sensor_comm,9104,s_lr,0.2,dropout,L4 slip,0.5539833455779769,0.3659626879963113,0.04605228249885607,3.375118420859805
sensor_comm,9104,s_lr,0.2,intermittent,intact,0.5416957982773656,0.4570876626729358,0.11301726764091855,3.5855995764794986
sensor_comm,9104,s_lr,0.2,intermittent,L4 failure,1.1542502382744195,1.6829375062063971,0.4055399375372734,9.144752621506655
sensor_comm,9104,s_lr,0.2,intermittent,L4 slip,0.584041991876321,0.4466189980355593,0.01087847681973625,3.7632918802511983
sensor_comm,9104,s_lr,0.2,delayed,intact,0.5852349376233771,0.6144178986845779,0.12082237327841527,4.17470030004929
sensor_comm,9104,s_lr,0.2,delayed,L4 failure,0.8583962060823295,1.0936729657124091,0.09536201308392525,6.705922500501716
sensor_comm,9104,s_lr,0.2,delayed,L4 slip,0.5721102475918839,0.4653739313697075,0.09880200819963998,3.7669387565274786
sensor_comm,9104,s_lr,0.2,noisy,intact,0.5728982720295781,0.5940452448121472,0.10710441318230837,4.070234977648783
sensor_comm,9104,s_lr,0.2,noisy,L4 failure,0.8176421048617252,1.011406066649705,0.08304204552943782,6.325388532296801
sensor_comm,9104,s_lr,0.2,noisy,L4 slip,0.5627034640904501,0.4507516678741263,0.06810285203405216,3.6762175430033963
sensor_comm,9104,s_lr,0.2,stuck,intact,0.6343564821030823,0.7265388346786011,0.2588402539381217,4.615280382588777
sensor_comm,9104,s_lr,0.2,stuck,L4 failure,0.9233025599012763,1.2390143858553104,0.273313559335738,7.264816755462971
sensor_comm,9104,s_lr,0.2,stuck,L4 slip,0.5734574802019214,0.4777901346473016,0.15775046725067138,3.8046996461643268
sensor_comm,9104,s_lr,0.4,always,intact,0.5663857092761235,0.5816433700660759,0.1691223108942932,4.01978857140098
sensor_comm,9104,s_lr,0.4,always,L4 failure,0.7156814059971707,0.7575139547473807,0.0808828723456591,5.25381054555247
sensor_comm,9104,s_lr,0.4,always,L4 slip,0.5813309455261533,0.5436059813064589,0.12406558493446704,4.018876907126175
sensor_comm,9104,s_lr,0.4,dropout,intact,0.6340860937103295,0.7433210984892468,0.1877802294598942,4.664670349790874
sensor_comm,9104,s_lr,0.4,dropout,L4 failure,1.0176775041715105,1.4205622764583417,0.5274827507371823,7.92492801261842
sensor_comm,9104,s_lr,0.4,dropout,L4 slip,0.5496296164775264,0.4108547561464542,0.027854123929337105,3.5012138346344592
sensor_comm,9104,s_lr,0.4,intermittent,intact,0.5675125542828526,0.5566425424089015,0.11001860919422202,3.958586599856942
sensor_comm,9104,s_lr,0.4,intermittent,L4 failure,0.953025271568316,1.296781880472192,0.17254222455775645,7.547929108495812
sensor_comm,9104,s_lr,0.4,intermittent,L4 slip,0.5665593577423836,0.41320369623810216,0.07621214973718271,3.585194438628325
sensor_comm,9104,s_lr,0.4,delayed,intact,0.5809827644730017,0.6212705282862035,0.17869856031990464,4.181530245600561
sensor_comm,9104,s_lr,0.4,delayed,L4 failure,0.7294588444791474,0.7870814493936129,0.1178030452202565,5.3952986893283565
sensor_comm,9104,s_lr,0.4,delayed,L4 slip,0.5922822390551241,0.5736115978402493,0.1312685537033929,4.147129641393009
sensor_comm,9104,s_lr,0.4,noisy,intact,0.5525879687477848,0.5454172722860047,0.15838295966250293,3.858988792115227
sensor_comm,9104,s_lr,0.4,noisy,L4 failure,0.7113565009262882,0.7553752080292832,0.06710623616422415,5.220745656320517
sensor_comm,9104,s_lr,0.4,noisy,L4 slip,0.5718926188700778,0.5145738777889879,0.110420470100083,3.8895779962631054
sensor_comm,9104,s_lr,0.4,stuck,intact,0.6826894514355053,0.8473207592542291,0.2623221849439639,5.075595872149158
sensor_comm,9104,s_lr,0.4,stuck,L4 failure,0.7316554278338652,0.8053896110027118,0.052159038094724886,5.44576005102361
sensor_comm,9104,s_lr,0.4,stuck,L4 slip,0.6319043299398517,0.6807363147956044,0.22826055473730528,4.564981618716967
sensor_comm,9104,s_lr,1.0,always,intact,0.5211536165936721,0.4281268429585309,0.21202177858565782,3.3968909957183087
sensor_comm,9104,s_lr,1.0,always,L4 failure,0.6959580306708572,0.7401403126611921,0.10035187206256865,5.105645571981349
sensor_comm,9104,s_lr,1.0,always,L4 slip,0.5595200757143541,0.48246772194254184,0.18276259970992753,3.7468060992060965
sensor_comm,9104,s_lr,1.0,dropout,intact,0.6719819799328778,0.8385513762932891,0.19806146727714802,5.026303189900096
sensor_comm,9104,s_lr,1.0,dropout,L4 failure,0.811984535714745,1.0141116093122602,0.4269009209763285,6.2112285565295995
sensor_comm,9104,s_lr,1.0,dropout,L4 slip,0.5860958244250859,0.5777252997661843,0.056948667491392366,4.126864086968374
sensor_comm,9104,s_lr,1.0,intermittent,intact,0.5737736736710058,0.5998063344131539,0.17013038236918163,4.099813501380768
sensor_comm,9104,s_lr,1.0,intermittent,L4 failure,0.7593753867286612,0.8608416185863248,0.07538864524129808,5.717327246330399
sensor_comm,9104,s_lr,1.0,intermittent,L4 slip,0.5906587043109381,0.5615218377258367,0.11706959469353906,4.111715903570726
sensor_comm,9104,s_lr,1.0,delayed,intact,0.525531624581391,0.43810097106665696,0.23251941174819893,3.4522911165194756
sensor_comm,9104,s_lr,1.0,delayed,L4 failure,0.7047323866273562,0.7620305846482701,0.12074817516879403,5.201439867776314
sensor_comm,9104,s_lr,1.0,delayed,L4 slip,0.5659302070021155,0.49904561723125945,0.20040580832232555,3.830737247399388
sensor_comm,9104,s_lr,1.0,noisy,intact,0.5347234654873605,0.43938709254050357,0.16195243616114305,3.4665240304316196
sensor_comm,9104,s_lr,1.0,noisy,L4 failure,0.7270051048936741,0.7983840612922817,0.07732774319598587,5.377085198318722
sensor_comm,9104,s_lr,1.0,noisy,L4 slip,0.5859407646923692,0.5216105078695236,0.13993991611186965,3.953167932526357
sensor_comm,9104,s_lr,1.0,stuck,intact,0.5718674228662131,0.604107887960582,0.05379170828325699,4.0979119213970225
sensor_comm,9104,s_lr,1.0,stuck,L4 failure,0.6965540826410251,0.7411680853913291,0.13145395589772996,5.108462471071258
sensor_comm,9104,s_lr,1.0,stuck,L4 slip,0.5727690237972273,0.5349572187126549,0.0360535400663022,3.9575966329082406
sensor_comm,9104,s_rl,0.0,always,intact,0.5351364206626013,0.5866524628657699,0.03655530009816689,4.080247881981883
sensor_comm,9104,s_rl,0.0,always,L4 failure,0.5958520336700953,0.7362167196508765,0.5728930773550219,4.008361090167168
sensor_comm,9104,s_rl,0.0,always,L4 slip,0.37786522843914955,0.24258257620104634,0.14991950342274368,2.3671622014381173
sensor_comm,9104,s_rl,0.0,dropout,intact,0.5351364206626013,0.5866524628657699,0.03655530009816689,4.080247881981883
sensor_comm,9104,s_rl,0.0,dropout,L4 failure,0.5958520336700953,0.7362167196508765,0.5728930773550219,4.008361090167168
sensor_comm,9104,s_rl,0.0,dropout,L4 slip,0.37786522843914955,0.24258257620104634,0.14991950342274368,2.3671622014381173
sensor_comm,9104,s_rl,0.0,intermittent,intact,0.5351364206626013,0.5866524628657699,0.03655530009816689,4.080247881981883
sensor_comm,9104,s_rl,0.0,intermittent,L4 failure,0.5958520336700953,0.7362167196508765,0.5728930773550219,4.008361090167168
sensor_comm,9104,s_rl,0.0,intermittent,L4 slip,0.37786522843914955,0.24258257620104634,0.14991950342274368,2.3671622014381173
sensor_comm,9104,s_rl,0.0,delayed,intact,0.5351364206626013,0.5866524628657699,0.03655530009816689,4.080247881981883
sensor_comm,9104,s_rl,0.0,delayed,L4 failure,0.5958520336700953,0.7362167196508765,0.5728930773550219,4.008361090167168
sensor_comm,9104,s_rl,0.0,delayed,L4 slip,0.37786522843914955,0.24258257620104634,0.14991950342274368,2.3671622014381173
sensor_comm,9104,s_rl,0.0,noisy,intact,0.5351364206626013,0.5866524628657699,0.03655530009816689,4.080247881981883
sensor_comm,9104,s_rl,0.0,noisy,L4 failure,0.5958520336700953,0.7362167196508765,0.5728930773550219,4.008361090167168
sensor_comm,9104,s_rl,0.0,noisy,L4 slip,0.37786522843914955,0.24258257620104634,0.14991950342274368,2.3671622014381173
sensor_comm,9104,s_rl,0.0,stuck,intact,0.5351364206626013,0.5866524628657699,0.03655530009816689,4.080247881981883
sensor_comm,9104,s_rl,0.0,stuck,L4 failure,0.5958520336700953,0.7362167196508765,0.5728930773550219,4.008361090167168
sensor_comm,9104,s_rl,0.0,stuck,L4 slip,0.37786522843914955,0.24258257620104634,0.14991950342274368,2.3671622014381173
sensor_comm,9104,s_rl,0.025,always,intact,0.4837231290835082,0.4241472960945206,0.06283910086673264,3.3964381426842367
sensor_comm,9104,s_rl,0.025,always,L4 failure,0.6213284978221064,0.781337182113383,0.5743401572906223,4.167674063448811
sensor_comm,9104,s_rl,0.025,always,L4 slip,0.3840047818293369,0.2805842483225172,0.20399236699722695,2.4967140348289876
sensor_comm,9104,s_rl,0.025,dropout,intact,0.506618985277103,0.5126867821390377,0.02679126091499326,3.755620641283393
sensor_comm,9104,s_rl,0.025,dropout,L4 failure,0.615401755100049,0.7697760412257346,0.5849004298734147,4.12263884117954
sensor_comm,9104,s_rl,0.025,dropout,L4 slip,0.37610075384334707,0.2508229156145044,0.16698001339391427,2.3812175027439224
sensor_comm,9104,s_rl,0.025,intermittent,intact,0.5152240153113737,0.5300766282880174,0.018856273556229618,3.8420100882505768
sensor_comm,9104,s_rl,0.025,intermittent,L4 failure,0.6048093208950142,0.7517317328219386,0.5740710999931607,4.062920578244561
sensor_comm,9104,s_rl,0.025,intermittent,L4 slip,0.37857762191071315,0.2533799176149006,0.1706259948920766,2.4019216140814765
sensor_comm,9104,s_rl,0.025,delayed,intact,0.48920090201409383,0.43961648231545203,0.06106759104503066,3.4667584746857916
sensor_comm,9104,s_rl,0.025,delayed,L4 failure,0.6214910719136282,0.7798057758936512,0.5801238531696999,4.167049419424304
sensor_comm,9104,s_rl,0.025,delayed,L4 slip,0.3846253163882313,0.27968547351136885,0.20553673999347044,2.4988905350497292
sensor_comm,9104,s_rl,0.025,noisy,intact,0.4895731087006215,0.43682195429825477,0.06302042831486128,3.460395645067951
sensor_comm,9104,s_rl,0.025,noisy,L4 failure,0.6182382764615706,0.7743394215735178,0.5748021674293561,4.149810134600623
sensor_comm,9104,s_rl,0.025,noisy,L4 slip,0.3856208037033879,0.27977593891392666,0.2047540216150121,2.5042422936186814
sensor_comm,9104,s_rl,0.025,stuck,intact,0.48427294059382053,0.425268739699988,0.07096773963832292,3.40134130570841
sensor_comm,9104,s_rl,0.025,stuck,L4 failure,0.6410211913090393,0.8074784958903566,0.6242972703339326,4.272211139881186
sensor_comm,9104,s_rl,0.025,stuck,L4 slip,0.38765306136477795,0.29155673807264737,0.22981657675945089,2.5407874555737098
sensor_comm,9104,s_rl,0.05,always,intact,0.45266762104712754,0.29227266694731796,0.1430636469396696,2.835058512931233
sensor_comm,9104,s_rl,0.05,always,L4 failure,0.6444225348520304,0.8259308966533603,0.5690377933181289,4.325403253677642
sensor_comm,9104,s_rl,0.05,always,L4 slip,0.39986334038215465,0.3324114439851432,0.24528933961817123,2.681514916001009
sensor_comm,9104,s_rl,0.05,dropout,intact,0.4807434316969084,0.4388544314633703,0.02177713721572132,3.4311456204326265
sensor_comm,9104,s_rl,0.05,dropout,L4 failure,0.6355607072460678,0.8060284819959685,0.5967798493296719,4.248020455203227
sensor_comm,9104,s_rl,0.05,dropout,L4 slip,0.3771893535771237,0.26594902628331474,0.18390190221849195,2.42260849008183
sensor_comm,9104,s_rl,0.05,intermittent,intact,0.497540732813544,0.4744878322720226,0.032802401920621005,3.60761544726107
sensor_comm,9104,s_rl,0.05,intermittent,L4 failure,0.613509527571238,0.7671682076408255,0.5744425164297515,4.117216555266895
sensor_comm,9104,s_rl,0.05,intermittent,L4 slip,0.3808756971305893,0.26764399370381475,0.18982814660747854,2.450508923234391
sensor_comm,9104,s_rl,0.05,delayed,intact,0.460264226149461,0.31017703576400923,0.14412440758308637,2.9233077936596947
sensor_comm,9104,s_rl,0.05,delayed,L4 failure,0.6455126294920683,0.8233478284420496,0.5817687905967958,4.3256368181864175
sensor_comm,9104,s_rl,0.05,delayed,L4 slip,0.4003269634924658,0.32974400167400936,0.25125833903847006,2.6821719264349793
sensor_comm,9104,s_rl,0.05,noisy,intact,0.46167301229954555,0.3077237034264142,0.14594568949306583,2.9223953203582127
sensor_comm,9104,s_rl,0.05,noisy,L4 failure,0.639110513312802,0.8124968055715355,0.5715632607306518,4.290813527874619
sensor_comm,9104,s_rl,0.05,noisy,L4 slip,0.4018697113719027,0.3295476087693235,0.24878188218813144,2.690643430426565
sensor_comm,9104,s_rl,0.05,stuck,intact,0.4536922352396789,0.29913924592340757,0.1751617604649023,2.863253214936272
sensor_comm,9104,s_rl,0.05,stuck,L4 failure,0.6868210770290235,0.881838923818879,0.6736259676199292,4.54896008089489
sensor_comm,9104,s_rl,0.05,stuck,L4 slip,0.4125954676126174,0.3607478299671115,0.30759044180981104,2.7951659566661755
sensor_comm,9104,s_rl,0.1,always,intact,0.4437805257282463,0.33230389084225986,0.2512551748406092,2.9275253256283325
sensor_comm,9104,s_rl,0.1,always,L4 failure,0.6835281154503787,0.9085978913184075,0.5407905154061504,4.617068598587816
sensor_comm,9104,s_rl,0.1,always,L4 slip,0.4465942428502245,0.44938354922757584,0.2937249674696442,3.104641021730028
sensor_comm,9104,s_rl,0.1,dropout,intact,0.438849413983424,0.29239769694492024,0.05997855772915796,2.786346976206965
sensor_comm,9104,s_rl,0.1,dropout,L4 failure,0.6772797945574389,0.8838476789882295,0.6200741744080981,4.521635972444212
sensor_comm,9104,s_rl,0.1,dropout,L4 slip,0.38777347432397996,0.31150776574852296,0.21721571986431107,2.5663874446931727
sensor_comm,9104,s_rl,0.1,intermittent,intact,0.4691294592606208,0.3664955037631861,0.09348900563910079,3.1512758151486855
sensor_comm,9104,s_rl,0.1,intermittent,L4 failure,0.6301215655088701,0.798137223867271,0.5729165635322451,4.22636381728837
sensor_comm,9104,s_rl,0.1,intermittent,L4 slip,0.3895737223091926,0.30223289172255263,0.22382007622999475,2.5718249513877334
sensor_comm,9104,s_rl,0.1,delayed,intact,0.4505854956234865,0.3345664470127324,0.2684530147126023,2.968588178291111
sensor_comm,9104,s_rl,0.1,delayed,L4 failure,0.6884928716968749,0.9068905733476254,0.5698625078629046,4.629333851301888
sensor_comm,9104,s_rl,0.1,delayed,L4 slip,0.44778141052023024,0.44379484927846063,0.3148913287705143,3.103864180266264
sensor_comm,9104,s_rl,0.1,noisy,intact,0.4543437651313428,0.337244413513493,0.2643934697033786,2.9941676601764406
sensor_comm,9104,s_rl,0.1,noisy,L4 failure,0.6761549693909463,0.8861473116156358,0.5507271893400767,4.560826201028088
sensor_comm,9104,s_rl,0.1,noisy,L4 slip,0.44909413208680193,0.44255275214152423,0.3064378184953493,3.11451601062973
sensor_comm,9104,s_rl,0.1,stuck,intact,0.4620128589828715,0.38060052332304,0.37363949695739834,3.1217698366077564
sensor_comm,9104,s_rl,0.1,stuck,L4 failure,0.7782482186952568,1.0327676178135203,0.7659490480227773,5.113545011639733
sensor_comm,9104,s_rl,0.1,stuck,L4 slip,0.4946806417618264,0.5277474694891369,0.45639925741228193,3.4184583404401367
sensor_comm,9104,s_rl,0.2,always,intact,0.5278012428455124,0.5774940865379385,0.30640212641543574,3.776366969202714
sensor_comm,9104,s_rl,0.2,always,L4 failure,0.7359985897380006,1.038987558851958,0.4285261348903518,5.074567309283989
sensor_comm,9104,s_rl,0.2,always,L4 slip,0.5445501780613455,0.6669222567121702,0.289736105716072,3.8892519020705323
sensor_comm,9104,s_rl,0.2,dropout,intact,0.40571001357823383,0.2585910106241928,0.15009819110120062,2.5336651235482908
sensor_comm,9104,s_rl,0.2,dropout,L4 failure,0.7636611834701653,1.0478137043838107,0.6643395665857,5.112738815258719
sensor_comm,9104,s_rl,0.2,dropout,L4 slip,0.4375742322967983,0.44877048466224834,0.2810670216062309,3.040256492025244
sensor_comm,9104,s_rl,0.2,intermittent,intact,0.4400567533897327,0.28057049330548167,0.18965001358242728,2.757846133286316
sensor_comm,9104,s_rl,0.2,intermittent,L4 failure,0.6601749774688651,0.8585050142843738,0.5617719761521008,4.439202183217456
sensor_comm,9104,s_rl,0.2,intermittent,L4 slip,0.41873150260790387,0.38356191915644094,0.275023655716701,2.862769092816334
sensor_comm,9104,s_rl,0.2,delayed,intact,0.5418500575075857,0.5823496402407973,0.37039813705509933,3.852920280760461
sensor_comm,9104,s_rl,0.2,delayed,L4 failure,0.7546566150704223,1.0505708003139718,0.4945237744210435,5.149108624283918
sensor_comm,9104,s_rl,0.2,delayed,L4 slip,0.5576361833262855,0.671399917813825,0.3458645086100655,3.9444225042381165
sensor_comm,9104,s_rl,0.2,noisy,intact,0.5421526639723266,0.5810119827381227,0.3406951874767833,3.8658273966009844
sensor_comm,9104,s_rl,0.2,noisy,L4 failure,0.7316401324445775,1.013143442512872,0.45901140757397485,5.017791617805047
sensor_comm,9104,s_rl,0.2,noisy,L4 slip,0.5539091373036142,0.6640006207215098,0.32023964537796595,3.934796190186953
sensor_comm,9104,s_rl,0.2,stuck,intact,0.6683125660029365,0.7819112464812339,0.7286033568226632,4.594645240093212
sensor_comm,9104,s_rl,0.2,stuck,L4 failure,0.9516236625191972,1.3229025024297305,0.925098648549336,6.209914686727548
sensor_comm,9104,s_rl,0.2,stuck,L4 slip,0.7127713635657618,0.8980780056490965,0.7253747025390359,4.813527848549047
sensor_comm,9104,s_rl,0.4,always,intact,0.6684117528533288,0.9266866931964668,0.45551301676242495,4.950447886029273
sensor_comm,9104,s_rl,0.4,always,L4 failure,0.7667586790207362,1.1674243879336543,0.32063908204515446,5.530270076126925
sensor_comm,9104,s_rl,0.4,always,L4 slip,0.6535385795820113,0.934631896597379,0.402726179815393,4.827640457499115
sensor_comm,9104,s_rl,0.4,dropout,intact,0.5244728745515562,0.6201582467288305,0.3066311489022187,3.7712151018699345
sensor_comm,9104,s_rl,0.4,dropout,L4 failure,0.932345866282094,1.3635271534222657,0.7411604867843071,6.307723935088569
sensor_comm,9104,s_rl,0.4,dropout,L4 slip,0.5968064962846847,0.7826504955615744,0.3942545046868334,4.25096449579097
sensor_comm,9104,s_rl,0.4,intermittent,intact,0.4659670382838842,0.42176770940869923,0.29049722619038143,3.2207356376401535
sensor_comm,9104,s_rl,0.4,intermittent,L4 failure,0.7082799933468464,0.9657559182020392,0.5130897704464689,4.815441307603735
sensor_comm,9104,s_rl,0.4,intermittent,L4 slip,0.49514373144957546,0.5560623412583331,0.3187557827376057,3.4838143210538806
sensor_comm,9104,s_rl,0.4,delayed,intact,0.7347009359429625,1.0018263870794728,0.5082353482819135,5.323650159620553
sensor_comm,9104,s_rl,0.4,delayed,L4 failure,0.8184088790715617,1.2307754658726515,0.3835570697855939,5.803849744230726
sensor_comm,9104,s_rl,0.4,delayed,L4 slip,0.7104089769647915,1.001046497043415,0.45024439675334893,5.135081407155986
sensor_comm,9104,s_rl,0.4,noisy,intact,0.7010375672200683,0.9549639400925235,0.4766800433035604,5.135944289764296
sensor_comm,9104,s_rl,0.4,noisy,L4 failure,0.7772744509988501,1.165966804432983,0.3343940235661761,5.547697494938046
sensor_comm,9104,s_rl,0.4,noisy,L4 slip,0.683746165077298,0.9638495475880677,0.42354529453049333,4.989385206344757
sensor_comm,9104,s_rl,0.4,stuck,intact,1.185384412475356,1.616413936684919,1.2678812294294253,7.70356905381214
sensor_comm,9104,s_rl,0.4,stuck,L4 failure,1.2318609529385889,1.798843144348745,1.1465712069982454,8.057733156265456
sensor_comm,9104,s_rl,0.4,stuck,L4 slip,1.1359017027026332,1.5826768360485075,1.146100615353806,7.414449259136757
sensor_comm,9104,s_rl,1.0,always,intact,0.7334862486414057,1.1518226967735388,0.6741867218228714,5.714971270215911
sensor_comm,9104,s_rl,1.0,always,L4 failure,0.7361149783526385,1.1806811448580952,0.41310889157352226,5.666761193058305
sensor_comm,9104,s_rl,1.0,always,L4 slip,0.7005001871139164,1.1030878276730696,0.6117460089697861,5.464429103887191
sensor_comm,9104,s_rl,1.0,dropout,intact,1.0540857834254362,1.6113004495504046,0.5860481747740262,7.541099847488673
sensor_comm,9104,s_rl,1.0,dropout,L4 failure,1.281306226203229,1.9897494616609612,0.8723377899723523,8.896891559814524
sensor_comm,9104,s_rl,1.0,dropout,L4 slip,1.032229074287005,1.576142246221698,0.608726902512906,7.352371813423989
sensor_comm,9104,s_rl,1.0,intermittent,intact,0.6550188044237312,0.8757358233067134,0.3704368342853278,4.742849025817839
sensor_comm,9104,s_rl,1.0,intermittent,L4 failure,0.7799005532002816,1.169170285230986,0.3199081280078239,5.525558351945262
sensor_comm,9104,s_rl,1.0,intermittent,L4 slip,0.667142549006999,0.939512466624833,0.3343093231638011,4.829899295928854
sensor_comm,9104,s_rl,1.0,delayed,intact,0.848849602934238,1.3563615116784784,0.7972168989783932,6.505468426127954
sensor_comm,9104,s_rl,1.0,delayed,L4 failure,0.8237059405687264,1.330882746739077,0.547214177648889,6.269848538583405
sensor_comm,9104,s_rl,1.0,delayed,L4 slip,0.8014049124928944,1.277708523056138,0.7487135867300948,6.140001806493547
sensor_comm,9104,s_rl,1.0,noisy,intact,0.7243073979314889,1.138412044416528,0.636322393355352,5.574259270911746
sensor_comm,9104,s_rl,1.0,noisy,L4 failure,0.7496477710687673,1.2054525059050718,0.3806220761372566,5.657903009384572
sensor_comm,9104,s_rl,1.0,noisy,L4 slip,0.699262225421065,1.1065882324808318,0.5677524862010658,5.372779975605396
sensor_comm,9104,s_rl,1.0,stuck,intact,1.9515767574881029,2.9231726350833873,1.8697701106902263,12.762894449412485
sensor_comm,9104,s_rl,1.0,stuck,L4 failure,1.5664636973574029,2.4052541704349033,1.265214220843933,10.583651960220074
sensor_comm,9104,s_rl,1.0,stuck,L4 slip,1.8073851176113478,2.70839213774808,1.6878110818628627,11.865689142995638
sensor_comm,9104,sine,0.0,always,intact,0.45884851069694454,0.48064740777849924,0.050393855031379574,2.442435667085179
sensor_comm,9104,sine,0.0,always,L4 failure,1.2964366163089416,2.009479377305097,0.6778352864892477,9.278519250763017
sensor_comm,9104,sine,0.0,always,L4 slip,0.686428486613005,0.9626146703850257,0.18204480859808997,4.635501671814015
sensor_comm,9104,sine,0.0,dropout,intact,0.45884851069694454,0.48064740777849924,0.050393855031379574,2.442435667085179
sensor_comm,9104,sine,0.0,dropout,L4 failure,1.2964366163089416,2.009479377305097,0.6778352864892477,9.278519250763017
sensor_comm,9104,sine,0.0,dropout,L4 slip,0.686428486613005,0.9626146703850257,0.18204480859808997,4.635501671814015
sensor_comm,9104,sine,0.0,intermittent,intact,0.45884851069694454,0.48064740777849924,0.050393855031379574,2.442435667085179
sensor_comm,9104,sine,0.0,intermittent,L4 failure,1.2964366163089416,2.009479377305097,0.6778352864892477,9.278519250763017
sensor_comm,9104,sine,0.0,intermittent,L4 slip,0.686428486613005,0.9626146703850257,0.18204480859808997,4.635501671814015
sensor_comm,9104,sine,0.0,delayed,intact,0.45884851069694454,0.48064740777849924,0.050393855031379574,2.442435667085179
sensor_comm,9104,sine,0.0,delayed,L4 failure,1.2964366163089416,2.009479377305097,0.6778352864892477,9.278519250763017
sensor_comm,9104,sine,0.0,delayed,L4 slip,0.686428486613005,0.9626146703850257,0.18204480859808997,4.635501671814015
sensor_comm,9104,sine,0.0,noisy,intact,0.45884851069694454,0.48064740777849924,0.050393855031379574,2.442435667085179
sensor_comm,9104,sine,0.0,noisy,L4 failure,1.2964366163089416,2.009479377305097,0.6778352864892477,9.278519250763017
sensor_comm,9104,sine,0.0,noisy,L4 slip,0.686428486613005,0.9626146703850257,0.18204480859808997,4.635501671814015
sensor_comm,9104,sine,0.0,stuck,intact,0.45884851069694454,0.48064740777849924,0.050393855031379574,2.442435667085179
sensor_comm,9104,sine,0.0,stuck,L4 failure,1.2964366163089416,2.009479377305097,0.6778352864892477,9.278519250763017
sensor_comm,9104,sine,0.0,stuck,L4 slip,0.686428486613005,0.9626146703850257,0.18204480859808997,4.635501671814015
sensor_comm,9104,sine,0.025,always,intact,0.4514189819950025,0.4710851643800712,0.06508431966900528,2.410300442389058
sensor_comm,9104,sine,0.025,always,L4 failure,1.1582633249973457,1.7863084266408695,0.5577092301503834,8.29347632899746
sensor_comm,9104,sine,0.025,always,L4 slip,0.6011006272182324,0.7946542700877328,0.10237716318082861,3.8839276976622887
sensor_comm,9104,sine,0.025,dropout,intact,0.45128861824640915,0.47052297514498403,0.06480283870084966,2.4081485981621324
sensor_comm,9104,sine,0.025,dropout,L4 failure,1.218906647443228,1.879516797070591,0.6505568808859641,8.66800614883785
sensor_comm,9104,sine,0.025,dropout,L4 slip,0.6203321533905191,0.8359833282142694,0.14998457180254277,4.051257863435048
sensor_comm,9104,sine,0.025,intermittent,intact,0.4541086978481398,0.47147256045563707,0.05698747453310978,2.403823178872211
sensor_comm,9104,sine,0.025,intermittent,L4 failure,1.2474480588464674,1.9307176851825751,0.6359457773078276,8.930321308520591
sensor_comm,9104,sine,0.025,intermittent,L4 slip,0.6543769924885685,0.9010959413128955,0.15159302035667693,4.360900614564035
sensor_comm,9104,sine,0.025,delayed,intact,0.45197409313397113,0.471803844243018,0.06598922765311911,2.412080514600248
sensor_comm,9104,sine,0.025,delayed,L4 failure,1.1699334914168693,1.8054981054008554,0.5648577317341803,8.38085895857543
sensor_comm,9104,sine,0.025,delayed,L4 slip,0.6065250932886685,0.8051928674476526,0.10538470893096141,3.9343142410750795
sensor_comm,9104,sine,0.025,noisy,intact,0.4512604341351523,0.4714729380211494,0.06452288695126483,2.414387829459805
sensor_comm,9104,sine,0.025,noisy,L4 failure,1.1532784439249,1.777603859733952,0.5594890764802601,8.249069873329333
sensor_comm,9104,sine,0.025,noisy,L4 slip,0.5972052228831393,0.78720467384202,0.10311835033872849,3.846819256582211
sensor_comm,9104,sine,0.025,stuck,intact,0.45204192046963726,0.47386662009147484,0.07237720087635488,2.420943005066908
sensor_comm,9104,sine,0.025,stuck,L4 failure,1.1834885073552104,1.8243495807125485,0.6041794150573694,8.445796729392995
sensor_comm,9104,sine,0.025,stuck,L4 slip,0.6053442386926992,0.8040964616890989,0.11897247988740152,3.921708181723827
sensor_comm,9104,sine,0.05,always,intact,0.4555827081649778,0.4865905779192756,0.0641558793988728,2.505501813963627
sensor_comm,9104,sine,0.05,always,L4 failure,1.0467442602350394,1.6029370159960663,0.45527816118660647,7.486721243061888
sensor_comm,9104,sine,0.05,always,L4 slip,0.5491768531828893,0.6836607024853619,0.054652711473585705,3.3892466511160877
sensor_comm,9104,sine,0.05,dropout,intact,0.45828220018723154,0.4955068475168908,0.08129328341606813,2.540429466409467
sensor_comm,9104,sine,0.05,dropout,L4 failure,1.152629593740426,1.7678528990198572,0.6270607062569641,8.149004027133419
sensor_comm,9104,sine,0.05,dropout,L4 slip,0.5712910196616474,0.7365048175913054,0.12318641101208486,3.6036873020551385
sensor_comm,9104,sine,0.05,intermittent,intact,0.45182423505609637,0.4691306423291019,0.061904530027240945,2.3966832682929486
sensor_comm,9104,sine,0.05,intermittent,L4 failure,1.2013744672553348,1.8563159119481143,0.595766888423159,8.601868165964945
sensor_comm,9104,sine,0.05,intermittent,L4 slip,0.6267484414925658,0.8465532110012812,0.1253076818245703,4.117227580419335
sensor_comm,9104,sine,0.05,delayed,intact,0.4564371727135329,0.4885502307713174,0.06794535515629967,2.5079346221332934
sensor_comm,9104,sine,0.05,delayed,L4 failure,1.0651404433436185,1.6335929970253833,0.46714720558586154,7.625816773171325
sensor_comm,9104,sine,0.05,delayed,L4 slip,0.555209679025321,0.6957002292907959,0.05647576409167061,3.447485524391189
sensor_comm,9104,sine,0.05,noisy,intact,0.45704472885312386,0.49045423189711046,0.0610034365279515,2.532672422804474
sensor_comm,9104,sine,0.05,noisy,L4 failure,1.0383691448038717,1.588206902770222,0.4594276545050408,7.411777304022886
sensor_comm,9104,sine,0.05,noisy,L4 slip,0.5441970339943427,0.673758525276642,0.05809835195547887,3.3409358848428496
sensor_comm,9104,sine,0.05,stuck,intact,0.45949763655521636,0.4992886973614973,0.0870659641452997,2.5552525770365664
sensor_comm,9104,sine,0.05,stuck,L4 failure,1.0900762026048783,1.6697463018758847,0.5430115736661782,7.75418986694103
sensor_comm,9104,sine,0.05,stuck,L4 slip,0.5523908929152825,0.6919993603146841,0.07402855386557136,3.4224454478627724
sensor_comm,9104,sine,0.1,always,intact,0.4668790107621972,0.5094304515753404,0.030965357605185727,2.695454814698405
sensor_comm,9104,sine,0.1,always,L4 failure,0.8917568458491482,1.3395579121015304,0.3047800543902337,6.333939998536046
sensor_comm,9104,sine,0.1,always,L4 slip,0.5035098121934414,0.578474082654054,0.02921949204699026,2.9387802122485516
sensor_comm,9104,sine,0.1,dropout,intact,0.4902879374210256,0.5736088317019268,0.10992005632021815,2.9492272120679672
sensor_comm,9104,sine,0.1,dropout,L4 failure,1.0486367266811365,1.5912302600422639,0.5898319338638475,7.3434873046967715
sensor_comm,9104,sine,0.1,dropout,L4 slip,0.5140438991723904,0.6081845520359661,0.083134431371701,3.060056076096757
sensor_comm,9104,sine,0.1,intermittent,intact,0.4520316132953169,0.4753374088845025,0.06635948235186735,2.436178562292659
sensor_comm,9104,sine,0.1,intermittent,L4 failure,1.1177933964694198,1.7202872590836642,0.5204963104699294,8.002649898966
sensor_comm,9104,sine,0.1,intermittent,L4 slip,0.5830029730618366,0.756585876413233,0.08371291740602411,3.715268716183195
sensor_comm,9104,sine,0.1,delayed,intact,0.4703001482904322,0.5195252241695666,0.03708882466236085,2.724823189531021
sensor_comm,9104,sine,0.1,delayed,L4 failure,0.9130339759469313,1.3762502468155737,0.3195745808093669,6.499235629236871
sensor_comm,9104,sine,0.1,delayed,L4 slip,0.5069983418931336,0.5847821216092361,0.028081905632575243,2.9671723910695698
sensor_comm,9104,sine,0.1,noisy,intact,0.47126300377239605,0.5164627511620837,0.02250555730048704,2.759035098517105
sensor_comm,9104,sine,0.1,noisy,L4 failure,0.8810752451944585,1.3202708965800638,0.3153263979758732,6.236543053887279
sensor_comm,9104,sine,0.1,noisy,L4 slip,0.500297392258242,0.5714776903863339,0.03294942875876512,2.9142929159889706
sensor_comm,9104,sine,0.1,stuck,intact,0.47988606473208995,0.5470411674502544,0.07976223954068351,2.843964996506724
sensor_comm,9104,sine,0.1,stuck,L4 failure,0.9516875986705305,1.4367983180714288,0.45187938287232543,6.723132396287219
sensor_comm,9104,sine,0.1,stuck,L4 slip,0.5032121898957019,0.5778557296515977,0.030025175188569637,2.9354808655566833
sensor_comm,9104,sine,0.2,always,intact,0.4710245001639773,0.4813673292962212,0.07329059312879053,2.764315117703647
sensor_comm,9104,sine,0.2,always,L4 failure,0.7462327749346267,1.0759320740996352,0.16447958968238172,5.203419694822362
sensor_comm,9104,sine,0.2,always,L4 slip,0.489307648570016,0.5386821348696185,0.04874815022301963,2.858221780192311
sensor_comm,9104,sine,0.2,dropout,intact,0.5440891901129375,0.6810551051442049,0.12458141479099613,3.5581875285958002
sensor_comm,9104,sine,0.2,dropout,L4 failure,0.9238321775495962,1.3755262684544258,0.5449406120199363,6.402417409884379
sensor_comm,9104,sine,0.2,dropout,L4 slip,0.4894686716137197,0.5392383270476178,0.04379381202100672,2.858054305906294
sensor_comm,9104,sine,0.2,intermittent,intact,0.45980967645696336,0.4976298608858478,0.05552734962676953,2.5808728777825922
sensor_comm,9104,sine,0.2,intermittent,L4 failure,0.9859818388153778,1.5012377814933615,0.39743190585669746,7.040187832321258
sensor_comm,9104,sine,0.2,intermittent,L4 slip,0.5301492072970858,0.6402121459984113,0.03512008063594644,3.1990571421937677
sensor_comm,9104,sine,0.2,delayed,intact,0.4788028812891975,0.5008931518213575,0.07802846841178093,2.8460815399126957
sensor_comm,9104,sine,0.2,delayed,L4 failure,0.7598408381645668,1.100802755143556,0.17484206399524171,5.312449326527338
sensor_comm,9104,sine,0.2,delayed,L4 slip,0.49146327188845773,0.5425179265611444,0.048252814129783696,2.8688322947165767
sensor_comm,9104,sine,0.2,noisy,intact,0.47880442503208603,0.483529294630553,0.10225814783405869,2.845095480433764
sensor_comm,9104,sine,0.2,noisy,L4 failure,0.739824666782443,1.0629410249455546,0.1852819168393,5.144137946349722
sensor_comm,9104,sine,0.2,noisy,L4 slip,0.4918919681327435,0.5399625251006747,0.07501727028828868,2.9051829473504514
sensor_comm,9104,sine,0.2,stuck,intact,0.48209047652173675,0.5199327660479163,0.0444937256311867,2.916034787414657
sensor_comm,9104,sine,0.2,stuck,L4 failure,0.8052215030973764,1.1807296774438925,0.3557184455030406,5.622641857394966
sensor_comm,9104,sine,0.2,stuck,L4 slip,0.489517921417711,0.539153103166554,0.057471762495534984,2.8582418542885617
sensor_comm,9104,sine,0.4,always,intact,0.4720546336950122,0.45878109104648174,0.14385040827162116,2.8142976632040617
sensor_comm,9104,sine,0.4,always,L4 failure,0.6705257170963086,0.9248528842365552,0.0836458401949309,4.599241131385947
sensor_comm,9104,sine,0.4,always,L4 slip,0.4944604149166159,0.5353367199055408,0.10633404362465752,2.992992746837424
sensor_comm,9104,sine,0.4,dropout,intact,0.5341900689488013,0.6367897749181204,0.0726170398533134,3.524551390152666
sensor_comm,9104,sine,0.4,dropout,L4 failure,0.8412631235333128,1.227411671057332,0.518768748069482,5.806348355350592
sensor_comm,9104,sine,0.4,dropout,L4 slip,0.4975174021481301,0.5419234719377752,0.051613271312474285,3.0139917668827074
sensor_comm,9104,sine,0.4,intermittent,intact,0.4703775104760016,0.5073007830982621,0.01816405396026113,2.7590653883740117
sensor_comm,9104,sine,0.4,intermittent,L4 failure,0.8275218848481162,1.2259953892940623,0.2402612085669605,5.84212370699561
sensor_comm,9104,sine,0.4,intermittent,L4 slip,0.4954482446519059,0.5585380369921313,0.025551263235422506,2.8715092121651464
sensor_comm,9104,sine,0.4,delayed,intact,0.48917072140040785,0.4923812368512559,0.18052146610325173,3.016241965053726
sensor_comm,9104,sine,0.4,delayed,L4 failure,0.6770897928334327,0.9367548368608416,0.0920987976265524,4.653945757600542
sensor_comm,9104,sine,0.4,delayed,L4 slip,0.5024920508252784,0.5499464247938498,0.1296296157558215,3.084497857787376
sensor_comm,9104,sine,0.4,noisy,intact,0.4900349004011067,0.4873180871435755,0.17834286913857056,3.0171899761220153
sensor_comm,9104,sine,0.4,noisy,L4 failure,0.6753984421207441,0.9299267685286982,0.10722358488288215,4.640945571305146
sensor_comm,9104,sine,0.4,noisy,L4 slip,0.5081300962615868,0.5571118415425798,0.13636041484518194,3.1489479691320463
sensor_comm,9104,sine,0.4,stuck,intact,0.527760686820474,0.6130107391380599,0.40536537496515096,3.430749341044374
sensor_comm,9104,sine,0.4,stuck,L4 failure,0.7203001263511558,1.0217728716284513,0.2975618557215568,4.986688800279378
sensor_comm,9104,sine,0.4,stuck,L4 slip,0.524413274689794,0.6189222763808375,0.2894940274555843,3.3262713643306414
sensor_comm,9104,sine,1.0,always,intact,0.45203450668348477,0.44312878500341846,0.20939614306345625,2.563199441286992
sensor_comm,9104,sine,1.0,always,L4 failure,0.6458994691549603,0.8732065604879267,0.06997719746658385,4.393702363212195
sensor_comm,9104,sine,1.0,always,L4 slip,0.4860654364557328,0.522567777176068,0.16469367563720377,2.8970371004828266
sensor_comm,9104,sine,1.0,dropout,intact,0.4486212863207165,0.4301885877853982,0.09499254676911895,2.518421454234768
sensor_comm,9104,sine,1.0,dropout,L4 failure,0.8149578023631537,1.182236335336555,0.505417579943667,5.624276380513779
sensor_comm,9104,sine,1.0,dropout,L4 slip,0.49167761377237384,0.5406963588208308,0.15327420955106447,2.968140304187475
sensor_comm,9104,sine,1.0,intermittent,intact,0.47879590486298557,0.47954141464155453,0.1395677121530957,2.890589079512384
sensor_comm,9104,sine,1.0,intermittent,L4 failure,0.6919189339823003,0.968895296845715,0.09877882058507301,4.780734243072379
sensor_comm,9104,sine,1.0,intermittent,L4 slip,0.4974405683156019,0.54812941056864,0.09433011596348619,3.0097308607937103
sensor_comm,9104,sine,1.0,delayed,intact,0.46734304409045563,0.47331702565482797,0.3037578421103956,2.728873073042949
sensor_comm,9104,sine,1.0,delayed,L4 failure,0.6664013279141894,0.9133282779585243,0.05250233008340115,4.559980400443865
sensor_comm,9104,sine,1.0,delayed,L4 slip,0.4956261396744222,0.5418350939335748,0.23472284683621938,3.0005923980898643
sensor_comm,9104,sine,1.0,noisy,intact,0.4846909923763433,0.5022690443249364,0.22538382643797156,2.8463133243320056
sensor_comm,9104,sine,1.0,noisy,L4 failure,0.6779335144704608,0.9223986042980655,0.08810732558117171,4.6469861884383326
sensor_comm,9104,sine,1.0,noisy,L4 slip,0.5251637771160593,0.5939857724529178,0.17762150458322687,3.243279991287355
sensor_comm,9104,sine,1.0,stuck,intact,0.90885245865742,1.2515077616608132,0.8377364512030743,5.812580293659169
sensor_comm,9104,sine,1.0,stuck,L4 failure,0.647557873267288,0.8767095059369268,0.07788549540966579,4.407715928652594
sensor_comm,9104,sine,1.0,stuck,L4 slip,0.7987301449913248,1.0986171873761452,0.6896016737022892,5.209282663145281
sensor_comm,9104,chirp,0.0,always,intact,0.6139679497454482,0.6699457884032751,0.04005629992553319,3.927056277423212
sensor_comm,9104,chirp,0.0,always,L4 failure,1.5571358561669932,2.3872831828436842,0.7315383996863574,11.59587675617338
sensor_comm,9104,chirp,0.0,always,L4 slip,0.853327621385033,1.1551752938188837,0.20309505539930922,6.142420385183179
sensor_comm,9104,chirp,0.0,dropout,intact,0.6139679497454482,0.6699457884032751,0.04005629992553319,3.927056277423212
sensor_comm,9104,chirp,0.0,dropout,L4 failure,1.5571358561669932,2.3872831828436842,0.7315383996863574,11.59587675617338
sensor_comm,9104,chirp,0.0,dropout,L4 slip,0.853327621385033,1.1551752938188837,0.20309505539930922,6.142420385183179
sensor_comm,9104,chirp,0.0,intermittent,intact,0.6139679497454482,0.6699457884032751,0.04005629992553319,3.927056277423212
sensor_comm,9104,chirp,0.0,intermittent,L4 failure,1.5571358561669932,2.3872831828436842,0.7315383996863574,11.59587675617338
sensor_comm,9104,chirp,0.0,intermittent,L4 slip,0.853327621385033,1.1551752938188837,0.20309505539930922,6.142420385183179
sensor_comm,9104,chirp,0.0,delayed,intact,0.6139679497454482,0.6699457884032751,0.04005629992553319,3.927056277423212
sensor_comm,9104,chirp,0.0,delayed,L4 failure,1.5571358561669932,2.3872831828436842,0.7315383996863574,11.59587675617338
sensor_comm,9104,chirp,0.0,delayed,L4 slip,0.853327621385033,1.1551752938188837,0.20309505539930922,6.142420385183179
sensor_comm,9104,chirp,0.0,noisy,intact,0.6139679497454482,0.6699457884032751,0.04005629992553319,3.927056277423212
sensor_comm,9104,chirp,0.0,noisy,L4 failure,1.5571358561669932,2.3872831828436842,0.7315383996863574,11.59587675617338
sensor_comm,9104,chirp,0.0,noisy,L4 slip,0.853327621385033,1.1551752938188837,0.20309505539930922,6.142420385183179
sensor_comm,9104,chirp,0.0,stuck,intact,0.6139679497454482,0.6699457884032751,0.04005629992553319,3.927056277423212
sensor_comm,9104,chirp,0.0,stuck,L4 failure,1.5571358561669932,2.3872831828436842,0.7315383996863574,11.59587675617338
sensor_comm,9104,chirp,0.0,stuck,L4 slip,0.853327621385033,1.1551752938188837,0.20309505539930922,6.142420385183179
sensor_comm,9104,chirp,0.025,always,intact,0.5980944761219459,0.6383521860202725,0.06629557386536886,3.768588641896129
sensor_comm,9104,chirp,0.025,always,L4 failure,1.4003111039248832,2.1251295462809368,0.5898903932638366,10.468194824703415
sensor_comm,9104,chirp,0.025,always,L4 slip,0.7637676899003397,0.9757947376391394,0.10114231519491368,5.360398153044294
sensor_comm,9104,chirp,0.025,dropout,intact,0.5981495418653514,0.6379229744802808,0.053548776311717595,3.76889152063915
sensor_comm,9104,chirp,0.025,dropout,L4 failure,1.4764060886313797,2.2495350996959,0.7009616121400271,10.968327927658137
sensor_comm,9104,chirp,0.025,dropout,L4 slip,0.7913005854367233,1.0345662631164514,0.169683212592512,5.599139637774492
sensor_comm,9104,chirp,0.025,intermittent,intact,0.6061565015117371,0.6527937595134435,0.04812760101253495,3.846304156271593
sensor_comm,9104,chirp,0.025,intermittent,L4 failure,1.5017864968651757,2.295205832913151,0.6825062966621844,11.199765111460563
sensor_comm,9104,chirp,0.025,intermittent,L4 slip,0.8196145924812714,1.088871162899714,0.1645797291460016,5.855275524075193
sensor_comm,9104,chirp,0.025,delayed,intact,0.59919284520037,0.6397985834990351,0.06685951451473686,3.7779406064990484
sensor_comm,9104,chirp,0.025,delayed,L4 failure,1.414407929886327,2.1492473717732508,0.5972021038979937,10.57563708555256
sensor_comm,9104,chirp,0.025,delayed,L4 slip,0.7701932099425073,0.988409606149013,0.10483901915711331,5.418961633824269
sensor_comm,9104,chirp,0.025,noisy,intact,0.5967488140424664,0.6365439096134764,0.06623243702022294,3.75664685366844
sensor_comm,9104,chirp,0.025,noisy,L4 failure,1.3952399571612162,2.1162793636164556,0.5928399583977548,10.42297936431104
sensor_comm,9104,chirp,0.025,noisy,L4 slip,0.7594782529409506,0.9677732293150395,0.10176307859860426,5.320553088060739
sensor_comm,9104,chirp,0.025,stuck,intact,0.5982221518079303,0.6388142274482194,0.0777067108879089,3.770183761478917
sensor_comm,9104,chirp,0.025,stuck,L4 failure,1.4233438975918182,2.1622301702824274,0.6308660631326857,10.616868567643335
sensor_comm,9104,chirp,0.025,stuck,L4 slip,0.7678573725227137,0.9846696581302734,0.11693705768711586,5.396167118393524
sensor_comm,9104,chirp,0.05,always,intact,0.5973521720366893,0.6455555693800787,0.08499357185101059,3.7784495785750183
sensor_comm,9104,chirp,0.05,always,L4 failure,1.2697501319081836,1.90290285985169,0.4615038997424497,9.513089636528385
sensor_comm,9104,chirp,0.05,always,L4 slip,0.7083272862195751,0.8583676333584126,0.040378789589378836,4.840831150437497
sensor_comm,9104,chirp,0.05,dropout,intact,0.5943767521165726,0.6364644360763881,0.07096886954938023,3.744861888420402
sensor_comm,9104,chirp,0.05,dropout,L4 failure,1.4056143742802825,2.1281626861444027,0.6738468398588895,10.41816318971207
sensor_comm,9104,chirp,0.05,dropout,L4 slip,0.7432127038841689,0.9379255604342926,0.14081925545193663,5.1653573020772985
sensor_comm,9104,chirp,0.05,intermittent,intact,0.6010988678098121,0.6428722593698473,0.057311818221272605,3.7961491884334957
sensor_comm,9104,chirp,0.05,intermittent,L4 failure,1.4495524719931514,2.2078747657606237,0.6351400079468916,10.824248658975746
sensor_comm,9104,chirp,0.05,intermittent,L4 slip,0.7904998554460855,1.0302670860483907,0.13067359340156698,5.6005715002422
sensor_comm,9104,chirp,0.05,delayed,intact,0.5986036731198715,0.6466735814853026,0.08944422827874035,3.787376220403685
sensor_comm,9104,chirp,0.05,delayed,L4 failure,1.2926900669559467,1.942706929165773,0.4738630339666316,9.690530101426845
sensor_comm,9104,chirp,0.05,delayed,L4 slip,0.7159302660460631,0.8732704403682467,0.041726630211653445,4.912859352135252
sensor_comm,9104,chirp,0.05,noisy,intact,0.5965950032763321,0.6463321766472181,0.08203434535752419,3.7755833924073174
sensor_comm,9104,chirp,0.05,noisy,L4 failure,1.261128573432807,1.8879104267164777,0.4679401061454193,9.435689362484155
sensor_comm,9104,chirp,0.05,noisy,L4 slip,0.7024600342109849,0.8475064233484527,0.04184823118343237,4.784766872081287
sensor_comm,9104,chirp,0.05,stuck,intact,0.600487760113023,0.6543102921621559,0.12125091969191955,3.8127004702720892
sensor_comm,9104,chirp,0.05,stuck,L4 failure,1.3096774367513064,1.9686449920177829,0.5423329671426198,9.776474674401934
sensor_comm,9104,chirp,0.05,stuck,L4 slip,0.710918667624046,0.8645348792537317,0.048294092437940694,4.865828483913813
sensor_comm,9104,chirp,0.1,always,intact,0.6069655697728169,0.6812544206777288,0.07480824800850978,3.910411371282528
sensor_comm,9104,chirp,0.1,always,L4 failure,1.0823625173396472,1.572800520178621,0.2569774421826099,8.091591486941415
sensor_comm,9104,chirp,0.1,always,L4 slip,0.6580985163417868,0.7515131500282347,0.04405956528577113,4.348317581586949
sensor_comm,9104,chirp,0.1,dropout,intact,0.6070629312296876,0.6808124736108591,0.10699831679214707,3.910325447837157
sensor_comm,9104,chirp,0.1,dropout,L4 failure,1.289549321515125,1.927722802810844,0.6285792196915513,9.516345389285418
sensor_comm,9104,chirp,0.1,dropout,L4 slip,0.6806177450876011,0.8068579766196429,0.09485236633348856,4.578548381803907
sensor_comm,9104,chirp,0.1,intermittent,intact,0.5969081578184525,0.6385512798237796,0.07451634334449928,3.7624522499273043
sensor_comm,9104,chirp,0.1,intermittent,L4 failure,1.3544274627122834,2.0474811822055337,0.5455574777118246,10.134832572402935
sensor_comm,9104,chirp,0.1,intermittent,L4 slip,0.7442609339230766,0.9343196429479248,0.07516288377775522,5.180803031725872
sensor_comm,9104,chirp,0.1,delayed,intact,0.6103694702586007,0.6877380976518425,0.08661669517204537,3.9392698699923248
sensor_comm,9104,chirp,0.1,delayed,L4 failure,1.1101937523782661,1.6227562121886447,0.2713871764352332,8.31625630683851
sensor_comm,9104,chirp,0.1,delayed,L4 slip,0.6635792354690923,0.760592601452258,0.047132856606260654,4.398536685216622
sensor_comm,9104,chirp,0.1,noisy,intact,0.6074709660584607,0.6852271593798201,0.06686052127562295,3.924616142944791
sensor_comm,9104,chirp,0.1,noisy,L4 failure,1.0695510347100519,1.5508188514260197,0.26885037756055974,7.976490388388702
sensor_comm,9104,chirp,0.1,noisy,L4 slip,0.6524984015071774,0.7422029422585977,0.04040551247425669,4.295673901161133
sensor_comm,9104,chirp,0.1,stuck,intact,0.6238123387908551,0.7232564069176372,0.1666033559855759,4.076260827149125
sensor_comm,9104,chirp,0.1,stuck,L4 failure,1.134134511363788,1.6630944680662207,0.39637162578674656,8.453235712783698
sensor_comm,9104,chirp,0.1,stuck,L4 slip,0.6573517960917548,0.7495151219549667,0.05451079324708667,4.340272934766344
sensor_comm,9104,chirp,0.2,always,intact,0.6112117582251971,0.6959292479903303,0.0709567843385874,3.9955848345432288
sensor_comm,9104,chirp,0.2,always,L4 failure,0.9044160673254671,1.2394268125579646,0.08090027670594054,6.641208634809792
sensor_comm,9104,chirp,0.2,always,L4 slip,0.6393610510970128,0.72294903440444,0.04809722622353384,4.188517970103397
sensor_comm,9104,chirp,0.2,dropout,intact,0.6490511297027483,0.7891177647357448,0.14304073252376356,4.364058442522274
sensor_comm,9104,chirp,0.2,dropout,L4 failure,1.1341558023140597,1.655574155580829,0.565628533872753,8.309020516655815
sensor_comm,9104,chirp,0.2,dropout,L4 slip,0.6369813788175646,0.7148118482317372,0.054273523369372176,4.163112413793706
sensor_comm,9104,chirp,0.2,intermittent,intact,0.6005726175526012,0.6587920179054257,0.08686055666971834,3.82542369369461
sensor_comm,9104,chirp,0.2,intermittent,L4 failure,1.1988025144051462,1.7798514174822422,0.38489389586629014,8.984848447065378
sensor_comm,9104,chirp,0.2,intermittent,L4 slip,0.688033227701579,0.8133898926649945,0.03667216136680847,4.64131502342572
sensor_comm,9104,chirp,0.2,delayed,intact,0.620598085639491,0.7179332501833061,0.07880587290810773,4.086667515656716
sensor_comm,9104,chirp,0.2,delayed,L4 failure,0.9223509235103226,1.2727423299854461,0.08277675755919293,6.796790509043348
sensor_comm,9104,chirp,0.2,delayed,L4 slip,0.6443734629745878,0.7316908997143647,0.05330685286307089,4.2318682483387695
sensor_comm,9104,chirp,0.2,noisy,intact,0.6101656290318161,0.6919414445843584,0.07764003369039822,3.994871391771897
sensor_comm,9104,chirp,0.2,noisy,L4 failure,0.892842086417902,1.2207096869678005,0.09451522841442109,6.5341999590824065
sensor_comm,9104,chirp,0.2,noisy,L4 slip,0.6348873157396184,0.7148204417564115,0.046448591519784053,4.149534562540384
sensor_comm,9104,chirp,0.2,stuck,intact,0.651354589361691,0.7944149012930268,0.14873262275668192,4.3849444735643734
sensor_comm,9104,chirp,0.2,stuck,L4 failure,0.9335085697425909,1.2965289239780857,0.19573272043883994,6.86983898347573
sensor_comm,9104,chirp,0.2,stuck,L4 slip,0.6492350189335394,0.7488478919147912,0.1133430935136461,4.290541524277031
sensor_comm,9104,chirp,0.4,always,intact,0.5888339537235121,0.6296042686491342,0.09604927171869347,3.7815576627765424
sensor_comm,9104,chirp,0.4,always,L4 failure,0.8153568851906905,1.066002753757605,0.04908786748318774,5.8678666865426905
sensor_comm,9104,chirp,0.4,always,L4 slip,0.6292070967541787,0.7048143332386252,0.061197976722070745,4.12445498009091
sensor_comm,9104,chirp,0.4,dropout,intact,0.6725864753922921,0.8437583782191052,0.13791987787224497,4.625819598058001
sensor_comm,9104,chirp,0.4,dropout,L4 failure,0.9920049367276396,1.4009903695787276,0.503560955279458,7.20505397238714
sensor_comm,9104,chirp,0.4,dropout,L4 slip,0.6363758255984265,0.7243143677667294,0.04555233602774335,4.201706342132428
sensor_comm,9104,chirp,0.4,intermittent,intact,0.6122935773783871,0.6982310724966445,0.0610030624484124,3.9848008566286417
sensor_comm,9104,chirp,0.4,intermittent,L4 failure,1.0086113045129885,1.4375053180354649,0.1683525958287478,7.507252205112962
sensor_comm,9104,chirp,0.4,intermittent,L4 slip,0.6507256421786525,0.7384070572927428,0.05113683423821728,4.278637646267383
sensor_comm,9104,chirp,0.4,delayed,intact,0.5970047542065899,0.6437654093028204,0.11978381577488473,3.8638149726724222
sensor_comm,9104,chirp,0.4,delayed,L4 failure,0.8205058886235452,1.0751005826781903,0.0557841376123537,5.9125857292701145
sensor_comm,9104,chirp,0.4,delayed,L4 slip,0.634698711338298,0.7146541845134186,0.07845913759414284,4.175649934747049
sensor_comm,9104,chirp,0.4,noisy,intact,0.5877949660981483,0.618514903781169,0.11846904912531535,3.7662109618000237
sensor_comm,9104,chirp,0.4,noisy,L4 failure,0.8099790430474723,1.058676677496894,0.05262070194020448,5.816176481759577
sensor_comm,9104,chirp,0.4,noisy,L4 slip,0.6274512969707465,0.6971525919474686,0.07278297684579764,4.104653490650831
sensor_comm,9104,chirp,0.4,stuck,intact,0.6104109752826713,0.6916531108723729,0.06500144721281617,4.024323446878137
sensor_comm,9104,chirp,0.4,stuck,L4 failure,0.8161541090546899,1.0675448899006428,0.050444967780163774,5.873960685267875
sensor_comm,9104,chirp,0.4,stuck,L4 slip,0.6464858580564617,0.7511640535444931,0.05456436310813029,4.306760735971334
sensor_comm,9104,chirp,1.0,always,intact,0.5599545810721624,0.5667096194371104,0.07884122341867535,3.4763121865669917
sensor_comm,9104,chirp,1.0,always,L4 failure,0.8065650779838414,1.0520238987071586,0.05986257019728393,5.806718676871816
sensor_comm,9104,chirp,1.0,always,L4 slip,0.6110955960269545,0.6677705425061481,0.06424086984635666,3.9604409949948534
sensor_comm,9104,chirp,1.0,dropout,intact,0.5999894709232597,0.6823747397951889,0.06162931726484252,3.9256317840602737
sensor_comm,9104,chirp,1.0,dropout,L4 failure,0.8893519469125815,1.2110573904214068,0.43283238071945646,6.43452576071804
sensor_comm,9104,chirp,1.0,dropout,L4 slip,0.6203959832496913,0.6947636232333005,0.05447883608323349,4.0629816409121515
sensor_comm,9104,chirp,1.0,intermittent,intact,0.594912696056875,0.646612443946837,0.09235174898212437,3.8436100864628715
sensor_comm,9104,chirp,1.0,intermittent,L4 failure,0.8474914237429907,1.1301418572767727,0.046774577235953664,6.160942654455977
sensor_comm,9104,chirp,1.0,intermittent,L4 slip,0.637138355170451,0.721448224169099,0.061163291155207855,4.189194357444687
sensor_comm,9104,chirp,1.0,delayed,intact,0.5579511906037508,0.5573467163452299,0.10536520205203379,3.4391116126970434
sensor_comm,9104,chirp,1.0,delayed,L4 failure,0.8204358591096044,1.0841491745449994,0.1494147737930695,5.935621380172757
sensor_comm,9104,chirp,1.0,delayed,L4 slip,0.6087235925043037,0.6603720117915272,0.09106550051203952,3.926110210417229
sensor_comm,9104,chirp,1.0,noisy,intact,0.5872335630758345,0.6171313253106728,0.0966857328517489,3.7067349190861942
sensor_comm,9104,chirp,1.0,noisy,L4 failure,0.8348392296093314,1.100186250977527,0.06123760848554256,6.030436944491422
sensor_comm,9104,chirp,1.0,noisy,L4 slip,0.6470700152806853,0.7338371974257953,0.07741605945155441,4.2691664552990805
sensor_comm,9104,chirp,1.0,stuck,intact,0.5749735212838393,0.6090862241934202,0.2529106216496153,3.64501386371572
sensor_comm,9104,chirp,1.0,stuck,L4 failure,0.9381831153521396,1.3085929997570334,0.4782632598525824,6.8335417707464
sensor_comm,9104,chirp,1.0,stuck,L4 slip,0.614229377076299,0.6771756827313958,0.13155058742001607,3.99620709289418
sensor_comm,9105,straight,0.0,always,intact,0.2277846985627071,0.07819997702766737,0.06758720621484847,0.622734707576417
sensor_comm,9105,straight,0.0,always,L4 failure,1.585459282884146,2.4909734504181125,1.1014757916345368,11.003395977347678
sensor_comm,9105,straight,0.0,always,L4 slip,0.4974841275534851,0.7208623644875871,0.1989634999546725,3.4884708521712664
sensor_comm,9105,straight,0.0,dropout,intact,0.2277846985627071,0.07819997702766737,0.06758720621484847,0.622734707576417
sensor_comm,9105,straight,0.0,dropout,L4 failure,1.585459282884146,2.4909734504181125,1.1014757916345368,11.003395977347678
sensor_comm,9105,straight,0.0,dropout,L4 slip,0.4974841275534851,0.7208623644875871,0.1989634999546725,3.4884708521712664
sensor_comm,9105,straight,0.0,intermittent,intact,0.2277846985627071,0.07819997702766737,0.06758720621484847,0.622734707576417
sensor_comm,9105,straight,0.0,intermittent,L4 failure,1.585459282884146,2.4909734504181125,1.1014757916345368,11.003395977347678
sensor_comm,9105,straight,0.0,intermittent,L4 slip,0.4974841275534851,0.7208623644875871,0.1989634999546725,3.4884708521712664
sensor_comm,9105,straight,0.0,delayed,intact,0.2277846985627071,0.07819997702766737,0.06758720621484847,0.622734707576417
sensor_comm,9105,straight,0.0,delayed,L4 failure,1.585459282884146,2.4909734504181125,1.1014757916345368,11.003395977347678
sensor_comm,9105,straight,0.0,delayed,L4 slip,0.4974841275534851,0.7208623644875871,0.1989634999546725,3.4884708521712664
sensor_comm,9105,straight,0.0,noisy,intact,0.2277846985627071,0.07819997702766737,0.06758720621484847,0.622734707576417
sensor_comm,9105,straight,0.0,noisy,L4 failure,1.585459282884146,2.4909734504181125,1.1014757916345368,11.003395977347678
sensor_comm,9105,straight,0.0,noisy,L4 slip,0.4974841275534851,0.7208623644875871,0.1989634999546725,3.4884708521712664
sensor_comm,9105,straight,0.0,stuck,intact,0.2277846985627071,0.07819997702766737,0.06758720621484847,0.622734707576417
sensor_comm,9105,straight,0.0,stuck,L4 failure,1.585459282884146,2.4909734504181125,1.1014757916345368,11.003395977347678
sensor_comm,9105,straight,0.0,stuck,L4 slip,0.4974841275534851,0.7208623644875871,0.1989634999546725,3.4884708521712664
sensor_comm,9105,straight,0.025,always,intact,0.2285247346576526,0.09118770665997336,0.07114022389864776,0.6610800550836858
sensor_comm,9105,straight,0.025,always,L4 failure,1.5165613516421472,2.3858552119768506,1.0141640819025572,10.553092366236134
sensor_comm,9105,straight,0.025,always,L4 slip,0.464503762809243,0.6631994571755679,0.1668127568045749,3.229500098607507
sensor_comm,9105,straight,0.025,dropout,intact,0.22837947328227604,0.09011829069114127,0.0714152291839039,0.6574109074214981
sensor_comm,9105,straight,0.025,dropout,L4 failure,1.5600242426780855,2.4487411931997265,1.090955732193103,10.805956346172408
sensor_comm,9105,straight,0.025,dropout,L4 slip,0.4786169267111139,0.687595890911531,0.1920211289731578,3.328656784609285
sensor_comm,9105,straight,0.025,intermittent,intact,0.22796690636133782,0.08242453943262511,0.06899152071620526,0.6348873832607879
sensor_comm,9105,straight,0.025,intermittent,L4 failure,1.5622847719814363,2.455614948179507,1.0719128057559215,10.851797837807107
sensor_comm,9105,straight,0.025,intermittent,L4 slip,0.48630029128251356,0.7014356886078985,0.1876285827417175,3.4018503531444213
sensor_comm,9105,straight,0.025,delayed,intact,0.22860628278102713,0.09074469796924485,0.0714817885477799,0.6602904210514097
sensor_comm,9105,straight,0.025,delayed,L4 failure,1.5247525595134124,2.398742401678189,1.0208820260061109,10.609031986882787
sensor_comm,9105,straight,0.025,delayed,L4 slip,0.4675160994758278,0.6684964457598649,0.16890561889609343,3.2541746730814505
sensor_comm,9105,straight,0.025,noisy,intact,0.2284111987911877,0.08804211786511532,0.0709241690989866,0.6524979078596171
sensor_comm,9105,straight,0.025,noisy,L4 failure,1.5208203039331007,2.392904996162548,1.0166872388225034,10.58839407190686
sensor_comm,9105,straight,0.025,noisy,L4 slip,0.4667640498280832,0.6671252331166269,0.1664335689376292,3.250827316288538
sensor_comm,9105,straight,0.025,stuck,intact,0.2290746825242463,0.09366341158180747,0.07461743201237248,0.6708740993451259
sensor_comm,9105,straight,0.025,stuck,L4 failure,1.5381337281704617,2.41597221683291,1.060804846156087,10.673609824594477
sensor_comm,9105,straight,0.025,stuck,L4 slip,0.46942390776578674,0.6714940317252743,0.1791530307164541,3.262883906249062
sensor_comm,9105,straight,0.05,always,intact,0.2296571784277263,0.10424843902299752,0.0728805418914164,0.701652038398986
sensor_comm,9105,straight,0.05,always,L4 failure,1.4500914804007428,2.284567637339449,0.9296131560959378,10.119593187978717
sensor_comm,9105,straight,0.05,always,L4 slip,0.4350775556715862,0.610766613477151,0.13875893052693206,2.992900268714142
sensor_comm,9105,straight,0.05,dropout,intact,0.22958826099929322,0.10326364208021643,0.07490410596478418,0.6987088478828198
sensor_comm,9105,straight,0.05,dropout,L4 failure,1.5359694711841927,2.408778922310053,1.0810349107286599,10.619020273890227
sensor_comm,9105,straight,0.05,dropout,L4 slip,0.4609792465796522,0.656279498840016,0.18552231866517171,3.1779511763470465
sensor_comm,9105,straight,0.05,intermittent,intact,0.228217447807498,0.0867803831341685,0.07017145340661479,0.6477739131393924
sensor_comm,9105,straight,0.05,intermittent,L4 failure,1.5392652261388455,2.420515845046759,1.0425785351937946,10.701384759543311
sensor_comm,9105,straight,0.05,intermittent,L4 slip,0.47551754828904236,0.6825919406813785,0.17679200414514978,3.3177030533166842
sensor_comm,9105,straight,0.05,delayed,intact,0.22982824572631258,0.10360098313854535,0.07378302162141445,0.7005846206936452
sensor_comm,9105,straight,0.05,delayed,L4 failure,1.4658148658916221,2.309278648544585,0.9425591682519517,10.226750249934103
sensor_comm,9105,straight,0.05,delayed,L4 slip,0.4403324555071005,0.6201542515807232,0.14218182049298242,3.0369659584590796
sensor_comm,9105,straight,0.05,noisy,intact,0.22923242825465562,0.09744676906161162,0.0728734934493529,0.68195463706332
sensor_comm,9105,straight,0.05,noisy,L4 failure,1.4579092561207583,2.2975601430906574,0.9338712682407445,10.18566257897465
sensor_comm,9105,straight,0.05,noisy,L4 slip,0.4392387219868653,0.6179997823423218,0.13761035285326229,3.0331062265086666
sensor_comm,9105,straight,0.05,stuck,intact,0.23108883946513048,0.10991477983873081,0.08051503583851827,0.7240634261172862
sensor_comm,9105,straight,0.05,stuck,L4 failure,1.493157275233882,2.3447201200190038,1.0223467230683068,10.360311020589299
sensor_comm,9105,straight,0.05,stuck,L4 slip,0.44375697016248683,0.6257419061067798,0.16099519282501795,3.053185598413965
sensor_comm,9105,straight,0.1,always,intact,0.23216200940717166,0.1274087549704249,0.07201531836988546,0.776444924556821
sensor_comm,9105,straight,0.1,always,L4 failure,1.3247121547878422,2.09359562395034,0.7687994454454061,9.30318398684192
sensor_comm,9105,straight,0.1,always,L4 slip,0.38576211076392697,0.5201717323018945,0.09319588708153756,2.5808723193385124
sensor_comm,9105,straight,0.1,dropout,intact,0.23326978511112806,0.13026281565932346,0.08094404666130099,0.7890345273062006
sensor_comm,9105,straight,0.1,dropout,L4 failure,1.4917149148648572,2.3351987563692815,1.0628558484160395,10.274526457571804
sensor_comm,9105,straight,0.1,dropout,L4 slip,0.429131615331773,0.5990961171990692,0.1737563096144688,2.9020330020746075
sensor_comm,9105,straight,0.1,intermittent,intact,0.22887280750253838,0.09562412143268581,0.07190101734676038,0.6746975740179952
sensor_comm,9105,straight,0.1,intermittent,L4 failure,1.4937183799003613,2.3511255202310575,0.9845878049304838,10.404225812329294
sensor_comm,9105,straight,0.1,intermittent,L4 slip,0.45511105155271686,0.6465954483404625,0.15653078643854296,3.156588293221778
sensor_comm,9105,straight,0.1,delayed,intact,0.23266885206736534,0.12736089295105402,0.07437584688333916,0.7777716081834732
sensor_comm,9105,straight,0.1,delayed,L4 failure,1.3535424225472605,2.138882927629525,0.792753928109201,9.499231126559684
sensor_comm,9105,straight,0.1,delayed,L4 slip,0.3936535219707315,0.5347509066698595,0.0975757685130251,2.650528706282632
sensor_comm,9105,straight,0.1,noisy,intact,0.23092661046070048,0.11345701645756964,0.07354481701804169,0.7334776863850898
sensor_comm,9105,straight,0.1,noisy,L4 failure,1.3372459501371183,2.114695943914387,0.7738354974738747,9.415234639316822
sensor_comm,9105,straight,0.1,noisy,L4 slip,0.3927040861244847,0.5321484098569422,0.08950980078962108,2.651316624768939
sensor_comm,9105,straight,0.1,stuck,intact,0.23617820275921328,0.14087689609847692,0.08926317871196052,0.8297017633235829
sensor_comm,9105,straight,0.1,stuck,L4 failure,1.4098231270650343,2.2127572060571716,0.9514985113258758,9.780071789577889
sensor_comm,9105,straight,0.1,stuck,L4 slip,0.3990504874516631,0.5443037949141141,0.12918663916106699,2.6780705194538212
sensor_comm,9105,straight,0.2,always,intact,0.2352091173403462,0.15672671736553972,0.05891485199239357,0.8763608469402708
sensor_comm,9105,straight,0.2,always,L4 failure,1.104871871376223,1.757327460101802,0.48052638104396583,7.86802299988895
sensor_comm,9105,straight,0.2,always,L4 slip,0.3178078989199152,0.38683805745761657,0.03486879864745794,1.9628944894780074
sensor_comm,9105,straight,0.2,dropout,intact,0.24274987796666442,0.17848046311608018,0.08977100114478279,0.9632968900769125
sensor_comm,9105,straight,0.2,dropout,L4 failure,1.4167856850816738,2.210418221145391,1.0322883434267938,9.689333874257947
sensor_comm,9105,straight,0.2,dropout,L4 slip,0.3774655524180529,0.5039883365877283,0.15453074265090166,2.440549977781709
sensor_comm,9105,straight,0.2,intermittent,intact,0.23051453396000202,0.11271507358115293,0.07311554297214451,0.7286090295721807
sensor_comm,9105,straight,0.2,intermittent,L4 failure,1.404799038002978,2.2157992893675975,0.8713426186452949,9.82542167026515
sensor_comm,9105,straight,0.2,intermittent,L4 slip,0.41863452193038514,0.5809803149768303,0.121126426927934,2.861475287899096
sensor_comm,9105,straight,0.2,delayed,intact,0.23699626359391274,0.16091259630012905,0.06402066389670949,0.8922573371633169
sensor_comm,9105,straight,0.2,delayed,L4 failure,1.1524616354800603,1.8325590595894774,0.5206630040562774,8.192900046086313
sensor_comm,9105,straight,0.2,delayed,L4 slip,0.32629241983251234,0.40359884762145626,0.037321998842286194,2.0468796180811566
sensor_comm,9105,straight,0.2,noisy,intact,0.23308983967914784,0.1330815730985906,0.06685429737666937,0.7986999498251374
sensor_comm,9105,straight,0.2,noisy,L4 failure,1.1173968434232917,1.7793486376560725,0.4772656800706601,8.008365634900606
sensor_comm,9105,straight,0.2,noisy,L4 slip,0.3269650404165455,0.4012369563798825,0.026520785701690253,2.0647966917111917
sensor_comm,9105,straight,0.2,stuck,intact,0.24591114095385186,0.1878574870383841,0.09671839356982619,0.9995306315976006
sensor_comm,9105,straight,0.2,stuck,L4 failure,1.2666354109418645,1.986135364304824,0.8304756249372144,8.783779917646857
sensor_comm,9105,straight,0.2,stuck,L4 slip,0.3324315383326985,0.4166951321961048,0.08082255761198046,2.083339255497146
sensor_comm,9105,straight,0.4,always,intact,0.23193399882030127,0.1626009191159023,0.02530542798603247,0.9043999842047236
sensor_comm,9105,straight,0.4,always,L4 failure,0.7846693677134947,1.25288709758758,0.22805819202749342,5.717748696331828
sensor_comm,9105,straight,0.4,always,L4 slip,0.2557874208982982,0.24940338542750098,0.01714368973690563,1.2908902900642536
sensor_comm,9105,straight,0.4,dropout,intact,0.25849797674663316,0.23872101535298418,0.09767242488094556,1.2050443744876416
sensor_comm,9105,straight,0.4,dropout,L4 failure,1.3087537183360152,2.0300019132675784,0.9885807413053325,8.84093832132862
sensor_comm,9105,straight,0.4,dropout,L4 slip,0.31068250853261997,0.3738347844807519,0.12925409795702208,1.8011572075974251
sensor_comm,9105,straight,0.4,intermittent,intact,0.23364438447803898,0.14046914468599586,0.068489106552856,0.819931715311593
sensor_comm,9105,straight,0.4,intermittent,L4 failure,1.2377992845389387,1.9614043731230342,0.6578522286133082,8.739260324628807
sensor_comm,9105,straight,0.4,intermittent,L4 slip,0.36078934943602703,0.47244178265062475,0.067221123453538,2.368002624196748
sensor_comm,9105,straight,0.4,delayed,intact,0.23595984577474394,0.17679251923332961,0.029805534671604822,0.9565196264270786
sensor_comm,9105,straight,0.4,delayed,L4 failure,0.8436755026949471,1.350563216105098,0.24816410555890628,6.139948569373067
sensor_comm,9105,straight,0.4,delayed,L4 slip,0.26021844728313864,0.2585607999526855,0.020189305040852458,1.3451003242287685
sensor_comm,9105,straight,0.4,noisy,intact,0.23321077650843874,0.14016344229760694,0.04357467339771644,0.8268645380021017
sensor_comm,9105,straight,0.4,noisy,L4 failure,0.7705834551241644,1.227207348477893,0.21493976124488823,5.7028576548661105
sensor_comm,9105,straight,0.4,noisy,L4 slip,0.2630806385942332,0.24905141775134276,0.0394908252807347,1.3710582941796259
sensor_comm,9105,straight,0.4,stuck,intact,0.251759814281407,0.22112617438101614,0.08492233876523543,1.1362614926101735
sensor_comm,9105,straight,0.4,stuck,L4 failure,1.0521490964155658,1.6468479277264205,0.6476782483951007,7.294573053387893
sensor_comm,9105,straight,0.4,stuck,L4 slip,0.26304774549295046,0.26803687120753866,0.027563271446334515,1.366632030650319
sensor_comm,9105,straight,1.0,always,intact,0.21730918979919142,0.08444649496245281,0.03487989045036151,0.6394831065298556
sensor_comm,9105,straight,1.0,always,L4 failure,0.40958951045966513,0.58701142988783,0.32940918467022967,2.8683794697734926
sensor_comm,9105,straight,1.0,always,L4 slip,0.22310507590218237,0.16897652851504336,0.008571529506925413,0.8180700933861496
sensor_comm,9105,straight,1.0,dropout,intact,0.25642404712895833,0.2416484460771479,0.08522317887000672,1.25493075568731
sensor_comm,9105,straight,1.0,dropout,L4 failure,1.1522997837493927,1.7681858755204227,0.9225748250918601,7.616738274399856
sensor_comm,9105,straight,1.0,dropout,L4 slip,0.24809421004019777,0.23554888407356223,0.10689299122551135,1.0974715916378879
sensor_comm,9105,straight,1.0,intermittent,intact,0.23363725186952455,0.1663028009385991,0.03134022384686376,0.914579630786435
sensor_comm,9105,straight,1.0,intermittent,L4 failure,0.8488768208565379,1.356269775119142,0.2401530828375685,6.157149805591096
sensor_comm,9105,straight,1.0,intermittent,L4 slip,0.26962457456303646,0.2813209881811275,0.015436221896592262,1.4658951716109074
sensor_comm,9105,straight,1.0,delayed,intact,0.21912759704601467,0.09565192635771531,0.049003826985603974,0.6876429760538596
sensor_comm,9105,straight,1.0,delayed,L4 failure,0.43930023726896084,0.6372616092313532,0.4164090242772252,3.10489438357809
sensor_comm,9105,straight,1.0,delayed,L4 slip,0.2233809323028938,0.16874673974593296,0.007845045563704588,0.8165961200431511
sensor_comm,9105,straight,1.0,noisy,intact,0.24382906552354874,0.1387130695901288,0.03671342293933258,0.8909027722825087
sensor_comm,9105,straight,1.0,noisy,L4 failure,0.3514804454246999,0.4293102273510435,0.2434547711474339,2.314619460060979
sensor_comm,9105,straight,1.0,noisy,L4 slip,0.2294271264389573,0.08545276605638305,0.05088425623978889,0.6280282026412746
sensor_comm,9105,straight,1.0,stuck,intact,0.2208897706339588,0.11729407959297485,0.012967944124683212,0.7678743895896316
sensor_comm,9105,straight,1.0,stuck,L4 failure,0.6823437397271235,1.0604492532653782,0.29466811414809646,4.763603256881139
sensor_comm,9105,straight,1.0,stuck,L4 slip,0.22390964591261728,0.17141545105378242,0.010567802204823788,0.829289208559219
sensor_comm,9105,s_lr,0.0,always,intact,0.6578135440508459,0.9095299042370385,0.07403076003193816,5.234342594120914
sensor_comm,9105,s_lr,0.0,always,L4 failure,1.098859901943378,1.464643175970648,1.2069631060065933,6.9501245464109465
sensor_comm,9105,s_lr,0.0,always,L4 slip,0.44513100287024476,0.42434142883890547,0.1956353696394602,3.097175896532312
sensor_comm,9105,s_lr,0.0,dropout,intact,0.6578135440508459,0.9095299042370385,0.07403076003193816,5.234342594120914
sensor_comm,9105,s_lr,0.0,dropout,L4 failure,1.098859901943378,1.464643175970648,1.2069631060065933,6.9501245464109465
sensor_comm,9105,s_lr,0.0,dropout,L4 slip,0.44513100287024476,0.42434142883890547,0.1956353696394602,3.097175896532312
sensor_comm,9105,s_lr,0.0,intermittent,intact,0.6578135440508459,0.9095299042370385,0.07403076003193816,5.234342594120914
sensor_comm,9105,s_lr,0.0,intermittent,L4 failure,1.098859901943378,1.464643175970648,1.2069631060065933,6.9501245464109465
sensor_comm,9105,s_lr,0.0,intermittent,L4 slip,0.44513100287024476,0.42434142883890547,0.1956353696394602,3.097175896532312
sensor_comm,9105,s_lr,0.0,delayed,intact,0.6578135440508459,0.9095299042370385,0.07403076003193816,5.234342594120914
sensor_comm,9105,s_lr,0.0,delayed,L4 failure,1.098859901943378,1.464643175970648,1.2069631060065933,6.9501245464109465
sensor_comm,9105,s_lr,0.0,delayed,L4 slip,0.44513100287024476,0.42434142883890547,0.1956353696394602,3.097175896532312
sensor_comm,9105,s_lr,0.0,noisy,intact,0.6578135440508459,0.9095299042370385,0.07403076003193816,5.234342594120914
sensor_comm,9105,s_lr,0.0,noisy,L4 failure,1.098859901943378,1.464643175970648,1.2069631060065933,6.9501245464109465
sensor_comm,9105,s_lr,0.0,noisy,L4 slip,0.44513100287024476,0.42434142883890547,0.1956353696394602,3.097175896532312
sensor_comm,9105,s_lr,0.0,stuck,intact,0.6578135440508459,0.9095299042370385,0.07403076003193816,5.234342594120914
sensor_comm,9105,s_lr,0.0,stuck,L4 failure,1.098859901943378,1.464643175970648,1.2069631060065933,6.9501245464109465
sensor_comm,9105,s_lr,0.0,stuck,L4 slip,0.44513100287024476,0.42434142883890547,0.1956353696394602,3.097175896532312
sensor_comm,9105,s_lr,0.025,always,intact,0.6224560876077593,0.8327080260867383,0.025576044003804477,4.91912742667448
sensor_comm,9105,s_lr,0.025,always,L4 failure,1.1222447928524093,1.5027821652561624,1.2023028006513876,7.093218797313772
sensor_comm,9105,s_lr,0.025,always,L4 slip,0.4354453623147898,0.39326182311767766,0.2312154202196476,2.966814197573107
sensor_comm,9105,s_lr,0.025,dropout,intact,0.6475691552220251,0.8881535741142521,0.06665322784162556,5.144220988613402
sensor_comm,9105,s_lr,0.025,dropout,L4 failure,1.1135722029617037,1.487350454773851,1.2168074443850063,7.034092777972176
sensor_comm,9105,s_lr,0.025,dropout,L4 slip,0.44113567137331167,0.41248834525152506,0.20284039863044545,3.046626975946626
sensor_comm,9105,s_lr,0.025,intermittent,intact,0.6454690217113167,0.8832486746324542,0.0573145011574431,5.126502111433649
sensor_comm,9105,s_lr,0.025,intermittent,L4 failure,1.1068326337503478,1.4775322352293352,1.2057974323455007,6.998639230877998
sensor_comm,9105,s_lr,0.025,intermittent,L4 slip,0.44142975432988324,0.41229304586884813,0.20835048972997114,3.047142993829878
sensor_comm,9105,s_lr,0.025,delayed,intact,0.6266948730066595,0.8412634013616426,0.02780063774349647,4.957455600959203
sensor_comm,9105,s_lr,0.025,delayed,L4 failure,1.1220858873723167,1.5010993272988007,1.2074497863108715,7.090972194990006
sensor_comm,9105,s_lr,0.025,delayed,L4 slip,0.43716225340821324,0.39655471434178097,0.23071807044382003,2.9839387205121852
sensor_comm,9105,s_lr,0.025,noisy,intact,0.6191569471932735,0.8271217751851507,0.025347619464269805,4.890088751718842
sensor_comm,9105,s_lr,0.025,noisy,L4 failure,1.1248750232651106,1.507875361205508,1.2030735593699473,7.105960480396106
sensor_comm,9105,s_lr,0.025,noisy,L4 slip,0.43360156420245494,0.39080988529077987,0.23088033751362938,2.950876829592817
sensor_comm,9105,s_lr,0.025,stuck,intact,0.6272202740707767,0.8435369398090234,0.033668071070693154,4.962846130316507
sensor_comm,9105,s_lr,0.025,stuck,L4 failure,1.1390668395367163,1.5230886196414093,1.2536799225581956,7.17443959561596
sensor_comm,9105,s_lr,0.025,stuck,L4 slip,0.43567675253383426,0.39339867086037794,0.23554938532379194,2.967627901291423
sensor_comm,9105,s_lr,0.05,always,intact,0.5903345201246882,0.7581682547178177,0.034000252445701956,4.612654269991251
sensor_comm,9105,s_lr,0.05,always,L4 failure,1.1443997809859092,1.5397896370327542,1.1946094884629446,7.230904016243134
sensor_comm,9105,s_lr,0.05,always,L4 slip,0.42968276364518665,0.37549568767288655,0.2635530562430641,2.8890738474358812
sensor_comm,9105,s_lr,0.05,dropout,intact,0.6369322919408319,0.8658506498669638,0.05909326300874533,5.049647887838764
sensor_comm,9105,s_lr,0.05,dropout,L4 failure,1.1288330731564613,1.5111110466029642,1.2268590471133372,7.121316604273372
sensor_comm,9105,s_lr,0.05,dropout,L4 slip,0.4371460663342811,0.4010671480959293,0.21026038937889896,2.9969388204679728
sensor_comm,9105,s_lr,0.05,intermittent,intact,0.6333710599460292,0.8569785262785482,0.04076823929284079,5.018637663899748
sensor_comm,9105,s_lr,0.05,intermittent,L4 failure,1.1146424987735022,1.4902621316670424,1.2042946369615009,7.046409529478055
sensor_comm,9105,s_lr,0.05,intermittent,L4 slip,0.43818471342196963,0.40184806409132745,0.2207777248449087,3.003437614098363
sensor_comm,9105,s_lr,0.05,delayed,intact,0.5980941693660985,0.7743984692394837,0.03262685528543735,4.6858382644329835
sensor_comm,9105,s_lr,0.05,delayed,L4 failure,1.144649272809849,1.5371204046080564,1.2056236823663222,7.229325769495256
sensor_comm,9105,s_lr,0.05,delayed,L4 slip,0.43243933477459245,0.3799199069810272,0.2635028077410307,2.9147913220027983
sensor_comm,9105,s_lr,0.05,noisy,intact,0.5841231765458029,0.747602135207108,0.03385472285946088,4.5569857224516035
sensor_comm,9105,s_lr,0.05,noisy,L4 failure,1.1490921360875774,1.549225216757695,1.1956064971758336,7.253472146117315
sensor_comm,9105,s_lr,0.05,noisy,L4 slip,0.4263939923910812,0.37179478347489764,0.2624525911658642,2.8620006446342723
sensor_comm,9105,s_lr,0.05,stuck,intact,0.5981392715559077,0.7773087392178236,0.025512026953144206,4.689929344072619
sensor_comm,9105,s_lr,0.05,stuck,L4 failure,1.1795120482591883,1.582387908218944,1.300163294178932,7.4012584515741295
sensor_comm,9105,s_lr,0.05,stuck,L4 slip,0.42996998633904704,0.37524262875296677,0.2755892923438405,2.8885359177234657
sensor_comm,9105,s_lr,0.1,always,intact,0.5366967273387779,0.6172359539876917,0.10160606085912423,4.031375856764811
sensor_comm,9105,s_lr,0.1,always,L4 failure,1.184619069606284,1.6097258170872322,1.1702063294104854,7.4875674000632735
sensor_comm,9105,s_lr,0.1,always,L4 slip,0.4289434075419938,0.37236472611087945,0.31822787076158815,2.861538220690697
sensor_comm,9105,s_lr,0.1,dropout,intact,0.6146943989830452,0.8187412443735671,0.043494968582388535,4.848441776208584
sensor_comm,9105,s_lr,0.1,dropout,L4 failure,1.1608136886168097,1.5615336855712636,1.2474664658630368,7.3047296704789435
sensor_comm,9105,s_lr,0.1,dropout,L4 slip,0.4295001102077043,0.38042070048615145,0.22566225008021937,2.9039486186642103
sensor_comm,9105,s_lr,0.1,intermittent,intact,0.6100016618464509,0.8045538566248454,0.01558288833603443,4.80317405005964
sensor_comm,9105,s_lr,0.1,intermittent,L4 failure,1.1297530601544683,1.515213413193361,1.2002654987488475,7.1396010250868445
sensor_comm,9105,s_lr,0.1,intermittent,L4 slip,0.4330818303385062,0.38577122712608436,0.24472939874755043,2.935027780965867
sensor_comm,9105,s_lr,0.1,delayed,intact,0.5493829162303487,0.6460226677986975,0.09910383116102303,4.163156878705965
sensor_comm,9105,s_lr,0.1,delayed,L4 failure,1.187417457262171,1.607304974536547,1.1948991688985693,7.496466299156099
sensor_comm,9105,s_lr,0.1,delayed,L4 slip,0.4323272211280114,0.3753397359932052,0.3217205340839609,2.8898373112949187
sensor_comm,9105,s_lr,0.1,noisy,intact,0.5257690016456765,0.5985065703914204,0.0998639405692113,3.929681608359296
sensor_comm,9105,s_lr,0.1,noisy,L4 failure,1.1918130126846902,1.625603724748315,1.1703404689063088,7.521221060476908
sensor_comm,9105,s_lr,0.1,noisy,L4 slip,0.42365176046269004,0.36817841588570743,0.31448143632853964,2.8203268298798214
sensor_comm,9105,s_lr,0.1,stuck,intact,0.546103825518006,0.6452679158201057,0.08983736468743304,4.144568936004179
sensor_comm,9105,s_lr,0.1,stuck,L4 failure,1.2605125313492285,1.702715091407751,1.3919497055316767,7.859335159578584
sensor_comm,9105,s_lr,0.1,stuck,L4 slip,0.4307967924522914,0.3750744903276633,0.35570537104978095,2.873108501298508
sensor_comm,9105,s_lr,0.2,always,intact,0.4732016516236294,0.39943596472471465,0.22240712811835275,3.122772156443439
sensor_comm,9105,s_lr,0.2,always,L4 failure,1.2466369461727322,1.7294036106796262,1.0868822413067718,7.912213222266212
sensor_comm,9105,s_lr,0.2,always,L4 slip,0.45852601671548604,0.44342073148205297,0.3879460828305289,3.110530178642117
sensor_comm,9105,s_lr,0.2,dropout,intact,0.5678424798308692,0.7163409474058751,0.013735440302447392,4.406360049804252
sensor_comm,9105,s_lr,0.2,dropout,L4 failure,1.229376627805314,1.6722242409182904,1.2899604723028346,7.701905962433523
sensor_comm,9105,s_lr,0.2,dropout,L4 slip,0.4176430013338466,0.3529744154734679,0.25817554390574504,2.7650890228438265
sensor_comm,9105,s_lr,0.2,intermittent,intact,0.5671537247890044,0.700741490954109,0.05782182824435746,4.37565850217772
sensor_comm,9105,s_lr,0.2,intermittent,L4 failure,1.1578050416542522,1.5628770787640316,1.1880391541468538,7.3158252700804525
sensor_comm,9105,s_lr,0.2,intermittent,L4 slip,0.4284202764296147,0.3714272080737081,0.2887842968615024,2.868487026115254
sensor_comm,9105,s_lr,0.2,delayed,intact,0.48925438473320226,0.43292633497657834,0.2289652811444136,3.2898764218663885
sensor_comm,9105,s_lr,0.2,delayed,L4 failure,1.2613262005090702,1.7367991582381919,1.144866480424405,7.979539514911668
sensor_comm,9105,s_lr,0.2,delayed,L4 slip,0.46197784360623195,0.44286838643244586,0.4070129097268442,3.1418861724135683
sensor_comm,9105,s_lr,0.2,noisy,intact,0.4563749704238051,0.3756893649996974,0.2136793711524873,2.975002813297673
sensor_comm,9105,s_lr,0.2,noisy,L4 failure,1.2527708709137424,1.7492282177686527,1.0809241512045322,7.934737040777859
sensor_comm,9105,s_lr,0.2,noisy,L4 slip,0.45033006722243923,0.43893433760146594,0.3759063481975852,3.0447302860167036
sensor_comm,9105,s_lr,0.2,stuck,intact,0.47812111066086704,0.4223263489021944,0.24743721426628582,3.2152087871407646
sensor_comm,9105,s_lr,0.2,stuck,L4 failure,1.4193100247295318,1.9449667832081126,1.567902743210792,8.77365743068419
sensor_comm,9105,s_lr,0.2,stuck,L4 slip,0.4798323590607936,0.4840234452875549,0.5139086690056766,3.2737300125757423
sensor_comm,9105,s_lr,0.4,always,intact,0.47025808743777076,0.47488479462948624,0.31801995410063977,3.3476385194547746
sensor_comm,9105,s_lr,0.4,always,L4 failure,1.287216313542811,1.8656435268682525,0.7999022558545451,8.329597043069246
sensor_comm,9105,s_lr,0.4,always,L4 slip,0.5497167014830668,0.6413076813615995,0.39236706428011836,3.8192402327400496
sensor_comm,9105,s_lr,0.4,dropout,intact,0.4764445636940788,0.4923096464726804,0.057172492223618046,3.4261945434995895
sensor_comm,9105,s_lr,0.4,dropout,L4 failure,1.3761169383713772,1.9194896853890462,1.3752853571072916,8.574729339950713
sensor_comm,9105,s_lr,0.4,dropout,L4 slip,0.42065501088752894,0.3723193859608568,0.32634400386361584,2.760598714727196
sensor_comm,9105,s_lr,0.4,intermittent,intact,0.5009969436919369,0.5019814628837415,0.16244600229979964,3.553550958424027
sensor_comm,9105,s_lr,0.4,intermittent,L4 failure,1.2043422591691162,1.647801394539174,1.1464928259979685,7.622304442902035
sensor_comm,9105,s_lr,0.4,intermittent,L4 slip,0.43933150048317327,0.3972632855720043,0.360184201982781,2.950035633754404
sensor_comm,9105,s_lr,0.4,delayed,intact,0.4909779002555266,0.5070170628217772,0.3618896837662864,3.5397214255648546
sensor_comm,9105,s_lr,0.4,delayed,L4 failure,1.3491623649354756,1.929192737827687,0.9350618213744116,8.654729376140883
sensor_comm,9105,s_lr,0.4,delayed,L4 slip,0.5671777727713385,0.661873299396649,0.45597330652250967,3.968201722364711
sensor_comm,9105,s_lr,0.4,noisy,intact,0.4462443728110181,0.4496664079197596,0.2914096996961434,3.1478502183563095
sensor_comm,9105,s_lr,0.4,noisy,L4 failure,1.2736067107600135,1.8626624018201117,0.7764448483467126,8.222989629816071
sensor_comm,9105,s_lr,0.4,noisy,L4 slip,0.5306306138337142,0.6232022148465519,0.36287002797787304,3.660144234550447
sensor_comm,9105,s_lr,0.4,stuck,intact,0.527672562327083,0.6078204538986076,0.546328644271014,3.8788752206645465
sensor_comm,9105,s_lr,0.4,stuck,L4 failure,1.7037429510214157,2.402461479131734,1.8722596093539257,10.473183528642416
sensor_comm,9105,s_lr,0.4,stuck,L4 slip,0.6883256943434714,0.851843270507618,0.8079268411503671,4.662610511587869
sensor_comm,9105,s_lr,1.0,always,intact,0.5275844821989681,0.6747918199430567,0.2940914524384636,3.9348821790825497
sensor_comm,9105,s_lr,1.0,always,L4 failure,0.9332589138989243,1.4857713743966037,0.7391871830358602,6.5453382607091815
sensor_comm,9105,s_lr,1.0,always,L4 slip,0.5933729792919431,0.8141057469812731,0.40646289677710684,4.247518598157849
sensor_comm,9105,s_lr,1.0,dropout,intact,0.41009977851647833,0.39432673256229894,0.23904412537990366,2.7533568959969634
sensor_comm,9105,s_lr,1.0,dropout,L4 failure,1.7711870056753223,2.624844099661378,1.5789592238735053,11.092782067582043
sensor_comm,9105,s_lr,1.0,dropout,L4 slip,0.6294772246911623,0.7993453936473768,0.5074518601400821,4.170662369246729
sensor_comm,9105,s_lr,1.0,intermittent,intact,0.46892429242275663,0.4656064496745418,0.33283535640332007,3.3142603335399423
sensor_comm,9105,s_lr,1.0,intermittent,L4 failure,1.2595076454218281,1.802271663904087,0.8897462429201894,8.11478258201731
sensor_comm,9105,s_lr,1.0,intermittent,L4 slip,0.5503180193993394,0.6346078521735316,0.43735115892860926,3.8138607678014704
sensor_comm,9105,s_lr,1.0,delayed,intact,0.5955289350932924,0.7878879459754351,0.35105639968000046,4.520160549751699
sensor_comm,9105,s_lr,1.0,delayed,L4 failure,1.1119909191654362,1.7657228516831336,0.8766067062436443,7.732401599311946
sensor_comm,9105,s_lr,1.0,delayed,L4 slip,0.6746746196450796,0.9401612864068877,0.4829780603198833,4.886541598439788
sensor_comm,9105,s_lr,1.0,noisy,intact,0.48438126266349196,0.6194400768583033,0.2619973526384684,3.5546903437795336
sensor_comm,9105,s_lr,1.0,noisy,L4 failure,0.8491409892583501,1.3477118516872841,0.6957897270772465,5.88839872799774
sensor_comm,9105,s_lr,1.0,noisy,L4 slip,0.5395842522691355,0.7360716436065282,0.36212526659690025,3.834987063990078
sensor_comm,9105,s_lr,1.0,stuck,intact,1.0571095368141628,1.5150623909064247,1.1315069002583655,7.325808775662579
sensor_comm,9105,s_lr,1.0,stuck,L4 failure,2.1873759195262603,3.2530166301774583,2.2862755353909803,13.61424733699576
sensor_comm,9105,s_lr,1.0,stuck,L4 slip,1.2648634874264697,1.794083533356892,1.363922746812846,8.205121196010552
sensor_comm,9105,s_rl,0.0,always,intact,0.6929876291489354,0.835708996910552,0.04393719810937258,5.223685386101169
sensor_comm,9105,s_rl,0.0,always,L4 failure,2.1966031817466054,3.501763273774576,0.9959653056877151,16.992952910671644
sensor_comm,9105,s_rl,0.0,always,L4 slip,1.2211964373154551,1.827601244133406,0.24886107440909316,9.80125319437088
sensor_comm,9105,s_rl,0.0,dropout,intact,0.6929876291489354,0.835708996910552,0.04393719810937258,5.223685386101169
sensor_comm,9105,s_rl,0.0,dropout,L4 failure,2.1966031817466054,3.501763273774576,0.9959653056877151,16.992952910671644
sensor_comm,9105,s_rl,0.0,dropout,L4 slip,1.2211964373154551,1.827601244133406,0.24886107440909316,9.80125319437088
sensor_comm,9105,s_rl,0.0,intermittent,intact,0.6929876291489354,0.835708996910552,0.04393719810937258,5.223685386101169
sensor_comm,9105,s_rl,0.0,intermittent,L4 failure,2.1966031817466054,3.501763273774576,0.9959653056877151,16.992952910671644
sensor_comm,9105,s_rl,0.0,intermittent,L4 slip,1.2211964373154551,1.827601244133406,0.24886107440909316,9.80125319437088
sensor_comm,9105,s_rl,0.0,delayed,intact,0.6929876291489354,0.835708996910552,0.04393719810937258,5.223685386101169
sensor_comm,9105,s_rl,0.0,delayed,L4 failure,2.1966031817466054,3.501763273774576,0.9959653056877151,16.992952910671644
sensor_comm,9105,s_rl,0.0,delayed,L4 slip,1.2211964373154551,1.827601244133406,0.24886107440909316,9.80125319437088
sensor_comm,9105,s_rl,0.0,noisy,intact,0.6929876291489354,0.835708996910552,0.04393719810937258,5.223685386101169
sensor_comm,9105,s_rl,0.0,noisy,L4 failure,2.1966031817466054,3.501763273774576,0.9959653056877151,16.992952910671644
sensor_comm,9105,s_rl,0.0,noisy,L4 slip,1.2211964373154551,1.827601244133406,0.24886107440909316,9.80125319437088
sensor_comm,9105,s_rl,0.0,stuck,intact,0.6929876291489354,0.835708996910552,0.04393719810937258,5.223685386101169
sensor_comm,9105,s_rl,0.0,stuck,L4 failure,2.1966031817466054,3.501763273774576,0.9959653056877151,16.992952910671644
sensor_comm,9105,s_rl,0.0,stuck,L4 slip,1.2211964373154551,1.827601244133406,0.24886107440909316,9.80125319437088
sensor_comm,9105,s_rl,0.025,always,intact,0.643403343010495,0.7189618369243046,0.08595166334387852,4.70636358963879
sensor_comm,9105,s_rl,0.025,always,L4 failure,2.0566076880099895,3.2726664307067366,0.8548948463994422,16.010217240187966
sensor_comm,9105,s_rl,0.025,always,L4 slip,1.1227273288635247,1.6487549064620197,0.15292021023329117,9.02281179885003
sensor_comm,9105,s_rl,0.025,dropout,intact,0.6635952006629516,0.7748806941417027,0.052495819954606636,4.93640581566596
sensor_comm,9105,s_rl,0.025,dropout,L4 failure,2.129289355463603,3.390451066866988,0.9654307568072731,16.486243929288538
sensor_comm,9105,s_rl,0.025,dropout,L4 slip,1.171409414948911,1.7411681618532469,0.2291601702557215,9.399124628717491
sensor_comm,9105,s_rl,0.025,intermittent,intact,0.6754839217947068,0.79550250974332,0.05752835310163003,5.045865645550002
sensor_comm,9105,s_rl,0.025,intermittent,L4 failure,2.1497068557814156,3.425160909745711,0.9484393590736222,16.664284886260297
sensor_comm,9105,s_rl,0.025,intermittent,L4 slip,1.187574685726281,1.7669316886268742,0.21518591243305848,9.538623611972445
sensor_comm,9105,s_rl,0.025,delayed,intact,0.6482309553062238,0.7293461188687637,0.08494775293317702,4.755479175134157
sensor_comm,9105,s_rl,0.025,delayed,L4 failure,2.071666702157441,3.297654221657403,0.8621491642558208,16.122770944238724
sensor_comm,9105,s_rl,0.025,delayed,L4 slip,1.1328797048007622,1.6668009261664516,0.15761557366248757,9.105624885212078
sensor_comm,9105,s_rl,0.025,noisy,intact,0.6461633498898673,0.7242119249138808,0.08580220985938375,4.732916676888445
sensor_comm,9105,s_rl,0.025,noisy,L4 failure,2.0644583854560206,3.2853597193598647,0.8617538419121388,16.067660067997657
sensor_comm,9105,s_rl,0.025,noisy,L4 slip,1.1269874471927404,1.6560741601618942,0.15660161414606957,9.057280058578582
sensor_comm,9105,s_rl,0.025,stuck,intact,0.6465411671314429,0.7280792108331177,0.08216121450934462,4.743487332718323
sensor_comm,9105,s_rl,0.025,stuck,L4 failure,2.0675681331524256,3.290381409280502,0.8728481537467594,16.081473623202758
sensor_comm,9105,s_rl,0.025,stuck,L4 slip,1.1335178011645215,1.6694894377144407,0.17361957709842585,9.106480913898489
sensor_comm,9105,s_rl,0.05,always,intact,0.6021734608841646,0.6143926312176504,0.1279434971017611,4.239728966031434
sensor_comm,9105,s_rl,0.05,always,L4 failure,1.9171796332695656,3.043012046713668,0.7146724467728827,15.026973110322642
sensor_comm,9105,s_rl,0.05,always,L4 slip,1.0325714531165338,1.479813575017284,0.06567311741769014,8.285907574762348
sensor_comm,9105,s_rl,0.05,dropout,intact,0.6362721333314967,0.716900960223007,0.061601579106702956,4.662150707088364
sensor_comm,9105,s_rl,0.05,dropout,L4 failure,2.063900565342225,3.282237453362407,0.9358331335685751,15.99386723589322
sensor_comm,9105,s_rl,0.05,dropout,L4 slip,1.1237480457883275,1.6579919378629413,0.21023945751407563,9.011815119747679
sensor_comm,9105,s_rl,0.05,intermittent,intact,0.6589747555903738,0.7566369055063341,0.07152299732536146,4.8736539677977975
sensor_comm,9105,s_rl,0.05,intermittent,L4 failure,2.1027262171856544,3.348290895677067,0.9009660101972662,16.334687074026725
sensor_comm,9105,s_rl,0.05,intermittent,L4 slip,1.154709085460755,1.7070368573389658,0.18195844898669625,9.279343698824261
sensor_comm,9105,s_rl,0.05,delayed,intact,0.6102980755410506,0.6324581745341072,0.12655810055421352,4.326451468804733
sensor_comm,9105,s_rl,0.05,delayed,L4 failure,1.9467626050861517,3.0923040856684585,0.7289034366994327,15.248642672526794
sensor_comm,9105,s_rl,0.05,delayed,L4 slip,1.050684692810503,1.5125838818026673,0.07239589139775263,8.43748268697459
sensor_comm,9105,s_rl,0.05,noisy,intact,0.6072027391440435,0.6240629255503318,0.12792281322928117,4.28954884218096
sensor_comm,9105,s_rl,0.05,noisy,L4 failure,1.9323402739189122,3.067592988175816,0.7279436699127518,15.138523239713557
sensor_comm,9105,s_rl,0.05,noisy,L4 slip,1.0395663920636096,1.4917623384085879,0.06927796144764366,8.344099336235912
sensor_comm,9105,s_rl,0.05,stuck,intact,0.6066538507716522,0.6289846051954653,0.12393721071403059,4.299307919353371
sensor_comm,9105,s_rl,0.05,stuck,L4 failure,1.9410111669168477,3.081944787554568,0.7535367195846993,15.18356034540244
sensor_comm,9105,s_rl,0.05,stuck,L4 slip,1.0514639966429944,1.517913782493481,0.10199621548597962,8.43973464368975
sensor_comm,9105,s_rl,0.1,always,intact,0.5422833703162051,0.45567796934628557,0.1976931498571195,3.5137716738463514
sensor_comm,9105,s_rl,0.1,always,L4 failure,1.6437681132216344,2.5855591348258984,0.43713022011138636,13.072966196301492
sensor_comm,9105,s_rl,0.1,always,L4 slip,0.879500784887961,1.1766158609856252,0.08717015262103266,6.956474718569186
sensor_comm,9105,s_rl,0.1,dropout,intact,0.5875930325007964,0.6093600403534737,0.08107059837769358,4.151926816250515
sensor_comm,9105,s_rl,0.1,dropout,L4 failure,1.9387091700034254,3.0747846969169346,0.8793101685211852,15.050554490257767
sensor_comm,9105,s_rl,0.1,dropout,L4 slip,1.0344968121238471,1.500863623302863,0.17457898811831116,8.279207437116927
sensor_comm,9105,s_rl,0.1,intermittent,intact,0.6288305005122954,0.6829774227983807,0.10017659875465013,4.546234679596275
sensor_comm,9105,s_rl,0.1,intermittent,L4 failure,2.0086529926700587,3.193897211432656,0.8061793994502798,15.673316081199141
sensor_comm,9105,s_rl,0.1,intermittent,L4 slip,1.091810928408251,1.5905598407240376,0.11784616856764427,8.774773834865746
sensor_comm,9105,s_rl,0.1,delayed,intact,0.553573795123501,0.47946518705294994,0.19945522387598086,3.635235162493451
sensor_comm,9105,s_rl,0.1,delayed,L4 failure,1.6999441360812768,2.6805064161796888,0.46435139422288135,13.499025422260997
sensor_comm,9105,s_rl,0.1,delayed,L4 slip,0.9078006198367178,1.2296978995255639,0.08622947219065766,7.206847691670878
sensor_comm,9105,s_rl,0.1,noisy,intact,0.5504527849564854,0.469640792647663,0.19909265889794353,3.591944766500906
sensor_comm,9105,s_rl,0.1,noisy,L4 failure,1.6711857805168508,2.6305089134797814,0.4617189045457829,13.278604794760122
sensor_comm,9105,s_rl,0.1,noisy,L4 slip,0.889403698766054,1.192548955125432,0.08793891320528494,7.04093053479797
sensor_comm,9105,s_rl,0.1,stuck,intact,0.5469197144871153,0.47417491477816737,0.20731820305683907,3.58980280869536
sensor_comm,9105,s_rl,0.1,stuck,L4 failure,1.6974135108235675,2.6760981242351045,0.5260089779198482,13.437046342976268
sensor_comm,9105,s_rl,0.1,stuck,L4 slip,0.905248410640713,1.235183332947044,0.05396324447135675,7.193399354345747
sensor_comm,9105,s_rl,0.2,always,intact,0.4903135180830518,0.37040779516318156,0.27360511323109404,3.010883615864672
sensor_comm,9105,s_rl,0.2,always,L4 failure,1.1520921880379005,1.7065677535529364,0.13937603837990656,9.328014838731526
sensor_comm,9105,s_rl,0.2,always,L4 slip,0.6754930194315553,0.7233127444299127,0.2553813446154579,4.931431931698761
sensor_comm,9105,s_rl,0.2,dropout,intact,0.5125039464946802,0.4314376711821625,0.12179775769437032,3.296794566483863
sensor_comm,9105,s_rl,0.2,dropout,L4 failure,1.709332794573622,2.693499557769452,0.7760509002236924,13.318759001459041
sensor_comm,9105,s_rl,0.2,dropout,L4 slip,0.8784173838394529,1.220130852083055,0.1109949880392169,6.966854431941636
sensor_comm,9105,s_rl,0.2,intermittent,intact,0.5792542158734943,0.5534911812206204,0.15424443696442375,3.965482539704524
sensor_comm,9105,s_rl,0.2,intermittent,L4 failure,1.8210577641190826,2.8834774607888973,0.6172575036313532,14.345903640871988
sensor_comm,9105,s_rl,0.2,intermittent,L4 slip,0.9790531520485504,1.3742011063090693,0.0289512639600435,7.834886060821265
sensor_comm,9105,s_rl,0.2,delayed,intact,0.5019202925971789,0.38610542648534585,0.2893124628484382,3.117216331078766
sensor_comm,9105,s_rl,0.2,delayed,L4 failure,1.242995668696809,1.871981219602538,0.11527905489171664,10.071945770739767
sensor_comm,9105,s_rl,0.2,delayed,L4 slip,0.7076013884830077,0.7829554100876711,0.26860213875600764,5.235317192464364
sensor_comm,9105,s_rl,0.2,noisy,intact,0.5007578146254202,0.3782400693268554,0.2808715216190424,3.0864738166174313
sensor_comm,9105,s_rl,0.2,noisy,L4 failure,1.1905969126656473,1.7737349817695773,0.10763296978464723,9.645177411154991
sensor_comm,9105,s_rl,0.2,noisy,L4 slip,0.6878134959179347,0.7357754678670757,0.2657964872825496,5.021690227313408
sensor_comm,9105,s_rl,0.2,stuck,intact,0.503618021186237,0.41366509692853287,0.34895508982643986,3.1866111291822996
sensor_comm,9105,s_rl,0.2,stuck,L4 failure,1.2614378549548817,1.9199532773025616,0.11292825281566729,10.18587329197677
sensor_comm,9105,s_rl,0.2,stuck,L4 slip,0.6927836551449639,0.775106264318647,0.26171349099846497,5.14285915712513
sensor_comm,9105,s_rl,0.4,always,intact,0.4975189770813798,0.4646438143806987,0.2706502563402903,3.131051145899338
sensor_comm,9105,s_rl,0.4,always,L4 failure,0.6939261417254633,0.7535283408758695,0.4594385466862224,5.12828531452081
sensor_comm,9105,s_rl,0.4,always,L4 slip,0.5481341080657712,0.5057216958494746,0.3404815727528524,3.712574781962865
sensor_comm,9105,s_rl,0.4,dropout,intact,0.43762487551086804,0.29558240324574925,0.18726716795674841,2.5213068688271236
sensor_comm,9105,s_rl,0.4,dropout,L4 failure,1.3243239311804909,2.047812002866533,0.6023865291359614,10.391009077424313
sensor_comm,9105,s_rl,0.4,dropout,L4 slip,0.6447193927504069,0.7728494749999463,0.02081435942976201,4.862170345396839
sensor_comm,9105,s_rl,0.4,intermittent,intact,0.5163953460671759,0.39669744468056833,0.2309602750905327,3.2228494932901057
sensor_comm,9105,s_rl,0.4,intermittent,L4 failure,1.456646468555947,2.263196748518974,0.242174226829377,11.701370696850523
sensor_comm,9105,s_rl,0.4,intermittent,L4 slip,0.8008243478314004,1.0009799727810282,0.16189036315327116,6.203869722903035
sensor_comm,9105,s_rl,0.4,delayed,intact,0.515057474099985,0.48622331641932154,0.3176780852093636,3.276979103094972
sensor_comm,9105,s_rl,0.4,delayed,L4 failure,0.7494653659237489,0.8340025915649416,0.5675349301228501,5.5792968255845
sensor_comm,9105,s_rl,0.4,delayed,L4 slip,0.5759031256262007,0.5408153722098372,0.4061664952615807,3.948610677633665
sensor_comm,9105,s_rl,0.4,noisy,intact,0.5100118318387151,0.46315244190416854,0.2938285765384559,3.2093863764386663
sensor_comm,9105,s_rl,0.4,noisy,L4 failure,0.7097626890461419,0.7490003134244587,0.4898812856852068,5.19190330389189
sensor_comm,9105,s_rl,0.4,noisy,L4 slip,0.5652935726695439,0.510257782152397,0.3663266421106549,3.804373825442541
sensor_comm,9105,s_rl,0.4,stuck,intact,0.6006493678747274,0.6451091466647059,0.5549512271807651,3.853907785488877
sensor_comm,9105,s_rl,0.4,stuck,L4 failure,0.722722217711215,0.8317580465296551,0.5654335396961043,5.448787605080781
sensor_comm,9105,s_rl,0.4,stuck,L4 slip,0.6146403408004183,0.6478308303670406,0.6101734997540366,4.284850656040859
sensor_comm,9105,s_rl,1.0,always,intact,0.5193581074447307,0.6313706011120995,0.268111610726978,3.3572978523828527
sensor_comm,9105,s_rl,1.0,always,L4 failure,0.5657935127802254,0.6472056645166268,0.5994764987754244,3.9506406318579455
sensor_comm,9105,s_rl,1.0,always,L4 slip,0.5395583469255117,0.634800170261579,0.35662067160417726,3.5849979718786096
sensor_comm,9105,s_rl,1.0,dropout,intact,0.49329360018010526,0.5300987370827774,0.2990021314826621,3.039486776283752
sensor_comm,9105,s_rl,1.0,dropout,L4 failure,0.6039601403833136,0.768259423935014,0.2534518063343264,4.592582325642515
sensor_comm,9105,s_rl,1.0,dropout,L4 slip,0.4310666451702211,0.38620457391756136,0.17937704464847873,2.703718383216238
sensor_comm,9105,s_rl,1.0,intermittent,intact,0.4867639882991875,0.4181050810758264,0.28102046370225453,3.02813233604776
sensor_comm,9105,s_rl,1.0,intermittent,L4 failure,0.7423873388345716,0.7953621830215774,0.4465783296282642,5.409709253004884
sensor_comm,9105,s_rl,1.0,intermittent,L4 slip,0.5728490403056908,0.49541425266090633,0.3778853453920285,3.8392190325595053
sensor_comm,9105,s_rl,1.0,delayed,intact,0.5719732536566059,0.7126174040305424,0.31687167883142686,3.7296238524121836
sensor_comm,9105,s_rl,1.0,delayed,L4 failure,0.6899814230201682,0.8447777610419969,0.7282737928604484,4.8967700708609
sensor_comm,9105,s_rl,1.0,delayed,L4 slip,0.6150083502681287,0.7486492778228122,0.4217858233959415,4.136020308519568
sensor_comm,9105,s_rl,1.0,noisy,intact,0.5585447181159575,0.6564621152437102,0.2754485508862436,3.633709455309658
sensor_comm,9105,s_rl,1.0,noisy,L4 failure,0.592225455485977,0.6490682591463257,0.5801255577266453,4.067088240330824
sensor_comm,9105,s_rl,1.0,noisy,L4 slip,0.5784976472280313,0.6626362602542797,0.35399777079426664,3.8300048267446978
sensor_comm,9105,s_rl,1.0,stuck,intact,0.9614471781384338,1.2946019471350039,0.8422301531183145,5.995114266014167
sensor_comm,9105,s_rl,1.0,stuck,L4 failure,1.441871575250275,1.9076044565448385,1.7770889076161598,8.981660356649297
sensor_comm,9105,s_rl,1.0,stuck,L4 slip,1.1254443081458747,1.5022686241266725,1.12386857132288,7.041763791859779
sensor_comm,9105,sine,0.0,always,intact,0.6083434255456932,0.8892573763496276,0.1367823052853823,4.363379043550414
sensor_comm,9105,sine,0.0,always,L4 failure,1.2421918099792426,1.8958308987517714,1.0298266319219198,8.110399238633764
sensor_comm,9105,sine,0.0,always,L4 slip,0.28519740115445347,0.21894079840763755,0.15677184028282073,1.105311385634519
sensor_comm,9105,sine,0.0,dropout,intact,0.6083434255456932,0.8892573763496276,0.1367823052853823,4.363379043550414
sensor_comm,9105,sine,0.0,dropout,L4 failure,1.2421918099792426,1.8958308987517714,1.0298266319219198,8.110399238633764
sensor_comm,9105,sine,0.0,dropout,L4 slip,0.28519740115445347,0.21894079840763755,0.15677184028282073,1.105311385634519
sensor_comm,9105,sine,0.0,intermittent,intact,0.6083434255456932,0.8892573763496276,0.1367823052853823,4.363379043550414
sensor_comm,9105,sine,0.0,intermittent,L4 failure,1.2421918099792426,1.8958308987517714,1.0298266319219198,8.110399238633764
sensor_comm,9105,sine,0.0,intermittent,L4 slip,0.28519740115445347,0.21894079840763755,0.15677184028282073,1.105311385634519
sensor_comm,9105,sine,0.0,delayed,intact,0.6083434255456932,0.8892573763496276,0.1367823052853823,4.363379043550414
sensor_comm,9105,sine,0.0,delayed,L4 failure,1.2421918099792426,1.8958308987517714,1.0298266319219198,8.110399238633764
sensor_comm,9105,sine,0.0,delayed,L4 slip,0.28519740115445347,0.21894079840763755,0.15677184028282073,1.105311385634519
sensor_comm,9105,sine,0.0,noisy,intact,0.6083434255456932,0.8892573763496276,0.1367823052853823,4.363379043550414
sensor_comm,9105,sine,0.0,noisy,L4 failure,1.2421918099792426,1.8958308987517714,1.0298266319219198,8.110399238633764
sensor_comm,9105,sine,0.0,noisy,L4 slip,0.28519740115445347,0.21894079840763755,0.15677184028282073,1.105311385634519
sensor_comm,9105,sine,0.0,stuck,intact,0.6083434255456932,0.8892573763496276,0.1367823052853823,4.363379043550414
sensor_comm,9105,sine,0.0,stuck,L4 failure,1.2421918099792426,1.8958308987517714,1.0298266319219198,8.110399238633764
sensor_comm,9105,sine,0.0,stuck,L4 slip,0.28519740115445347,0.21894079840763755,0.15677184028282073,1.105311385634519
sensor_comm,9105,sine,0.025,always,intact,0.5428659765743814,0.7682582486858802,0.09156770747187444,3.815444230875528
sensor_comm,9105,sine,0.025,always,L4 failure,1.2652427092485798,1.945709523173748,0.9885096298565863,8.362488744867237
sensor_comm,9105,sine,0.025,always,L4 slip,0.2908693885876201,0.23263554265718875,0.17107689782265473,1.121905430633708
sensor_comm,9105,sine,0.025,dropout,intact,0.5589633575224615,0.7990881344549133,0.1190938163584792,3.9403560908634634
sensor_comm,9105,sine,0.025,dropout,L4 failure,1.2954520376295,1.9885235338792597,1.048645659447685,8.534065334749688
sensor_comm,9105,sine,0.025,dropout,L4 slip,0.2908464795876761,0.23248335151496907,0.1728807620052645,1.1211410495040544
sensor_comm,9105,sine,0.025,intermittent,intact,0.5854758023791041,0.8474901849927757,0.12061313260466947,4.174440992593998
sensor_comm,9105,sine,0.025,intermittent,L4 failure,1.2503698693187821,1.9132567377039726,1.0168115646559879,8.196675517724731
sensor_comm,9105,sine,0.025,intermittent,L4 slip,0.2861041420921288,0.22062945674692971,0.1622560649990657,1.0958471446779983
sensor_comm,9105,sine,0.025,delayed,intact,0.5476213000496161,0.7766930631042628,0.09364790931038017,3.856715381306378
sensor_comm,9105,sine,0.025,delayed,L4 failure,1.2703288678041191,1.952924245060835,0.9957005214339919,8.388460125190118
sensor_comm,9105,sine,0.025,delayed,L4 slip,0.29088435556515013,0.23145105867394222,0.17176031506618852,1.119572857780996
sensor_comm,9105,sine,0.025,noisy,intact,0.5397517868925263,0.7623869787076617,0.09129581757026092,3.786715827312149
sensor_comm,9105,sine,0.025,noisy,L4 failure,1.2688768490653208,1.9521894844507883,0.9896256899506184,8.393350846307705
sensor_comm,9105,sine,0.025,noisy,L4 slip,0.29133249295694835,0.23356661209514748,0.1707529557636745,1.1251797957847745
sensor_comm,9105,sine,0.025,stuck,intact,0.5459491731209306,0.774091106216302,0.10157135467209129,3.8387369997075256
sensor_comm,9105,sine,0.025,stuck,L4 failure,1.2883145073257016,1.9778647924459059,1.0387266692169335,8.491078035893716
sensor_comm,9105,sine,0.025,stuck,L4 slip,0.2921771897795041,0.23477591884148258,0.17882683696081883,1.1302891801220287
sensor_comm,9105,sine,0.05,always,intact,0.48624647075141547,0.6591955992079337,0.06641602036725316,3.3203182820633828
sensor_comm,9105,sine,0.05,always,L4 failure,1.2802217323411327,1.9820995884491268,0.9392368298961064,8.563033118784466
sensor_comm,9105,sine,0.05,always,L4 slip,0.3028766690173203,0.26581025469811526,0.17834000745050688,1.2672728536822306
sensor_comm,9105,sine,0.05,dropout,intact,0.5130284883217265,0.7129871779408982,0.10233763484412065,3.537949346023558
sensor_comm,9105,sine,0.05,dropout,L4 failure,1.3450709389925877,2.074569460913845,1.0656150097924608,8.933828340383403
sensor_comm,9105,sine,0.05,dropout,L4 slip,0.304465818374566,0.2685228329529738,0.18788011350123007,1.2777809400468219
sensor_comm,9105,sine,0.05,intermittent,intact,0.563513649159505,0.8068923593004806,0.10530845682126441,3.990622493638509
sensor_comm,9105,sine,0.05,intermittent,L4 failure,1.2576402999409784,1.9291873046182686,1.0028635655996494,8.277468838810453
sensor_comm,9105,sine,0.05,intermittent,L4 slip,0.2879721154435804,0.2250221072994978,0.16689133873626974,1.1000150465960274
sensor_comm,9105,sine,0.05,delayed,intact,0.4940819405181016,0.6734221368091788,0.0679440723351031,3.391021769405238
sensor_comm,9105,sine,0.05,delayed,L4 failure,1.2918591791193512,1.9991166914874654,0.9541560074454484,8.62548362300351
sensor_comm,9105,sine,0.05,delayed,L4 slip,0.302775711215988,0.2628970939613036,0.18057181409296996,1.2543839030183432
sensor_comm,9105,sine,0.05,noisy,intact,0.4805612355323687,0.6479807074727384,0.0661303444223039,3.265396415422197
sensor_comm,9105,sine,0.05,noisy,L4 failure,1.2869545191913012,1.9940865341690341,0.9410590197426048,8.621833573328477
sensor_comm,9105,sine,0.05,noisy,L4 slip,0.3044919419648548,0.2698797633820152,0.17726440441083063,1.288302181673759
sensor_comm,9105,sine,0.05,stuck,intact,0.490184291698138,0.6671675744664121,0.07007576796796243,3.3520962548368263
sensor_comm,9105,sine,0.05,stuck,L4 failure,1.3273398461529957,2.0480544935890297,1.040898398252264,8.826848321229932
sensor_comm,9105,sine,0.05,stuck,L4 slip,0.3075213743996419,0.27447985034824984,0.19663293054421643,1.3024746106157676
sensor_comm,9105,sine,0.1,always,intact,0.3974408094813234,0.4734343384878123,0.059858086534288146,2.47512024921141
sensor_comm,9105,sine,0.1,always,L4 failure,1.2879282836280836,2.0174278139342987,0.8202051870688063,8.816094533755521
sensor_comm,9105,sine,0.1,always,L4 slip,0.33357704941265426,0.35033742605557194,0.1755662318849736,1.6697245460888277
sensor_comm,9105,sine,0.1,dropout,intact,0.43204052065125687,0.552790129031173,0.07155963096962256,2.7948952277536896
sensor_comm,9105,sine,0.1,dropout,L4 failure,1.4336146795021218,2.2274937434138047,1.0942834008475613,9.659147787928447
sensor_comm,9105,sine,0.1,dropout,L4 slip,0.3466380475905753,0.3746123731302201,0.21467548385446938,1.7678773301133965
sensor_comm,9105,sine,0.1,intermittent,intact,0.5223029400594021,0.7291791667934431,0.07749439611867563,3.6382845286111563
sensor_comm,9105,sine,0.1,intermittent,L4 failure,1.2694995272415357,1.9566224834099213,0.9722480176844714,8.422483176357884
sensor_comm,9105,sine,0.1,intermittent,L4 slip,0.2940252052711466,0.24088464384971503,0.17374613323718593,1.1552368436060456
sensor_comm,9105,sine,0.1,delayed,intact,0.40751704856895693,0.49274219620345205,0.060814676385447665,2.575093751280474
sensor_comm,9105,sine,0.1,delayed,L4 failure,1.3161693980318618,2.0603660965170008,0.8512703414166356,8.978344778276256
sensor_comm,9105,sine,0.1,delayed,L4 slip,0.3346642212287486,0.3485737895764558,0.1822406075464528,1.6563330611120564
sensor_comm,9105,sine,0.1,noisy,intact,0.3885147321527037,0.4532101804185887,0.05850927695231005,2.3765648743768466
sensor_comm,9105,sine,0.1,noisy,L4 failure,1.2991959746330852,2.037414803012043,0.82231690817464,8.920279359227214
sensor_comm,9105,sine,0.1,noisy,L4 slip,0.33804679606724264,0.3610924563768452,0.17185722880597998,1.7284650810699695
sensor_comm,9105,sine,0.1,stuck,intact,0.3988566290958697,0.47716417028202107,0.050374968460900414,2.4898639128044637
sensor_comm,9105,sine,0.1,stuck,L4 failure,1.385336498209817,2.1550949936169985,1.0266098310800786,9.366931247058156
sensor_comm,9105,sine,0.1,stuck,L4 slip,0.3495349467604336,0.38017857649423537,0.22031860581089657,1.7908450783726892
sensor_comm,9105,sine,0.2,always,intact,0.3007457525567247,0.2101436215698101,0.060060273876307545,1.2855040883606053
sensor_comm,9105,sine,0.2,always,L4 failure,1.2274483604672408,1.9571321057871962,0.5197514157494563,8.78684255612331
sensor_comm,9105,sine,0.2,always,L4 slip,0.3835105116571906,0.47610899051272393,0.12293038569256234,2.3270807578634334
sensor_comm,9105,sine,0.2,dropout,intact,0.3181370865234311,0.27862652670254373,0.038631404698371924,1.5569877149903246
sensor_comm,9105,sine,0.2,dropout,L4 failure,1.5705036611022096,2.4627803552195813,1.1324632662443672,10.818220095497
sensor_comm,9105,sine,0.2,dropout,L4 slip,0.4484980609341763,0.5925761197369952,0.2564084373642997,2.800586433418259
sensor_comm,9105,sine,0.2,intermittent,intact,0.45063965760700053,0.5873967696205462,0.06151089216394814,2.993987131025221
sensor_comm,9105,sine,0.2,intermittent,L4 failure,1.2827850425953569,1.9942019522782228,0.9006601013756468,8.64617417153713
sensor_comm,9105,sine,0.2,intermittent,L4 slip,0.31193189295328816,0.29088759937994546,0.17870572430905746,1.3854808401656014
sensor_comm,9105,sine,0.2,delayed,intact,0.30737316205075155,0.22235900999878283,0.062080838115537905,1.3619496970988474
sensor_comm,9105,sine,0.2,delayed,L4 failure,1.2971361320942405,2.0682210747495517,0.5810502843683081,9.223380114164852
sensor_comm,9105,sine,0.2,delayed,L4 slip,0.39341455440162826,0.49286585330901483,0.1376205270859297,2.3830306973294184
sensor_comm,9105,sine,0.2,noisy,intact,0.29352883276550407,0.17944545193388683,0.054932354043832586,1.1466362941447743
sensor_comm,9105,sine,0.2,noisy,L4 failure,1.2416546110424576,1.9816284311736083,0.5197826957147933,8.936493902655497
sensor_comm,9105,sine,0.2,noisy,L4 slip,0.39159268374912864,0.49164738118864404,0.11073254744575363,2.4289264352549704
sensor_comm,9105,sine,0.2,stuck,intact,0.295809720792194,0.1882150393663347,0.05550180688720687,1.1994347433847572
sensor_comm,9105,sine,0.2,stuck,L4 failure,1.4296543103748567,2.2502940882077196,0.9337434747947821,9.960390534733868
sensor_comm,9105,sine,0.2,stuck,L4 slip,0.4287831487961946,0.557646250598915,0.22584525998791555,2.6571897750786633
sensor_comm,9105,sine,0.4,always,intact,0.27314788256627853,0.06287070986666081,0.03657410522541012,0.7149670264118886
sensor_comm,9105,sine,0.4,always,L4 failure,0.9232273966184742,1.463196512037685,0.22545373577484568,7.128812595920472
sensor_comm,9105,sine,0.4,always,L4 slip,0.4008351176917245,0.5070041664553406,0.049712297909593264,2.71576754423513
sensor_comm,9105,sine,0.4,dropout,intact,0.28207243016842076,0.11539954264205252,0.04596343568694511,0.9344459988321191
sensor_comm,9105,sine,0.4,dropout,L4 failure,1.7085219569396046,2.7001830291322433,1.1465739755043756,12.104941315569866
sensor_comm,9105,sine,0.4,dropout,L4 slip,0.6086608421209337,0.8907267032780204,0.30048181203360314,4.278525277461284
sensor_comm,9105,sine,0.4,intermittent,intact,0.3485052111469818,0.3551021411770009,0.061698976183231745,1.936887703988581
sensor_comm,9105,sine,0.4,intermittent,L4 failure,1.2702084330490682,2.0036205271476284,0.7201537606934526,8.834005237313768
sensor_comm,9105,sine,0.4,intermittent,L4 slip,0.352449247481121,0.39911928273887465,0.16057697941833352,1.9178972295573251
sensor_comm,9105,sine,0.4,delayed,intact,0.27965107181989396,0.07576292866861781,0.03146783615719382,0.7834253227867463
sensor_comm,9105,sine,0.4,delayed,L4 failure,1.0531372338725193,1.6927755020232709,0.23982910095192925,8.081597980853301
sensor_comm,9105,sine,0.4,delayed,L4 slip,0.43154117928598856,0.5708585135246846,0.05130894850654803,2.9768080690251453
sensor_comm,9105,sine,0.4,noisy,intact,0.2810720814765114,0.07661142893863375,0.0378956165178456,0.82518470164779
sensor_comm,9105,sine,0.4,noisy,L4 failure,0.9165407402455623,1.4411029280431733,0.23727945591538013,7.129227521377387
sensor_comm,9105,sine,0.4,noisy,L4 slip,0.4065272049178351,0.5020120633590903,0.07923466277491599,2.7754338649580497
sensor_comm,9105,sine,0.4,stuck,intact,0.2851293477827146,0.13034350511183046,0.05710314743428339,0.9967391676652181
sensor_comm,9105,sine,0.4,stuck,L4 failure,1.2926394436566528,2.0620348585829675,0.5612555678240003,9.528281458089547
sensor_comm,9105,sine,0.4,stuck,L4 slip,0.4813866509127027,0.6684733894355881,0.11399373395673566,3.3693490097658527
sensor_comm,9105,sine,1.0,always,intact,0.3102409018461799,0.1775598436079468,0.15187475120436628,1.436572562474156
sensor_comm,9105,sine,1.0,always,L4 failure,0.5140189962391178,0.5437630010982032,0.5915761344366132,3.680433527474497
sensor_comm,9105,sine,1.0,always,L4 slip,0.3610241859304602,0.3219772924356157,0.2713015112514759,2.278457158455294
sensor_comm,9105,sine,1.0,dropout,intact,0.40746617120575185,0.46600334598831716,0.07110104236491273,2.6751276033249898
sensor_comm,9105,sine,1.0,dropout,L4 failure,1.472453004334812,2.312930980545533,0.9130624888105986,10.885114529603456
sensor_comm,9105,sine,1.0,dropout,L4 slip,0.6703729321017498,0.987425938884753,0.25548219289928226,5.037155187706877
sensor_comm,9105,sine,1.0,intermittent,intact,0.2721370907282278,0.060979966326605795,0.03751840338203995,0.6844489553856705
sensor_comm,9105,sine,1.0,intermittent,L4 failure,1.004768847126358,1.6097113333250548,0.1367343980707177,7.648290888404421
sensor_comm,9105,sine,1.0,intermittent,L4 slip,0.4046293753944477,0.5174949261054771,0.02604440280753002,2.7147022997129184
sensor_comm,9105,sine,1.0,delayed,intact,0.33117623301049315,0.20104593278684174,0.19360743404134645,1.621984320057684
sensor_comm,9105,sine,1.0,delayed,L4 failure,0.6252421960505529,0.6979332972578216,0.7592173601552819,4.538649340341957
sensor_comm,9105,sine,1.0,delayed,L4 slip,0.40329542398226415,0.3808732306734358,0.3556672595700968,2.642134327586402
sensor_comm,9105,sine,1.0,noisy,intact,0.350564969990093,0.22524924092475715,0.18896457073990713,1.7663685304367278
sensor_comm,9105,sine,1.0,noisy,L4 failure,0.5120095730213501,0.4936525728278035,0.5909281845558885,3.5360863594858536
sensor_comm,9105,sine,1.0,noisy,L4 slip,0.3840250056578089,0.31078785992114166,0.2959759676744699,2.3247784621675343
sensor_comm,9105,sine,1.0,stuck,intact,0.33809221717037985,0.2687549425623986,0.32795135038305745,1.8152613555380694
sensor_comm,9105,sine,1.0,stuck,L4 failure,0.6453721541873739,0.7887683188264073,1.1069245504767191,4.677434298214228
sensor_comm,9105,sine,1.0,stuck,L4 slip,0.44315133764743403,0.511143276537416,0.5814076034722657,3.0472038171649567
sensor_comm,9105,chirp,0.0,always,intact,0.8647915684672178,1.2878819558823293,0.1688069926421147,6.660958455999252
sensor_comm,9105,chirp,0.0,always,L4 failure,1.139116504655946,1.6369596251715675,1.0621994589302393,7.070218373464659
sensor_comm,9105,chirp,0.0,always,L4 slip,0.4638545069830942,0.5123697102112599,0.1199496272429503,3.121683124288934
sensor_comm,9105,chirp,0.0,dropout,intact,0.8647915684672178,1.2878819558823293,0.1688069926421147,6.660958455999252
sensor_comm,9105,chirp,0.0,dropout,L4 failure,1.139116504655946,1.6369596251715675,1.0621994589302393,7.070218373464659
sensor_comm,9105,chirp,0.0,dropout,L4 slip,0.4638545069830942,0.5123697102112599,0.1199496272429503,3.121683124288934
sensor_comm,9105,chirp,0.0,intermittent,intact,0.8647915684672178,1.2878819558823293,0.1688069926421147,6.660958455999252
sensor_comm,9105,chirp,0.0,intermittent,L4 failure,1.139116504655946,1.6369596251715675,1.0621994589302393,7.070218373464659
sensor_comm,9105,chirp,0.0,intermittent,L4 slip,0.4638545069830942,0.5123697102112599,0.1199496272429503,3.121683124288934
sensor_comm,9105,chirp,0.0,delayed,intact,0.8647915684672178,1.2878819558823293,0.1688069926421147,6.660958455999252
sensor_comm,9105,chirp,0.0,delayed,L4 failure,1.139116504655946,1.6369596251715675,1.0621994589302393,7.070218373464659
sensor_comm,9105,chirp,0.0,delayed,L4 slip,0.4638545069830942,0.5123697102112599,0.1199496272429503,3.121683124288934
sensor_comm,9105,chirp,0.0,noisy,intact,0.8647915684672178,1.2878819558823293,0.1688069926421147,6.660958455999252
sensor_comm,9105,chirp,0.0,noisy,L4 failure,1.139116504655946,1.6369596251715675,1.0621994589302393,7.070218373464659
sensor_comm,9105,chirp,0.0,noisy,L4 slip,0.4638545069830942,0.5123697102112599,0.1199496272429503,3.121683124288934
sensor_comm,9105,chirp,0.0,stuck,intact,0.8647915684672178,1.2878819558823293,0.1688069926421147,6.660958455999252
sensor_comm,9105,chirp,0.0,stuck,L4 failure,1.139116504655946,1.6369596251715675,1.0621994589302393,7.070218373464659
sensor_comm,9105,chirp,0.0,stuck,L4 slip,0.4638545069830942,0.5123697102112599,0.1199496272429503,3.121683124288934
sensor_comm,9105,chirp,0.025,always,intact,0.7823014223726733,1.1402339908041683,0.10323224710838001,6.0053842756505125
sensor_comm,9105,chirp,0.025,always,L4 failure,1.1834720083508372,1.7251258406147607,1.0465782553872873,7.396694620161259
sensor_comm,9105,chirp,0.025,always,L4 slip,0.41830709805838284,0.3959513243511012,0.16229510300596842,2.5906886758886944
sensor_comm,9105,chirp,0.025,dropout,intact,0.8133527212924303,1.197794990261126,0.14906933303333364,6.239991613116803
sensor_comm,9105,chirp,0.025,dropout,L4 failure,1.1963241697310332,1.7408475940248038,1.0872767460840533,7.45933374211026
sensor_comm,9105,chirp,0.025,dropout,L4 slip,0.4275947848306682,0.42730877796782174,0.1394509072663797,2.7188159495993953
sensor_comm,9105,chirp,0.025,intermittent,intact,0.8360334076698023,1.2368705949265,0.14549207538553105,6.434864773094529
sensor_comm,9105,chirp,0.025,intermittent,L4 failure,1.154147270798828,1.666666842568653,1.0577264222355305,7.179257654658246
sensor_comm,9105,chirp,0.025,intermittent,L4 slip,0.44743518884197325,0.47162341806010283,0.1353503487465289,2.9374006956613004
sensor_comm,9105,chirp,0.025,delayed,intact,0.7893987418172145,1.1525209424579015,0.10633033612118307,6.064025048110979
sensor_comm,9105,chirp,0.025,delayed,L4 failure,1.1856057882925808,1.7263083905324101,1.0532793666153082,7.404721292153599
sensor_comm,9105,chirp,0.025,delayed,L4 slip,0.42195703774831284,0.4034790940354928,0.16162862103877979,2.6299988681423985
sensor_comm,9105,chirp,0.025,noisy,intact,0.7789897665704187,1.134650712527391,0.10325351277593593,5.9769581222406565
sensor_comm,9105,chirp,0.025,noisy,L4 failure,1.1866823199925627,1.731539017802827,1.0476839575359465,7.419514186792693
sensor_comm,9105,chirp,0.025,noisy,L4 slip,0.4163549457317826,0.3921759901505233,0.1618651718147553,2.5699867315154403
sensor_comm,9105,chirp,0.025,stuck,intact,0.7880900607800388,1.1509448672777305,0.11603355845367976,6.048380375716376
sensor_comm,9105,chirp,0.025,stuck,L4 failure,1.2079121100967956,1.7579355234323295,1.10324928723622,7.527220178380727
sensor_comm,9105,chirp,0.025,stuck,L4 slip,0.41750182737389385,0.39285614589497997,0.16648017293948095,2.5781460283964557
sensor_comm,9105,chirp,0.05,always,intact,0.7083689414693322,1.0037463084648455,0.050873621207788655,5.397291064885298
sensor_comm,9105,chirp,0.05,always,L4 failure,1.2206998190679388,1.8015508672095457,1.0224067064477715,7.686747222642325
sensor_comm,9105,chirp,0.05,always,L4 slip,0.3854424879711651,0.3071723122849452,0.1960564946652014,2.1728768343047493
sensor_comm,9105,chirp,0.05,dropout,intact,0.7638258095771826,1.1100722587550795,0.1299165418151457,5.830492255677787
sensor_comm,9105,chirp,0.05,dropout,L4 failure,1.251526546612063,1.8405585407252776,1.1109556966778915,7.8419889707704105
sensor_comm,9105,chirp,0.05,dropout,L4 slip,0.3969611469426308,0.35075772881373835,0.158541779138537,2.3519969206866116
sensor_comm,9105,chirp,0.05,intermittent,intact,0.8080565015012088,1.1867761169664075,0.12300313244169607,6.212625295962931
sensor_comm,9105,chirp,0.05,intermittent,L4 failure,1.1683694779749276,1.6950819862073263,1.0522452542807972,7.2842938443831065
sensor_comm,9105,chirp,0.05,intermittent,L4 slip,0.43238740876074355,0.43277682500633513,0.15007062864791682,2.7608877434863914
sensor_comm,9105,chirp,0.05,delayed,intact,0.7207894485476907,1.0255793810668696,0.05404658435347,5.502726103942485
sensor_comm,9105,chirp,0.05,delayed,L4 failure,1.2265110649215991,1.8066834130963438,1.036715832371897,7.711992238383442
sensor_comm,9105,chirp,0.05,delayed,L4 slip,0.39087583211468013,0.3168625711159066,0.19626576875132545,2.2291624228449898
sensor_comm,9105,chirp,0.05,noisy,intact,0.7021130751128228,0.9931074011688436,0.05089429880081233,5.342605537188505
sensor_comm,9105,chirp,0.05,noisy,L4 failure,1.2265986997234217,1.813410644774057,1.0241714189416409,7.730233132257595
sensor_comm,9105,chirp,0.05,noisy,L4 slip,0.38222639094639893,0.3014072359234988,0.19478001837378828,2.13869043173665
sensor_comm,9105,chirp,0.05,stuck,intact,0.7167917742392546,1.0202031490436372,0.06611336450743147,5.463315887186031
sensor_comm,9105,chirp,0.05,stuck,L4 failure,1.2712556067095941,1.8696616292505257,1.1382152044807388,7.9579596225796685
sensor_comm,9105,chirp,0.05,stuck,L4 slip,0.38388041505930476,0.30006951220326894,0.20979791539060377,2.144087024818076
sensor_comm,9105,chirp,0.1,always,intact,0.5852600977254558,0.7627342925130562,0.04922369865772898,4.317416988259937
sensor_comm,9105,chirp,0.1,always,L4 failure,1.2751569386274946,1.9210241482107904,0.9521470246980271,8.157954164355456
sensor_comm,9105,chirp,0.1,always,L4 slip,0.35374185844103234,0.23831419405113521,0.2401563441859146,1.7797772631314506
sensor_comm,9105,chirp,0.1,dropout,intact,0.6708666157507028,0.9418925301222462,0.09338859160608307,5.046661453115984
sensor_comm,9105,chirp,0.1,dropout,L4 failure,1.3554640563622615,2.02687683737143,1.1542398254980888,8.579491674063409
sensor_comm,9105,chirp,0.1,dropout,L4 slip,0.35482743375170184,0.24707427828267886,0.194530553462489,1.8221011698812015
sensor_comm,9105,chirp,0.1,intermittent,intact,0.7545337115311591,1.0894442704767464,0.08059833467401797,5.7801566154853665
sensor_comm,9105,chirp,0.1,intermittent,L4 failure,1.1944085002224585,1.7480383412055094,1.038353700972176,7.482165943219733
sensor_comm,9105,chirp,0.1,intermittent,L4 slip,0.4064425183133428,0.36268894598950785,0.176565313301132,2.438809646409135
sensor_comm,9105,chirp,0.1,delayed,intact,0.6038253277301661,0.7964605698761286,0.048158667600931335,4.485144285639631
sensor_comm,9105,chirp,0.1,delayed,L4 failure,1.2922333027512196,1.9411707585402003,0.9833884046075306,8.24272757046966
sensor_comm,9105,chirp,0.1,delayed,L4 slip,0.3593126966633309,0.24255531546268463,0.24539938110033646,1.8284739352992767
sensor_comm,9105,chirp,0.1,noisy,intact,0.5743647766946245,0.7437464740766097,0.04805745627025549,4.217624429563112
sensor_comm,9105,chirp,0.1,noisy,L4 failure,1.2848672600014526,1.9408420455174902,0.9541059441513194,8.234975190416534
sensor_comm,9105,chirp,0.1,noisy,L4 slip,0.3499199728898151,0.2337770162552874,0.23609887282452716,1.739899235614862
sensor_comm,9105,chirp,0.1,stuck,intact,0.5919189316782741,0.777966015869471,0.0392725582579974,4.378402641901317
sensor_comm,9105,chirp,0.1,stuck,L4 failure,1.381709416650188,2.0656188467242735,1.190774107830897,8.734572601441547
sensor_comm,9105,chirp,0.1,stuck,L4 slip,0.3566506151958516,0.24339338985214617,0.28604314163779637,1.7992248792101115
sensor_comm,9105,chirp,0.2,always,intact,0.42792595996688726,0.39596371722906987,0.14022245346680923,2.651553533912354
sensor_comm,9105,chirp,0.2,always,L4 failure,1.312984878090182,2.0400652380602553,0.7427873246251738,8.681910266731359
sensor_comm,9105,chirp,0.2,always,L4 slip,0.3724798268826521,0.3196523309795916,0.2559711331176924,1.8997937123599329
sensor_comm,9105,chirp,0.2,dropout,intact,0.5122647884073263,0.6355233958475109,0.03329348245054141,3.6237146853131144
sensor_comm,9105,chirp,0.2,dropout,L4 failure,1.5362894707253456,2.347324832875149,1.2254169999298374,9.909117803906348
sensor_comm,9105,chirp,0.2,dropout,L4 slip,0.35012421839235003,0.2668317137668938,0.25786947497644513,1.6955275321666723
sensor_comm,9105,chirp,0.2,intermittent,intact,0.6576788556663272,0.9067533031164515,0.03571354390721893,4.965579178331285
sensor_comm,9105,chirp,0.2,intermittent,L4 failure,1.2370238017061987,1.8385790955447532,0.999449262969053,7.828132374525822
sensor_comm,9105,chirp,0.2,intermittent,L4 slip,0.37089920626947737,0.27040028059027704,0.21830787648771502,1.9884043630193533
sensor_comm,9105,chirp,0.2,delayed,intact,0.4473148340620807,0.432685301837002,0.1491304149748402,2.8519793543779093
sensor_comm,9105,chirp,0.2,delayed,L4 failure,1.363971964164927,2.111486202209968,0.8101886595318628,8.967028061272094
sensor_comm,9105,chirp,0.2,delayed,L4 slip,0.37912738920505457,0.3217773787290348,0.2768823972133845,1.9599595646433867
sensor_comm,9105,chirp,0.2,noisy,intact,0.4129161201564956,0.3673658324889279,0.13115286705709064,2.4925944656946335
sensor_comm,9105,chirp,0.2,noisy,L4 failure,1.3244112857527348,2.0646585336144936,0.7423989039056427,8.790933027469109
sensor_comm,9105,chirp,0.2,noisy,L4 slip,0.37007183600838106,0.32260138067331795,0.24331905346290345,1.87228185274261
sensor_comm,9105,chirp,0.2,stuck,intact,0.4248269386347303,0.3832193908637948,0.17358222219792951,2.6002052756405463
sensor_comm,9105,chirp,0.2,stuck,L4 failure,1.5414761789590066,2.3549954048605874,1.2327590372679156,9.939971109314966
sensor_comm,9105,chirp,0.2,stuck,L4 slip,0.41780455277821543,0.4052992925030914,0.39903376941682883,2.2412026442922026
sensor_comm,9105,chirp,0.4,always,intact,0.3444641473590207,0.22491786071466838,0.13955088214888406,1.6900231364701992
sensor_comm,9105,chirp,0.4,always,L4 failure,1.1650520009523728,1.8845894686017235,0.33836752762536826,8.247736396568781
sensor_comm,9105,chirp,0.4,always,L4 slip,0.4395025365631825,0.5417062726919102,0.14170744424187978,2.5457134471193914
sensor_comm,9105,chirp,0.4,dropout,intact,0.3344671136263136,0.15616815796429034,0.0761309858217123,1.4119842250780095
sensor_comm,9105,chirp,0.4,dropout,L4 failure,1.7941907557699093,2.7995417782262293,1.3138329821179435,11.914835186906204
sensor_comm,9105,chirp,0.4,dropout,L4 slip,0.5043206826617616,0.6404511183105365,0.3522310347831376,2.9349463427189835
sensor_comm,9105,chirp,0.4,intermittent,intact,0.5066039622039854,0.5912896113362218,0.0986536871373709,3.5469484650964134
sensor_comm,9105,chirp,0.4,intermittent,L4 failure,1.286138756579439,1.9603156776001953,0.8819521828672707,8.318787732921994
sensor_comm,9105,chirp,0.4,intermittent,L4 slip,0.3546061121970438,0.2545794438391023,0.2620098660262282,1.7721470817817988
sensor_comm,9105,chirp,0.4,delayed,intact,0.363811196021913,0.2599986819192811,0.17003270052521047,1.901595367177464
sensor_comm,9105,chirp,0.4,delayed,L4 failure,1.300453648725734,2.099237594734082,0.36221352779704613,9.11042301996069
sensor_comm,9105,chirp,0.4,delayed,L4 slip,0.46971791381768,0.5828143783792659,0.17651192520277176,2.761237379279571
sensor_comm,9105,chirp,0.4,noisy,intact,0.33274070609362866,0.2137015259068283,0.11279369468127949,1.5798434401810058
sensor_comm,9105,chirp,0.4,noisy,L4 failure,1.1568013361781793,1.875179380459415,0.3120361947551147,8.26067887678225
sensor_comm,9105,chirp,0.4,noisy,L4 slip,0.4301121968342984,0.5390332535299571,0.11983489094863378,2.534461574556054
sensor_comm,9105,chirp,0.4,stuck,intact,0.4095022337577002,0.4090797005818028,0.3452951948175974,2.4307478472391453
sensor_comm,9105,chirp,0.4,stuck,L4 failure,1.65539695746617,2.5933869350101317,1.1141259034165223,11.08310104004988
sensor_comm,9105,chirp,0.4,stuck,L4 slip,0.606592955849757,0.8122770734334692,0.4889670668550946,3.645177051896379
sensor_comm,9105,chirp,1.0,always,intact,0.32885906556690914,0.2578680617941057,0.15552600486654702,1.6486533593617496
sensor_comm,9105,chirp,1.0,always,L4 failure,0.5854088505918607,0.723198717016082,0.658680943220803,4.043438649082961
sensor_comm,9105,chirp,1.0,always,L4 slip,0.3702166595969437,0.4219974785488193,0.28445261078203576,2.2688285166462143
sensor_comm,9105,chirp,1.0,dropout,intact,0.49649471325770717,0.6598350067023795,0.2111390204451212,3.286253855339667
sensor_comm,9105,chirp,1.0,dropout,L4 failure,1.9732932204565532,3.1272658507993336,1.2918476975016315,13.723879177266543
sensor_comm,9105,chirp,1.0,dropout,L4 slip,0.8292262993959696,1.2706748345974948,0.4480226280154184,5.719887510691748
sensor_comm,9105,chirp,1.0,intermittent,intact,0.3467996129412291,0.21736128990666997,0.15462766104196973,1.681862919722802
sensor_comm,9105,chirp,1.0,intermittent,L4 failure,1.212935139330367,1.9428272584625126,0.3579032907237739,8.410585600422005
sensor_comm,9105,chirp,1.0,intermittent,L4 slip,0.43292083386571556,0.5057079090074337,0.1850714335159574,2.4263236419784313
sensor_comm,9105,chirp,1.0,delayed,intact,0.3689700649952913,0.34192076824621465,0.20567810034897943,2.0828977642174977
sensor_comm,9105,chirp,1.0,delayed,L4 failure,0.7298579220499928,1.0144550456438846,0.7992249289479576,5.352907196976434
sensor_comm,9105,chirp,1.0,delayed,L4 slip,0.4190486484395214,0.49631249520288295,0.36267446439237006,2.6487862343773716
sensor_comm,9105,chirp,1.0,noisy,intact,0.3205613997002775,0.21308072446341927,0.1497963901426409,1.500234768133068
sensor_comm,9105,chirp,1.0,noisy,L4 failure,0.5387781682394911,0.6333373222235581,0.5928868753548757,3.734030838938276
sensor_comm,9105,chirp,1.0,noisy,L4 slip,0.3429668168218137,0.32709914042570276,0.2645645504535083,1.9607066927800323
sensor_comm,9105,chirp,1.0,stuck,intact,0.5155697734171045,0.6949203220167753,0.23611285651027175,3.432145254203006
sensor_comm,9105,chirp,1.0,stuck,L4 failure,0.9896153414919131,1.5891380301505103,0.20903207876392096,7.521421922834552
sensor_comm,9105,chirp,1.0,stuck,L4 slip,0.5986360876594549,0.8957968487995759,0.14878454537074598,4.185078286394062
sensor_comm,9106,straight,0.0,always,intact,0.32575608836681064,0.31364711722741195,0.05601370514574525,1.8102522199047848
sensor_comm,9106,straight,0.0,always,L4 failure,0.3587948611743722,0.3802568061905618,0.23956616226726668,1.886193589967228
sensor_comm,9106,straight,0.0,always,L4 slip,0.28395501087562075,0.18449458017148906,0.010381631705739061,1.2291391337411313
sensor_comm,9106,straight,0.0,dropout,intact,0.32575608836681064,0.31364711722741195,0.05601370514574525,1.8102522199047848
sensor_comm,9106,straight,0.0,dropout,L4 failure,0.3587948611743722,0.3802568061905618,0.23956616226726668,1.886193589967228
sensor_comm,9106,straight,0.0,dropout,L4 slip,0.28395501087562075,0.18449458017148906,0.010381631705739061,1.2291391337411313
sensor_comm,9106,straight,0.0,intermittent,intact,0.32575608836681064,0.31364711722741195,0.05601370514574525,1.8102522199047848
sensor_comm,9106,straight,0.0,intermittent,L4 failure,0.3587948611743722,0.3802568061905618,0.23956616226726668,1.886193589967228
sensor_comm,9106,straight,0.0,intermittent,L4 slip,0.28395501087562075,0.18449458017148906,0.010381631705739061,1.2291391337411313
sensor_comm,9106,straight,0.0,delayed,intact,0.32575608836681064,0.31364711722741195,0.05601370514574525,1.8102522199047848
sensor_comm,9106,straight,0.0,delayed,L4 failure,0.3587948611743722,0.3802568061905618,0.23956616226726668,1.886193589967228
sensor_comm,9106,straight,0.0,delayed,L4 slip,0.28395501087562075,0.18449458017148906,0.010381631705739061,1.2291391337411313
sensor_comm,9106,straight,0.0,noisy,intact,0.32575608836681064,0.31364711722741195,0.05601370514574525,1.8102522199047848
sensor_comm,9106,straight,0.0,noisy,L4 failure,0.3587948611743722,0.3802568061905618,0.23956616226726668,1.886193589967228
sensor_comm,9106,straight,0.0,noisy,L4 slip,0.28395501087562075,0.18449458017148906,0.010381631705739061,1.2291391337411313
sensor_comm,9106,straight,0.0,stuck,intact,0.32575608836681064,0.31364711722741195,0.05601370514574525,1.8102522199047848
sensor_comm,9106,straight,0.0,stuck,L4 failure,0.3587948611743722,0.3802568061905618,0.23956616226726668,1.886193589967228
sensor_comm,9106,straight,0.0,stuck,L4 slip,0.28395501087562075,0.18449458017148906,0.010381631705739061,1.2291391337411313
sensor_comm,9106,straight,0.025,always,intact,0.3169314572548184,0.28747605227890477,0.04141422743855748,1.7006170111590722
sensor_comm,9106,straight,0.025,always,L4 failure,0.36244013475730874,0.3922620350307441,0.22746953344549734,1.9336029563545918
sensor_comm,9106,straight,0.025,always,L4 slip,0.28035508328395875,0.1666656541657659,0.0029891067046062675,1.1541848410794857
sensor_comm,9106,straight,0.025,dropout,intact,0.32022796938073855,0.2976306247369931,0.05239472744382475,1.7406291444382136
sensor_comm,9106,straight,0.025,dropout,L4 failure,0.36789692491300485,0.4019452508956146,0.24416882589430228,1.9724956302143448
sensor_comm,9106,straight,0.025,dropout,L4 slip,0.2812028165816207,0.17170636334559342,0.007067155223391691,1.173870576748363
sensor_comm,9106,straight,0.025,intermittent,intact,0.3225894836636782,0.3044902576604765,0.0507468686821216,1.7719049078590368
sensor_comm,9106,straight,0.025,intermittent,L4 failure,0.3600723265919303,0.38433919441833736,0.23568158015361282,1.9023601478111218
sensor_comm,9106,straight,0.025,intermittent,L4 slip,0.2826546883745445,0.17817634497177479,0.006935136083146151,1.2028324182652856
sensor_comm,9106,straight,0.025,delayed,intact,0.3176207320111045,0.2895545485874944,0.04214725591247731,1.7096294187691563
sensor_comm,9106,straight,0.025,delayed,L4 failure,0.363486624002024,0.3940621203411265,0.23012938652146997,1.9410629838154532
sensor_comm,9106,straight,0.025,delayed,L4 slip,0.2805845546567161,0.16776727904353242,0.003052366038863824,1.15906497919438
sensor_comm,9106,straight,0.025,noisy,intact,0.3153260164320195,0.2826359156276106,0.04135847097883018,1.6785742442304123
sensor_comm,9106,straight,0.025,noisy,L4 failure,0.3652781761449106,0.3995979054081847,0.2272462092107954,1.962973460496675
sensor_comm,9106,straight,0.025,noisy,L4 slip,0.2800355818342039,0.16485356204885288,0.003090595131620543,1.1460381771065846
sensor_comm,9106,straight,0.025,stuck,intact,0.317801548202088,0.2901477100419417,0.04577246655037552,1.711215475036212
sensor_comm,9106,straight,0.025,stuck,L4 failure,0.36902766559275973,0.4041811866593516,0.24593453618888622,1.9816185833600386
sensor_comm,9106,straight,0.025,stuck,L4 slip,0.28042958793947714,0.16713452540388574,0.00292645270894042,1.1560337132358895
sensor_comm,9106,straight,0.05,always,intact,0.31009934168721637,0.2655435823726492,0.029512357270937123,1.608674687908087
sensor_comm,9106,straight,0.05,always,L4 failure,0.36407145290121307,0.3997641447132114,0.21297331247462506,1.9637413546328795
sensor_comm,9106,straight,0.05,always,L4 slip,0.2779660803820105,0.15335913358152195,0.006284975175341855,1.0979836768182818
sensor_comm,9106,straight,0.05,dropout,intact,0.3154262636593633,0.28313109055373936,0.049069704403748124,1.6778082762488773
sensor_comm,9106,straight,0.05,dropout,L4 failure,0.3763015030810267,0.42155346375560365,0.24818934311911192,2.0513918211078592
sensor_comm,9106,straight,0.05,dropout,L4 slip,0.27905322511242947,0.16084429653537768,0.004068360143476746,1.127013633126315
sensor_comm,9106,straight,0.05,intermittent,intact,0.31966529854520587,0.2958046940763562,0.045794756938563705,1.7355282786621669
sensor_comm,9106,straight,0.05,intermittent,L4 failure,0.3611292257369839,0.38793443227552116,0.23149738775466622,1.9166655655935003
sensor_comm,9106,straight,0.05,intermittent,L4 slip,0.28151060973994063,0.1723604842542895,0.0040401960859906706,1.1786020607118786
sensor_comm,9106,straight,0.05,delayed,intact,0.3111374834170519,0.26888330857250353,0.030537513482469136,1.6232422944992508
sensor_comm,9106,straight,0.05,delayed,L4 failure,0.3664701036741714,0.40409568022808146,0.21831041913850094,1.9815059421994505
sensor_comm,9106,straight,0.05,delayed,L4 slip,0.27826068645789814,0.15485318504913212,0.006196731190979228,1.1047532446601356
sensor_comm,9106,straight,0.05,noisy,intact,0.30753164882152867,0.25718936392849956,0.029993832694848743,1.5704983677470101
sensor_comm,9106,straight,0.05,noisy,L4 failure,0.36891721270680494,0.41247446216102224,0.2112755986319322,2.015815917876409
sensor_comm,9106,straight,0.05,noisy,L4 slip,0.27768447633744003,0.1511244546439824,0.0046437652468777225,1.0878674376748325
sensor_comm,9106,straight,0.05,stuck,intact,0.3113345402930184,0.26970103038600624,0.036676020010460324,1.6251414979286096
sensor_comm,9106,straight,0.05,stuck,L4 failure,0.37767245772982916,0.42421541846581795,0.2502889071370803,2.0622601906659273
sensor_comm,9106,straight,0.05,stuck,L4 slip,0.27800765971337277,0.15368624800855418,0.005705804793937892,1.0992621906566238
sensor_comm,9106,straight,0.1,always,intact,0.30082078145581254,0.232372138854606,0.012212256648016215,1.4693710318307336
sensor_comm,9106,straight,0.1,always,L4 failure,0.3624731411114879,0.4036646929205873,0.1794035217232172,1.9809826935258288
sensor_comm,9106,straight,0.1,always,L4 slip,0.27547845538541904,0.13799427081820076,0.014150856031358216,1.0321284578411114
sensor_comm,9106,straight,0.1,dropout,intact,0.3076767814113507,0.2582568259616197,0.04322043887264491,1.5705328768299542
sensor_comm,9106,straight,0.1,dropout,L4 failure,0.39095762583762284,0.45493419137442104,0.25466529117960923,2.1876748744583034
sensor_comm,9106,straight,0.1,dropout,L4 slip,0.2761726735759907,0.14449945612184478,0.002056567627444454,1.0565458837489903
sensor_comm,9106,straight,0.1,intermittent,intact,0.31448387746032275,0.2797904965698457,0.03678275273492561,1.6684452802404874
sensor_comm,9106,straight,0.1,intermittent,L4 failure,0.3626147760123134,0.3937364703710206,0.2223298533326746,1.9399536171163771
sensor_comm,9106,straight,0.1,intermittent,L4 slip,0.27963229579011484,0.16218410347765755,0.0034187673405710424,1.1361497033233297
sensor_comm,9106,straight,0.1,delayed,intact,0.3019794133839436,0.23652554485646685,0.012990756450872804,1.4878060715630939
sensor_comm,9106,straight,0.1,delayed,L4 failure,0.3679981473812998,0.4143304948798538,0.18943550914748805,2.0244255805834626
sensor_comm,9106,straight,0.1,delayed,L4 slip,0.27571804895595464,0.1391435356703215,0.014689152060300715,1.0378530313567917
sensor_comm,9106,straight,0.1,noisy,intact,0.2976919945657041,0.22051013885351728,0.015108429947264034,1.4146870624180599
sensor_comm,9106,straight,0.1,noisy,L4 failure,0.3690243075903513,0.4217201109608034,0.172117011571864,2.0593263614431963
sensor_comm,9106,straight,0.1,noisy,L4 slip,0.27589467696950326,0.13782273917110222,0.008671630189422588,1.0313446783955755
sensor_comm,9106,straight,0.1,stuck,intact,0.301973489014068,0.23703240144204826,0.021518338609253215,1.4877460521059225
sensor_comm,9106,straight,0.1,stuck,L4 failure,0.3903607150061193,0.4538037698228428,0.25377475571702734,2.1830554739810824
sensor_comm,9106,straight,0.1,stuck,L4 slip,0.27549502878894855,0.1380940472204818,0.01649262515701987,1.0325553950375614
sensor_comm,9106,straight,0.2,always,intact,0.292313339569953,0.1964696372315841,0.0055688085662372894,1.3175395714802947
sensor_comm,9106,straight,0.2,always,L4 failure,0.3471850594944474,0.38096656267944107,0.10701113730216005,1.8952873571308695
sensor_comm,9106,straight,0.2,always,L4 slip,0.2744219530865084,0.1318390350080456,0.017053459680333092,1.0026729704970856
sensor_comm,9106,straight,0.2,dropout,intact,0.2976979989065818,0.2222395151941839,0.034223049710906395,1.41643700289365
sensor_comm,9106,straight,0.2,dropout,L4 failure,0.4120367972582189,0.5015743652942166,0.2624648487229419,2.3828391997130742
sensor_comm,9106,straight,0.2,dropout,L4 slip,0.27401834663793073,0.1300156476874567,0.008516910830904634,0.9931683315585492
sensor_comm,9106,straight,0.2,intermittent,intact,0.3063986669445488,0.25279200805683616,0.021980198236611966,1.5552759943446168
sensor_comm,9106,straight,0.2,intermittent,L4 failure,0.36331856324017364,0.4002860721997479,0.20143495194190622,1.9670400132893542
sensor_comm,9106,straight,0.2,intermittent,L4 slip,0.2771607599375657,0.14725649527013296,0.010012103018885634,1.0736041052909238
sensor_comm,9106,straight,0.2,delayed,intact,0.2930342978548716,0.1992722316547771,0.006451522682392461,1.3309140257557783
sensor_comm,9106,straight,0.2,delayed,L4 failure,0.35824489016563127,0.4048249947398771,0.12124625286008231,1.9927838432613099
sensor_comm,9106,straight,0.2,delayed,L4 slip,0.27458929363353296,0.13266654885519097,0.019151101735777398,1.0072441274615258
sensor_comm,9106,straight,0.2,noisy,intact,0.2907886768739152,0.18695127235997716,0.006163789338688675,1.272779848273224
sensor_comm,9106,straight,0.2,noisy,L4 failure,0.3507072499006528,0.3927746516492564,0.0848736111177962,1.963153001780931
sensor_comm,9106,straight,0.2,noisy,L4 slip,0.2771915376953439,0.13746232263436758,0.004084960984528983,1.0321789821115257
sensor_comm,9106,straight,0.2,stuck,intact,0.29262887372268087,0.19829087717168528,0.002537059967403817,1.3245323575856283
sensor_comm,9106,straight,0.2,stuck,L4 failure,0.3998748344131327,0.4790334171926524,0.2447104673036658,2.2906591053572436
sensor_comm,9106,straight,0.2,stuck,L4 slip,0.2751587711635259,0.13765555782319433,0.029351568659339612,1.0262685146951298
sensor_comm,9106,straight,0.4,always,intact,0.28846001987894,0.17698054258075385,0.00821705991499402,1.2326035203129735
sensor_comm,9106,straight,0.4,always,L4 failure,0.3064774073556637,0.2868359343517676,0.0655570678175974,1.5247285988748285
sensor_comm,9106,straight,0.4,always,L4 slip,0.2744725004440286,0.1307630041260432,0.007526043437001376,0.9947005317473141
sensor_comm,9106,straight,0.4,dropout,intact,0.28962828160205917,0.18649700289222973,0.02386447325899943,1.2651789550436152
sensor_comm,9106,straight,0.4,dropout,L4 failure,0.428407821817332,0.5378133547418996,0.2642984441242709,2.5425553291625604
sensor_comm,9106,straight,0.4,dropout,L4 slip,0.2748579966218455,0.13483214469049604,0.015597683719704103,1.009797867263258
sensor_comm,9106,straight,0.4,intermittent,intact,0.2967343418423135,0.21573652462587498,0.006128409228720954,1.3995400321736906
sensor_comm,9106,straight,0.4,intermittent,L4 failure,0.3576380656352785,0.39689453690167587,0.1536816099951379,1.956934099257027
sensor_comm,9106,straight,0.4,intermittent,L4 slip,0.2752779528749172,0.13453758324286264,0.01790600854603357,1.0190627623117787
sensor_comm,9106,straight,0.4,delayed,intact,0.2887309680728919,0.17779650129696006,0.010342628793334327,1.2378770769598713
sensor_comm,9106,straight,0.4,delayed,L4 failure,0.31942563717154066,0.3229980968468599,0.07729215981569192,1.6761964247577439
sensor_comm,9106,straight,0.4,delayed,L4 slip,0.27479950435968814,0.1327493420412061,0.009204284178936723,1.0039909837133412
sensor_comm,9106,straight,0.4,noisy,intact,0.29326209553621013,0.18167250307766047,0.015528280377311288,1.2590667172512946
sensor_comm,9106,straight,0.4,noisy,L4 failure,0.30106933990682644,0.2550257840273192,0.06387000816586605,1.4478340355736827
sensor_comm,9106,straight,0.4,noisy,L4 slip,0.2843340871041887,0.15172215792596266,0.018736032470458314,1.1104217179275022
sensor_comm,9106,straight,0.4,stuck,intact,0.288799857451149,0.1788751135442907,0.015488658791177206,1.2402369137600675
sensor_comm,9106,straight,0.4,stuck,L4 failure,0.3787975776373155,0.4446197541293312,0.19073846910189216,2.1613755127672714
sensor_comm,9106,straight,0.4,stuck,L4 slip,0.27721712819386485,0.14987618090527813,0.03209004612321112,1.0722680568035965
sensor_comm,9106,straight,1.0,always,intact,0.2874647523900601,0.17018861590864712,0.0026047530766944,1.1983739499139496
sensor_comm,9106,straight,1.0,always,L4 failure,0.261861880119172,0.09754915807510342,0.05938439210497276,0.7501690282329625
sensor_comm,9106,straight,1.0,always,L4 slip,0.27387893305187044,0.12476321706006492,0.00760951155889758,0.9641968416033413
sensor_comm,9106,straight,1.0,dropout,intact,0.2868616152372465,0.16886405189887105,0.018112374970915657,1.1897199807832657
sensor_comm,9106,straight,1.0,dropout,L4 failure,0.3949474803996854,0.4716144862158439,0.23335331311857116,2.2785566854194017
sensor_comm,9106,straight,1.0,dropout,L4 slip,0.27616856420790575,0.13999507206839334,0.01376018217463213,1.028359651387013
sensor_comm,9106,straight,1.0,intermittent,intact,0.28907887613335526,0.17943813407473588,0.009677141161327556,1.244419443075331
sensor_comm,9106,straight,1.0,intermittent,L4 failure,0.31717281411644155,0.31454537672266214,0.06409681375150875,1.638261791795241
sensor_comm,9106,straight,1.0,intermittent,L4 slip,0.27547521889408316,0.1335401322642999,0.009559774981032563,1.0113056283310802
sensor_comm,9106,straight,1.0,delayed,intact,0.2874572737285612,0.16948457665593109,0.004380457288503173,1.1964729196717845
sensor_comm,9106,straight,1.0,delayed,L4 failure,0.2643598927592575,0.10661969814349541,0.09146805782314915,0.7992430491503568
sensor_comm,9106,straight,1.0,delayed,L4 slip,0.2737647923722432,0.12331840796324087,0.011432508180918361,0.9583453125183565
sensor_comm,9106,straight,1.0,noisy,intact,0.3329798437257853,0.2630708570413539,0.03345443454353064,1.6738992505626737
sensor_comm,9106,straight,1.0,noisy,L4 failure,0.2948737154361274,0.1319999559776927,0.05611752991616176,1.0390005876830208
sensor_comm,9106,straight,1.0,noisy,L4 slip,0.33518672797209875,0.2695141476878319,0.03323761302364509,1.7056153644583334
sensor_comm,9106,straight,1.0,stuck,intact,0.2881108603221616,0.17345324392924683,0.0063112646301868415,1.2120191897702268
sensor_comm,9106,straight,1.0,stuck,L4 failure,0.2775474298508349,0.18542026037292875,0.015651804503928928,1.1077827601535508
sensor_comm,9106,straight,1.0,stuck,L4 slip,0.27481274146472895,0.13072442716806448,0.0031474256007193156,0.9896460365111651
sensor_comm,9106,s_lr,0.0,always,intact,0.8226980277259223,1.1629411415003759,0.0984011047437842,6.4836227585174715
sensor_comm,9106,s_lr,0.0,always,L4 failure,0.44370279147423075,0.33420434430390733,0.2437059024634368,2.668247758452589
sensor_comm,9106,s_lr,0.0,always,L4 slip,0.7107189345466813,0.9557580802064581,0.05503620591636713,5.510868171764042
sensor_comm,9106,s_lr,0.0,dropout,intact,0.8226980277259223,1.1629411415003759,0.0984011047437842,6.4836227585174715
sensor_comm,9106,s_lr,0.0,dropout,L4 failure,0.44370279147423075,0.33420434430390733,0.2437059024634368,2.668247758452589
sensor_comm,9106,s_lr,0.0,dropout,L4 slip,0.7107189345466813,0.9557580802064581,0.05503620591636713,5.510868171764042
sensor_comm,9106,s_lr,0.0,intermittent,intact,0.8226980277259223,1.1629411415003759,0.0984011047437842,6.4836227585174715
sensor_comm,9106,s_lr,0.0,intermittent,L4 failure,0.44370279147423075,0.33420434430390733,0.2437059024634368,2.668247758452589
sensor_comm,9106,s_lr,0.0,intermittent,L4 slip,0.7107189345466813,0.9557580802064581,0.05503620591636713,5.510868171764042
sensor_comm,9106,s_lr,0.0,delayed,intact,0.8226980277259223,1.1629411415003759,0.0984011047437842,6.4836227585174715
sensor_comm,9106,s_lr,0.0,delayed,L4 failure,0.44370279147423075,0.33420434430390733,0.2437059024634368,2.668247758452589
sensor_comm,9106,s_lr,0.0,delayed,L4 slip,0.7107189345466813,0.9557580802064581,0.05503620591636713,5.510868171764042
sensor_comm,9106,s_lr,0.0,noisy,intact,0.8226980277259223,1.1629411415003759,0.0984011047437842,6.4836227585174715
sensor_comm,9106,s_lr,0.0,noisy,L4 failure,0.44370279147423075,0.33420434430390733,0.2437059024634368,2.668247758452589
sensor_comm,9106,s_lr,0.0,noisy,L4 slip,0.7107189345466813,0.9557580802064581,0.05503620591636713,5.510868171764042
sensor_comm,9106,s_lr,0.0,stuck,intact,0.8226980277259223,1.1629411415003759,0.0984011047437842,6.4836227585174715
sensor_comm,9106,s_lr,0.0,stuck,L4 failure,0.44370279147423075,0.33420434430390733,0.2437059024634368,2.668247758452589
sensor_comm,9106,s_lr,0.0,stuck,L4 slip,0.7107189345466813,0.9557580802064581,0.05503620591636713,5.510868171764042
sensor_comm,9106,s_lr,0.025,always,intact,0.754463718036361,1.0259532714142852,0.047020520038724284,5.893289126827587
sensor_comm,9106,s_lr,0.025,always,L4 failure,0.4549099903253578,0.37822542674138804,0.29213033642484787,2.7935310167138834
sensor_comm,9106,s_lr,0.025,always,L4 slip,0.6488905042799202,0.8223912525730388,0.04531101403986398,4.935207468156751
sensor_comm,9106,s_lr,0.025,dropout,intact,0.7905802328367191,1.103372435249907,0.08526553074936061,6.206881655668475
sensor_comm,9106,s_lr,0.025,dropout,L4 failure,0.443738740644797,0.3498056376304226,0.2643675889947335,2.6821023378105666
sensor_comm,9106,s_lr,0.025,dropout,L4 slip,0.6797896162736773,0.8955170715300682,0.04254737506692,5.2310879245977
sensor_comm,9106,s_lr,0.025,intermittent,intact,0.7988061905590759,1.115873814644981,0.07348005417747316,6.280689195886119
sensor_comm,9106,s_lr,0.025,intermittent,L4 failure,0.4460428135681215,0.34657910947498205,0.2614842375421965,2.7009600344439577
sensor_comm,9106,s_lr,0.025,intermittent,L4 slip,0.6886873735137617,0.9091198504422835,0.04059283295147424,5.31087954062491
sensor_comm,9106,s_lr,0.025,delayed,intact,0.7611675319130982,1.0389049315816987,0.04772583008395283,5.952841054786546
sensor_comm,9106,s_lr,0.025,delayed,L4 failure,0.4551762733456612,0.37655800712810156,0.2938392373421852,2.7955633303495286
sensor_comm,9106,s_lr,0.025,delayed,L4 slip,0.6549479206459917,0.8348006819528223,0.04532741855942844,4.992544660464252
sensor_comm,9106,s_lr,0.025,noisy,intact,0.7510400197708413,1.020169039432684,0.04682586627616375,5.863012031370539
sensor_comm,9106,s_lr,0.025,noisy,L4 failure,0.4543519875263503,0.379475509256087,0.2918073843546428,2.789279730694542
sensor_comm,9106,s_lr,0.025,noisy,L4 slip,0.646662411831006,0.8188668957357323,0.04491896371123205,4.91508407137736
sensor_comm,9106,s_lr,0.025,stuck,intact,0.7631805738377168,1.0451630647028292,0.047124151373544795,5.970616937563424
sensor_comm,9106,s_lr,0.025,stuck,L4 failure,0.457936877209219,0.38433930538716465,0.3140032021875785,2.81807938720231
sensor_comm,9106,s_lr,0.025,stuck,L4 slip,0.6550784048775059,0.8376412491752786,0.04271585632120003,4.996574616238007
sensor_comm,9106,s_lr,0.05,always,intact,0.6958706284500902,0.9007906951954668,0.06485755722992362,5.352776767382556
sensor_comm,9106,s_lr,0.05,always,L4 failure,0.4754100486105974,0.43339809508199806,0.32564503997531347,2.9659936168923675
sensor_comm,9106,s_lr,0.05,always,L4 slip,0.597478119203578,0.7009799457361388,0.08157742829763666,4.409829755937598
sensor_comm,9106,s_lr,0.05,dropout,intact,0.7601334012434725,1.0461619585401887,0.07264814660297811,5.941330870342431
sensor_comm,9106,s_lr,0.05,dropout,L4 failure,0.44904968783446986,0.37440562237219266,0.2838985553593412,2.734119922081433
sensor_comm,9106,s_lr,0.05,dropout,L4 slip,0.6507636733281904,0.8377937984523307,0.03732354364834773,4.96319007892024
sensor_comm,9106,s_lr,0.05,intermittent,intact,0.7758532489375781,1.0698100835847175,0.05043034920032545,6.082003131017857
sensor_comm,9106,s_lr,0.05,intermittent,L4 failure,0.44984689339515394,0.36133799747208695,0.27751904799040683,2.7434389500683625
sensor_comm,9106,s_lr,0.05,intermittent,L4 slip,0.6677654742739466,0.8635605277816012,0.03908913577611066,5.115407108871228
sensor_comm,9106,s_lr,0.05,delayed,intact,0.7073384368775494,0.9237677141245415,0.06450080281559087,5.459326577825937
sensor_comm,9106,s_lr,0.05,delayed,L4 failure,0.4753598137038396,0.4296927414199935,0.3318112390627682,2.9676332517942505
sensor_comm,9106,s_lr,0.05,delayed,L4 slip,0.6075645733286557,0.7227638931773097,0.08113643180332483,4.511521575827494
sensor_comm,9106,s_lr,0.05,noisy,intact,0.6896801981230815,0.8902983054761864,0.06441811292232492,5.29680899019731
sensor_comm,9106,s_lr,0.05,noisy,L4 failure,0.4751405735080197,0.43679788789338814,0.32373259765636353,2.9615548735939616
sensor_comm,9106,s_lr,0.05,noisy,L4 slip,0.5935270069591783,0.694937656804244,0.08001435103768252,4.373913473618095
sensor_comm,9106,s_lr,0.05,stuck,intact,0.7096294403471735,0.9338533341961762,0.05302228283224027,5.4858346738333665
sensor_comm,9106,s_lr,0.05,stuck,L4 failure,0.485864688043886,0.45175482582254584,0.37882879473593756,3.039565078242729
sensor_comm,9106,s_lr,0.05,stuck,L4 slip,0.6064450540343476,0.7261170164515238,0.071394850183032,4.510972374831222
sensor_comm,9106,s_lr,0.1,always,intact,0.6055188997548306,0.6845586882328198,0.132682755812002,4.415092917255284
sensor_comm,9106,s_lr,0.1,always,L4 failure,0.5257271364116212,0.5462970358893646,0.35548690763609514,3.3283063038496374
sensor_comm,9106,s_lr,0.1,always,L4 slip,0.5230952368506713,0.4919159685794301,0.15519445291053677,3.500904191425707
sensor_comm,9106,s_lr,0.1,dropout,intact,0.7040745656097166,0.9384949040416807,0.04888751225319401,5.442209585160184
sensor_comm,9106,s_lr,0.1,dropout,L4 failure,0.47176746201938535,0.4397771833948313,0.31980328666695584,2.909000402350584
sensor_comm,9106,s_lr,0.1,dropout,L4 slip,0.5982394609333339,0.7295259632000628,0.033267754943468696,4.461216650754927
sensor_comm,9106,s_lr,0.1,intermittent,intact,0.7328331785596167,0.9808009783346098,0.04971359154172629,5.697806400539678
sensor_comm,9106,s_lr,0.1,intermittent,L4 failure,0.46095046983315435,0.39541680339855145,0.3046069245245066,2.8473282458888396
sensor_comm,9106,s_lr,0.1,intermittent,L4 slip,0.6292938294753827,0.7757336571037193,0.05632183170698222,4.738233116663342
sensor_comm,9106,s_lr,0.1,delayed,intact,0.6218929095143405,0.7199749421487998,0.1341799817345431,4.582944796206998
sensor_comm,9106,s_lr,0.1,delayed,L4 failure,0.527012334952398,0.5424270389137902,0.3758670975791468,3.342280101835519
sensor_comm,9106,s_lr,0.1,delayed,L4 slip,0.5366568234184877,0.524692816920145,0.15765373305258576,3.65805150262427
sensor_comm,9106,s_lr,0.1,noisy,intact,0.5955018636632997,0.6676663159785462,0.12990626037408548,4.320747955452579
sensor_comm,9106,s_lr,0.1,noisy,L4 failure,0.5258083746245309,0.5527638925541944,0.34781901209344074,3.320100600443018
sensor_comm,9106,s_lr,0.1,noisy,L4 slip,0.5168607724886586,0.48371345658964027,0.14947366206400306,3.4459319989871475
sensor_comm,9106,s_lr,0.1,stuck,intact,0.6208772312569238,0.7307369726138886,0.11466712627408011,4.6008412112455614
sensor_comm,9106,s_lr,0.1,stuck,L4 failure,0.5644067270597918,0.6051681371513754,0.49343725255128473,3.5639952966231463
sensor_comm,9106,s_lr,0.1,stuck,L4 slip,0.5309539028763371,0.5228306851291571,0.15091020533511273,3.6252897942851194
sensor_comm,9106,s_lr,0.2,always,intact,0.510550694523155,0.42658033067503853,0.23489124631454078,3.261719746680653
sensor_comm,9106,s_lr,0.2,always,L4 failure,0.6076962154398271,0.7256240183875484,0.3103401421847921,3.8923381215130557
sensor_comm,9106,s_lr,0.2,always,L4 slip,0.4598884569983209,0.3420440065266823,0.242058153934038,2.7795284673218537
sensor_comm,9106,s_lr,0.2,dropout,intact,0.6100838653320686,0.7480714498074164,0.033607187852440504,4.561451897934129
sensor_comm,9106,s_lr,0.2,dropout,L4 failure,0.5432952486618112,0.5970488245065767,0.3804749448103947,3.387199156111504
sensor_comm,9106,s_lr,0.2,dropout,L4 slip,0.5140336739622083,0.5392986945386271,0.049865830588424344,3.580800034567762
sensor_comm,9106,s_lr,0.2,intermittent,intact,0.6586374855190984,0.8159444749815361,0.08627710282626899,4.984874403800771
sensor_comm,9106,s_lr,0.2,intermittent,L4 failure,0.49171990778272806,0.47109470055519653,0.34057792132879355,3.087907334241086
sensor_comm,9106,s_lr,0.2,intermittent,L4 slip,0.5659058118549531,0.613535942815329,0.11546607930002115,4.040129955380746
sensor_comm,9106,s_lr,0.2,delayed,intact,0.5271420310828812,0.4580042669500616,0.2508980211623041,3.4295492315403204
sensor_comm,9106,s_lr,0.2,delayed,L4 failure,0.6229549094434897,0.7387178910311428,0.3650502665205816,3.9918970615463203
sensor_comm,9106,s_lr,0.2,delayed,L4 slip,0.472749345211106,0.3622113147144289,0.2622268253824461,2.9021108649968386
sensor_comm,9106,s_lr,0.2,noisy,intact,0.49724827266860877,0.40883283009193094,0.22401916823800602,3.1425380986285063
sensor_comm,9106,s_lr,0.2,noisy,L4 failure,0.6026229682837965,0.7286840420224823,0.28904687140851637,3.845236268411503
sensor_comm,9106,s_lr,0.2,noisy,L4 slip,0.45108384386672257,0.33229420375498864,0.2279776850714163,2.7021434582697417
sensor_comm,9106,s_lr,0.2,stuck,intact,0.517719827869916,0.45644368726711926,0.26667047428608803,3.381671190887259
sensor_comm,9106,s_lr,0.2,stuck,L4 failure,0.7391388869765351,0.9118699495748283,0.6710475861108403,4.637906145494742
sensor_comm,9106,s_lr,0.2,stuck,L4 slip,0.4663020871742666,0.3705480439576268,0.3116462719898706,2.893846701576164
sensor_comm,9106,s_lr,0.4,always,intact,0.4828160194917967,0.45142130537515657,0.2539070132108841,3.189273020621437
sensor_comm,9106,s_lr,0.4,always,L4 failure,0.6453508534350889,0.869489417484538,0.3301378965334662,4.241555723705086
sensor_comm,9106,s_lr,0.4,always,L4 slip,0.4641025849818228,0.4428793284440252,0.22798202886558788,3.0088406819347355
sensor_comm,9106,s_lr,0.4,dropout,intact,0.4851667289096691,0.45327300391314634,0.066330154468321,3.201484674760936
sensor_comm,9106,s_lr,0.4,dropout,L4 failure,0.6975207484936448,0.9060281135137904,0.4671198433733668,4.394675383588414
sensor_comm,9106,s_lr,0.4,dropout,L4 slip,0.41790416716977785,0.2623827887796809,0.10310139227590118,2.2926216833914497
sensor_comm,9106,s_lr,0.4,intermittent,intact,0.5571082348024872,0.5475528198383184,0.18930357987978236,3.8154380399773333
sensor_comm,9106,s_lr,0.4,intermittent,L4 failure,0.5591781467415942,0.6160454071894049,0.3527314259801291,3.553986108806569
sensor_comm,9106,s_lr,0.4,intermittent,L4 slip,0.4901321949411803,0.37809904135960853,0.2178108500700378,3.0093596978170174
sensor_comm,9106,s_lr,0.4,delayed,intact,0.502182672228265,0.4853210454777751,0.2997018848087908,3.38136104841427
sensor_comm,9106,s_lr,0.4,delayed,L4 failure,0.6988472377358702,0.9436120003017047,0.3600391450836583,4.598706102422617
sensor_comm,9106,s_lr,0.4,delayed,L4 slip,0.4841912958282457,0.47615517053051964,0.2781288059920323,3.1979607431671897
sensor_comm,9106,s_lr,0.4,noisy,intact,0.46630808630047443,0.432343538602259,0.2309498861546282,3.0392274018830343
sensor_comm,9106,s_lr,0.4,noisy,L4 failure,0.6193557676223493,0.8401035941464574,0.3157473512768496,4.044114139223363
sensor_comm,9106,s_lr,0.4,noisy,L4 slip,0.4490961133549892,0.4222902367837058,0.20521467669668475,2.8752332417662405
sensor_comm,9106,s_lr,0.4,stuck,intact,0.5383080126972883,0.5797444529022892,0.49998024553195564,3.7016643537711618
sensor_comm,9106,s_lr,0.4,stuck,L4 failure,1.002706948154441,1.376831066843056,0.8744157948581159,6.276249269887538
sensor_comm,9106,s_lr,0.4,stuck,L4 slip,0.5532642260953431,0.6171406433894722,0.5402434051274347,3.705733135413279
sensor_comm,9106,s_lr,1.0,always,intact,0.47599623840518684,0.5201869257115429,0.20461549063473106,3.2244668839931236
sensor_comm,9106,s_lr,1.0,always,L4 failure,0.5227867013528935,0.729093596048596,0.5118318538109545,3.4380965696427483
sensor_comm,9106,s_lr,1.0,always,L4 slip,0.4537959030503528,0.5006119674162656,0.2309127585893882,2.995238800827836
sensor_comm,9106,s_lr,1.0,dropout,intact,0.41378048312682736,0.34052649167137894,0.17169325949517777,2.473724341277488
sensor_comm,9106,s_lr,1.0,dropout,L4 failure,0.9552123218657027,1.4095354213690157,0.5742884821875524,6.158898055132406
sensor_comm,9106,s_lr,1.0,dropout,L4 slip,0.4272229635620114,0.4134445147668323,0.2115014251455068,2.62441094300098
sensor_comm,9106,s_lr,1.0,intermittent,intact,0.5003261012679506,0.4925746797819026,0.27470459382214185,3.387681257502451
sensor_comm,9106,s_lr,1.0,intermittent,L4 failure,0.654822091151571,0.8635218592589327,0.3037773101668761,4.278356087061031
sensor_comm,9106,s_lr,1.0,intermittent,L4 slip,0.48570798782459496,0.4803557258317639,0.27581755669395197,3.221298907128949
sensor_comm,9106,s_lr,1.0,delayed,intact,0.5100030897252963,0.5881927342181686,0.2466813095614199,3.5549041599711275
sensor_comm,9106,s_lr,1.0,delayed,L4 failure,0.5916724810687536,0.8588219526806913,0.619413063709019,4.007982161727819
sensor_comm,9106,s_lr,1.0,delayed,L4 slip,0.48982050853948184,0.5721255563799185,0.27835385167556664,3.3366692452197855
sensor_comm,9106,s_lr,1.0,noisy,intact,0.46880015607822584,0.5037283890099904,0.17557906505284465,3.124946202632284
sensor_comm,9106,s_lr,1.0,noisy,L4 failure,0.47924877831945,0.6319884415044692,0.4532508132928905,3.04059751227945
sensor_comm,9106,s_lr,1.0,noisy,L4 slip,0.45409908165178015,0.484875335722691,0.18601865779232524,2.970916682204359
sensor_comm,9106,s_lr,1.0,stuck,intact,0.8261870076066925,1.1228209643229523,0.7824691891070928,5.643277257025343
sensor_comm,9106,s_lr,1.0,stuck,L4 failure,1.2106415643149955,1.7913402678976915,0.9070873727111171,7.7130733082410075
sensor_comm,9106,s_lr,1.0,stuck,L4 slip,0.8696973000275641,1.1926586243916508,0.8104657777940785,5.776277746460072
sensor_comm,9106,s_rl,0.0,always,intact,0.5419193694171134,0.6585360590851879,0.046355969075676275,3.9956578834504706
sensor_comm,9106,s_rl,0.0,always,L4 failure,0.5869688711378503,0.7670246279428778,0.21429019863997115,4.39199862572212
sensor_comm,9106,s_rl,0.0,always,L4 slip,0.5660116163101244,0.7153204517417953,0.0366419466053585,4.238750985240215
sensor_comm,9106,s_rl,0.0,dropout,intact,0.5419193694171134,0.6585360590851879,0.046355969075676275,3.9956578834504706
sensor_comm,9106,s_rl,0.0,dropout,L4 failure,0.5869688711378503,0.7670246279428778,0.21429019863997115,4.39199862572212
sensor_comm,9106,s_rl,0.0,dropout,L4 slip,0.5660116163101244,0.7153204517417953,0.0366419466053585,4.238750985240215
sensor_comm,9106,s_rl,0.0,intermittent,intact,0.5419193694171134,0.6585360590851879,0.046355969075676275,3.9956578834504706
sensor_comm,9106,s_rl,0.0,intermittent,L4 failure,0.5869688711378503,0.7670246279428778,0.21429019863997115,4.39199862572212
sensor_comm,9106,s_rl,0.0,intermittent,L4 slip,0.5660116163101244,0.7153204517417953,0.0366419466053585,4.238750985240215
sensor_comm,9106,s_rl,0.0,delayed,intact,0.5419193694171134,0.6585360590851879,0.046355969075676275,3.9956578834504706
sensor_comm,9106,s_rl,0.0,delayed,L4 failure,0.5869688711378503,0.7670246279428778,0.21429019863997115,4.39199862572212
sensor_comm,9106,s_rl,0.0,delayed,L4 slip,0.5660116163101244,0.7153204517417953,0.0366419466053585,4.238750985240215
sensor_comm,9106,s_rl,0.0,noisy,intact,0.5419193694171134,0.6585360590851879,0.046355969075676275,3.9956578834504706
sensor_comm,9106,s_rl,0.0,noisy,L4 failure,0.5869688711378503,0.7670246279428778,0.21429019863997115,4.39199862572212
sensor_comm,9106,s_rl,0.0,noisy,L4 slip,0.5660116163101244,0.7153204517417953,0.0366419466053585,4.238750985240215
sensor_comm,9106,s_rl,0.0,stuck,intact,0.5419193694171134,0.6585360590851879,0.046355969075676275,3.9956578834504706
sensor_comm,9106,s_rl,0.0,stuck,L4 failure,0.5869688711378503,0.7670246279428778,0.21429019863997115,4.39199862572212
sensor_comm,9106,s_rl,0.0,stuck,L4 slip,0.5660116163101244,0.7153204517417953,0.0366419466053585,4.238750985240215
sensor_comm,9106,s_rl,0.025,always,intact,0.5117602787747513,0.579615611212326,0.07339919023337085,3.665581281922437
sensor_comm,9106,s_rl,0.025,always,L4 failure,0.5359858296642623,0.6569083229719807,0.1452039992291271,3.9372690878369614
sensor_comm,9106,s_rl,0.025,always,L4 slip,0.5303581649961194,0.6285677851917859,0.04432779448428776,3.876577238671527
sensor_comm,9106,s_rl,0.025,dropout,intact,0.5331590786036968,0.6381333916798808,0.04867162857206556,3.9054175885326097
sensor_comm,9106,s_rl,0.025,dropout,L4 failure,0.570109150417313,0.7315576134391106,0.2029505179553391,4.241318085100113
sensor_comm,9106,s_rl,0.025,dropout,L4 slip,0.5555536908375359,0.692167496288911,0.035029583421224926,4.136723214698738
sensor_comm,9106,s_rl,0.025,intermittent,intact,0.5311218587695358,0.6313660391041276,0.05483911038150548,3.8817381754430076
sensor_comm,9106,s_rl,0.025,intermittent,L4 failure,0.5688900969889894,0.7292553039177824,0.19006810560374432,4.235824772982702
sensor_comm,9106,s_rl,0.025,intermittent,L4 slip,0.5530417322773296,0.6846529856652002,0.03486709088748944,4.1110527470848455
sensor_comm,9106,s_rl,0.025,delayed,intact,0.51525156145205,0.5879076140753122,0.07301229349230735,3.7029805883808695
sensor_comm,9106,s_rl,0.025,delayed,L4 failure,0.5419029864821839,0.6698500180315707,0.14878596665068072,3.9935869268651163
sensor_comm,9106,s_rl,0.025,delayed,L4 slip,0.5344945999843003,0.6379719126300822,0.04403382779743041,3.9187500624296874
sensor_comm,9106,s_rl,0.025,noisy,intact,0.5149442200632642,0.5856071926033131,0.07329005689934821,3.6964487936586465
sensor_comm,9106,s_rl,0.025,noisy,L4 failure,0.5400928888707592,0.6644982204043521,0.1450944499534988,3.9756813936052637
sensor_comm,9106,s_rl,0.025,noisy,L4 slip,0.5327233155015235,0.6323532481774153,0.04475093204332519,3.897910000380109
sensor_comm,9106,s_rl,0.025,stuck,intact,0.5168753263004988,0.5943633666727419,0.06799857251619398,3.725476149736611
sensor_comm,9106,s_rl,0.025,stuck,L4 failure,0.5434967842530553,0.6738897217856323,0.15981306926633146,4.005948207796493
sensor_comm,9106,s_rl,0.025,stuck,L4 slip,0.536372016625404,0.6445050019375662,0.03949107830257987,3.9411745007054186
sensor_comm,9106,s_rl,0.05,always,intact,0.48630547689743775,0.5053818028164845,0.1013792779447746,3.353975328048597
sensor_comm,9106,s_rl,0.05,always,L4 failure,0.4934655497703701,0.5542681869496245,0.08540876746016014,3.5122103827888824
sensor_comm,9106,s_rl,0.05,always,L4 slip,0.5000817782171055,0.547007542923059,0.07190054569718804,3.5348791686399026
sensor_comm,9106,s_rl,0.05,dropout,intact,0.5243867347849914,0.6174412822896193,0.051152006781299074,3.813628632262498
sensor_comm,9106,s_rl,0.05,dropout,L4 failure,0.5533923620961865,0.6956882791659378,0.19153721902930232,4.08862847204793
sensor_comm,9106,s_rl,0.05,dropout,L4 slip,0.5450730435581487,0.6686747798785572,0.03371854449054317,4.032917489551527
sensor_comm,9106,s_rl,0.05,intermittent,intact,0.5208895891255594,0.6047614761662679,0.0633917388013038,3.770079477855032
sensor_comm,9106,s_rl,0.05,intermittent,L4 failure,0.5517251218033419,0.6922559244462448,0.16688374029348202,4.082739044256179
sensor_comm,9106,s_rl,0.05,intermittent,L4 slip,0.5407458294675249,0.6546122237476062,0.036035495937135995,3.985863102812472
sensor_comm,9106,s_rl,0.05,delayed,intact,0.4922883353891137,0.5204607498218572,0.10109427168551019,3.422686441739935
sensor_comm,9106,s_rl,0.05,delayed,L4 failure,0.503147347740692,0.5773324591117225,0.09007758028110703,3.613436546239006
sensor_comm,9106,s_rl,0.05,delayed,L4 slip,0.5071481940559542,0.5640602371236915,0.07167633356774453,3.6121211759233045
sensor_comm,9106,s_rl,0.05,noisy,intact,0.49204366426749724,0.516283292537998,0.10165464423015222,3.411248223061908
sensor_comm,9106,s_rl,0.05,noisy,L4 failure,0.5004318403859498,0.5672215625188997,0.08395157972678162,3.5798455491539323
sensor_comm,9106,s_rl,0.05,noisy,L4 slip,0.5043681134044261,0.5535726934744414,0.07323612699105896,3.5733865137066303
sensor_comm,9106,s_rl,0.05,stuck,intact,0.49424941254113,0.5311747849677573,0.09275173473751139,3.458888830183911
sensor_comm,9106,s_rl,0.05,stuck,L4 failure,0.5043518080628999,0.5823523181722732,0.10630960537658038,3.6259482394035913
sensor_comm,9106,s_rl,0.05,stuck,L4 slip,0.50941105317492,0.5747585764512304,0.06218393252888042,3.6475058409938472
sensor_comm,9106,s_rl,0.1,always,intact,0.44861916694201337,0.37678388052468204,0.15423716002366505,2.809623247347565
sensor_comm,9106,s_rl,0.1,always,L4 failure,0.4338363299459751,0.374971061198503,0.02500881822961023,2.765626607720712
sensor_comm,9106,s_rl,0.1,always,L4 slip,0.4549509324535518,0.40302024665085207,0.12863896655899396,2.927370902457991
sensor_comm,9106,s_rl,0.1,dropout,intact,0.5069683397823688,0.5754359282081746,0.05659042007520785,3.62656998712895
sensor_comm,9106,s_rl,0.1,dropout,L4 failure,0.520812363484009,0.6232608889031381,0.16861576387768137,3.779533724896323
sensor_comm,9106,s_rl,0.1,dropout,L4 slip,0.5242428129051917,0.620960751114217,0.032056858857706275,3.821333173728405
sensor_comm,9106,s_rl,0.1,intermittent,intact,0.5020828602201527,0.5532377353546991,0.0811303493293494,3.5535058922639844
sensor_comm,9106,s_rl,0.1,intermittent,L4 failure,0.520202827017462,0.6206492093507829,0.12360397416567696,3.786167399136912
sensor_comm,9106,s_rl,0.1,intermittent,L4 slip,0.5181574768828976,0.5964157515207833,0.05235712405815537,3.7430336816548966
sensor_comm,9106,s_rl,0.1,delayed,intact,0.45722192797447975,0.3998536913137635,0.1559744344390822,2.9183391937450356
sensor_comm,9106,s_rl,0.1,delayed,L4 failure,0.4457030892736084,0.40961399421591455,0.01848375975511301,2.92147887081486
sensor_comm,9106,s_rl,0.1,delayed,L4 slip,0.4649625602767387,0.4297446874733707,0.1303364367109825,3.0519076500298254
sensor_comm,9106,s_rl,0.1,noisy,intact,0.4579267735928735,0.39340954656495797,0.15691895230332287,2.9028174331998544
sensor_comm,9106,s_rl,0.1,noisy,L4 failure,0.44388072260139205,0.39257722473631623,0.023263915124605076,2.866487191437212
sensor_comm,9106,s_rl,0.1,noisy,L4 slip,0.46212730966582594,0.41214326272263585,0.13377841472024957,2.9877219823887637
sensor_comm,9106,s_rl,0.1,stuck,intact,0.4573317441996753,0.411893943423165,0.14859851224861448,2.9532759717416894
sensor_comm,9106,s_rl,0.1,stuck,L4 failure,0.4426711958112257,0.40804440606574327,0.015771670830768546,2.9002771448566875
sensor_comm,9106,s_rl,0.1,stuck,L4 slip,0.46495637935405754,0.44156667247438114,0.11999552479714785,3.0844946986721404
sensor_comm,9106,s_rl,0.2,always,intact,0.4155374835519126,0.2911399382944332,0.22458234778764324,2.4058967073677553
sensor_comm,9106,s_rl,0.2,always,L4 failure,0.39737292104887434,0.244519961905654,0.1065595174649487,2.1852500205960306
sensor_comm,9106,s_rl,0.2,always,L4 slip,0.41507481974736044,0.28489603964779436,0.20597261188783217,2.3905949494739582
sensor_comm,9106,s_rl,0.2,dropout,intact,0.47360993425555337,0.490415284547235,0.06924068719177581,3.2454986972381707
sensor_comm,9106,s_rl,0.2,dropout,L4 failure,0.4618189484732485,0.47888837303735804,0.1231355140310062,3.1608624028962335
sensor_comm,9106,s_rl,0.2,dropout,L4 slip,0.4843208957367629,0.5243612238323119,0.03800703308092272,3.390447707617362
sensor_comm,9106,s_rl,0.2,intermittent,intact,0.4708024544521309,0.4571038614735482,0.11920217197796257,3.1480527278711694
sensor_comm,9106,s_rl,0.2,intermittent,L4 failure,0.4686473046762074,0.4876314892273406,0.04911692478027952,3.233976467582254
sensor_comm,9106,s_rl,0.2,intermittent,L4 slip,0.4807866362131768,0.48775601847009487,0.0948036614149727,3.2883740216937394
sensor_comm,9106,s_rl,0.2,delayed,intact,0.424791351130443,0.30816038330736684,0.23890169967520075,2.5049044802137046
sensor_comm,9106,s_rl,0.2,delayed,L4 failure,0.40509431438471455,0.25344446950136157,0.12554278083834314,2.252104018245847
sensor_comm,9106,s_rl,0.2,delayed,L4 slip,0.4252470274871314,0.3047724264532964,0.22178475101686343,2.503071471419101
sensor_comm,9106,s_rl,0.2,noisy,intact,0.4285445780708606,0.3043536776302032,0.2347385590798982,2.5090104714939563
sensor_comm,9106,s_rl,0.2,noisy,L4 failure,0.41093603429087233,0.25764345393942645,0.1244643443577496,2.293577649753669
sensor_comm,9106,s_rl,0.2,noisy,L4 slip,0.4266867585569845,0.29545717288738027,0.21928461687485856,2.477551630346681
sensor_comm,9106,s_rl,0.2,stuck,intact,0.4220257021223668,0.3153519895544354,0.2686591827351489,2.508061393569529
sensor_comm,9106,s_rl,0.2,stuck,L4 failure,0.40535519686260324,0.2728585454980073,0.18892599648295225,2.301403870041904
sensor_comm,9106,s_rl,0.2,stuck,L4 slip,0.4214959362584142,0.3108771121530569,0.2522651815219999,2.4991179247182957
sensor_comm,9106,s_rl,0.4,always,intact,0.4265626916872968,0.36939260224659193,0.23289757481590828,2.598942092590252
sensor_comm,9106,s_rl,0.4,always,L4 failure,0.436213757251561,0.4321623691484744,0.1940425635462219,2.8299667129687816
sensor_comm,9106,s_rl,0.4,always,L4 slip,0.42664009823727495,0.371299854071767,0.21049406248257635,2.6112800015812314
sensor_comm,9106,s_rl,0.4,dropout,intact,0.4184541712059362,0.32615222334438604,0.1000906246409613,2.501338611690367
sensor_comm,9106,s_rl,0.4,dropout,L4 failure,0.3862717971506785,0.22017219642596214,0.0665681333478629,2.0424680915296434
sensor_comm,9106,s_rl,0.4,dropout,L4 slip,0.4187552202799866,0.3376785649722096,0.06820420748008232,2.5499492815248197
sensor_comm,9106,s_rl,0.4,intermittent,intact,0.43072134618650515,0.3186169475509754,0.18520756372558678,2.55263803611766
sensor_comm,9106,s_rl,0.4,intermittent,L4 failure,0.4099603357944883,0.2774957148858851,0.05600702155604549,2.3541706199412906
sensor_comm,9106,s_rl,0.4,intermittent,L4 slip,0.43445232455624716,0.32335579946316634,0.17425916089339333,2.591183828487376
sensor_comm,9106,s_rl,0.4,delayed,intact,0.4411304745082774,0.3870087448396104,0.27724388711091474,2.7210977230002573
sensor_comm,9106,s_rl,0.4,delayed,L4 failure,0.4561011448321095,0.45922909613502566,0.21604569547165992,2.9838777291006524
sensor_comm,9106,s_rl,0.4,delayed,L4 slip,0.44267378892562204,0.39087771462446746,0.2586992859614636,2.7436003401783693
sensor_comm,9106,s_rl,0.4,noisy,intact,0.44661880212335797,0.38484982783383154,0.25652387538956756,2.7474590489521358
sensor_comm,9106,s_rl,0.4,noisy,L4 failure,0.4661437683823546,0.4718077363626218,0.21256910653345312,3.082792999914234
sensor_comm,9106,s_rl,0.4,noisy,L4 slip,0.44975633211530797,0.3994046930210428,0.23423811017226853,2.8008711057427966
sensor_comm,9106,s_rl,0.4,stuck,intact,0.4870879671014358,0.47792822394685197,0.47392779981069194,3.039394288953464
sensor_comm,9106,s_rl,0.4,stuck,L4 failure,0.5825755348755326,0.6847765421063954,0.4990492987588858,3.838157081485497
sensor_comm,9106,s_rl,0.4,stuck,L4 slip,0.497051268919899,0.4970975127530184,0.4775279440289646,3.118585024307274
sensor_comm,9106,s_rl,1.0,always,intact,0.45525173321511986,0.5170985811788513,0.2201710359637688,2.9103135175549455
sensor_comm,9106,s_rl,1.0,always,L4 failure,0.43855505304464804,0.4919951082753437,0.29414179307099203,2.9020972416399156
sensor_comm,9106,s_rl,1.0,always,L4 slip,0.44880158914801155,0.513133153260519,0.23169063720544197,2.90176603589807
sensor_comm,9106,s_rl,1.0,dropout,intact,0.3742685103420199,0.28338329871321893,0.19322262208152416,2.0948391111798284
sensor_comm,9106,s_rl,1.0,dropout,L4 failure,0.47843884889511024,0.5693052299945471,0.14121286610484887,3.2543321023734864
sensor_comm,9106,s_rl,1.0,dropout,L4 slip,0.3761298518728907,0.29438679832752407,0.17315382646335895,2.131430568013803
sensor_comm,9106,s_rl,1.0,intermittent,intact,0.4203672348431787,0.34923005559371373,0.24098848628873942,2.5566718965540702
sensor_comm,9106,s_rl,1.0,intermittent,L4 failure,0.42869103805564035,0.40139553928701516,0.18188731438986236,2.744151769188736
sensor_comm,9106,s_rl,1.0,intermittent,L4 slip,0.43133371163027345,0.374796070259438,0.24876499401407653,2.6843318671577907
sensor_comm,9106,s_rl,1.0,delayed,intact,0.4973718351817079,0.5825717785437666,0.27997164108648753,3.2281936620705403
sensor_comm,9106,s_rl,1.0,delayed,L4 failure,0.47916418182253534,0.5804385029335801,0.3689182844068046,3.279111871074841
sensor_comm,9106,s_rl,1.0,delayed,L4 slip,0.4925030349427667,0.5854384794953044,0.2925973815630094,3.242799299019967
sensor_comm,9106,s_rl,1.0,noisy,intact,0.5085378931617077,0.5799066854432822,0.22672428234351177,3.32611232937289
sensor_comm,9106,s_rl,1.0,noisy,L4 failure,0.5162345940364251,0.6065692037525932,0.2740440165706528,3.5748497280262947
sensor_comm,9106,s_rl,1.0,noisy,L4 slip,0.5140685638180881,0.6046753631680766,0.22616484969930056,3.442869842100027
sensor_comm,9106,s_rl,1.0,stuck,intact,0.8577121166455126,1.1174118020396182,0.823338478198008,5.304209641705632
sensor_comm,9106,s_rl,1.0,stuck,L4 failure,1.0558893202573878,1.5034651417263902,0.8818904804090941,6.910463192931555
sensor_comm,9106,s_rl,1.0,stuck,L4 slip,0.8968481832410908,1.1923867010787923,0.8411387196276866,5.602400097856524
sensor_comm,9106,sine,0.0,always,intact,0.7948033030454761,1.1407843252556105,0.15774984051594668,5.863055451791157
sensor_comm,9106,sine,0.0,always,L4 failure,0.6714319856260715,0.8898173000029278,0.11182697467519889,4.822934504655933
sensor_comm,9106,sine,0.0,always,L4 slip,0.7258744622700147,1.0181791265973346,0.10995022037520248,5.2868493042815885
sensor_comm,9106,sine,0.0,dropout,intact,0.7948033030454761,1.1407843252556105,0.15774984051594668,5.863055451791157
sensor_comm,9106,sine,0.0,dropout,L4 failure,0.6714319856260715,0.8898173000029278,0.11182697467519889,4.822934504655933
sensor_comm,9106,sine,0.0,dropout,L4 slip,0.7258744622700147,1.0181791265973346,0.10995022037520248,5.2868493042815885
sensor_comm,9106,sine,0.0,intermittent,intact,0.7948033030454761,1.1407843252556105,0.15774984051594668,5.863055451791157
sensor_comm,9106,sine,0.0,intermittent,L4 failure,0.6714319856260715,0.8898173000029278,0.11182697467519889,4.822934504655933
sensor_comm,9106,sine,0.0,intermittent,L4 slip,0.7258744622700147,1.0181791265973346,0.10995022037520248,5.2868493042815885
sensor_comm,9106,sine,0.0,delayed,intact,0.7948033030454761,1.1407843252556105,0.15774984051594668,5.863055451791157
sensor_comm,9106,sine,0.0,delayed,L4 failure,0.6714319856260715,0.8898173000029278,0.11182697467519889,4.822934504655933
sensor_comm,9106,sine,0.0,delayed,L4 slip,0.7258744622700147,1.0181791265973346,0.10995022037520248,5.2868493042815885
sensor_comm,9106,sine,0.0,noisy,intact,0.7948033030454761,1.1407843252556105,0.15774984051594668,5.863055451791157
sensor_comm,9106,sine,0.0,noisy,L4 failure,0.6714319856260715,0.8898173000029278,0.11182697467519889,4.822934504655933
sensor_comm,9106,sine,0.0,noisy,L4 slip,0.7258744622700147,1.0181791265973346,0.10995022037520248,5.2868493042815885
sensor_comm,9106,sine,0.0,stuck,intact,0.7948033030454761,1.1407843252556105,0.15774984051594668,5.863055451791157
sensor_comm,9106,sine,0.0,stuck,L4 failure,0.6714319856260715,0.8898173000029278,0.11182697467519889,4.822934504655933
sensor_comm,9106,sine,0.0,stuck,L4 slip,0.7258744622700147,1.0181791265973346,0.10995022037520248,5.2868493042815885
sensor_comm,9106,sine,0.025,always,intact,0.6951716829992953,0.9554486952892823,0.08884702022618321,5.019038192216364
sensor_comm,9106,sine,0.025,always,L4 failure,0.5535843632617051,0.6244337169864298,0.1814985768467617,3.6303722701348278
sensor_comm,9106,sine,0.025,always,L4 slip,0.6260946138886176,0.82584018951615,0.05174243587276659,4.409463489194983
sensor_comm,9106,sine,0.025,dropout,intact,0.7223632197979869,1.0099972346018398,0.1330095444368568,5.23954201800347
sensor_comm,9106,sine,0.025,dropout,L4 failure,0.5771193894327508,0.6931316472264208,0.1354120208856488,3.9073326825293364
sensor_comm,9106,sine,0.025,dropout,L4 slip,0.6509402839269496,0.8789871569769137,0.0835088168192589,4.624153809976064
sensor_comm,9106,sine,0.025,intermittent,intact,0.7595471550719426,1.0760943712824491,0.13253928533483728,5.5692304347846235
sensor_comm,9106,sine,0.025,intermittent,L4 failure,0.6293619081641505,0.7997088385503479,0.13391377850153263,4.420395524848214
sensor_comm,9106,sine,0.025,intermittent,L4 slip,0.6918092114373916,0.9535776390259268,0.08504847872334631,4.99477412515921
sensor_comm,9106,sine,0.025,delayed,intact,0.7022594242645904,0.967906756048319,0.09140960731398191,5.080910580432477
sensor_comm,9106,sine,0.025,delayed,L4 failure,0.5599984607018147,0.6373645381091201,0.18066375443047372,3.695642773357213
sensor_comm,9106,sine,0.025,delayed,L4 slip,0.6329339820664978,0.838179165044191,0.053201129990813834,4.471247985764899
sensor_comm,9106,sine,0.025,noisy,intact,0.691994263595284,0.9496815251470103,0.08885801074348453,4.989804543550794
sensor_comm,9106,sine,0.025,noisy,L4 failure,0.5500143266619599,0.6170336396258944,0.18121320400945137,3.5928433321136417
sensor_comm,9106,sine,0.025,noisy,L4 slip,0.6241378646380765,0.8223424322159658,0.052154297053649434,4.390423113623564
sensor_comm,9106,sine,0.025,stuck,intact,0.6985206593258807,0.9621901303441245,0.10035013873472987,5.045977516462734
sensor_comm,9106,sine,0.025,stuck,L4 failure,0.5543181162913258,0.6271108083031589,0.17840240276707878,3.6410503561964536
sensor_comm,9106,sine,0.025,stuck,L4 slip,0.6282823361964649,0.8306579138130011,0.054227242826614716,4.428694484431222
sensor_comm,9106,sine,0.05,always,intact,0.6133548640414396,0.7954201913736885,0.05450273694352945,4.285348471359334
sensor_comm,9106,sine,0.05,always,L4 failure,0.4749996806132997,0.4259078799341566,0.2455852138456712,2.715457143019643
sensor_comm,9106,sine,0.05,always,L4 slip,0.5464947782983876,0.6610752837312235,0.041441675959464616,3.6520996347493893
sensor_comm,9106,sine,0.05,dropout,intact,0.656501179559737,0.8878320461762546,0.11003268494586478,4.658352103194429
sensor_comm,9106,sine,0.05,dropout,L4 failure,0.5003664929083248,0.5143294687903198,0.16822784366500612,3.07223005569581
sensor_comm,9106,sine,0.05,dropout,L4 slip,0.5839750708008155,0.7494951563637542,0.05910293338223318,4.008766387082004
sensor_comm,9106,sine,0.05,intermittent,intact,0.7261990246697559,1.013988480763345,0.10910968501282445,5.286603765083285
sensor_comm,9106,sine,0.05,intermittent,L4 failure,0.5914381973131646,0.7141617406149874,0.15690002415333115,4.037000787615958
sensor_comm,9106,sine,0.05,intermittent,L4 slip,0.6598539008917531,0.8917480948601704,0.06324998148058691,4.7146231832443615
sensor_comm,9106,sine,0.05,delayed,intact,0.624437878370171,0.8152361972048583,0.05644359347051292,4.3862635040624
sensor_comm,9106,sine,0.05,delayed,L4 failure,0.4831018987480858,0.439723771056218,0.2476506009577581,2.7946978791957084
sensor_comm,9106,sine,0.05,delayed,L4 slip,0.5568140135528109,0.6801656510712502,0.04221320374109525,3.7506614899695885
sensor_comm,9106,sine,0.05,noisy,intact,0.6077385136825534,0.7848335674639595,0.05470251193504727,4.231156254344358
sensor_comm,9106,sine,0.05,noisy,L4 failure,0.46976982101087794,0.4155774150307801,0.24411757993945268,2.6589071427603113
sensor_comm,9106,sine,0.05,noisy,L4 slip,0.5431931664656457,0.6549878345342834,0.04105213420756557,3.618226061827837
sensor_comm,9106,sine,0.05,stuck,intact,0.6161290793103633,0.8016738756830197,0.05666472351764255,4.310288888265208
sensor_comm,9106,sine,0.05,stuck,L4 failure,0.4738173947329154,0.42153004924330945,0.2560442074556626,2.6978783743905996
sensor_comm,9106,sine,0.05,stuck,L4 slip,0.5472028495630695,0.6631292546552248,0.03616112871254877,3.6602260170146597
sensor_comm,9106,sine,0.1,always,intact,0.49539848386503793,0.5419594594093395,0.04419067197593921,3.1108409768598
sensor_comm,9106,sine,0.1,always,L4 failure,0.4117785247598915,0.29269139186743337,0.3054318759124479,1.9719039646254093
sensor_comm,9106,sine,0.1,always,L4 slip,0.4386342495199262,0.40379837894223874,0.07039864884028274,2.4551011927342374
sensor_comm,9106,sine,0.1,dropout,intact,0.5447967412566593,0.668747647418434,0.06910697117938931,3.62050993265322
sensor_comm,9106,sine,0.1,dropout,L4 failure,0.40736575305191325,0.2904805622797021,0.23748459433508434,1.9652679907941633
sensor_comm,9106,sine,0.1,dropout,L4 slip,0.4748312228480229,0.5187856262031924,0.02940547847349186,2.917035286478158
sensor_comm,9106,sine,0.1,intermittent,intact,0.6651459869230529,0.8974466232659175,0.0715890143880131,4.754668728014907
sensor_comm,9106,sine,0.1,intermittent,L4 failure,0.5278571203816542,0.5576517504942153,0.20403618324784167,3.33131468230022
sensor_comm,9106,sine,0.1,intermittent,L4 slip,0.602140436238818,0.7762604801286133,0.04340311039832062,4.189577667082826
sensor_comm,9106,sine,0.1,delayed,intact,0.50831960961876,0.5652397097940827,0.04573990699358429,3.238361399034508
sensor_comm,9106,sine,0.1,delayed,L4 failure,0.4196460284091721,0.30277059179894444,0.3194953554424367,2.0483570215917535
sensor_comm,9106,sine,0.1,delayed,L4 slip,0.44969227965763703,0.42428422385546155,0.07315849518545323,2.571615565288319
sensor_comm,9106,sine,0.1,noisy,intact,0.48718993793028514,0.5247348173239758,0.0427577503061211,3.0209099176578835
sensor_comm,9106,sine,0.1,noisy,L4 failure,0.40755614142447,0.2843513687899548,0.2988252754975941,1.9118108522238182
sensor_comm,9106,sine,0.1,noisy,L4 slip,0.43441314627598165,0.39545994454170874,0.06505822143408513,2.4058719952145986
sensor_comm,9106,sine,0.1,stuck,intact,0.4924167464704627,0.5338071025788016,0.03932530531663399,3.0783027186322354
sensor_comm,9106,sine,0.1,stuck,L4 failure,0.4221578834925596,0.31411918930090127,0.3732686967094391,2.0579326973132974
sensor_comm,9106,sine,0.1,stuck,L4 slip,0.4342956048492934,0.3875147727096323,0.08141319150416698,2.3900938649327195
sensor_comm,9106,sine,0.2,always,intact,0.3868814837535646,0.26171917049611537,0.0689562895432177,1.7695932053827648
sensor_comm,9106,sine,0.2,always,L4 failure,0.43010549906858975,0.3614753442618024,0.2582473931902466,1.9661480432867329
sensor_comm,9106,sine,0.2,always,L4 slip,0.35759935656543546,0.1841417114242318,0.08771002108949566,1.3552702927523332
sensor_comm,9106,sine,0.2,dropout,intact,0.40242184956613486,0.3297856760435661,0.025345761770823698,2.0371942458211088
sensor_comm,9106,sine,0.2,dropout,L4 failure,0.4356763233534416,0.36283590109118863,0.3366885588801644,1.9689772459059398
sensor_comm,9106,sine,0.2,dropout,L4 slip,0.35901269409731296,0.1862393335286911,0.049534053742589165,1.3593252936273836
sensor_comm,9106,sine,0.2,intermittent,intact,0.5646863660866784,0.6941297093076362,0.045880006342179244,3.8207873903139173
sensor_comm,9106,sine,0.2,intermittent,L4 failure,0.4466012714034477,0.3601976486128971,0.27377633701673876,2.3938058251817647
sensor_comm,9106,sine,0.2,intermittent,L4 slip,0.5101892511692765,0.5767345544963985,0.044461639930878295,3.2759989787079054
sensor_comm,9106,sine,0.2,delayed,intact,0.39588931526456406,0.2729578764052592,0.0791622982168165,1.8543628009032251
sensor_comm,9106,sine,0.2,delayed,L4 failure,0.4545682866733812,0.4050871074614726,0.2910700637167067,2.170224447340957
sensor_comm,9106,sine,0.2,delayed,L4 slip,0.3657646539960592,0.19533109050910424,0.10051302451999033,1.436354942422645
sensor_comm,9106,sine,0.2,noisy,intact,0.38066153364100086,0.2453051527641727,0.05858962145117754,1.6789022815113293
sensor_comm,9106,sine,0.2,noisy,L4 failure,0.4272810302851955,0.3669407037352832,0.23663308725330542,1.9676729909751387
sensor_comm,9106,sine,0.2,noisy,L4 slip,0.35579916808623036,0.17921644439706907,0.0739907131417163,1.3243273062496976
sensor_comm,9106,sine,0.2,stuck,intact,0.3875225373145837,0.26875853452782517,0.12317392815228856,1.8007167072452188
sensor_comm,9106,sine,0.2,stuck,L4 failure,0.5214786301757651,0.5350445625701916,0.4732642031239191,2.66692223011403
sensor_comm,9106,sine,0.2,stuck,L4 slip,0.3692480845404629,0.2351064928167818,0.16533950270021638,1.562929631579342
sensor_comm,9106,sine,0.4,always,intact,0.351087676645569,0.18075695791863472,0.02037588613275861,1.3295289554236658
sensor_comm,9106,sine,0.4,always,L4 failure,0.40329876455765373,0.40408631674808315,0.05556932471409278,2.1458540803116892
sensor_comm,9106,sine,0.4,always,L4 slip,0.34170921404916527,0.1792847890728868,0.01716393235354883,1.2721920766179098
sensor_comm,9106,sine,0.4,dropout,intact,0.36954107557692156,0.2638066275157356,0.0666468985287499,1.6662977203499771
sensor_comm,9106,sine,0.4,dropout,L4 failure,0.6461550981695425,0.8611831315827063,0.41973763985212276,4.000727911445675
sensor_comm,9106,sine,0.4,dropout,L4 slip,0.3936062010261173,0.3604378081427865,0.118809449511234,2.0103064798729133
sensor_comm,9106,sine,0.4,intermittent,intact,0.43900375662472785,0.39893476234976216,0.0620615647493051,2.4454433145479237
sensor_comm,9106,sine,0.4,intermittent,L4 failure,0.4117796381335349,0.289471290869162,0.3066111208237544,1.8678163428993528
sensor_comm,9106,sine,0.4,intermittent,L4 slip,0.40492835603380367,0.3008423667962242,0.09263740123708389,1.9879392235012099
sensor_comm,9106,sine,0.4,delayed,intact,0.3621771359871147,0.20790864986078597,0.02068998129790694,1.4649612669368561
sensor_comm,9106,sine,0.4,delayed,L4 failure,0.4537945729510362,0.5261163687848578,0.09885478653186949,2.6576833877541475
sensor_comm,9106,sine,0.4,delayed,L4 slip,0.35639266428820515,0.22627896613803838,0.02683308566533904,1.48119584944748
sensor_comm,9106,sine,0.4,noisy,intact,0.35477626713457494,0.18307355998259356,0.03074455331589949,1.3648496121857736
sensor_comm,9106,sine,0.4,noisy,L4 failure,0.39311549547609737,0.36827277249853896,0.05500712364433504,2.063793415408037
sensor_comm,9106,sine,0.4,noisy,L4 slip,0.3464234969984043,0.17440254254650134,0.0361261570992055,1.3012819895316252
sensor_comm,9106,sine,0.4,stuck,intact,0.3955533788397676,0.34595884956025313,0.12449800336793337,2.006003733948717
sensor_comm,9106,sine,0.4,stuck,L4 failure,0.57686613137778,0.7425411859414405,0.3283074569765552,3.5157077873499762
sensor_comm,9106,sine,0.4,stuck,L4 slip,0.4016515636839955,0.3814033275464158,0.13295509088283275,2.0967082330983993
sensor_comm,9106,sine,1.0,always,intact,0.3537721836825812,0.18888744996153425,0.12688168365862623,1.4824377637852666
sensor_comm,9106,sine,1.0,always,L4 failure,0.36508085062631723,0.23754527065997405,0.2646543389441711,1.732300726153376
sensor_comm,9106,sine,1.0,always,L4 slip,0.3466275295252776,0.18306372174324737,0.14476662172665347,1.454318145555371
sensor_comm,9106,sine,1.0,dropout,intact,0.4613609613212678,0.5212617054981272,0.0802365638725683,2.9060171452869668
sensor_comm,9106,sine,1.0,dropout,L4 failure,0.6057025602590741,0.8068135100537314,0.29305819636826647,4.116046716081998
sensor_comm,9106,sine,1.0,dropout,L4 slip,0.477454065292201,0.5673250199304404,0.11022035355604494,3.089539099549759
sensor_comm,9106,sine,1.0,intermittent,intact,0.36516719053104724,0.21164504503424944,0.01670692375715803,1.5022111895841037
sensor_comm,9106,sine,1.0,intermittent,L4 failure,0.4205821714210167,0.42171599018253597,0.0881136346659527,2.2359422920432173
sensor_comm,9106,sine,1.0,intermittent,L4 slip,0.35767088706572686,0.20265166987909938,0.016373040137333678,1.4349812452511352
sensor_comm,9106,sine,1.0,delayed,intact,0.3694931876300104,0.20793581103442188,0.17055726018428152,1.6330843839906812
sensor_comm,9106,sine,1.0,delayed,L4 failure,0.42363452891113257,0.37762420788756,0.39470277611973215,2.441215499035028
sensor_comm,9106,sine,1.0,delayed,L4 slip,0.3675335845639945,0.2216258371360139,0.20048509571604917,1.69340634142796
sensor_comm,9106,sine,1.0,noisy,intact,0.40082848462939885,0.2894225042251704,0.1551044110221903,2.0251635454653787
sensor_comm,9106,sine,1.0,noisy,L4 failure,0.41644926172248403,0.3460921387666335,0.2679391610933435,2.299069831377469
sensor_comm,9106,sine,1.0,noisy,L4 slip,0.4040629792891447,0.3140804790828172,0.16527114054108713,2.126716370025365
sensor_comm,9106,sine,1.0,stuck,intact,0.367449783478358,0.22932339613026204,0.2867883166045746,1.664482086139588
sensor_comm,9106,sine,1.0,stuck,L4 failure,0.5499224063900606,0.6081499908172093,0.7238982133470684,3.2216861327358233
sensor_comm,9106,sine,1.0,stuck,L4 slip,0.3854487481078607,0.29519424550953405,0.36953896162881267,1.9185367746659356
sensor_comm,9106,chirp,0.0,always,intact,1.0491971489438283,1.5421055844057576,0.19418153344615666,8.090415959965041
sensor_comm,9106,chirp,0.0,always,L4 failure,0.7227190280561453,0.9182261328124373,0.0942583939665112,5.286004633356472
sensor_comm,9106,chirp,0.0,always,L4 slip,0.9360574015416105,1.3475819994025582,0.1361883726740377,7.15722979760765
sensor_comm,9106,chirp,0.0,dropout,intact,1.0491971489438283,1.5421055844057576,0.19418153344615666,8.090415959965041
sensor_comm,9106,chirp,0.0,dropout,L4 failure,0.7227190280561453,0.9182261328124373,0.0942583939665112,5.286004633356472
sensor_comm,9106,chirp,0.0,dropout,L4 slip,0.9360574015416105,1.3475819994025582,0.1361883726740377,7.15722979760765
sensor_comm,9106,chirp,0.0,intermittent,intact,1.0491971489438283,1.5421055844057576,0.19418153344615666,8.090415959965041
sensor_comm,9106,chirp,0.0,intermittent,L4 failure,0.7227190280561453,0.9182261328124373,0.0942583939665112,5.286004633356472
sensor_comm,9106,chirp,0.0,intermittent,L4 slip,0.9360574015416105,1.3475819994025582,0.1361883726740377,7.15722979760765
sensor_comm,9106,chirp,0.0,delayed,intact,1.0491971489438283,1.5421055844057576,0.19418153344615666,8.090415959965041
sensor_comm,9106,chirp,0.0,delayed,L4 failure,0.7227190280561453,0.9182261328124373,0.0942583939665112,5.286004633356472
sensor_comm,9106,chirp,0.0,delayed,L4 slip,0.9360574015416105,1.3475819994025582,0.1361883726740377,7.15722979760765
sensor_comm,9106,chirp,0.0,noisy,intact,1.0491971489438283,1.5421055844057576,0.19418153344615666,8.090415959965041
sensor_comm,9106,chirp,0.0,noisy,L4 failure,0.7227190280561453,0.9182261328124373,0.0942583939665112,5.286004633356472
sensor_comm,9106,chirp,0.0,noisy,L4 slip,0.9360574015416105,1.3475819994025582,0.1361883726740377,7.15722979760765
sensor_comm,9106,chirp,0.0,stuck,intact,1.0491971489438283,1.5421055844057576,0.19418153344615666,8.090415959965041
sensor_comm,9106,chirp,0.0,stuck,L4 failure,0.7227190280561453,0.9182261328124373,0.0942583939665112,5.286004633356472
sensor_comm,9106,chirp,0.0,stuck,L4 slip,0.9360574015416105,1.3475819994025582,0.1361883726740377,7.15722979760765
sensor_comm,9106,chirp,0.025,always,intact,0.9318249718192633,1.3289030939875872,0.10304668934469126,7.1376380689120795
sensor_comm,9106,chirp,0.025,always,L4 failure,0.6049091840490673,0.6396444084390815,0.199062478268488,4.0469521793679135
sensor_comm,9106,chirp,0.025,always,L4 slip,0.820752339879686,1.131885187193466,0.0543368693680346,6.191540749860277
sensor_comm,9106,chirp,0.025,dropout,intact,0.976163884262405,1.4141816024364557,0.16858283269966018,7.483524020294926
sensor_comm,9106,chirp,0.025,dropout,L4 failure,0.6328086085579401,0.7253174019449751,0.13639076829739344,4.392912686455758
sensor_comm,9106,chirp,0.025,dropout,L4 slip,0.8614064441908006,1.2139268144000888,0.10938215380751393,6.523948515376268
sensor_comm,9106,chirp,0.025,intermittent,intact,1.0080248870397102,1.4681596389600402,0.16181198222545304,7.7605289373630235
sensor_comm,9106,chirp,0.025,intermittent,L4 failure,0.680374734445583,0.8238315879614231,0.1311973515261294,4.868303276846688
sensor_comm,9106,chirp,0.025,intermittent,L4 slip,0.896460823581584,1.274349658739277,0.10398266335402968,6.832300828386597
sensor_comm,9106,chirp,0.025,delayed,intact,0.9413567181162531,1.3455024394388875,0.1066803720978065,7.217925688231327
sensor_comm,9106,chirp,0.025,delayed,L4 failure,0.6129383530478255,0.6568382688264125,0.19766238017472187,4.131911690585515
sensor_comm,9106,chirp,0.025,delayed,L4 slip,0.8299083888749085,1.148169525081563,0.0564378882688607,6.270843366293593
sensor_comm,9106,chirp,0.025,noisy,intact,0.92820714513202,1.3228096157553668,0.1036577039772099,7.106064217402917
sensor_comm,9106,chirp,0.025,noisy,L4 failure,0.6009837418172794,0.631669319596983,0.19883132428675707,4.0059189725435855
sensor_comm,9106,chirp,0.025,noisy,L4 slip,0.8183208755694479,1.1279347215140472,0.05480513523098316,6.169625270304453
sensor_comm,9106,chirp,0.025,stuck,intact,0.9384704463784584,1.3417310401858555,0.11895064856375089,7.189066969248012
sensor_comm,9106,chirp,0.025,stuck,L4 failure,0.6052861770742638,0.6407260020068469,0.20110652716532157,4.05127665497863
sensor_comm,9106,chirp,0.025,stuck,L4 slip,0.8256082508458855,1.141829534615144,0.060832152745840216,6.231399114192998
sensor_comm,9106,chirp,0.05,always,intact,0.8323116996957427,1.1410252218632457,0.04131760757240535,6.293139771534442
sensor_comm,9106,chirp,0.05,always,L4 failure,0.5270528041253535,0.41416633151985555,0.2747373325716764,3.0278360395448383
sensor_comm,9106,chirp,0.05,always,L4 slip,0.7250963329191292,0.9431142782409765,0.0395695804816901,5.340730740922148
sensor_comm,9106,chirp,0.05,dropout,intact,0.9078752647130687,1.2929500389583573,0.14439561686927452,6.908859868665504
sensor_comm,9106,chirp,0.05,dropout,L4 failure,0.5582312767983959,0.5452782011685243,0.1782404061905468,3.557534889483499
sensor_comm,9106,chirp,0.05,dropout,L4 slip,0.79236136301176,1.0878058441245877,0.08420507032367798,5.9265653876668765
sensor_comm,9106,chirp,0.05,intermittent,intact,0.9685855676510106,1.3964882593334118,0.13065906229483434,7.440357782643909
sensor_comm,9106,chirp,0.05,intermittent,L4 failure,0.6422219334740098,0.7334894080797391,0.16627459681890616,4.467436128384563
sensor_comm,9106,chirp,0.05,intermittent,L4 slip,0.8588554969616186,1.20365614210645,0.07377306173223253,6.518100270182302
sensor_comm,9106,chirp,0.05,delayed,intact,0.8480156319122709,1.1687632935882948,0.04378106959986183,6.429811150633421
sensor_comm,9106,chirp,0.05,delayed,L4 failure,0.5377379901328962,0.435840904236758,0.27695454580247897,3.1443213885423313
sensor_comm,9106,chirp,0.05,delayed,L4 slip,0.7398107188606589,0.9698195386456389,0.039540590633828795,5.47370330425362
sensor_comm,9106,chirp,0.05,noisy,intact,0.8255991322842512,1.1295844539218929,0.041281920269375286,6.2333365264659095
sensor_comm,9106,chirp,0.05,noisy,L4 failure,0.5211772685495241,0.40244323856873015,0.27299525399499003,2.963196718428177
sensor_comm,9106,chirp,0.05,noisy,L4 slip,0.7208258906952331,0.9362643142871423,0.03905177891139804,5.301518923945211
sensor_comm,9106,chirp,0.05,stuck,intact,0.8402502327339575,1.1575485594865633,0.05020068519167535,6.3593393009628025
sensor_comm,9106,chirp,0.05,stuck,L4 failure,0.5261104423012698,0.4083720946185365,0.2974266056412408,3.004593907231373
sensor_comm,9106,chirp,0.05,stuck,L4 slip,0.7297488658898431,0.9537449838868742,0.03552069712675659,5.383304706312682
sensor_comm,9106,chirp,0.1,always,intact,0.6807000184719814,0.8347021517032521,0.07381063202177575,4.901561825721403
sensor_comm,9106,chirp,0.1,always,L4 failure,0.4693067883754324,0.30554901481878227,0.3507257881171923,2.380688053632251
sensor_comm,9106,chirp,0.1,always,L4 slip,0.5855652946905788,0.6390599360726457,0.11604241544746641,3.9533199178357665
sensor_comm,9106,chirp,0.1,dropout,intact,0.7855230818620234,1.070216001120071,0.10009649499563633,5.854323088047371
sensor_comm,9106,chirp,0.1,dropout,L4 failure,0.46199808713374757,0.27731784701034246,0.2521873185283988,2.274038250741431
sensor_comm,9106,chirp,0.1,dropout,L4 slip,0.6712202447987523,0.8576291333686472,0.041528117725183444,4.836838514564466
sensor_comm,9106,chirp,0.1,intermittent,intact,0.8951497436640656,1.260432431478045,0.07394458667653012,6.831052966758455
sensor_comm,9106,chirp,0.1,intermittent,L4 failure,0.5785029516277673,0.5651196058517705,0.2269033677789099,3.7168785385784098
sensor_comm,9106,chirp,0.1,intermittent,L4 slip,0.7896344664262844,1.0699729489726475,0.040149067053696585,5.922272088362476
sensor_comm,9106,chirp,0.1,delayed,intact,0.7014880610303137,0.8719454876872256,0.07402505534722736,5.094443941823888
sensor_comm,9106,chirp,0.1,delayed,L4 failure,0.4797165646078083,0.3166098715364515,0.3678917920626824,2.4748500841072962
sensor_comm,9106,chirp,0.1,delayed,L4 slip,0.6039744990277175,0.6731205598344877,0.11867977247256993,4.133897338140418
sensor_comm,9106,chirp,0.1,noisy,intact,0.6700157994175535,0.8161750417839795,0.07073337540080506,4.801091657559454
sensor_comm,9106,chirp,0.1,noisy,L4 failure,0.4637283236623802,0.3014625475840612,0.34330562089893735,2.331414696500786
sensor_comm,9106,chirp,0.1,noisy,L4 slip,0.5792325773153414,0.6296088642690428,0.11041771501738942,3.893882715160875
sensor_comm,9106,chirp,0.1,stuck,intact,0.6825420612593368,0.8394691880936914,0.06964559661991912,4.920595649908797
sensor_comm,9106,chirp,0.1,stuck,L4 failure,0.48621903095773683,0.35736655812480944,0.4518970294035497,2.587940897634697
sensor_comm,9106,chirp,0.1,stuck,L4 slip,0.5837009500337261,0.6331659581497024,0.12901437807255473,3.929672637474143
sensor_comm,9106,chirp,0.2,always,intact,0.5189658558027772,0.4651339625803509,0.15603910680323882,3.160535107707327
sensor_comm,9106,chirp,0.2,always,L4 failure,0.5103943396854156,0.5012299304189151,0.3130368289929046,2.821263993641587
sensor_comm,9106,chirp,0.2,always,L4 slip,0.4559053164820397,0.3222855913410722,0.1750366088638458,2.4162502808497432
sensor_comm,9106,chirp,0.2,dropout,intact,0.5972253263832655,0.7010587093098343,0.02656104001693458,4.110017999973317
sensor_comm,9106,chirp,0.2,dropout,L4 failure,0.4726145913796287,0.40441157068157274,0.36555354712876087,2.435581374069606
sensor_comm,9106,chirp,0.2,dropout,L4 slip,0.4975502655768843,0.4829222509053716,0.04012338158929736,3.0632538996047303
sensor_comm,9106,chirp,0.2,intermittent,intact,0.76993123276543,1.0179326253822665,0.03258675076856861,5.738663034958962
sensor_comm,9106,chirp,0.2,intermittent,L4 failure,0.4990655506309462,0.33782077957049517,0.31004645160948374,2.6614694000145556
sensor_comm,9106,chirp,0.2,intermittent,L4 slip,0.6747395450975208,0.8335998458856043,0.0677665526649778,4.8618438712737575
sensor_comm,9106,chirp,0.2,delayed,intact,0.537704603868984,0.49455340047642443,0.17183796495852402,3.3414207978789623
sensor_comm,9106,chirp,0.2,delayed,L4 failure,0.5372153295901859,0.539752422098525,0.3609956802124694,3.041490945603686
sensor_comm,9106,chirp,0.2,delayed,L4 slip,0.47189409330811727,0.34660630025581957,0.19449531049913807,2.5759951513265356
sensor_comm,9106,chirp,0.2,noisy,intact,0.5065713280080139,0.44470256445527134,0.14501704076583424,3.0348049575825318
sensor_comm,9106,chirp,0.2,noisy,L4 failure,0.5040744796469191,0.5010755222817496,0.290063478901638,2.7701102063065997
sensor_comm,9106,chirp,0.2,noisy,L4 slip,0.449365529733386,0.31579889238598635,0.16076393166104713,2.3572789284710596
sensor_comm,9106,chirp,0.2,stuck,intact,0.5203285507066189,0.4737266515537719,0.24366370393835596,3.1955607779761492
sensor_comm,9106,chirp,0.2,stuck,L4 failure,0.6394684085834961,0.7237478322461346,0.6303327554540619,3.71427627441867
sensor_comm,9106,chirp,0.2,stuck,L4 slip,0.46838907926572926,0.3783956404527177,0.2942146213882565,2.6415695607382235
sensor_comm,9106,chirp,0.4,always,intact,0.4405692369972654,0.3462033212729591,0.11016915750795224,2.3724505725356266
sensor_comm,9106,chirp,0.4,always,L4 failure,0.514930453170255,0.6347965481968129,0.22628552214491443,3.045638450523654
sensor_comm,9106,chirp,0.4,always,L4 slip,0.41214597002535847,0.3220120991023923,0.09881368158397286,2.103525096330591
sensor_comm,9106,chirp,0.4,dropout,intact,0.4279150654194356,0.2937565274132562,0.0716057837279819,2.1481796687413452
sensor_comm,9106,chirp,0.4,dropout,L4 failure,0.7178399488295838,0.9715615952596124,0.4875051815049808,4.39804910985013
sensor_comm,9106,chirp,0.4,dropout,L4 slip,0.39719313645281284,0.2644699066654802,0.13129362044093154,1.8613288818723739
sensor_comm,9106,chirp,0.4,intermittent,intact,0.5996934082392915,0.652354685623127,0.12771946374865242,4.063688953925813
sensor_comm,9106,chirp,0.4,intermittent,L4 failure,0.47644065726489326,0.36653415279202095,0.35968142770021017,2.5175013058165776
sensor_comm,9106,chirp,0.4,intermittent,L4 slip,0.5297442556390195,0.4884535852319557,0.16426976092470122,3.2815746408876354
sensor_comm,9106,chirp,0.4,delayed,intact,0.4614501362105419,0.38508835441647904,0.13389066397688604,2.5928701323538137
sensor_comm,9106,chirp,0.4,delayed,L4 failure,0.584930327637299,0.7659377321362448,0.2668804359201166,3.6134440452406253
sensor_comm,9106,chirp,0.4,delayed,L4 slip,0.43580480989058323,0.37059846288690157,0.122692206617353,2.3566951561461695
sensor_comm,9106,chirp,0.4,noisy,intact,0.43195510772827694,0.33624313280733,0.0879985402957627,2.2873917414188867
sensor_comm,9106,chirp,0.4,noisy,L4 failure,0.49226786974303866,0.5967314664808561,0.2175473182952401,2.8965132083977005
sensor_comm,9106,chirp,0.4,noisy,L4 slip,0.40650613474921216,0.31145579154157804,0.0751700044012863,2.0456696589030123
sensor_comm,9106,chirp,0.4,stuck,intact,0.5467725994557054,0.616747926874291,0.39550628051232584,3.464622106311792
sensor_comm,9106,chirp,0.4,stuck,L4 failure,0.8297672359161845,1.1524566386674215,0.629590059755316,5.137870196812668
sensor_comm,9106,chirp,0.4,stuck,L4 slip,0.5491107803452961,0.6394799921563259,0.41565317932491314,3.3849843361070344
sensor_comm,9106,chirp,1.0,always,intact,0.3885627427924461,0.26388859909804163,0.09320346407973755,1.8283113568291107
sensor_comm,9106,chirp,1.0,always,L4 failure,0.3739055593457559,0.2966005613238824,0.2678746816563104,1.8176343356643316
sensor_comm,9106,chirp,1.0,always,L4 slip,0.36068752554203726,0.2169593254046583,0.11375574074338468,1.5248934293613758
sensor_comm,9106,chirp,1.0,dropout,intact,0.49818193567202673,0.584197104942646,0.1596481715168149,3.1320513823384815
sensor_comm,9106,chirp,1.0,dropout,L4 failure,0.8678848949902845,1.2960222333790248,0.4672136794549949,5.901199584126217
sensor_comm,9106,chirp,1.0,dropout,L4 slip,0.5253301127072173,0.6665270076040705,0.20101756245297073,3.3627253096590084
sensor_comm,9106,chirp,1.0,intermittent,intact,0.46354466864798133,0.3898309766498035,0.1173267279375561,2.622587129928217
sensor_comm,9106,chirp,1.0,intermittent,L4 failure,0.5313557831482377,0.6383107283018118,0.19001458319049286,3.15954676824444
sensor_comm,9106,chirp,1.0,intermittent,L4 slip,0.44213620954395333,0.3635331414654641,0.12431574397069456,2.4186010142557435
sensor_comm,9106,chirp,1.0,delayed,intact,0.40650919436288646,0.2963600909409231,0.13100284518879252,2.013124989380616
sensor_comm,9106,chirp,1.0,delayed,L4 failure,0.4357155842465227,0.441159067300291,0.4236929202755307,2.5243105043550944
sensor_comm,9106,chirp,1.0,delayed,L4 slip,0.3791053487638669,0.25430415592518485,0.1644721332672726,1.727192987311857
sensor_comm,9106,chirp,1.0,noisy,intact,0.41176948951437536,0.31424283896265337,0.08888694079786494,2.108038133824466
sensor_comm,9106,chirp,1.0,noisy,L4 failure,0.38758701545972335,0.3092277631626638,0.22833933106591178,1.9462965164599269
sensor_comm,9106,chirp,1.0,noisy,L4 slip,0.3970429249955714,0.29868533397764124,0.09457198397093983,1.9871212492352457
sensor_comm,9106,chirp,1.0,stuck,intact,0.5536445360689461,0.6995278858229066,0.23683156976429146,3.6086120060650573
sensor_comm,9106,chirp,1.0,stuck,L4 failure,0.4076946107047415,0.38021340060341285,0.2711806159862713,2.172191595275233
sensor_comm,9106,chirp,1.0,stuck,L4 slip,0.5092895291978998,0.6343524736241513,0.17920023796410045,3.2300945899850904
