regime,seed,split,task,condition,limb,retained_strength,loss,excess_loss
capacity,9101,ID,straight,intact,0,1.0,0.003044178222241826,0.0
capacity,9101,ID,straight,L1,1,0.5,0.003281558543430195,0.000237380321188369
capacity,9101,ID,straight,L1,1,0.0,0.04766166792373044,0.044617489701488613
capacity,9101,ID,straight,L2,2,0.5,0.02505890160590714,0.02201472338366531
capacity,9101,ID,straight,L2,2,0.0,0.10901569187230596,0.10597151365006413
capacity,9101,ID,straight,L3,3,0.5,0.007103811430166419,0.0040596332079245925
capacity,9101,ID,straight,L3,3,0.0,0.10628968143818654,0.10324550321594471
capacity,9101,ID,straight,L4,4,0.5,0.015297479961399768,0.012253301739157943
capacity,9101,ID,straight,L4,4,0.0,0.13719438552370872,0.1341502073014669
capacity,9101,ID,left,intact,0,1.0,0.01733944712438383,0.0
capacity,9101,ID,left,L1,1,0.5,0.018716921708422447,0.0013774745840386161
capacity,9101,ID,left,L1,1,0.0,0.06862480568980066,0.05128535856541683
capacity,9101,ID,left,L2,2,0.5,0.041555994542086944,0.024216547417703113
capacity,9101,ID,left,L2,2,0.0,0.13178551518710602,0.11444606806272219
capacity,9101,ID,left,L3,3,0.5,0.02065683367657345,0.003317386552189619
capacity,9101,ID,left,L3,3,0.0,0.09876254307292602,0.08142309594854219
capacity,9101,ID,left,L4,4,0.5,0.031124268013778246,0.013784820889394415
capacity,9101,ID,left,L4,4,0.0,0.16221309685205232,0.14487364972766847
capacity,9101,ID,right,intact,0,1.0,0.015658430415018687,0.0
capacity,9101,ID,right,L1,1,0.5,0.014275541982423777,-0.00138288843259491
capacity,9101,ID,right,L1,1,0.0,0.05181358980123186,0.03615515938621317
capacity,9101,ID,right,L2,2,0.5,0.0361076797507162,0.020449249335697514
capacity,9101,ID,right,L2,2,0.0,0.11595688235589677,0.10029845194087808
capacity,9101,ID,right,L3,3,0.5,0.02028144632516843,0.0046230159101497414
capacity,9101,ID,right,L3,3,0.0,0.14834977108460343,0.13269134066958474
capacity,9101,ID,right,L4,4,0.5,0.02793606074373764,0.012277630328718953
capacity,9101,ID,right,L4,4,0.0,0.1493422879453991,0.13368385753038042
capacity,9101,OOS,s_lr,intact,0,1.0,0.020582782227393404,0.0
capacity,9101,OOS,s_lr,L1,1,0.5,0.020748438372633866,0.00016565614524046215
capacity,9101,OOS,s_lr,L1,1,0.0,0.06586151956304012,0.04527873733564672
capacity,9101,OOS,s_lr,L2,2,0.5,0.044210001788689064,0.02362721956129566
capacity,9101,OOS,s_lr,L2,2,0.0,0.1305249395033244,0.10994215727593099
capacity,9101,OOS,s_lr,L3,3,0.5,0.024593260618229786,0.004010478390836382
capacity,9101,OOS,s_lr,L3,3,0.0,0.13716373144459149,0.11658094921719808
capacity,9101,OOS,s_lr,L4,4,0.5,0.03308339685364298,0.012500614626249573
capacity,9101,OOS,s_lr,L4,4,0.0,0.14283174831551831,0.12224896608812491
capacity,9101,OOS,s_rl,intact,0,1.0,0.019667956631275123,0.0
capacity,9101,OOS,s_rl,L1,1,0.5,0.020427424758626925,0.000759468127351802
capacity,9101,OOS,s_rl,L1,1,0.0,0.06481646332026254,0.04514850668898742
capacity,9101,OOS,s_rl,L2,2,0.5,0.0410595293396766,0.021391572708401474
capacity,9101,OOS,s_rl,L2,2,0.0,0.12619252931508151,0.10652457268380638
capacity,9101,OOS,s_rl,L3,3,0.5,0.022544232347111063,0.00287627571583594
capacity,9101,OOS,s_rl,L3,3,0.0,0.11295826905234513,0.09329031242107
capacity,9101,OOS,s_rl,L4,4,0.5,0.03403233880628264,0.014364382175007517
capacity,9101,OOS,s_rl,L4,4,0.0,0.1814569165304652,0.16178895989919007
capacity,9101,OOS,sine,intact,0,1.0,0.01495389812198915,0.0
capacity,9101,OOS,sine,L1,1,0.5,0.014296823931837392,-0.0006570741901517577
capacity,9101,OOS,sine,L1,1,0.0,0.055432251331708315,0.04047835320971917
capacity,9101,OOS,sine,L2,2,0.5,0.039454494632797,0.024500596510807854
capacity,9101,OOS,sine,L2,2,0.0,0.12764782226357196,0.11269392414158282
capacity,9101,OOS,sine,L3,3,0.5,0.0178858034381244,0.00293190531613525
capacity,9101,OOS,sine,L3,3,0.0,0.12094029100229814,0.10598639288030899
capacity,9101,OOS,sine,L4,4,0.5,0.029644958572667288,0.014691060450678138
capacity,9101,OOS,sine,L4,4,0.0,0.160717081008769,0.14576318288677984
capacity,9101,OOS,chirp,intact,0,1.0,0.021074238952001053,0.0
capacity,9101,OOS,chirp,L1,1,0.5,0.021697926116461107,0.0006236871644600545
capacity,9101,OOS,chirp,L1,1,0.0,0.06598712186467343,0.04491288291267237
capacity,9101,OOS,chirp,L2,2,0.5,0.04749618622160237,0.026421947269601318
capacity,9101,OOS,chirp,L2,2,0.0,0.13812671258214693,0.11705247363014587
capacity,9101,OOS,chirp,L3,3,0.5,0.024812465786529327,0.0037382268345282736
capacity,9101,OOS,chirp,L3,3,0.0,0.1287491785570564,0.10767493960505534
capacity,9101,OOS,chirp,L4,4,0.5,0.03688793927298926,0.015813700320988205
capacity,9101,OOS,chirp,L4,4,0.0,0.1587184470580038,0.13764420810600275
capacity,9101,OOS,left,intact,0,1.0,0.04403010900723177,0.0
capacity,9101,OOS,left,L1,1,0.5,0.051244931371270876,0.007214822364039107
capacity,9101,OOS,left,L1,1,0.0,0.11697789551041338,0.07294778650318161
capacity,9101,OOS,left,L2,2,0.5,0.08003660146766972,0.03600649246043795
capacity,9101,OOS,left,L2,2,0.0,0.19668120213159654,0.15265109312436476
capacity,9101,OOS,left,L3,3,0.5,0.05669345246489183,0.012663343457660063
capacity,9101,OOS,left,L3,3,0.0,0.17558747465872387,0.13155736565149212
capacity,9101,OOS,left,L4,4,0.5,0.06741536052998014,0.023385251522748368
capacity,9101,OOS,left,L4,4,0.0,0.258230044361316,0.21419993535408427
capacity,9101,OOS,right,intact,0,1.0,0.03568964397077742,0.0
capacity,9101,OOS,right,L1,1,0.5,0.031215930766384268,-0.004473713204393149
capacity,9101,OOS,right,L1,1,0.0,0.05819025390604356,0.02250060993526614
capacity,9101,OOS,right,L2,2,0.5,0.0438247552611633,0.008135111290385882
capacity,9101,OOS,right,L2,2,0.0,0.09954502381247701,0.06385537984169959
capacity,9101,OOS,right,L3,3,0.5,0.033785875766072164,-0.0019037682047052529
capacity,9101,OOS,right,L3,3,0.0,0.13149288434965106,0.09580324037887364
capacity,9101,OOS,right,L4,4,0.5,0.03911568473532176,0.0034260407645443428
capacity,9101,OOS,right,L4,4,0.0,0.10873799428882759,0.07304835031805018
capacity,9102,ID,straight,intact,0,1.0,0.0046598675637425134,0.0
capacity,9102,ID,straight,L1,1,0.5,0.03625695366820852,0.031597086104466
capacity,9102,ID,straight,L1,1,0.0,0.4196546620081135,0.414994794444371
capacity,9102,ID,straight,L2,2,0.5,0.003998424111461236,-0.0006614434522812778
capacity,9102,ID,straight,L2,2,0.0,0.030043920896030862,0.02538405333228835
capacity,9102,ID,straight,L3,3,0.5,0.004608159427207273,-5.1708136535240715e-05
capacity,9102,ID,straight,L3,3,0.0,0.004565448012902299,-9.441955084021469e-05
capacity,9102,ID,straight,L4,4,0.5,0.0036605193984813617,-0.0009993481652611517
capacity,9102,ID,straight,L4,4,0.0,0.030335075510367397,0.025675207946624885
capacity,9102,ID,left,intact,0,1.0,0.01946355810521405,0.0
capacity,9102,ID,left,L1,1,0.5,0.039182015405876236,0.019718457300662184
capacity,9102,ID,left,L1,1,0.0,0.4191350414999777,0.39967148339476366
capacity,9102,ID,left,L2,2,0.5,0.03238326752047442,0.01291970941526037
capacity,9102,ID,left,L2,2,0.0,0.08646395564519782,0.06700039753998377
capacity,9102,ID,left,L3,3,0.5,0.020609772278590177,0.0011462141733761255
capacity,9102,ID,left,L3,3,0.0,0.022639112751253444,0.0031755546460393927
capacity,9102,ID,left,L4,4,0.5,0.029421816314483675,0.009958258209269624
capacity,9102,ID,left,L4,4,0.0,0.07419355698483526,0.05472999887962121
capacity,9102,ID,right,intact,0,1.0,0.03198495049440226,0.0
capacity,9102,ID,right,L1,1,0.5,0.07065474019331544,0.03866978969891318
capacity,9102,ID,right,L1,1,0.0,0.45091295621084526,0.418928005716443
capacity,9102,ID,right,L2,2,0.5,0.01882642685736423,-0.013158523637038032
capacity,9102,ID,right,L2,2,0.0,0.022989529746398913,-0.008995420748003347
capacity,9102,ID,right,L3,3,0.5,0.0328304689248047,0.0008455184304024393
capacity,9102,ID,right,L3,3,0.0,0.034892524070844186,0.0029075735764419255
capacity,9102,ID,right,L4,4,0.5,0.019474398498597896,-0.012510551995804364
capacity,9102,ID,right,L4,4,0.0,0.02755406255508721,-0.004430887939315051
capacity,9102,OOS,s_lr,intact,0,1.0,0.02221438970511119,0.0
capacity,9102,OOS,s_lr,L1,1,0.5,0.05079761556148062,0.028583225856369434
capacity,9102,OOS,s_lr,L1,1,0.0,0.4335833779966018,0.4113689882914906
capacity,9102,OOS,s_lr,L2,2,0.5,0.022980311966311447,0.0007659222612002581
capacity,9102,OOS,s_lr,L2,2,0.0,0.04750124751605035,0.025286857810939162
capacity,9102,OOS,s_lr,L3,3,0.5,0.02235576679501185,0.0001413770899006614
capacity,9102,OOS,s_lr,L3,3,0.0,0.023080561561920517,0.0008661718568093273
capacity,9102,OOS,s_lr,L4,4,0.5,0.02559306254918738,0.00337867284407619
capacity,9102,OOS,s_lr,L4,4,0.0,0.058322060846665566,0.03610767114155437
capacity,9102,OOS,s_rl,intact,0,1.0,0.0250217483883787,0.0
capacity,9102,OOS,s_rl,L1,1,0.5,0.05964681213870117,0.03462506375032247
capacity,9102,OOS,s_rl,L1,1,0.0,0.4475729325612549,0.4225511841728762
capacity,9102,OOS,s_rl,L2,2,0.5,0.019475387782160392,-0.005546360606218308
capacity,9102,OOS,s_rl,L2,2,0.0,0.04919272784853565,0.02417097946015695
capacity,9102,OOS,s_rl,L3,3,0.5,0.025421845516649014,0.0004000971282703131
capacity,9102,OOS,s_rl,L3,3,0.0,0.02648061513047472,0.0014588667420960197
capacity,9102,OOS,s_rl,L4,4,0.5,0.020189194229309936,-0.004832554159068764
capacity,9102,OOS,s_rl,L4,4,0.0,0.04226605497802567,0.01724430658964697
capacity,9102,OOS,sine,intact,0,1.0,0.013595097639433137,0.0
capacity,9102,OOS,sine,L1,1,0.5,0.039976891930860736,0.026381794291427597
capacity,9102,OOS,sine,L1,1,0.0,0.40951316829830164,0.3959180706588685
capacity,9102,OOS,sine,L2,2,0.5,0.015791235534298856,0.0021961378948657188
capacity,9102,OOS,sine,L2,2,0.0,0.050198584404579145,0.03660348676514601
capacity,9102,OOS,sine,L3,3,0.5,0.013374392786184663,-0.000220704853248474
capacity,9102,OOS,sine,L3,3,0.0,0.013530086684758734,-6.50109546744028e-05
capacity,9102,OOS,sine,L4,4,0.5,0.016079623476075493,0.0024845258366423557
capacity,9102,OOS,sine,L4,4,0.0,0.05216055001597541,0.03856545237654227
capacity,9102,OOS,chirp,intact,0,1.0,0.023698431274529298,0.0
capacity,9102,OOS,chirp,L1,1,0.5,0.052594465612438045,0.028896034337908747
capacity,9102,OOS,chirp,L1,1,0.0,0.41770105958035164,0.39400262830582233
capacity,9102,OOS,chirp,L2,2,0.5,0.027524362042834084,0.003825930768304786
capacity,9102,OOS,chirp,L2,2,0.0,0.06136982689510087,0.03767139562057158
capacity,9102,OOS,chirp,L3,3,0.5,0.024933973698831977,0.001235542424302679
capacity,9102,OOS,chirp,L3,3,0.0,0.026670402209640804,0.0029719709351115065
capacity,9102,OOS,chirp,L4,4,0.5,0.03383718859361834,0.010138757319089042
capacity,9102,OOS,chirp,L4,4,0.0,0.07912523962078144,0.055426808346252146
capacity,9102,OOS,left,intact,0,1.0,0.0504044462145304,0.0
capacity,9102,OOS,left,L1,1,0.5,0.0866056791754562,0.0362012329609258
capacity,9102,OOS,left,L1,1,0.0,0.5636196769439352,0.5132152307294048
capacity,9102,OOS,left,L2,2,0.5,0.08259937537570732,0.032194929161176916
capacity,9102,OOS,left,L2,2,0.0,0.18999386291666936,0.13958941670213898
capacity,9102,OOS,left,L3,3,0.5,0.0521115047476948,0.001707058533164399
capacity,9102,OOS,left,L3,3,0.0,0.05524725108957926,0.004842804875048859
capacity,9102,OOS,left,L4,4,0.5,0.07115685953230821,0.020752413317777815
capacity,9102,OOS,left,L4,4,0.0,0.13819706767228074,0.08779262145775034
capacity,9102,OOS,right,intact,0,1.0,0.06691370331958646,0.0
capacity,9102,OOS,right,L1,1,0.5,0.08761685990613438,0.02070315658654792
capacity,9102,OOS,right,L1,1,0.0,0.3763929465197823,0.3094792432001958
capacity,9102,OOS,right,L2,2,0.5,0.05023373193927473,-0.01667997138031173
capacity,9102,OOS,right,L2,2,0.0,0.03838398152084581,-0.02852972179874065
capacity,9102,OOS,right,L3,3,0.5,0.06708509247072467,0.00017138915113820707
capacity,9102,OOS,right,L3,3,0.0,0.06844469008015987,0.0015309867605734079
capacity,9102,OOS,right,L4,4,0.5,0.04465139663986866,-0.0222623066797178
capacity,9102,OOS,right,L4,4,0.0,0.03488023861122356,-0.0320334647083629
capacity,9103,ID,straight,intact,0,1.0,0.006159992242926687,0.0
capacity,9103,ID,straight,L1,1,0.5,0.004040713853264093,-0.0021192783896625943
capacity,9103,ID,straight,L1,1,0.0,0.014177737136837119,0.008017744893910432
capacity,9103,ID,straight,L2,2,0.5,0.017040919183381957,0.01088092694045527
capacity,9103,ID,straight,L2,2,0.0,0.12843871094734888,0.1222787187044222
capacity,9103,ID,straight,L3,3,0.5,0.020469685201230277,0.01430969295830359
capacity,9103,ID,straight,L3,3,0.0,0.13191637807931123,0.12575638583638454
capacity,9103,ID,straight,L4,4,0.5,0.004989303378955064,-0.001170688863971623
capacity,9103,ID,straight,L4,4,0.0,0.005551584804203791,-0.0006084074387228957
capacity,9103,ID,left,intact,0,1.0,0.025847687241338152,0.0
capacity,9103,ID,left,L1,1,0.5,0.01961830050086207,-0.006229386740476083
capacity,9103,ID,left,L1,1,0.0,0.03493106716614869,0.009083379924810536
capacity,9103,ID,left,L2,2,0.5,0.029758627874714838,0.003910940633376686
capacity,9103,ID,left,L2,2,0.0,0.12534026018872282,0.09949257294738467
capacity,9103,ID,left,L3,3,0.5,0.026027391350606992,0.00017970410926883978
capacity,9103,ID,left,L3,3,0.0,0.1095255859723994,0.08367789873106125
capacity,9103,ID,left,L4,4,0.5,0.02282405141361466,-0.0030236358277234907
capacity,9103,ID,left,L4,4,0.0,0.027445755413396136,0.0015980681720579835
capacity,9103,ID,right,intact,0,1.0,0.015352009688072448,0.0
capacity,9103,ID,right,L1,1,0.5,0.01588103589272482,0.0005290262046523716
capacity,9103,ID,right,L1,1,0.0,0.02430860073100539,0.008956591042932944
capacity,9103,ID,right,L2,2,0.5,0.03438874344617809,0.01903673375810564
capacity,9103,ID,right,L2,2,0.0,0.1630641786034448,0.14771216891537234
capacity,9103,ID,right,L3,3,0.5,0.044126150836723936,0.02877414114865149
capacity,9103,ID,right,L3,3,0.0,0.18225371944774155,0.1669017097596691
capacity,9103,ID,right,L4,4,0.5,0.015062078502529693,-0.000289931185542755
capacity,9103,ID,right,L4,4,0.0,0.015615561894675693,0.00026355220660324516
capacity,9103,OOS,s_lr,intact,0,1.0,0.023373085072013182,0.0
capacity,9103,OOS,s_lr,L1,1,0.5,0.022142033947884616,-0.0012310511241285654
capacity,9103,OOS,s_lr,L1,1,0.0,0.038839511235773824,0.015466426163760642
capacity,9103,OOS,s_lr,L2,2,0.5,0.040026834157121924,0.016653749085108742
capacity,9103,OOS,s_lr,L2,2,0.0,0.15996251359865565,0.13658942852664246
capacity,9103,OOS,s_lr,L3,3,0.5,0.04025375209177972,0.016880667019766538
capacity,9103,OOS,s_lr,L3,3,0.0,0.15568765766046733,0.13231457258845414
capacity,9103,OOS,s_lr,L4,4,0.5,0.022414002536274416,-0.0009590825357387658
capacity,9103,OOS,s_lr,L4,4,0.0,0.02266982258821538,-0.0007032624837978035
capacity,9103,OOS,s_rl,intact,0,1.0,0.02300560047706301,0.0
capacity,9103,OOS,s_rl,L1,1,0.5,0.020786372363976673,-0.002219228113086339
capacity,9103,OOS,s_rl,L1,1,0.0,0.03358824831851002,0.010582647841447006
capacity,9103,OOS,s_rl,L2,2,0.5,0.03139371303842414,0.00838811256136113
capacity,9103,OOS,s_rl,L2,2,0.0,0.13979964404584858,0.11679404356878556
capacity,9103,OOS,s_rl,L3,3,0.5,0.03518238307167787,0.012176782594614858
capacity,9103,OOS,s_rl,L3,3,0.0,0.1416671360793667,0.11866153560230369
capacity,9103,OOS,s_rl,L4,4,0.5,0.02033399116715947,-0.002671609309903542
capacity,9103,OOS,s_rl,L4,4,0.0,0.02143482050615846,-0.0015707799709045525
capacity,9103,OOS,sine,intact,0,1.0,0.015358105790333044,0.0
capacity,9103,OOS,sine,L1,1,0.5,0.014035766635363559,-0.0013223391549694857
capacity,9103,OOS,sine,L1,1,0.0,0.02699673486177609,0.011638629071443045
capacity,9103,OOS,sine,L2,2,0.5,0.031034865121449783,0.015676759331116737
capacity,9103,OOS,sine,L2,2,0.0,0.15190523450664967,0.13654712871631663
capacity,9103,OOS,sine,L3,3,0.5,0.030320696428438543,0.014962590638105499
capacity,9103,OOS,sine,L3,3,0.0,0.14549933755636363,0.1301412317660306
capacity,9103,OOS,sine,L4,4,0.5,0.01428904530163638,-0.0010690604886966649
capacity,9103,OOS,sine,L4,4,0.0,0.016190013330117173,0.0008319075397841286
capacity,9103,OOS,chirp,intact,0,1.0,0.02081066627411715,0.0
capacity,9103,OOS,chirp,L1,1,0.5,0.021840104828718905,0.001029438554601754
capacity,9103,OOS,chirp,L1,1,0.0,0.03781694395328647,0.017006277679169318
capacity,9103,OOS,chirp,L2,2,0.5,0.03855979091688873,0.017749124642771577
capacity,9103,OOS,chirp,L2,2,0.0,0.16138791193124286,0.1405772456571257
capacity,9103,OOS,chirp,L3,3,0.5,0.03528088783590777,0.01447022156179062
capacity,9103,OOS,chirp,L3,3,0.0,0.14722589562981203,0.12641522935569488
capacity,9103,OOS,chirp,L4,4,0.5,0.02144045622180014,0.0006297899476829898
capacity,9103,OOS,chirp,L4,4,0.0,0.024839021908141974,0.004028355634024823
capacity,9103,OOS,left,intact,0,1.0,0.046598894458065636,0.0
capacity,9103,OOS,left,L1,1,0.5,0.05133226049384938,0.004733366035783747
capacity,9103,OOS,left,L1,1,0.0,0.10074786123531351,0.05414896677724788
capacity,9103,OOS,left,L2,2,0.5,0.06979893216787669,0.023200037709811057
capacity,9103,OOS,left,L2,2,0.0,0.1948484373187781,0.14824954286071246
capacity,9103,OOS,left,L3,3,0.5,0.06450351207804578,0.01790461761998014
capacity,9103,OOS,left,L3,3,0.0,0.17192692858887904,0.1253280341308134
capacity,9103,OOS,left,L4,4,0.5,0.04834144961545287,0.001742555157387235
capacity,9103,OOS,left,L4,4,0.0,0.0848684542845049,0.038269559826439266
capacity,9103,OOS,right,intact,0,1.0,0.04034870265267653,0.0
capacity,9103,OOS,right,L1,1,0.5,0.03742209289277123,-0.002926609759905302
capacity,9103,OOS,right,L1,1,0.0,0.036339214930000696,-0.004009487722675835
capacity,9103,OOS,right,L2,2,0.5,0.03696280483146017,-0.0033858978212163576
capacity,9103,OOS,right,L2,2,0.0,0.1315402621452817,0.09119155949260516
capacity,9103,OOS,right,L3,3,0.5,0.04696693213691576,0.006618229484239228
capacity,9103,OOS,right,L3,3,0.0,0.1527224136559021,0.11237371100322557
capacity,9103,OOS,right,L4,4,0.5,0.04169353012109123,0.0013448274684146957
capacity,9103,OOS,right,L4,4,0.0,0.04943653720750887,0.009087834554832336
capacity,9104,ID,straight,intact,0,1.0,0.0032995387696116434,0.0
capacity,9104,ID,straight,L1,1,0.5,0.008979799419370469,0.005680260649758826
capacity,9104,ID,straight,L1,1,0.0,0.056753617188447944,0.0534540784188363
capacity,9104,ID,straight,L2,2,0.5,0.003484301601467465,0.0001847628318558214
capacity,9104,ID,straight,L2,2,0.0,0.004003294262926993,0.0007037554933153494
capacity,9104,ID,straight,L3,3,0.5,0.0756113084375582,0.07231176966794656
capacity,9104,ID,straight,L3,3,0.0,0.3293316897120494,0.32603215094243776
capacity,9104,ID,straight,L4,4,0.5,0.06435597491355993,0.06105643614394829
capacity,9104,ID,straight,L4,4,0.0,0.578728837375775,0.5754292986061633
capacity,9104,ID,left,intact,0,1.0,0.017281900016548047,0.0
capacity,9104,ID,left,L1,1,0.5,0.016563243679079666,-0.0007186563374683812
capacity,9104,ID,left,L1,1,0.0,0.04002995113599277,0.02274805111944472
capacity,9104,ID,left,L2,2,0.5,0.016688428340347342,-0.0005934716762007047
capacity,9104,ID,left,L2,2,0.0,0.016223636359071026,-0.001058263657477021
capacity,9104,ID,left,L3,3,0.5,0.0757255018544191,0.05844360183787106
capacity,9104,ID,left,L3,3,0.0,0.36042712180769043,0.3431452217911424
capacity,9104,ID,left,L4,4,0.5,0.12162384966231646,0.10434194964576841
capacity,9104,ID,left,L4,4,0.0,0.8136579270146513,0.7963760269981033
capacity,9104,ID,right,intact,0,1.0,0.021519145255146428,0.0
capacity,9104,ID,right,L1,1,0.5,0.03649241301429175,0.014973267759145321
capacity,9104,ID,right,L1,1,0.0,0.11755944246357752,0.0960402972084311
capacity,9104,ID,right,L2,2,0.5,0.021233605693278666,-0.00028553956186776197
capacity,9104,ID,right,L2,2,0.0,0.02294886827072684,0.0014297230155804128
capacity,9104,ID,right,L3,3,0.5,0.10605425669102114,0.08453511143587472
capacity,9104,ID,right,L3,3,0.0,0.3354582582843634,0.31393911302921695
capacity,9104,ID,right,L4,4,0.5,0.05219764530371691,0.03067850004857048
capacity,9104,ID,right,L4,4,0.0,0.41659440950377846,0.39507526424863204
capacity,9104,OOS,s_lr,intact,0,1.0,0.01928660249777877,0.0
capacity,9104,OOS,s_lr,L1,1,0.5,0.02535620913446395,0.006069606636685182
capacity,9104,OOS,s_lr,L1,1,0.0,0.07929847833160009,0.06001187583382132
capacity,9104,OOS,s_lr,L2,2,0.5,0.020292861175314425,0.0010062586775356555
capacity,9104,OOS,s_lr,L2,2,0.0,0.023429254655757802,0.004142652157979033
capacity,9104,OOS,s_lr,L3,3,0.5,0.09377011027902582,0.07448350778124704
capacity,9104,OOS,s_lr,L3,3,0.0,0.3637535687846636,0.34446696628688483
capacity,9104,OOS,s_lr,L4,4,0.5,0.08005900107201444,0.06077239857423567
capacity,9104,OOS,s_lr,L4,4,0.0,0.5709370567300447,0.5516504542322659
capacity,9104,OOS,s_rl,intact,0,1.0,0.020236781578022126,0.0
capacity,9104,OOS,s_rl,L1,1,0.5,0.026778157492051743,0.006541375914029618
capacity,9104,OOS,s_rl,L1,1,0.0,0.07247975842335087,0.05224297684532875
capacity,9104,OOS,s_rl,L2,2,0.5,0.021006669315594202,0.0007698877375720767
capacity,9104,OOS,s_rl,L2,2,0.0,0.023777044072665305,0.0035402624946431795
capacity,9104,OOS,s_rl,L3,3,0.5,0.09429345033567561,0.07405666875765349
capacity,9104,OOS,s_rl,L3,3,0.0,0.3455511016418408,0.32531432006381866
capacity,9104,OOS,s_rl,L4,4,0.5,0.08547201817598256,0.06523523659796043
capacity,9104,OOS,s_rl,L4,4,0.0,0.6316285858451856,0.6113918042671634
capacity,9104,OOS,sine,intact,0,1.0,0.013791284528811011,0.0
capacity,9104,OOS,sine,L1,1,0.5,0.018884317860950472,0.00509303333213946
capacity,9104,OOS,sine,L1,1,0.0,0.06710401937379608,0.05331273484498507
capacity,9104,OOS,sine,L2,2,0.5,0.014865187406491454,0.001073902877680442
capacity,9104,OOS,sine,L2,2,0.0,0.0179550828411185,0.004163798312307487
capacity,9104,OOS,sine,L3,3,0.5,0.0796064012847933,0.06581511675598228
capacity,9104,OOS,sine,L3,3,0.0,0.3217422492341269,0.3079509647053159
capacity,9104,OOS,sine,L4,4,0.5,0.07886005545876267,0.06506877092995166
capacity,9104,OOS,sine,L4,4,0.0,0.5889944754216163,0.5752031908928052
capacity,9104,OOS,chirp,intact,0,1.0,0.022372101105378767,0.0
capacity,9104,OOS,chirp,L1,1,0.5,0.027325853394551555,0.004953752289172789
capacity,9104,OOS,chirp,L1,1,0.0,0.0743785582410421,0.052006457135663334
capacity,9104,OOS,chirp,L2,2,0.5,0.024085092636359343,0.001712991530980576
capacity,9104,OOS,chirp,L2,2,0.0,0.027496895313880353,0.005124794208501586
capacity,9104,OOS,chirp,L3,3,0.5,0.08570199699286707,0.0633298958874883
capacity,9104,OOS,chirp,L3,3,0.0,0.32805437805387105,0.30568227694849226
capacity,9104,OOS,chirp,L4,4,0.5,0.09043539932640683,0.06806329822102807
capacity,9104,OOS,chirp,L4,4,0.0,0.6046530602255973,0.5822809591202185
capacity,9104,OOS,left,intact,0,1.0,0.0439839415965798,0.0
capacity,9104,OOS,left,L1,1,0.5,0.04530994803453031,0.0013260064379505138
capacity,9104,OOS,left,L1,1,0.0,0.07550003486198324,0.031516093265403444
capacity,9104,OOS,left,L2,2,0.5,0.0428861816757377,-0.0010977599208421007
capacity,9104,OOS,left,L2,2,0.0,0.04288287013724257,-0.00110107145933723
capacity,9104,OOS,left,L3,3,0.5,0.14190530387615338,0.09792136227957358
capacity,9104,OOS,left,L3,3,0.0,0.5962474888936287,0.5522635472970489
capacity,9104,OOS,left,L4,4,0.5,0.20243919345219863,0.15845525185561882
capacity,9104,OOS,left,L4,4,0.0,1.1122618410802896,1.0682778994837099
capacity,9104,OOS,right,intact,0,1.0,0.0316116312987295,0.0
capacity,9104,OOS,right,L1,1,0.5,0.04768167971681985,0.01607004841809035
capacity,9104,OOS,right,L1,1,0.0,0.12941810226958816,0.09780647097085866
capacity,9104,OOS,right,L2,2,0.5,0.029727241886471023,-0.0018843894122584776
capacity,9104,OOS,right,L2,2,0.0,0.029026668106906222,-0.0025849631918232786
capacity,9104,OOS,right,L3,3,0.5,0.09118460303381591,0.05957297173508641
capacity,9104,OOS,right,L3,3,0.0,0.23160457240027887,0.19999294110154936
capacity,9104,OOS,right,L4,4,0.5,0.039454454081292306,0.007842822782562806
capacity,9104,OOS,right,L4,4,0.0,0.26345888297310627,0.23184725167437675
capacity,9105,ID,straight,intact,0,1.0,0.001093885913849646,0.0
capacity,9105,ID,straight,L1,1,0.5,0.004568878600039443,0.0034749926861897965
capacity,9105,ID,straight,L1,1,0.0,0.029284520766262676,0.02819063485241303
capacity,9105,ID,straight,L2,2,0.5,0.005744829392980134,0.004650943479130487
capacity,9105,ID,straight,L2,2,0.0,0.04427845735898435,0.043184571445134705
capacity,9105,ID,straight,L3,3,0.5,0.017723597505009774,0.01662971159116013
capacity,9105,ID,straight,L3,3,0.0,0.17525964216343548,0.17416575624958583
capacity,9105,ID,straight,L4,4,0.5,0.0176543276443359,0.016560441730486257
capacity,9105,ID,straight,L4,4,0.0,0.14476163287481125,0.1436677469609616
capacity,9105,ID,left,intact,0,1.0,0.019849154835695763,0.0
capacity,9105,ID,left,L1,1,0.5,0.017487022012756037,-0.002362132822939726
capacity,9105,ID,left,L1,1,0.0,0.02567279527178151,0.005823640436085745
capacity,9105,ID,left,L2,2,0.5,0.029772284851961463,0.0099231300162657
capacity,9105,ID,left,L2,2,0.0,0.07940260910250543,0.05955345426680967
capacity,9105,ID,left,L3,3,0.5,0.025882431459934435,0.006033276624238672
capacity,9105,ID,left,L3,3,0.0,0.19633602549812837,0.1764868706624326
capacity,9105,ID,left,L4,4,0.5,0.0530503659094471,0.03320121107375134
capacity,9105,ID,left,L4,4,0.0,0.23497356033175565,0.21512440549605988
capacity,9105,ID,right,intact,0,1.0,0.017833093405977544,0.0
capacity,9105,ID,right,L1,1,0.5,0.029722066383809937,0.011888972977832393
capacity,9105,ID,right,L1,1,0.0,0.07697556516545856,0.059142471759481015
capacity,9105,ID,right,L2,2,0.5,0.016367020291752167,-0.0014660731142253774
capacity,9105,ID,right,L2,2,0.0,0.04225682946097071,0.024423736054993164
capacity,9105,ID,right,L3,3,0.5,0.042987416827685615,0.02515432342170807
capacity,9105,ID,right,L3,3,0.0,0.19116357575524304,0.17333048234926549
capacity,9105,ID,right,L4,4,0.5,0.02171075901418326,0.003877665608205714
capacity,9105,ID,right,L4,4,0.0,0.11029953175689348,0.09246643835091595
capacity,9105,OOS,s_lr,intact,0,1.0,0.016927057464358606,0.0
capacity,9105,OOS,s_lr,L1,1,0.5,0.020421098913206842,0.003494041448848236
capacity,9105,OOS,s_lr,L1,1,0.0,0.04660827745483516,0.029681219990476553
capacity,9105,OOS,s_lr,L2,2,0.5,0.022933163528942223,0.006006106064583617
capacity,9105,OOS,s_lr,L2,2,0.0,0.06621795637237604,0.04929089890801744
capacity,9105,OOS,s_lr,L3,3,0.5,0.0336198728962979,0.016692815431939293
capacity,9105,OOS,s_lr,L3,3,0.0,0.2055050784757147,0.1885780210113561
capacity,9105,OOS,s_lr,L4,4,0.5,0.03347126900776346,0.016544211543404855
capacity,9105,OOS,s_lr,L4,4,0.0,0.1414510481986237,0.1245239907342651
capacity,9105,OOS,s_rl,intact,0,1.0,0.016580519764063203,0.0
capacity,9105,OOS,s_rl,L1,1,0.5,0.021432688349313805,0.004852168585250602
capacity,9105,OOS,s_rl,L1,1,0.0,0.04756041852416942,0.03097989876010622
capacity,9105,OOS,s_rl,L2,2,0.5,0.019801069895122505,0.0032205501310593014
capacity,9105,OOS,s_rl,L2,2,0.0,0.05455496341709425,0.03797444365303105
capacity,9105,OOS,s_rl,L3,3,0.5,0.035421674591404405,0.0188411548273412
capacity,9105,OOS,s_rl,L3,3,0.0,0.1951127140306699,0.17853219426660671
capacity,9105,OOS,s_rl,L4,4,0.5,0.03403486366936228,0.017454343905299076
capacity,9105,OOS,s_rl,L4,4,0.0,0.1897885985085205,0.17320807874445732
capacity,9105,OOS,sine,intact,0,1.0,0.011900529533815242,0.0
capacity,9105,OOS,sine,L1,1,0.5,0.015138764445322802,0.00323823491150756
capacity,9105,OOS,sine,L1,1,0.0,0.04021407918566998,0.028313549651854737
capacity,9105,OOS,sine,L2,2,0.5,0.018339328672334187,0.006438799138518945
capacity,9105,OOS,sine,L2,2,0.0,0.062336425885286914,0.05043589635147167
capacity,9105,OOS,sine,L3,3,0.5,0.02631463993971342,0.014414110405898177
capacity,9105,OOS,sine,L3,3,0.0,0.1764710416823158,0.16457051214850058
capacity,9105,OOS,sine,L4,4,0.5,0.03235140866543627,0.020450879131621025
capacity,9105,OOS,sine,L4,4,0.0,0.1690412567728385,0.15714072723902325
capacity,9105,OOS,chirp,intact,0,1.0,0.01732929656576621,0.0
capacity,9105,OOS,chirp,L1,1,0.5,0.01997649413517485,0.002647197569408642
capacity,9105,OOS,chirp,L1,1,0.0,0.04350444459879856,0.026175148033032353
capacity,9105,OOS,chirp,L2,2,0.5,0.02517569516009241,0.0078463985943262
capacity,9105,OOS,chirp,L2,2,0.0,0.07363406379100179,0.056304767225235586
capacity,9105,OOS,chirp,L3,3,0.5,0.032849217784110825,0.015519921218344616
capacity,9105,OOS,chirp,L3,3,0.0,0.18536994890111447,0.16804065233534826
capacity,9105,OOS,chirp,L4,4,0.5,0.039584117199861754,0.022254820634095545
capacity,9105,OOS,chirp,L4,4,0.0,0.16727515722135267,0.14994586065558646
capacity,9105,OOS,left,intact,0,1.0,0.054267812623156,0.0
capacity,9105,OOS,left,L1,1,0.5,0.05362226405086909,-0.0006455485722869081
capacity,9105,OOS,left,L1,1,0.0,0.06363184225850656,0.00936402963535056
capacity,9105,OOS,left,L2,2,0.5,0.07068234644090131,0.01641453381774531
capacity,9105,OOS,left,L2,2,0.0,0.13572270040446224,0.08145488778130625
capacity,9105,OOS,left,L3,3,0.5,0.07289563573646071,0.018627823113304715
capacity,9105,OOS,left,L3,3,0.0,0.3593451084451252,0.3050772958219692
capacity,9105,OOS,left,L4,4,0.5,0.12038546734750373,0.06611765472434773
capacity,9105,OOS,left,L4,4,0.0,0.43199165364851205,0.37772384102535606
capacity,9105,OOS,right,intact,0,1.0,0.04018609488331823,0.0
capacity,9105,OOS,right,L1,1,0.5,0.05312846525402422,0.012942370370705988
capacity,9105,OOS,right,L1,1,0.0,0.10327910852813632,0.06309301364481809
capacity,9105,OOS,right,L2,2,0.5,0.03003527426082738,-0.010150820622490848
capacity,9105,OOS,right,L2,2,0.0,0.036527055810338056,-0.0036590390729801733
capacity,9105,OOS,right,L3,3,0.5,0.0564993211809497,0.016313226297631468
capacity,9105,OOS,right,L3,3,0.0,0.13928326283156642,0.09909716794824819
capacity,9105,OOS,right,L4,4,0.5,0.031413855208725826,-0.008772239674592404
capacity,9105,OOS,right,L4,4,0.0,0.058150793229826234,0.017964698346508004
capacity,9106,ID,straight,intact,0,1.0,0.0028370398319010493,0.0
capacity,9106,ID,straight,L1,1,0.5,0.0226246557864295,0.01978761595452845
capacity,9106,ID,straight,L1,1,0.0,0.20440366816444674,0.20156662833254568
capacity,9106,ID,straight,L2,2,0.5,0.01659545334354412,0.01375841351164307
capacity,9106,ID,straight,L2,2,0.0,0.2165719487723288,0.21373490894042774
capacity,9106,ID,straight,L3,3,0.5,0.00807538858502769,0.005238348753126641
capacity,9106,ID,straight,L3,3,0.0,0.07667134114304983,0.07383430131114878
capacity,9106,ID,straight,L4,4,0.5,0.0070305812840528205,0.004193541452151771
capacity,9106,ID,straight,L4,4,0.0,0.048768412956534155,0.04593137312463311
capacity,9106,ID,left,intact,0,1.0,0.027757166727888426,0.0
capacity,9106,ID,left,L1,1,0.5,0.020940073075937534,-0.006817093651950892
capacity,9106,ID,left,L1,1,0.0,0.10672814493534039,0.07897097820745196
capacity,9106,ID,left,L2,2,0.5,0.0713551804710032,0.04359801374311477
capacity,9106,ID,left,L2,2,0.0,0.410176446718716,0.3824192799908276
capacity,9106,ID,left,L3,3,0.5,0.01834563901378092,-0.009411527714107505
capacity,9106,ID,left,L3,3,0.0,0.0865842264512407,0.05882705972335227
capacity,9106,ID,left,L4,4,0.5,0.03992957103193044,0.012172404304042015
capacity,9106,ID,left,L4,4,0.0,0.08568158932269923,0.0579244225948108
capacity,9106,ID,right,intact,0,1.0,0.027683606015959542,0.0
capacity,9106,ID,right,L1,1,0.5,0.0825602782761694,0.054876672260209855
capacity,9106,ID,right,L1,1,0.0,0.3781896240082892,0.35050601799232967
capacity,9106,ID,right,L2,2,0.5,0.024688601140143512,-0.00299500487581603
capacity,9106,ID,right,L2,2,0.0,0.12973264374968613,0.10204903773372659
capacity,9106,ID,right,L3,3,0.5,0.038397518948623324,0.010713912932663782
capacity,9106,ID,right,L3,3,0.0,0.09782500100156724,0.0701413949856077
capacity,9106,ID,right,L4,4,0.5,0.023172920282785798,-0.004510685733173744
capacity,9106,ID,right,L4,4,0.0,0.06053818116727486,0.03285457515131532
capacity,9106,OOS,s_lr,intact,0,1.0,0.026991408713671037,0.0
capacity,9106,OOS,s_lr,L1,1,0.5,0.05106051645845452,0.02406910774478348
capacity,9106,OOS,s_lr,L1,1,0.0,0.24144143606992485,0.21445002735625382
capacity,9106,OOS,s_lr,L2,2,0.5,0.044570476776870566,0.01757906806319953
capacity,9106,OOS,s_lr,L2,2,0.0,0.22285292997375655,0.19586152126008552
capacity,9106,OOS,s_lr,L3,3,0.5,0.03089066389026782,0.003899255176596783
capacity,9106,OOS,s_lr,L3,3,0.0,0.10222528625925412,0.07523387754558308
capacity,9106,OOS,s_lr,L4,4,0.5,0.03585344588645174,0.008862037172780706
capacity,9106,OOS,s_lr,L4,4,0.0,0.08221037346341972,0.05521896474974869
capacity,9106,OOS,s_rl,intact,0,1.0,0.0286197825343053,0.0
capacity,9106,OOS,s_rl,L1,1,0.5,0.04675744975258353,0.01813766721827823
capacity,9106,OOS,s_rl,L1,1,0.0,0.2196670234631065,0.19104724092880118
capacity,9106,OOS,s_rl,L2,2,0.5,0.04310803416645278,0.014488251632147477
capacity,9106,OOS,s_rl,L2,2,0.0,0.2844898854587712,0.2558701029244659
capacity,9106,OOS,s_rl,L3,3,0.5,0.030785360348833973,0.002165577814528672
capacity,9106,OOS,s_rl,L3,3,0.0,0.10010915205891657,0.07148936952461127
capacity,9106,OOS,s_rl,L4,4,0.5,0.03185189541350068,0.003232112879195382
capacity,9106,OOS,s_rl,L4,4,0.0,0.07466459137797532,0.046044808843670015
capacity,9106,OOS,sine,intact,0,1.0,0.019247685554167834,0.0
capacity,9106,OOS,sine,L1,1,0.5,0.04025501752742917,0.021007331973261333
capacity,9106,OOS,sine,L1,1,0.0,0.22844699425931864,0.2091993087051508
capacity,9106,OOS,sine,L2,2,0.5,0.04112741381258865,0.021879728258420817
capacity,9106,OOS,sine,L2,2,0.0,0.25788926027069337,0.23864157471652553
capacity,9106,OOS,sine,L3,3,0.5,0.02292576212916153,0.0036780765749936974
capacity,9106,OOS,sine,L3,3,0.0,0.08692197824549684,0.067674292691329
capacity,9106,OOS,sine,L4,4,0.5,0.030567114361193103,0.011319428807025269
capacity,9106,OOS,sine,L4,4,0.0,0.0839467204100171,0.06469903485584927
capacity,9106,OOS,chirp,intact,0,1.0,0.03256488203807468,0.0
capacity,9106,OOS,chirp,L1,1,0.5,0.04841426644409816,0.01584938440602348
capacity,9106,OOS,chirp,L1,1,0.0,0.22010651780916074,0.18754163577108607
capacity,9106,OOS,chirp,L2,2,0.5,0.056879290952323164,0.024314408914248485
capacity,9106,OOS,chirp,L2,2,0.0,0.26354941079732686,0.23098452875925218
capacity,9106,OOS,chirp,L3,3,0.5,0.036491793928285485,0.003926911890210806
capacity,9106,OOS,chirp,L3,3,0.0,0.09995337853388069,0.067388496495806
capacity,9106,OOS,chirp,L4,4,0.5,0.04629184253660901,0.013726960498534328
capacity,9106,OOS,chirp,L4,4,0.0,0.10066568682925509,0.06810080479118041
capacity,9106,OOS,left,intact,0,1.0,0.06099286374010507,0.0
capacity,9106,OOS,left,L1,1,0.5,0.057002755631455564,-0.003990108108649505
capacity,9106,OOS,left,L1,1,0.0,0.15368038561996214,0.09268752187985707
capacity,9106,OOS,left,L2,2,0.5,0.15022673189865626,0.0892338681585512
capacity,9106,OOS,left,L2,2,0.0,0.6828468872625924,0.6218540235224873
capacity,9106,OOS,left,L3,3,0.5,0.051616167490445806,-0.009376696249659262
capacity,9106,OOS,left,L3,3,0.0,0.1523419164756299,0.09134905273552482
capacity,9106,OOS,left,L4,4,0.5,0.0826838637580693,0.02169100001796423
capacity,9106,OOS,left,L4,4,0.0,0.13970896143327097,0.0787160976931659
capacity,9106,OOS,right,intact,0,1.0,0.055237313035690766,0.0
capacity,9106,OOS,right,L1,1,0.5,0.10558117050808824,0.050343857472397474
capacity,9106,OOS,right,L1,1,0.0,0.37737142029501747,0.3221341072593267
capacity,9106,OOS,right,L2,2,0.5,0.041443857146885574,-0.013793455888805192
capacity,9106,OOS,right,L2,2,0.0,0.07442327828828288,0.019185965252592113
capacity,9106,OOS,right,L3,3,0.5,0.06158231494794245,0.006345001912251687
capacity,9106,OOS,right,L3,3,0.0,0.09998120815269254,0.044743895117001775
capacity,9106,OOS,right,L4,4,0.5,0.036768801974378776,-0.01846851106131199
capacity,9106,OOS,right,L4,4,0.0,0.05761023966726606,0.0023729266315752964
act_comm,9101,ID,straight,intact,0,1.0,0.003273627695956854,0.0
act_comm,9101,ID,straight,L1,1,0.5,0.014984327294450695,0.011710699598493841
act_comm,9101,ID,straight,L1,1,0.0,0.06298138672268488,0.05970775902672803
act_comm,9101,ID,straight,L2,2,0.5,0.005391479427516414,0.00211785173155956
act_comm,9101,ID,straight,L2,2,0.0,0.03750966733924391,0.03423603964328705
act_comm,9101,ID,straight,L3,3,0.5,0.022682879340516025,0.019409251644559172
act_comm,9101,ID,straight,L3,3,0.0,0.11908740192180389,0.11581377422584704
act_comm,9101,ID,straight,L4,4,0.5,0.0033497222226848812,7.609452672802716e-05
act_comm,9101,ID,straight,L4,4,0.0,0.10016927973683111,0.09689565204087426
act_comm,9101,ID,left,intact,0,1.0,0.01752844852380042,0.0
act_comm,9101,ID,left,L1,1,0.5,0.046256266052104825,0.028727817528304403
act_comm,9101,ID,left,L1,1,0.0,0.12682157077315598,0.10929312224935556
act_comm,9101,ID,left,L2,2,0.5,0.021218293055085283,0.003689844531284861
act_comm,9101,ID,left,L2,2,0.0,0.04563690799851823,0.02810845947471781
act_comm,9101,ID,left,L3,3,0.5,0.029857104606719448,0.012328656082919026
act_comm,9101,ID,left,L3,3,0.0,0.0782283188713354,0.060699870347534976
act_comm,9101,ID,left,L4,4,0.5,0.025372469720597632,0.00784402119679721
act_comm,9101,ID,left,L4,4,0.0,0.20899349555770474,0.19146504703390432
act_comm,9101,ID,right,intact,0,1.0,0.024676929730998297,0.0
act_comm,9101,ID,right,L1,1,0.5,0.026827882264907718,0.0021509525339094213
act_comm,9101,ID,right,L1,1,0.0,0.04796232077886427,0.02328539104786597
act_comm,9101,ID,right,L2,2,0.5,0.0226448901496554,-0.002032039581342897
act_comm,9101,ID,right,L2,2,0.0,0.061939065012912,0.0372621352819137
act_comm,9101,ID,right,L3,3,0.5,0.04535130547513409,0.020674375744135796
act_comm,9101,ID,right,L3,3,0.0,0.19792842840988178,0.17325149867888348
act_comm,9101,ID,right,L4,4,0.5,0.020086595480202956,-0.004590334250795341
act_comm,9101,ID,right,L4,4,0.0,0.05926879432137512,0.034591864590376824
act_comm,9101,OOS,s_lr,intact,0,1.0,0.024581508636255665,0.0
act_comm,9101,OOS,s_lr,L1,1,0.5,0.04125156492505608,0.016670056288800413
act_comm,9101,OOS,s_lr,L1,1,0.0,0.09843147062217472,0.07384996198591906
act_comm,9101,OOS,s_lr,L2,2,0.5,0.02869620300344742,0.004114694367191755
act_comm,9101,OOS,s_lr,L2,2,0.0,0.06440884535383204,0.03982733671757638
act_comm,9101,OOS,s_lr,L3,3,0.5,0.03705204560958612,0.012470536973330459
act_comm,9101,OOS,s_lr,L3,3,0.0,0.13641937006936133,0.11183786143310567
act_comm,9101,OOS,s_lr,L4,4,0.5,0.025357345082509166,0.0007758364462535014
act_comm,9101,OOS,s_lr,L4,4,0.0,0.10797510530060145,0.08339359666434579
act_comm,9101,OOS,s_rl,intact,0,1.0,0.02633728110111906,0.0
act_comm,9101,OOS,s_rl,L1,1,0.5,0.04611170961221924,0.01977442851110018
act_comm,9101,OOS,s_rl,L1,1,0.0,0.10047316486372834,0.07413588376260928
act_comm,9101,OOS,s_rl,L2,2,0.5,0.025231993661171646,-0.0011052874399474152
act_comm,9101,OOS,s_rl,L2,2,0.0,0.054710987065381494,0.028373705964262433
act_comm,9101,OOS,s_rl,L3,3,0.5,0.04149189331184513,0.015154612210726066
act_comm,9101,OOS,s_rl,L3,3,0.0,0.13283903985852008,0.10650175875740102
act_comm,9101,OOS,s_rl,L4,4,0.5,0.024360457279574366,-0.001976823821544696
act_comm,9101,OOS,s_rl,L4,4,0.0,0.14141323990316693,0.11507595880204786
act_comm,9101,OOS,sine,intact,0,1.0,0.01821414983056008,0.0
act_comm,9101,OOS,sine,L1,1,0.5,0.02954455680863717,0.01133040697807709
act_comm,9101,OOS,sine,L1,1,0.0,0.07446688844685445,0.05625273861629437
act_comm,9101,OOS,sine,L2,2,0.5,0.021932540841683883,0.0037183910111238012
act_comm,9101,OOS,sine,L2,2,0.0,0.05933386959120587,0.041119719760645795
act_comm,9101,OOS,sine,L3,3,0.5,0.031789427016600806,0.013575277186040725
act_comm,9101,OOS,sine,L3,3,0.0,0.13337033318856306,0.11515618335800298
act_comm,9101,OOS,sine,L4,4,0.5,0.018472211910165428,0.0002580620796053465
act_comm,9101,OOS,sine,L4,4,0.0,0.11823179902497273,0.10001764919441265
act_comm,9101,OOS,chirp,intact,0,1.0,0.019891552563466548,0.0
act_comm,9101,OOS,chirp,L1,1,0.5,0.034883186088921575,0.014991633525455027
act_comm,9101,OOS,chirp,L1,1,0.0,0.0899015027308877,0.07000995016742116
act_comm,9101,OOS,chirp,L2,2,0.5,0.0269128847092799,0.007021332145813353
act_comm,9101,OOS,chirp,L2,2,0.0,0.06739555009130409,0.047503997527837544
act_comm,9101,OOS,chirp,L3,3,0.5,0.03562493224989488,0.015733379686428333
act_comm,9101,OOS,chirp,L3,3,0.0,0.13283634478788162,0.11294479222441507
act_comm,9101,OOS,chirp,L4,4,0.5,0.023233909999271822,0.0033423574358052745
act_comm,9101,OOS,chirp,L4,4,0.0,0.11845022821435557,0.09855867565088902
act_comm,9101,OOS,left,intact,0,1.0,0.054901615813214545,0.0
act_comm,9101,OOS,left,L1,1,0.5,0.10614509900999082,0.051243483196776275
act_comm,9101,OOS,left,L1,1,0.0,0.22374492000519752,0.16884330419198298
act_comm,9101,OOS,left,L2,2,0.5,0.06399416705990933,0.009092551246694787
act_comm,9101,OOS,left,L2,2,0.0,0.09224163452843709,0.037340018715222544
act_comm,9101,OOS,left,L3,3,0.5,0.073078542960939,0.01817692714772446
act_comm,9101,OOS,left,L3,3,0.0,0.13027581841670566,0.07537420260349112
act_comm,9101,OOS,left,L4,4,0.5,0.08062268736774043,0.02572107155452589
act_comm,9101,OOS,left,L4,4,0.0,0.4100274452310686,0.35512582941785403
act_comm,9101,OOS,right,intact,0,1.0,0.0637375408824061,0.0
act_comm,9101,OOS,right,L1,1,0.5,0.060587225722052565,-0.0031503151603535368
act_comm,9101,OOS,right,L1,1,0.0,0.06780562379167679,0.004068082909270687
act_comm,9101,OOS,right,L2,2,0.5,0.04800582335570412,-0.01573171752670198
act_comm,9101,OOS,right,L2,2,0.0,0.07560869153943593,0.01187115065702983
act_comm,9101,OOS,right,L3,3,0.5,0.06364440082639083,-9.314005601526731e-05
act_comm,9101,OOS,right,L3,3,0.0,0.19088927829000935,0.12715173740760324
act_comm,9101,OOS,right,L4,4,0.5,0.057849576720326285,-0.005887964162079817
act_comm,9101,OOS,right,L4,4,0.0,0.06047688601351693,-0.0032606548688891707
act_comm,9102,ID,straight,intact,0,1.0,0.0036348038094859893,0.0
act_comm,9102,ID,straight,L1,1,0.5,0.02927156903472142,0.025636765225235433
act_comm,9102,ID,straight,L1,1,0.0,0.1665970016079778,0.1629621977984918
act_comm,9102,ID,straight,L2,2,0.5,0.018880782598942856,0.015245978789456867
act_comm,9102,ID,straight,L2,2,0.0,0.09880032781672471,0.09516552400723872
act_comm,9102,ID,straight,L3,3,0.5,0.003952840871383033,0.00031803706189704323
act_comm,9102,ID,straight,L3,3,0.0,0.009229265104344346,0.005594461294858357
act_comm,9102,ID,straight,L4,4,0.5,0.014738539837907677,0.011103736028421688
act_comm,9102,ID,straight,L4,4,0.0,0.050998706565851044,0.04736390275636505
act_comm,9102,ID,left,intact,0,1.0,0.028784560583962865,0.0
act_comm,9102,ID,left,L1,1,0.5,0.023605750535901585,-0.00517881004806128
act_comm,9102,ID,left,L1,1,0.0,0.12429809672473292,0.09551353614077006
act_comm,9102,ID,left,L2,2,0.5,0.04289467114097795,0.014110110557015082
act_comm,9102,ID,left,L2,2,0.0,0.10091498831948714,0.07213042773552428
act_comm,9102,ID,left,L3,3,0.5,0.025464325341176236,-0.003320235242786629
act_comm,9102,ID,left,L3,3,0.0,0.02299470815030478,-0.005789852433658083
act_comm,9102,ID,left,L4,4,0.5,0.0520190239171623,0.023234463333199437
act_comm,9102,ID,left,L4,4,0.0,0.11874152030796634,0.08995695972400347
act_comm,9102,ID,right,intact,0,1.0,0.025815139788225454,0.0
act_comm,9102,ID,right,L1,1,0.5,0.08059656031561985,0.05478142052739439
act_comm,9102,ID,right,L1,1,0.0,0.2536240234771545,0.22780888368892907
act_comm,9102,ID,right,L2,2,0.5,0.03989605211380292,0.014080912325577465
act_comm,9102,ID,right,L2,2,0.0,0.14031267592222135,0.1144975361339959
act_comm,9102,ID,right,L3,3,0.5,0.03295654205638744,0.007141402268161987
act_comm,9102,ID,right,L3,3,0.0,0.05589601725588345,0.030080877467657998
act_comm,9102,ID,right,L4,4,0.5,0.028574411970556907,0.002759272182331452
act_comm,9102,ID,right,L4,4,0.0,0.04361290019445179,0.017797760406226337
act_comm,9102,OOS,s_lr,intact,0,1.0,0.021542128336067997,0.0
act_comm,9102,OOS,s_lr,L1,1,0.5,0.04128678784780905,0.019744659511741054
act_comm,9102,OOS,s_lr,L1,1,0.0,0.17218088872436912,0.15063876038830112
act_comm,9102,OOS,s_lr,L2,2,0.5,0.04078181793334672,0.01923968959727872
act_comm,9102,OOS,s_lr,L2,2,0.0,0.12994560992203877,0.10840348158597077
act_comm,9102,OOS,s_lr,L3,3,0.5,0.020983165363323696,-0.0005589629727443014
act_comm,9102,OOS,s_lr,L3,3,0.0,0.030495361368642268,0.008953233032574271
act_comm,9102,OOS,s_lr,L4,4,0.5,0.03392655240846432,0.01238442407239632
act_comm,9102,OOS,s_lr,L4,4,0.0,0.07171618482461034,0.05017405648854234
act_comm,9102,OOS,s_rl,intact,0,1.0,0.02212922413194641,0.0
act_comm,9102,OOS,s_rl,L1,1,0.5,0.054448387046056756,0.03231916291411034
act_comm,9102,OOS,s_rl,L1,1,0.0,0.20351925751184463,0.18139003337989823
act_comm,9102,OOS,s_rl,L2,2,0.5,0.03718154517830775,0.015052321046361335
act_comm,9102,OOS,s_rl,L2,2,0.0,0.12013820484059734,0.09800898070865093
act_comm,9102,OOS,s_rl,L3,3,0.5,0.02294505234683525,0.000815828214888837
act_comm,9102,OOS,s_rl,L3,3,0.0,0.028058492974259358,0.0059292688423129465
act_comm,9102,OOS,s_rl,L4,4,0.5,0.03408424392334403,0.011955019791397622
act_comm,9102,OOS,s_rl,L4,4,0.0,0.07583209797234614,0.05370287384039972
act_comm,9102,OOS,sine,intact,0,1.0,0.013501295664923165,0.0
act_comm,9102,OOS,sine,L1,1,0.5,0.03292322038171746,0.019421924716794294
act_comm,9102,OOS,sine,L1,1,0.0,0.16035932494501165,0.14685802928008848
act_comm,9102,OOS,sine,L2,2,0.5,0.033711689603996974,0.02021039393907381
act_comm,9102,OOS,sine,L2,2,0.0,0.12958592775189298,0.11608463208696981
act_comm,9102,OOS,sine,L3,3,0.5,0.013478634701519523,-2.266096340364232e-05
act_comm,9102,OOS,sine,L3,3,0.0,0.020383180621295596,0.0068818849563724305
act_comm,9102,OOS,sine,L4,4,0.5,0.024834351454464654,0.01133305578954149
act_comm,9102,OOS,sine,L4,4,0.0,0.059674315928927205,0.046173020264004036
act_comm,9102,OOS,chirp,intact,0,1.0,0.02402882602339026,0.0
act_comm,9102,OOS,chirp,L1,1,0.5,0.03967663249280647,0.01564780646941621
act_comm,9102,OOS,chirp,L1,1,0.0,0.16089807242309342,0.13686924639970316
act_comm,9102,OOS,chirp,L2,2,0.5,0.047110574432033044,0.023081748408642782
act_comm,9102,OOS,chirp,L2,2,0.0,0.14176021716916226,0.117731391145772
act_comm,9102,OOS,chirp,L3,3,0.5,0.02422970968280911,0.0002008836594188483
act_comm,9102,OOS,chirp,L3,3,0.0,0.030147957366076828,0.0061191313426865665
act_comm,9102,OOS,chirp,L4,4,0.5,0.03644728690515774,0.012418460881767481
act_comm,9102,OOS,chirp,L4,4,0.0,0.07341119014615403,0.04938236412276377
act_comm,9102,OOS,left,intact,0,1.0,0.05769085762962556,0.0
act_comm,9102,OOS,left,L1,1,0.5,0.06298610459022708,0.0052952469606015184
act_comm,9102,OOS,left,L1,1,0.0,0.1925204165274591,0.13482955889783355
act_comm,9102,OOS,left,L2,2,0.5,0.0788620329034863,0.02117117527386074
act_comm,9102,OOS,left,L2,2,0.0,0.14610158036539167,0.08841072273576611
act_comm,9102,OOS,left,L3,3,0.5,0.05503010878306169,-0.002660748846563865
act_comm,9102,OOS,left,L3,3,0.0,0.05847100783389928,0.0007801502042737232
act_comm,9102,OOS,left,L4,4,0.5,0.10523019071058422,0.04753933308095866
act_comm,9102,OOS,left,L4,4,0.0,0.21883506274275158,0.16114420511312602
act_comm,9102,OOS,right,intact,0,1.0,0.03796565734004131,0.0
act_comm,9102,OOS,right,L1,1,0.5,0.082083536172811,0.04411787883276969
act_comm,9102,OOS,right,L1,1,0.0,0.23024212090523907,0.19227646356519776
act_comm,9102,OOS,right,L2,2,0.5,0.037531866040339576,-0.0004337912997017315
act_comm,9102,OOS,right,L2,2,0.0,0.11582788941442852,0.07786223207438722
act_comm,9102,OOS,right,L3,3,0.5,0.04302478692047048,0.0050591295804291725
act_comm,9102,OOS,right,L3,3,0.0,0.06061439094701507,0.02264873360697376
act_comm,9102,OOS,right,L4,4,0.5,0.03550139764248196,-0.002464259697559347
act_comm,9102,OOS,right,L4,4,0.0,0.03817905765151031,0.00021340031146900584
act_comm,9103,ID,straight,intact,0,1.0,0.0014855107130466204,0.0
act_comm,9103,ID,straight,L1,1,0.5,0.009502293288105609,0.008016782575058988
act_comm,9103,ID,straight,L1,1,0.0,0.039187589655959275,0.03770207894291266
act_comm,9103,ID,straight,L2,2,0.5,0.004203125521335136,0.0027176148082885153
act_comm,9103,ID,straight,L2,2,0.0,0.030205251875890647,0.028719741162844026
act_comm,9103,ID,straight,L3,3,0.5,0.02943447430888939,0.027948963595842768
act_comm,9103,ID,straight,L3,3,0.0,0.23919304790326532,0.2377075371902187
act_comm,9103,ID,straight,L4,4,0.5,0.03617641304442403,0.034690902331377414
act_comm,9103,ID,straight,L4,4,0.0,0.20475255706920698,0.20326704635616036
act_comm,9103,ID,left,intact,0,1.0,0.017917694797359374,0.0
act_comm,9103,ID,left,L1,1,0.5,0.0209586536743951,0.003040958877035725
act_comm,9103,ID,left,L1,1,0.0,0.03765856097652928,0.019740866179169907
act_comm,9103,ID,left,L2,2,0.5,0.026077317303509207,0.008159622506149832
act_comm,9103,ID,left,L2,2,0.0,0.05961105592328456,0.041693361125925185
act_comm,9103,ID,left,L3,3,0.5,0.044374685628254106,0.02645699083089473
act_comm,9103,ID,left,L3,3,0.0,0.26966880276541383,0.25175110796805444
act_comm,9103,ID,left,L4,4,0.5,0.07211513349737278,0.05419743870001341
act_comm,9103,ID,left,L4,4,0.0,0.265897098988257,0.2479794041908976
act_comm,9103,ID,right,intact,0,1.0,0.01951313085078977,0.0
act_comm,9103,ID,right,L1,1,0.5,0.032860784208545823,0.013347653357756055
act_comm,9103,ID,right,L1,1,0.0,0.07841487950629891,0.058901748655509144
act_comm,9103,ID,right,L2,2,0.5,0.015587737238029873,-0.003925393612759896
act_comm,9103,ID,right,L2,2,0.0,0.03449166356410946,0.01497853271331969
act_comm,9103,ID,right,L3,3,0.5,0.049014608333562776,0.029501477482773007
act_comm,9103,ID,right,L3,3,0.0,0.24787374344905486,0.2283606125982651
act_comm,9103,ID,right,L4,4,0.5,0.03260587487740354,0.01309274402661377
act_comm,9103,ID,right,L4,4,0.0,0.1757082775109038,0.15619514666011403
act_comm,9103,OOS,s_lr,intact,0,1.0,0.020955523401224734,0.0
act_comm,9103,OOS,s_lr,L1,1,0.5,0.025409586528972003,0.004454063127747269
act_comm,9103,OOS,s_lr,L1,1,0.0,0.054207292398762756,0.033251768997538025
act_comm,9103,OOS,s_lr,L2,2,0.5,0.024311841683406124,0.00335631828218139
act_comm,9103,OOS,s_lr,L2,2,0.0,0.05168116487307355,0.03072564147184882
act_comm,9103,OOS,s_lr,L3,3,0.5,0.04658803210822825,0.025632508707003513
act_comm,9103,OOS,s_lr,L3,3,0.0,0.2685646296109889,0.2476091062097642
act_comm,9103,OOS,s_lr,L4,4,0.5,0.058399727658032294,0.037444204256807556
act_comm,9103,OOS,s_lr,L4,4,0.0,0.23060262741832588,0.20964710401710115
act_comm,9103,OOS,s_rl,intact,0,1.0,0.02090374144399739,0.0
act_comm,9103,OOS,s_rl,L1,1,0.5,0.02987955433124008,0.008975812887242689
act_comm,9103,OOS,s_rl,L1,1,0.0,0.059464439750742344,0.03856069830674495
act_comm,9103,OOS,s_rl,L2,2,0.5,0.02209088101729975,0.0011871395733023607
act_comm,9103,OOS,s_rl,L2,2,0.0,0.05019756523600795,0.029293823792010558
act_comm,9103,OOS,s_rl,L3,3,0.5,0.05495650931150896,0.03405276786751157
act_comm,9103,OOS,s_rl,L3,3,0.0,0.2661691768301865,0.24526543538618908
act_comm,9103,OOS,s_rl,L4,4,0.5,0.05001385890357779,0.0291101174595804
act_comm,9103,OOS,s_rl,L4,4,0.0,0.21553816591484484,0.19463442447084744
act_comm,9103,OOS,sine,intact,0,1.0,0.014882690248869106,0.0
act_comm,9103,OOS,sine,L1,1,0.5,0.018623761038809333,0.003741070789940227
act_comm,9103,OOS,sine,L1,1,0.0,0.0460275242873583,0.03114483403848919
act_comm,9103,OOS,sine,L2,2,0.5,0.019756611768329206,0.0048739215194601
act_comm,9103,OOS,sine,L2,2,0.0,0.054055562951589836,0.039172872702720726
act_comm,9103,OOS,sine,L3,3,0.5,0.03725515169087026,0.02237246144200115
act_comm,9103,OOS,sine,L3,3,0.0,0.23607147933859865,0.22118878908972955
act_comm,9103,OOS,sine,L4,4,0.5,0.053332988992337696,0.038450298743468586
act_comm,9103,OOS,sine,L4,4,0.0,0.22854990978830936,0.21366721953944026
act_comm,9103,OOS,chirp,intact,0,1.0,0.02694757504321947,0.0
act_comm,9103,OOS,chirp,L1,1,0.5,0.030035185207262928,0.003087610164043457
act_comm,9103,OOS,chirp,L1,1,0.0,0.05622091390403865,0.029273338860819176
act_comm,9103,OOS,chirp,L2,2,0.5,0.03540157936515178,0.008454004321932308
act_comm,9103,OOS,chirp,L2,2,0.0,0.07001468734422116,0.043067112301001687
act_comm,9103,OOS,chirp,L3,3,0.5,0.04893170381309765,0.02198412876987818
act_comm,9103,OOS,chirp,L3,3,0.0,0.24854770016340139,0.2216001251201819
act_comm,9103,OOS,chirp,L4,4,0.5,0.07026504615658208,0.04331747111336261
act_comm,9103,OOS,chirp,L4,4,0.0,0.2512732751543336,0.22432570011111413
act_comm,9103,OOS,left,intact,0,1.0,0.05934498359365345,0.0
act_comm,9103,OOS,left,L1,1,0.5,0.0640031486277234,0.004658165034069947
act_comm,9103,OOS,left,L1,1,0.0,0.08237331634391855,0.0230283327502651
act_comm,9103,OOS,left,L2,2,0.5,0.08027091808350661,0.020925934489853165
act_comm,9103,OOS,left,L2,2,0.0,0.14901812319826035,0.0896731396046069
act_comm,9103,OOS,left,L3,3,0.5,0.09929865063799921,0.03995366704434576
act_comm,9103,OOS,left,L3,3,0.0,0.40012851617980344,0.34078353258615
act_comm,9103,OOS,left,L4,4,0.5,0.14245093921422686,0.08310595562057341
act_comm,9103,OOS,left,L4,4,0.0,0.38309925625347163,0.32375427265981815
act_comm,9103,OOS,right,intact,0,1.0,0.052666076171981636,0.0
act_comm,9103,OOS,right,L1,1,0.5,0.06236671889322139,0.00970064272123975
act_comm,9103,OOS,right,L1,1,0.0,0.10536535516279204,0.0526992789908104
act_comm,9103,OOS,right,L2,2,0.5,0.04163569485190687,-0.011030381320074764
act_comm,9103,OOS,right,L2,2,0.0,0.03744781513348777,-0.015218261038493865
act_comm,9103,OOS,right,L3,3,0.5,0.07139848719516959,0.01873241102318795
act_comm,9103,OOS,right,L3,3,0.0,0.21875323629786547,0.16608716012588384
act_comm,9103,OOS,right,L4,4,0.5,0.03738150272031395,-0.015284573451667685
act_comm,9103,OOS,right,L4,4,0.0,0.1366703547480385,0.08400427857605686
act_comm,9104,ID,straight,intact,0,1.0,0.008863378646086415,0.0
act_comm,9104,ID,straight,L1,1,0.5,0.01955638962923858,0.010693010983152163
act_comm,9104,ID,straight,L1,1,0.0,0.0601470887993948,0.05128371015330839
act_comm,9104,ID,straight,L2,2,0.5,0.08806447148922687,0.07920109284314046
act_comm,9104,ID,straight,L2,2,0.0,0.514658610634002,0.5057952319879155
act_comm,9104,ID,straight,L3,3,0.5,0.04826240377851035,0.03939902513242394
act_comm,9104,ID,straight,L3,3,0.0,0.5918423738476515,0.582978995201565
act_comm,9104,ID,straight,L4,4,0.5,0.012382815515475744,0.0035194368693893287
act_comm,9104,ID,straight,L4,4,0.0,0.027051998087963294,0.01818861944187688
act_comm,9104,ID,left,intact,0,1.0,0.019581096684004894,0.0
act_comm,9104,ID,left,L1,1,0.5,0.019544793077481894,-3.630360652299991e-05
act_comm,9104,ID,left,L1,1,0.0,0.03236908990296594,0.012787993218961048
act_comm,9104,ID,left,L2,2,0.5,0.09078888454305098,0.07120778785904608
act_comm,9104,ID,left,L2,2,0.0,0.4225608086511713,0.4029797119671664
act_comm,9104,ID,left,L3,3,0.5,0.06430574473510656,0.04472464805110166
act_comm,9104,ID,left,L3,3,0.0,1.027686265116623,1.008105168432618
act_comm,9104,ID,left,L4,4,0.5,0.02115411783152831,0.001573021147523418
act_comm,9104,ID,left,L4,4,0.0,0.031408928345185466,0.011827831661180573
act_comm,9104,ID,right,intact,0,1.0,0.0291427692121031,0.0
act_comm,9104,ID,right,L1,1,0.5,0.05722505808367463,0.02808228887157153
act_comm,9104,ID,right,L1,1,0.0,0.1404690913448277,0.11132632213272461
act_comm,9104,ID,right,L2,2,0.5,0.1169281254122489,0.0877853562001458
act_comm,9104,ID,right,L2,2,0.0,0.6396055204344744,0.6104627512223713
act_comm,9104,ID,right,L3,3,0.5,0.06833349545691894,0.03919072624481584
act_comm,9104,ID,right,L3,3,0.0,0.4227085529276558,0.3935657837155527
act_comm,9104,ID,right,L4,4,0.5,0.05468570905391394,0.02554293984181084
act_comm,9104,ID,right,L4,4,0.0,0.15643942397889687,0.12729665476679378
act_comm,9104,OOS,s_lr,intact,0,1.0,0.02373418316972822,0.0
act_comm,9104,OOS,s_lr,L1,1,0.5,0.03307717941948311,0.009342996249754893
act_comm,9104,OOS,s_lr,L1,1,0.0,0.0778890721305264,0.054154888960798175
act_comm,9104,OOS,s_lr,L2,2,0.5,0.11397432853684489,0.09024014536711666
act_comm,9104,OOS,s_lr,L2,2,0.0,0.5444988116174616,0.5207646284477334
act_comm,9104,OOS,s_lr,L3,3,0.5,0.06778363079915048,0.044049447629422256
act_comm,9104,OOS,s_lr,L3,3,0.0,0.6788387950172172,0.655104611847489
act_comm,9104,OOS,s_lr,L4,4,0.5,0.027455109908868184,0.003720926739139964
act_comm,9104,OOS,s_lr,L4,4,0.0,0.05989674302548601,0.036162559855757795
act_comm,9104,OOS,s_rl,intact,0,1.0,0.02808618468765382,0.0
act_comm,9104,OOS,s_rl,L1,1,0.5,0.039018350313778365,0.010932165626124545
act_comm,9104,OOS,s_rl,L1,1,0.0,0.07673003031534349,0.04864384562768967
act_comm,9104,OOS,s_rl,L2,2,0.5,0.10578524484970128,0.07769906016204746
act_comm,9104,OOS,s_rl,L2,2,0.0,0.5356787419132893,0.5075925572256356
act_comm,9104,OOS,s_rl,L3,3,0.5,0.0775687428491264,0.04948255816147258
act_comm,9104,OOS,s_rl,L3,3,0.0,0.7354595941047759,0.7073734094171221
act_comm,9104,OOS,s_rl,L4,4,0.5,0.032095837499801966,0.004009652812148146
act_comm,9104,OOS,s_rl,L4,4,0.0,0.05579940800162478,0.02771322331397096
act_comm,9104,OOS,sine,intact,0,1.0,0.018653340426230527,0.0
act_comm,9104,OOS,sine,L1,1,0.5,0.02697199320085377,0.008318652774623243
act_comm,9104,OOS,sine,L1,1,0.0,0.06900389773748873,0.050350557311258204
act_comm,9104,OOS,sine,L2,2,0.5,0.11753576091537121,0.09888242048914068
act_comm,9104,OOS,sine,L2,2,0.0,0.5854147682160826,0.5667614277898521
act_comm,9104,OOS,sine,L3,3,0.5,0.05353023997748177,0.03487689955125124
act_comm,9104,OOS,sine,L3,3,0.0,0.6019724398944253,0.5833190994681947
act_comm,9104,OOS,sine,L4,4,0.5,0.021904765828108325,0.003251425401877797
act_comm,9104,OOS,sine,L4,4,0.0,0.04815304989776299,0.029499709471532465
act_comm,9104,OOS,chirp,intact,0,1.0,0.030121761211062217,0.0
act_comm,9104,OOS,chirp,L1,1,0.5,0.03805055131353304,0.007928790102470825
act_comm,9104,OOS,chirp,L1,1,0.0,0.07875843009089148,0.04863666887982926
act_comm,9104,OOS,chirp,L2,2,0.5,0.13115674418989848,0.10103498297883626
act_comm,9104,OOS,chirp,L2,2,0.0,0.5970566144380891,0.5669348532270269
act_comm,9104,OOS,chirp,L3,3,0.5,0.06768574750723225,0.03756398629617003
act_comm,9104,OOS,chirp,L3,3,0.0,0.5908766063747704,0.5607548451637081
act_comm,9104,OOS,chirp,L4,4,0.5,0.030167772967261426,4.601175619920947e-05
act_comm,9104,OOS,chirp,L4,4,0.0,0.04506904913554565,0.014947287924483434
act_comm,9104,OOS,left,intact,0,1.0,0.03893706097558419,0.0
act_comm,9104,OOS,left,L1,1,0.5,0.038508734734605456,-0.00042832624097873667
act_comm,9104,OOS,left,L1,1,0.0,0.04618859320581582,0.00725153223023163
act_comm,9104,OOS,left,L2,2,0.5,0.11001699580392399,0.0710799348283398
act_comm,9104,OOS,left,L2,2,0.0,0.43472549298153645,0.39578843200595226
act_comm,9104,OOS,left,L3,3,0.5,0.1434159679877937,0.10447890701220952
act_comm,9104,OOS,left,L3,3,0.0,2.635934299933398,2.5969972389578135
act_comm,9104,OOS,left,L4,4,0.5,0.04624492822717311,0.007307867251588919
act_comm,9104,OOS,left,L4,4,0.0,0.08856457773187304,0.04962751675628885
act_comm,9104,OOS,right,intact,0,1.0,0.04740612583175073,0.0
act_comm,9104,OOS,right,L1,1,0.5,0.0847908384418373,0.037384712610086565
act_comm,9104,OOS,right,L1,1,0.0,0.1930977724918705,0.14569164666011974
act_comm,9104,OOS,right,L2,2,0.5,0.12282679146550121,0.07542066563375048
act_comm,9104,OOS,right,L2,2,0.0,0.6317340280339729,0.5843279022022222
act_comm,9104,OOS,right,L3,3,0.5,0.07083948120389713,0.0234333553721464
act_comm,9104,OOS,right,L3,3,0.0,0.22697330399289578,0.17956717816114504
act_comm,9104,OOS,right,L4,4,0.5,0.10105080073543554,0.05364467490368481
act_comm,9104,OOS,right,L4,4,0.0,0.3024797083853874,0.25507358255363666
act_comm,9105,ID,straight,intact,0,1.0,0.004681067334490418,0.0
act_comm,9105,ID,straight,L1,1,0.5,0.023442706234302387,0.01876163889981197
act_comm,9105,ID,straight,L1,1,0.0,0.11265644699924138,0.10797537966475096
act_comm,9105,ID,straight,L2,2,0.5,0.11024590584351038,0.10556483850901996
act_comm,9105,ID,straight,L2,2,0.0,0.43909459019427155,0.43441352285978113
act_comm,9105,ID,straight,L3,3,0.5,0.00503566727285669,0.0003545999383662724
act_comm,9105,ID,straight,L3,3,0.0,0.006840512315241001,0.002159444980750583
act_comm,9105,ID,straight,L4,4,0.5,0.08127241056596715,0.07659134323147673
act_comm,9105,ID,straight,L4,4,0.0,0.7738207700474461,0.7691397027129557
act_comm,9105,ID,left,intact,0,1.0,0.03134721824723233,0.0
act_comm,9105,ID,left,L1,1,0.5,0.02002082654893197,-0.011326391698300357
act_comm,9105,ID,left,L1,1,0.0,0.06539689742681834,0.03404967917958601
act_comm,9105,ID,left,L2,2,0.5,0.16940555837509716,0.13805834012786483
act_comm,9105,ID,left,L2,2,0.0,0.5253569513375069,0.4940097330902746
act_comm,9105,ID,left,L3,3,0.5,0.030554043911701852,-0.0007931743355304756
act_comm,9105,ID,left,L3,3,0.0,0.028901155982025195,-0.002446062265207133
act_comm,9105,ID,left,L4,4,0.5,0.07109851655612275,0.03975129830889042
act_comm,9105,ID,left,L4,4,0.0,0.6232355883860715,0.5918883701388392
act_comm,9105,ID,right,intact,0,1.0,0.026627332567925332,0.0
act_comm,9105,ID,right,L1,1,0.5,0.07792529430666922,0.05129796173874389
act_comm,9105,ID,right,L1,1,0.0,0.21404095083852487,0.18741361827059955
act_comm,9105,ID,right,L2,2,0.5,0.09185397040459936,0.06522663783667403
act_comm,9105,ID,right,L2,2,0.0,0.38902598843195224,0.3623986558640269
act_comm,9105,ID,right,L3,3,0.5,0.023674082293692715,-0.002953250274232617
act_comm,9105,ID,right,L3,3,0.0,0.020366789610290006,-0.006260542957635326
act_comm,9105,ID,right,L4,4,0.5,0.1539596200962966,0.12733228752837128
act_comm,9105,ID,right,L4,4,0.0,1.0037069659116533,0.9770796333437279
act_comm,9105,OOS,s_lr,intact,0,1.0,0.02372533757959083,0.0
act_comm,9105,OOS,s_lr,L1,1,0.5,0.03937496945757603,0.0156496318779852
act_comm,9105,OOS,s_lr,L1,1,0.0,0.12631707727927818,0.10259173969968735
act_comm,9105,OOS,s_lr,L2,2,0.5,0.1406973860743303,0.11697204849473947
act_comm,9105,OOS,s_lr,L2,2,0.0,0.4839623963052909,0.4602370587257001
act_comm,9105,OOS,s_lr,L3,3,0.5,0.02299664492183267,-0.00072869265775816
act_comm,9105,OOS,s_lr,L3,3,0.0,0.024039896999406153,0.00031455941981532384
act_comm,9105,OOS,s_lr,L4,4,0.5,0.10156761805249599,0.07784228047290516
act_comm,9105,OOS,s_lr,L4,4,0.0,0.8180673103819418,0.794341972802351
act_comm,9105,OOS,s_rl,intact,0,1.0,0.02296068523118903,0.0
act_comm,9105,OOS,s_rl,L1,1,0.5,0.04572931954475421,0.02276863431356518
act_comm,9105,OOS,s_rl,L1,1,0.0,0.13855956435103886,0.11559887911984983
act_comm,9105,OOS,s_rl,L2,2,0.5,0.11528939479536679,0.09232870956417775
act_comm,9105,OOS,s_rl,L2,2,0.0,0.4333150508714435,0.41035436564025446
act_comm,9105,OOS,s_rl,L3,3,0.5,0.02195522593254843,-0.001005459298640602
act_comm,9105,OOS,s_rl,L3,3,0.0,0.02300215109215089,4.146586096185831e-05
act_comm,9105,OOS,s_rl,L4,4,0.5,0.1030468637761465,0.08008617854495746
act_comm,9105,OOS,s_rl,L4,4,0.0,0.7698328621527879,0.7468721769215989
act_comm,9105,OOS,sine,intact,0,1.0,0.01757697710821634,0.0
act_comm,9105,OOS,sine,L1,1,0.5,0.03394338394718609,0.016366406838969748
act_comm,9105,OOS,sine,L1,1,0.0,0.12145688764492538,0.10387991053670903
act_comm,9105,OOS,sine,L2,2,0.5,0.13476327793862403,0.11718630083040768
act_comm,9105,OOS,sine,L2,2,0.0,0.4802080479152184,0.46263107080700205
act_comm,9105,OOS,sine,L3,3,0.5,0.017800084240724004,0.00022310713250766473
act_comm,9105,OOS,sine,L3,3,0.0,0.022517890139229755,0.004940913031013416
act_comm,9105,OOS,sine,L4,4,0.5,0.09010759504569937,0.07253061793748303
act_comm,9105,OOS,sine,L4,4,0.0,0.7797711903031236,0.7621942131949072
act_comm,9105,OOS,chirp,intact,0,1.0,0.02332416840353919,0.0
act_comm,9105,OOS,chirp,L1,1,0.5,0.03489491330074372,0.01157074489720453
act_comm,9105,OOS,chirp,L1,1,0.0,0.11639973336754475,0.09307556496400556
act_comm,9105,OOS,chirp,L2,2,0.5,0.1512941771940208,0.12797000879048162
act_comm,9105,OOS,chirp,L2,2,0.0,0.5126682976280261,0.48934412922448695
act_comm,9105,OOS,chirp,L3,3,0.5,0.026672571554614513,0.003348403151075322
act_comm,9105,OOS,chirp,L3,3,0.0,0.03391939572311645,0.010595227319577256
act_comm,9105,OOS,chirp,L4,4,0.5,0.09302877468117515,0.06970460627763596
act_comm,9105,OOS,chirp,L4,4,0.0,0.7815123173164911,0.7581881489129518
act_comm,9105,OOS,left,intact,0,1.0,0.06782351696247202,0.0
act_comm,9105,OOS,left,L1,1,0.5,0.04907255784511024,-0.018750959117361778
act_comm,9105,OOS,left,L1,1,0.0,0.08173625107779756,0.013912734115325537
act_comm,9105,OOS,left,L2,2,0.5,0.24168583069834815,0.17386231373587613
act_comm,9105,OOS,left,L2,2,0.0,0.6343010931522475,0.5664775761897755
act_comm,9105,OOS,left,L3,3,0.5,0.06029634417517151,-0.007527172787300508
act_comm,9105,OOS,left,L3,3,0.0,0.049707881391869733,-0.018115635570602286
act_comm,9105,OOS,left,L4,4,0.5,0.07030511198099502,0.0024815950185230057
act_comm,9105,OOS,left,L4,4,0.0,0.4615163683911311,0.39369285142865906
act_comm,9105,OOS,right,intact,0,1.0,0.058718279106365436,0.0
act_comm,9105,OOS,right,L1,1,0.5,0.12219142673149035,0.0634731476251249
act_comm,9105,OOS,right,L1,1,0.0,0.27800588763753104,0.2192876085311656
act_comm,9105,OOS,right,L2,2,0.5,0.07216006723452456,0.013441788128159125
act_comm,9105,OOS,right,L2,2,0.0,0.3301644916604276,0.27144621255406215
act_comm,9105,OOS,right,L3,3,0.5,0.0513649134596954,-0.0073533656466700376
act_comm,9105,OOS,right,L3,3,0.0,0.049234324749008046,-0.00948395435735739
act_comm,9105,OOS,right,L4,4,0.5,0.2700473731079741,0.21132909400160868
act_comm,9105,OOS,right,L4,4,0.0,1.332967091076924,1.2742488119705586
act_comm,9106,ID,straight,intact,0,1.0,0.002305836046648144,0.0
act_comm,9106,ID,straight,L1,1,0.5,0.003053303249435044,0.0007474672027869
act_comm,9106,ID,straight,L1,1,0.0,0.009644125632122117,0.007338289585473973
act_comm,9106,ID,straight,L2,2,0.5,0.008519060407719803,0.0062132243610716585
act_comm,9106,ID,straight,L2,2,0.0,0.062406605636100475,0.06010076958945233
act_comm,9106,ID,straight,L3,3,0.5,0.02009233397574902,0.017786497929100878
act_comm,9106,ID,straight,L3,3,0.0,0.17737433345735942,0.1750684974107113
act_comm,9106,ID,straight,L4,4,0.5,0.002556676192406502,0.0002508401457583581
act_comm,9106,ID,straight,L4,4,0.0,0.012790477607869416,0.010484641561221272
act_comm,9106,ID,left,intact,0,1.0,0.022687297175566227,0.0
act_comm,9106,ID,left,L1,1,0.5,0.018282588695423128,-0.004404708480143099
act_comm,9106,ID,left,L1,1,0.0,0.016423701925439103,-0.006263595250127124
act_comm,9106,ID,left,L2,2,0.5,0.04514270819928738,0.022455411023721155
act_comm,9106,ID,left,L2,2,0.0,0.1342862072451136,0.11159891006954736
act_comm,9106,ID,left,L3,3,0.5,0.020894847436220162,-0.001792449739346065
act_comm,9106,ID,left,L3,3,0.0,0.14996226153142939,0.12727496435586316
act_comm,9106,ID,left,L4,4,0.5,0.027127907286884884,0.004440610111318657
act_comm,9106,ID,left,L4,4,0.0,0.042199604607603525,0.019512307432037298
act_comm,9106,ID,right,intact,0,1.0,0.02483274542928534,0.0
act_comm,9106,ID,right,L1,1,0.5,0.0318724102869462,0.00703966485766086
act_comm,9106,ID,right,L1,1,0.0,0.04917964800531853,0.02434690257603319
act_comm,9106,ID,right,L2,2,0.5,0.017043033895924074,-0.007789711533361266
act_comm,9106,ID,right,L2,2,0.0,0.039821154954936,0.014988409525650663
act_comm,9106,ID,right,L3,3,0.5,0.05919438364140914,0.0343616382121238
act_comm,9106,ID,right,L3,3,0.0,0.2413433448432566,0.21651059941397124
act_comm,9106,ID,right,L4,4,0.5,0.018227542187480707,-0.006605203241804632
act_comm,9106,ID,right,L4,4,0.0,0.020603024754367722,-0.004229720674917618
act_comm,9106,OOS,s_lr,intact,0,1.0,0.018943718238371772,0.0
act_comm,9106,OOS,s_lr,L1,1,0.5,0.01843317896363758,-0.0005105392747341911
act_comm,9106,OOS,s_lr,L1,1,0.0,0.024288951284062464,0.005345233045690692
act_comm,9106,OOS,s_lr,L2,2,0.5,0.02929004384948513,0.010346325611113358
act_comm,9106,OOS,s_lr,L2,2,0.0,0.08878938044379657,0.06984566220542479
act_comm,9106,OOS,s_lr,L3,3,0.5,0.03242890554013965,0.013485187301767877
act_comm,9106,OOS,s_lr,L3,3,0.0,0.18881509682256353,0.16987137858419177
act_comm,9106,OOS,s_lr,L4,4,0.5,0.020520680912797035,0.0015769626744252634
act_comm,9106,OOS,s_lr,L4,4,0.0,0.03340460816331771,0.014460889924945937
act_comm,9106,OOS,s_rl,intact,0,1.0,0.01998680446432641,0.0
act_comm,9106,OOS,s_rl,L1,1,0.5,0.02191022504494121,0.001923420580614798
act_comm,9106,OOS,s_rl,L1,1,0.0,0.029749407493482594,0.009762603029156183
act_comm,9106,OOS,s_rl,L2,2,0.5,0.02296015048257579,0.0029733460182493794
act_comm,9106,OOS,s_rl,L2,2,0.0,0.07338535043209261,0.053398545967766206
act_comm,9106,OOS,s_rl,L3,3,0.5,0.04128822231723208,0.02130141785290567
act_comm,9106,OOS,s_rl,L3,3,0.0,0.20162138874221602,0.18163458427788962
act_comm,9106,OOS,s_rl,L4,4,0.5,0.01828977451510329,-0.0016970299492231194
act_comm,9106,OOS,s_rl,L4,4,0.0,0.02722530254369776,0.007238498079371349
act_comm,9106,OOS,sine,intact,0,1.0,0.012111328260778988,0.0
act_comm,9106,OOS,sine,L1,1,0.5,0.011718097418304062,-0.00039323084247492625
act_comm,9106,OOS,sine,L1,1,0.0,0.0173419877254212,0.0052306594646422105
act_comm,9106,OOS,sine,L2,2,0.5,0.020852305430284854,0.008740977169505866
act_comm,9106,OOS,sine,L2,2,0.0,0.07740609019617473,0.06529476193539574
act_comm,9106,OOS,sine,L3,3,0.5,0.024728405467189088,0.0126170772064101
act_comm,9106,OOS,sine,L3,3,0.0,0.17105258413832064,0.15894125587754165
act_comm,9106,OOS,sine,L4,4,0.5,0.013652254464889726,0.0015409262041107385
act_comm,9106,OOS,sine,L4,4,0.0,0.02935834690745713,0.017247018646678144
act_comm,9106,OOS,chirp,intact,0,1.0,0.01643172081190389,0.0
act_comm,9106,OOS,chirp,L1,1,0.5,0.014827732963199067,-0.0016039878487048246
act_comm,9106,OOS,chirp,L1,1,0.0,0.018696566263497,0.002264845451593108
act_comm,9106,OOS,chirp,L2,2,0.5,0.030018488412187884,0.013586767600283992
act_comm,9106,OOS,chirp,L2,2,0.0,0.0946992749446694,0.07826755413276551
act_comm,9106,OOS,chirp,L3,3,0.5,0.029371326857967235,0.012939606046063343
act_comm,9106,OOS,chirp,L3,3,0.0,0.1747269419652429,0.15829522115333902
act_comm,9106,OOS,chirp,L4,4,0.5,0.023580283644744515,0.0071485628328406235
act_comm,9106,OOS,chirp,L4,4,0.0,0.046590560682428096,0.030158839870524205
act_comm,9106,OOS,left,intact,0,1.0,0.051796254419799015,0.0
act_comm,9106,OOS,left,L1,1,0.5,0.04682238464994323,-0.004973869769855782
act_comm,9106,OOS,left,L1,1,0.0,0.04643267067166957,-0.0053635837481294454
act_comm,9106,OOS,left,L2,2,0.5,0.09215843785985796,0.040362183440058944
act_comm,9106,OOS,left,L2,2,0.0,0.22226882247440952,0.1704725680546105
act_comm,9106,OOS,left,L3,3,0.5,0.05125204705254433,-0.0005442073672546829
act_comm,9106,OOS,left,L3,3,0.0,0.2020010267866323,0.15020477236683327
act_comm,9106,OOS,left,L4,4,0.5,0.06037987007613789,0.008583615656338875
act_comm,9106,OOS,left,L4,4,0.0,0.08472482384522873,0.03292856942542971
act_comm,9106,OOS,right,intact,0,1.0,0.05042124777100157,0.0
act_comm,9106,OOS,right,L1,1,0.5,0.055546258434872674,0.005125010663871103
act_comm,9106,OOS,right,L1,1,0.0,0.06834239549878078,0.01792114772777921
act_comm,9106,OOS,right,L2,2,0.5,0.03406849695588744,-0.016352750815114128
act_comm,9106,OOS,right,L2,2,0.0,0.033551208765559934,-0.016870039005441637
act_comm,9106,OOS,right,L3,3,0.5,0.07946536896532724,0.029044121194325673
act_comm,9106,OOS,right,L3,3,0.0,0.2380081930762435,0.18758694530524192
act_comm,9106,OOS,right,L4,4,0.5,0.03803072942711424,-0.012390518343887331
act_comm,9106,OOS,right,L4,4,0.0,0.029491470819837395,-0.020929776951164176
sensor_comm,9101,ID,straight,intact,0,1.0,0.0032736276959568524,0.0
sensor_comm,9101,ID,straight,L1,1,0.5,0.011397558986436084,0.008123931290479232
sensor_comm,9101,ID,straight,L1,1,0.0,0.043277573047428505,0.040003945351471656
sensor_comm,9101,ID,straight,L2,2,0.5,0.007764848569235526,0.004491220873278674
sensor_comm,9101,ID,straight,L2,2,0.0,0.05047065853244154,0.04719703083648469
sensor_comm,9101,ID,straight,L3,3,0.5,0.01683090043085732,0.013557272734900469
sensor_comm,9101,ID,straight,L3,3,0.0,0.06685300658422505,0.0635793788882682
sensor_comm,9101,ID,straight,L4,4,0.5,0.0024144867169314244,-0.000859140979025428
sensor_comm,9101,ID,straight,L4,4,0.0,0.04800936003874166,0.0447357323427848
sensor_comm,9101,ID,left,intact,0,1.0,0.01752844852380042,0.0
sensor_comm,9101,ID,left,L1,1,0.5,0.038198116816962537,0.020669668293162115
sensor_comm,9101,ID,left,L1,1,0.0,0.09371836815605929,0.07618991963225887
sensor_comm,9101,ID,left,L2,2,0.5,0.02034959939306469,0.0028211508692642696
sensor_comm,9101,ID,left,L2,2,0.0,0.048685243705893576,0.031156795182093154
sensor_comm,9101,ID,left,L3,3,0.5,0.02615871697322274,0.008630268449422319
sensor_comm,9101,ID,left,L3,3,0.0,0.051669859379466776,0.034141410855666354
sensor_comm,9101,ID,left,L4,4,0.5,0.02572304849043041,0.008194599966629988
sensor_comm,9101,ID,left,L4,4,0.0,0.12449433255194098,0.10696588402814056
sensor_comm,9101,ID,right,intact,0,1.0,0.024676929730998283,0.0
sensor_comm,9101,ID,right,L1,1,0.5,0.026120877414681026,0.0014439476836827433
sensor_comm,9101,ID,right,L1,1,0.0,0.039982998554220564,0.015306068823222281
sensor_comm,9101,ID,right,L2,2,0.5,0.030654599038484394,0.005977669307486111
sensor_comm,9101,ID,right,L2,2,0.0,0.08936825597378345,0.06469132624278517
sensor_comm,9101,ID,right,L3,3,0.5,0.03834792734636291,0.013670997615364625
sensor_comm,9101,ID,right,L3,3,0.0,0.11789669868486344,0.09321976895386516
sensor_comm,9101,ID,right,L4,4,0.5,0.018787180100030575,-0.005889749630967708
sensor_comm,9101,ID,right,L4,4,0.0,0.03252959576755544,0.007852666036557154
sensor_comm,9101,OOS,s_lr,intact,0,1.0,0.02458150863625566,0.0
sensor_comm,9101,OOS,s_lr,L1,1,0.5,0.03678660322379838,0.012205094587542716
sensor_comm,9101,OOS,s_lr,L1,1,0.0,0.07603482595740536,0.0514533173211497
sensor_comm,9101,OOS,s_lr,L2,2,0.5,0.03347913625891718,0.008897627622661518
sensor_comm,9101,OOS,s_lr,L2,2,0.0,0.08228164292322152,0.057700134286965854
sensor_comm,9101,OOS,s_lr,L3,3,0.5,0.03191782727239802,0.0073363186361423555
sensor_comm,9101,OOS,s_lr,L3,3,0.0,0.08216678038581703,0.057585271749561365
sensor_comm,9101,OOS,s_lr,L4,4,0.5,0.024642155732853582,6.064709659792111e-05
sensor_comm,9101,OOS,s_lr,L4,4,0.0,0.06353206378301432,0.03895055514675866
sensor_comm,9101,OOS,s_rl,intact,0,1.0,0.02633728110111906,0.0
sensor_comm,9101,OOS,s_rl,L1,1,0.5,0.04088958254793539,0.01455230144681633
sensor_comm,9101,OOS,s_rl,L1,1,0.0,0.07881174153577712,0.05247446043465806
sensor_comm,9101,OOS,s_rl,L2,2,0.5,0.027816225467598266,0.001478944366479204
sensor_comm,9101,OOS,s_rl,L2,2,0.0,0.06751768842242264,0.04118040732130358
sensor_comm,9101,OOS,s_rl,L3,3,0.5,0.036704464335779605,0.010367183234660543
sensor_comm,9101,OOS,s_rl,L3,3,0.0,0.08362168902835657,0.057284407927237505
sensor_comm,9101,OOS,s_rl,L4,4,0.5,0.025575549610213858,-0.0007617314909052035
sensor_comm,9101,OOS,s_rl,L4,4,0.0,0.08750096119981514,0.06116368009869608
sensor_comm,9101,OOS,sine,intact,0,1.0,0.018214149830560075,0.0
sensor_comm,9101,OOS,sine,L1,1,0.5,0.026137248507123366,0.007923098676563291
sensor_comm,9101,OOS,sine,L1,1,0.0,0.056213680630981436,0.03799953080042136
sensor_comm,9101,OOS,sine,L2,2,0.5,0.026519999472749356,0.008305849642189281
sensor_comm,9101,OOS,sine,L2,2,0.0,0.07714727685811378,0.0589331270275537
sensor_comm,9101,OOS,sine,L3,3,0.5,0.02658872610730805,0.008374576276747977
sensor_comm,9101,OOS,sine,L3,3,0.0,0.07786265296122304,0.05964850313066296
sensor_comm,9101,OOS,sine,L4,4,0.5,0.01711719285553284,-0.0010969569750272357
sensor_comm,9101,OOS,sine,L4,4,0.0,0.06433408586418432,0.04611993603362424
sensor_comm,9101,OOS,chirp,intact,0,1.0,0.019891552563466555,0.0
sensor_comm,9101,OOS,chirp,L1,1,0.5,0.03127599435438542,0.011384441790918864
sensor_comm,9101,OOS,chirp,L1,1,0.0,0.06970762260415252,0.04981607004068596
sensor_comm,9101,OOS,chirp,L2,2,0.5,0.030690464642382655,0.0107989120789161
sensor_comm,9101,OOS,chirp,L2,2,0.0,0.08380590374957184,0.06391435118610528
sensor_comm,9101,OOS,chirp,L3,3,0.5,0.030181634232355134,0.01029008166888858
sensor_comm,9101,OOS,chirp,L3,3,0.0,0.0797869480455965,0.05989539548212994
sensor_comm,9101,OOS,chirp,L4,4,0.5,0.021401235813410822,0.001509683249944268
sensor_comm,9101,OOS,chirp,L4,4,0.0,0.07001414624734995,0.05012259368388339
sensor_comm,9101,OOS,left,intact,0,1.0,0.054901615813214545,0.0
sensor_comm,9101,OOS,left,L1,1,0.5,0.09281177674479868,0.037910160931584135
sensor_comm,9101,OOS,left,L1,1,0.0,0.1766034907152893,0.12170187490207476
sensor_comm,9101,OOS,left,L2,2,0.5,0.059894529454966455,0.00499291364175191
sensor_comm,9101,OOS,left,L2,2,0.0,0.08749759314044978,0.03259597732723523
sensor_comm,9101,OOS,left,L3,3,0.5,0.06734879812114686,0.012447182307932313
sensor_comm,9101,OOS,left,L3,3,0.0,0.09844642607081393,0.04354481025759938
sensor_comm,9101,OOS,left,L4,4,0.5,0.08376821039572688,0.028866594582512332
sensor_comm,9101,OOS,left,L4,4,0.0,0.28311042845388656,0.22820881264067203
sensor_comm,9101,OOS,right,intact,0,1.0,0.06373754088240609,0.0
sensor_comm,9101,OOS,right,L1,1,0.5,0.061371627016063704,-0.002365913866342384
sensor_comm,9101,OOS,right,L1,1,0.0,0.06573285504355793,0.00199531416115184
sensor_comm,9101,OOS,right,L2,2,0.5,0.06317822244885142,-0.0005593184335546675
sensor_comm,9101,OOS,right,L2,2,0.0,0.11785034854327936,0.05411280766087327
sensor_comm,9101,OOS,right,L3,3,0.5,0.06340451446274707,-0.000333026419659016
sensor_comm,9101,OOS,right,L3,3,0.0,0.12851096137965032,0.06477342049724423
sensor_comm,9101,OOS,right,L4,4,0.5,0.05688241621260146,-0.006855124669804626
sensor_comm,9101,OOS,right,L4,4,0.0,0.0527500480987076,-0.01098749278369849
sensor_comm,9102,ID,straight,intact,0,1.0,0.004120927751453287,0.0
sensor_comm,9102,ID,straight,L1,1,0.5,0.03823453679238449,0.034113609040931206
sensor_comm,9102,ID,straight,L1,1,0.0,0.2708683533548397,0.26674742560338643
sensor_comm,9102,ID,straight,L2,2,0.5,0.027589454002367723,0.02346852625091444
sensor_comm,9102,ID,straight,L2,2,0.0,0.20308219770767857,0.1989612699562253
sensor_comm,9102,ID,straight,L3,3,0.5,0.010993640507296709,0.006872712755843422
sensor_comm,9102,ID,straight,L3,3,0.0,0.026361725354120125,0.02224079760266684
sensor_comm,9102,ID,straight,L4,4,0.5,0.015107169640686919,0.010986241889233632
sensor_comm,9102,ID,straight,L4,4,0.0,0.07670806289865262,0.07258713514719933
sensor_comm,9102,ID,left,intact,0,1.0,0.01884615907531735,0.0
sensor_comm,9102,ID,left,L1,1,0.5,0.03798222621042451,0.01913606713510716
sensor_comm,9102,ID,left,L1,1,0.0,0.21704189326246026,0.19819573418714292
sensor_comm,9102,ID,left,L2,2,0.5,0.05298342764740366,0.03413726857208631
sensor_comm,9102,ID,left,L2,2,0.0,0.23609730613087804,0.2172511470555607
sensor_comm,9102,ID,left,L3,3,0.5,0.020221079953577158,0.0013749208782598069
sensor_comm,9102,ID,left,L3,3,0.0,0.031803004013933454,0.012956844938616104
sensor_comm,9102,ID,left,L4,4,0.5,0.04310214656081077,0.024255987485493416
sensor_comm,9102,ID,left,L4,4,0.0,0.13621000925511617,0.11736385017979882
sensor_comm,9102,ID,right,intact,0,1.0,0.02448445130954241,0.0
sensor_comm,9102,ID,right,L1,1,0.5,0.0762272880385631,0.05174283672902069
sensor_comm,9102,ID,right,L1,1,0.0,0.37029589250338024,0.34581144119383783
sensor_comm,9102,ID,right,L2,2,0.5,0.034090536572520654,0.009606085262978244
sensor_comm,9102,ID,right,L2,2,0.0,0.2006962677775651,0.1762118164680227
sensor_comm,9102,ID,right,L3,3,0.5,0.03542015044675911,0.010935699137216703
sensor_comm,9102,ID,right,L3,3,0.0,0.05345673395252664,0.02897228264298423
sensor_comm,9102,ID,right,L4,4,0.5,0.0239259756772063,-0.0005584756323361098
sensor_comm,9102,ID,right,L4,4,0.0,0.05831628636815682,0.03383183505861441
sensor_comm,9102,OOS,s_lr,intact,0,1.0,0.018677961434158216,0.0
sensor_comm,9102,OOS,s_lr,L1,1,0.5,0.05432511613867868,0.03564715470452046
sensor_comm,9102,OOS,s_lr,L1,1,0.0,0.30123566871267177,0.28255770727851354
sensor_comm,9102,OOS,s_lr,L2,2,0.5,0.044987109838443465,0.02630914840428525
sensor_comm,9102,OOS,s_lr,L2,2,0.0,0.21819421758310825,0.19951625614895002
sensor_comm,9102,OOS,s_lr,L3,3,0.5,0.02462213767864186,0.005944176244483644
sensor_comm,9102,OOS,s_lr,L3,3,0.0,0.03935672403780789,0.020678762603649675
sensor_comm,9102,OOS,s_lr,L4,4,0.5,0.03181806247757276,0.013140101043414544
sensor_comm,9102,OOS,s_lr,L4,4,0.0,0.09401262085549762,0.0753346594213394
sensor_comm,9102,OOS,s_rl,intact,0,1.0,0.021936761832557796,0.0
sensor_comm,9102,OOS,s_rl,L1,1,0.5,0.056738555328576946,0.034801793496019154
sensor_comm,9102,OOS,s_rl,L1,1,0.0,0.28068649629463804,0.25874973446208027
sensor_comm,9102,OOS,s_rl,L2,2,0.5,0.04164967255784385,0.019712910725286057
sensor_comm,9102,OOS,s_rl,L2,2,0.0,0.2241043001322648,0.202167538299707
sensor_comm,9102,OOS,s_rl,L3,3,0.5,0.030436267351898486,0.00849950551934069
sensor_comm,9102,OOS,s_rl,L3,3,0.0,0.04767553189574592,0.025738770063188126
sensor_comm,9102,OOS,s_rl,L4,4,0.5,0.030636496117803887,0.008699734285246091
sensor_comm,9102,OOS,s_rl,L4,4,0.0,0.09280345903575161,0.07086669720319382
sensor_comm,9102,OOS,sine,intact,0,1.0,0.012501274699037534,0.0
sensor_comm,9102,OOS,sine,L1,1,0.5,0.045674346816464095,0.03317307211742656
sensor_comm,9102,OOS,sine,L1,1,0.0,0.28057083847460085,0.2680695637755633
sensor_comm,9102,OOS,sine,L2,2,0.5,0.04141702720014613,0.028915752501108595
sensor_comm,9102,OOS,sine,L2,2,0.0,0.23377547889750536,0.22127420419846783
sensor_comm,9102,OOS,sine,L3,3,0.5,0.017608943017950966,0.005107668318913431
sensor_comm,9102,OOS,sine,L3,3,0.0,0.030730460434123932,0.018229185735086396
sensor_comm,9102,OOS,sine,L4,4,0.5,0.025799633872652054,0.01329835917361452
sensor_comm,9102,OOS,sine,L4,4,0.0,0.09068783600484945,0.07818656130581192
sensor_comm,9102,OOS,chirp,intact,0,1.0,0.02051978524489968,0.0
sensor_comm,9102,OOS,chirp,L1,1,0.5,0.0532471609033121,0.032727375658412425
sensor_comm,9102,OOS,chirp,L1,1,0.0,0.28324075856904096,0.2627209733241413
sensor_comm,9102,OOS,chirp,L2,2,0.5,0.05403614230902568,0.03351635706412601
sensor_comm,9102,OOS,chirp,L2,2,0.0,0.2445122486881239,0.22399246344322424
sensor_comm,9102,OOS,chirp,L3,3,0.5,0.0265918015090963,0.0060720162641966224
sensor_comm,9102,OOS,chirp,L3,3,0.0,0.04128559460903218,0.0207658093641325
sensor_comm,9102,OOS,chirp,L4,4,0.5,0.03754932938760684,0.017029544142707163
sensor_comm,9102,OOS,chirp,L4,4,0.0,0.10663830724309413,0.08611852199819445
sensor_comm,9102,OOS,left,intact,0,1.0,0.054269989285749484,0.0
sensor_comm,9102,OOS,left,L1,1,0.5,0.0949532366564007,0.04068324737065121
sensor_comm,9102,OOS,left,L1,1,0.0,0.35080537684404567,0.29653538755829617
sensor_comm,9102,OOS,left,L2,2,0.5,0.10270195881532551,0.04843196952957603
sensor_comm,9102,OOS,left,L2,2,0.0,0.32822274665659484,0.27395275737084535
sensor_comm,9102,OOS,left,L3,3,0.5,0.06136813874739793,0.007098149461648447
sensor_comm,9102,OOS,left,L3,3,0.0,0.0800368610580778,0.02576687177232831
sensor_comm,9102,OOS,left,L4,4,0.5,0.09399978673569775,0.03972979744994827
sensor_comm,9102,OOS,left,L4,4,0.0,0.22864065619935975,0.17437066691361025
sensor_comm,9102,OOS,right,intact,0,1.0,0.035257984428362914,0.0
sensor_comm,9102,OOS,right,L1,1,0.5,0.0639870377093509,0.02872905328098798
sensor_comm,9102,OOS,right,L1,1,0.0,0.2824594688345483,0.2472014844061854
sensor_comm,9102,OOS,right,L2,2,0.5,0.029629040668482157,-0.005628943759880756
sensor_comm,9102,OOS,right,L2,2,0.0,0.15324393074542114,0.11798594631705822
sensor_comm,9102,OOS,right,L3,3,0.5,0.041920319747808465,0.006662335319445552
sensor_comm,9102,OOS,right,L3,3,0.0,0.054912304666303036,0.019654320237940122
sensor_comm,9102,OOS,right,L4,4,0.5,0.027348846157875802,-0.007909138270487111
sensor_comm,9102,OOS,right,L4,4,0.0,0.038749998705295274,0.0034920142769323606
sensor_comm,9103,ID,straight,intact,0,1.0,0.002993616886711505,0.0
sensor_comm,9103,ID,straight,L1,1,0.5,0.0035744341674215693,0.0005808172807100641
sensor_comm,9103,ID,straight,L1,1,0.0,0.0067251247887368465,0.0037315079020253414
sensor_comm,9103,ID,straight,L2,2,0.5,0.011205641454168455,0.00821202456745695
sensor_comm,9103,ID,straight,L2,2,0.0,0.06464940038149064,0.06165578349477913
sensor_comm,9103,ID,straight,L3,3,0.5,0.028533241282159193,0.02553962439544769
sensor_comm,9103,ID,straight,L3,3,0.0,0.22895142088510473,0.22595780399839321
sensor_comm,9103,ID,straight,L4,4,0.5,0.02005349751784779,0.017059880631136285
sensor_comm,9103,ID,straight,L4,4,0.0,0.0781235191011042,0.0751299022143927
sensor_comm,9103,ID,left,intact,0,1.0,0.020093201930020656,0.0
sensor_comm,9103,ID,left,L1,1,0.5,0.02177275844335081,0.0016795565133301549
sensor_comm,9103,ID,left,L1,1,0.0,0.026165339875659915,0.00607213794563926
sensor_comm,9103,ID,left,L2,2,0.5,0.027703397418314103,0.0076101954882934475
sensor_comm,9103,ID,left,L2,2,0.0,0.06159727314931096,0.041504071219290305
sensor_comm,9103,ID,left,L3,3,0.5,0.043447900761304364,0.02335469883128371
sensor_comm,9103,ID,left,L3,3,0.0,0.2285483951006556,0.20845519317063496
sensor_comm,9103,ID,left,L4,4,0.5,0.04599454077913907,0.025901338849118417
sensor_comm,9103,ID,left,L4,4,0.0,0.11721323206415465,0.097120030134134
sensor_comm,9103,ID,right,intact,0,1.0,0.015685986201127183,0.0
sensor_comm,9103,ID,right,L1,1,0.5,0.014495885395442824,-0.001190100805684359
sensor_comm,9103,ID,right,L1,1,0.0,0.016118846595394924,0.00043286039426774017
sensor_comm,9103,ID,right,L2,2,0.5,0.02574513963935983,0.010059153438232646
sensor_comm,9103,ID,right,L2,2,0.0,0.12740370976778162,0.11171772356665444
sensor_comm,9103,ID,right,L3,3,0.5,0.042871069220675066,0.027185083019547883
sensor_comm,9103,ID,right,L3,3,0.0,0.26061787375130663,0.24493188755017944
sensor_comm,9103,ID,right,L4,4,0.5,0.02311316276642018,0.007427176565292997
sensor_comm,9103,ID,right,L4,4,0.0,0.06709594335853131,0.051409957157404124
sensor_comm,9103,OOS,s_lr,intact,0,1.0,0.022700455730231488,0.0
sensor_comm,9103,OOS,s_lr,L1,1,0.5,0.023036468571956948,0.0003360128417254603
sensor_comm,9103,OOS,s_lr,L1,1,0.0,0.026885387203840067,0.004184931473608579
sensor_comm,9103,OOS,s_lr,L2,2,0.5,0.033698396191615854,0.010997940461384366
sensor_comm,9103,OOS,s_lr,L2,2,0.0,0.10049861261153326,0.07779815688130176
sensor_comm,9103,OOS,s_lr,L3,3,0.5,0.0446213409267278,0.021920885196496313
sensor_comm,9103,OOS,s_lr,L3,3,0.0,0.25269440061644627,0.22999394488621477
sensor_comm,9103,OOS,s_lr,L4,4,0.5,0.03892937191271576,0.016228916182484274
sensor_comm,9103,OOS,s_lr,L4,4,0.0,0.09490138265133631,0.07220092692110483
sensor_comm,9103,OOS,s_rl,intact,0,1.0,0.020064210470302317,0.0
sensor_comm,9103,OOS,s_rl,L1,1,0.5,0.02108195682196179,0.0010177463516594723
sensor_comm,9103,OOS,s_rl,L1,1,0.0,0.024865488569730004,0.004801278099427687
sensor_comm,9103,OOS,s_rl,L2,2,0.5,0.029860906113740197,0.00979669564343788
sensor_comm,9103,OOS,s_rl,L2,2,0.0,0.10141581945941286,0.08135160898911054
sensor_comm,9103,OOS,s_rl,L3,3,0.5,0.04870853561457389,0.028644325144271572
sensor_comm,9103,OOS,s_rl,L3,3,0.0,0.24498819996711566,0.22492398949681333
sensor_comm,9103,OOS,s_rl,L4,4,0.5,0.037583081397591936,0.01751887092728962
sensor_comm,9103,OOS,s_rl,L4,4,0.0,0.09767482317917037,0.07761061270886804
sensor_comm,9103,OOS,sine,intact,0,1.0,0.017485791112727318,0.0
sensor_comm,9103,OOS,sine,L1,1,0.5,0.017530150476761597,4.4359364034279175e-05
sensor_comm,9103,OOS,sine,L1,1,0.0,0.02060433010449835,0.003118538991771034
sensor_comm,9103,OOS,sine,L2,2,0.5,0.030403789882842727,0.012917998770115409
sensor_comm,9103,OOS,sine,L2,2,0.0,0.10419387594352439,0.08670808483079707
sensor_comm,9103,OOS,sine,L3,3,0.5,0.03651515740338617,0.019029366290658854
sensor_comm,9103,OOS,sine,L3,3,0.0,0.23232440104411778,0.21483860993139045
sensor_comm,9103,OOS,sine,L4,4,0.5,0.034521815389775945,0.017036024277048627
sensor_comm,9103,OOS,sine,L4,4,0.0,0.09269662305002092,0.07521083193729361
sensor_comm,9103,OOS,chirp,intact,0,1.0,0.0256343155112928,0.0
sensor_comm,9103,OOS,chirp,L1,1,0.5,0.028001523806210085,0.002367208294917284
sensor_comm,9103,OOS,chirp,L1,1,0.0,0.0353998863145209,0.0097655708032281
sensor_comm,9103,OOS,chirp,L2,2,0.5,0.03904605456478571,0.013411739053492907
sensor_comm,9103,OOS,chirp,L2,2,0.0,0.10422755898552637,0.07859324347423356
sensor_comm,9103,OOS,chirp,L3,3,0.5,0.04486124070988226,0.01922692519858946
sensor_comm,9103,OOS,chirp,L3,3,0.0,0.24201231202131873,0.21637799651002593
sensor_comm,9103,OOS,chirp,L4,4,0.5,0.04523369888954204,0.01959938337824924
sensor_comm,9103,OOS,chirp,L4,4,0.0,0.10648195782714065,0.08084764231584785
sensor_comm,9103,OOS,left,intact,0,1.0,0.05435484081080571,0.0
sensor_comm,9103,OOS,left,L1,1,0.5,0.0594953928813205,0.005140552070514788
sensor_comm,9103,OOS,left,L1,1,0.0,0.06997582321893761,0.015620982408131902
sensor_comm,9103,OOS,left,L2,2,0.5,0.0703285408399997,0.015973700029193995
sensor_comm,9103,OOS,left,L2,2,0.0,0.14578977314449487,0.09143493233368916
sensor_comm,9103,OOS,left,L3,3,0.5,0.09015082832615151,0.0357959875153458
sensor_comm,9103,OOS,left,L3,3,0.0,0.31910736052548466,0.26475251971467895
sensor_comm,9103,OOS,left,L4,4,0.5,0.09599649217094959,0.04164165136014388
sensor_comm,9103,OOS,left,L4,4,0.0,0.1916305471055644,0.1372757062947587
sensor_comm,9103,OOS,right,intact,0,1.0,0.03691738326378943,0.0
sensor_comm,9103,OOS,right,L1,1,0.5,0.03202755074267791,-0.004889832521111526
sensor_comm,9103,OOS,right,L1,1,0.0,0.027796495029059325,-0.009120888234730107
sensor_comm,9103,OOS,right,L2,2,0.5,0.04135211099592778,0.004434727732138349
sensor_comm,9103,OOS,right,L2,2,0.0,0.09695374191589662,0.060036358652107186
sensor_comm,9103,OOS,right,L3,3,0.5,0.05201483332954269,0.015097450065753255
sensor_comm,9103,OOS,right,L3,3,0.0,0.23416382297102728,0.19724643970723785
sensor_comm,9103,OOS,right,L4,4,0.5,0.030842626364515513,-0.00607475689927392
sensor_comm,9103,OOS,right,L4,4,0.0,0.05441313235429089,0.01749574909050146
sensor_comm,9104,ID,straight,intact,0,1.0,0.004066062340116609,0.0
sensor_comm,9104,ID,straight,L1,1,0.5,0.004166769503091164,0.00010070716297455509
sensor_comm,9104,ID,straight,L1,1,0.0,0.004411358779693726,0.00034529643957711704
sensor_comm,9104,ID,straight,L2,2,0.5,0.006381625178641223,0.0023155628385246136
sensor_comm,9104,ID,straight,L2,2,0.0,0.031123434294905834,0.027057371954789224
sensor_comm,9104,ID,straight,L3,3,0.5,0.016187448458252335,0.012121386118135727
sensor_comm,9104,ID,straight,L3,3,0.0,0.06979991958518444,0.06573385724506783
sensor_comm,9104,ID,straight,L4,4,0.5,0.017709679497412548,0.013643617157295939
sensor_comm,9104,ID,straight,L4,4,0.0,0.08665157949190863,0.08258551715179202
sensor_comm,9104,ID,left,intact,0,1.0,0.04205321499066659,0.0
sensor_comm,9104,ID,left,L1,1,0.5,0.03835071404794906,-0.0037025009427175265
sensor_comm,9104,ID,left,L1,1,0.0,0.06547711805259293,0.023423903061926342
sensor_comm,9104,ID,left,L2,2,0.5,0.047909239845768066,0.005856024855101477
sensor_comm,9104,ID,left,L2,2,0.0,0.07330065915472236,0.031247444164055775
sensor_comm,9104,ID,left,L3,3,0.5,0.07517137572020995,0.03311816072954336
sensor_comm,9104,ID,left,L3,3,0.0,0.15977986265616909,0.1177266476655025
sensor_comm,9104,ID,left,L4,4,0.5,0.05932044441398765,0.01726722942332106
sensor_comm,9104,ID,left,L4,4,0.0,0.14262204835110992,0.10056883336044334
sensor_comm,9104,ID,right,intact,0,1.0,0.04843653334013199,0.0
sensor_comm,9104,ID,right,L1,1,0.5,0.042409884791210516,-0.006026648548921473
sensor_comm,9104,ID,right,L1,1,0.0,0.07632631966250189,0.0278897863223699
sensor_comm,9104,ID,right,L2,2,0.5,0.04059147493215685,-0.007845058407975142
sensor_comm,9104,ID,right,L2,2,0.0,0.06664169246440768,0.018205159124275692
sensor_comm,9104,ID,right,L3,3,0.5,0.036928932739539906,-0.011507600600592083
sensor_comm,9104,ID,right,L3,3,0.0,0.061136947009350635,0.012700413669218646
sensor_comm,9104,ID,right,L4,4,0.5,0.05765424300883989,0.009217709668707899
sensor_comm,9104,ID,right,L4,4,0.0,0.10886501403705398,0.06042848069692199
sensor_comm,9104,OOS,s_lr,intact,0,1.0,0.05865953900899614,0.0
sensor_comm,9104,OOS,s_lr,L1,1,0.5,0.04534907913662283,-0.01331045987237331
sensor_comm,9104,OOS,s_lr,L1,1,0.0,0.049550624080584034,-0.009108914928412107
sensor_comm,9104,OOS,s_lr,L2,2,0.5,0.057537478732584656,-0.001122060276411485
sensor_comm,9104,OOS,s_lr,L2,2,0.0,0.08083397390910492,0.02217443490010878
sensor_comm,9104,OOS,s_lr,L3,3,0.5,0.06923640631841678,0.010576867309420639
sensor_comm,9104,OOS,s_lr,L3,3,0.0,0.12814229278966796,0.06948275378067181
sensor_comm,9104,OOS,s_lr,L4,4,0.5,0.07433980519543863,0.01568026618644249
sensor_comm,9104,OOS,s_lr,L4,4,0.0,0.15007373731648896,0.09141419830749281
sensor_comm,9104,OOS,s_rl,intact,0,1.0,0.0579649797517535,0.0
sensor_comm,9104,OOS,s_rl,L1,1,0.5,0.0458839834209801,-0.012080996330773398
sensor_comm,9104,OOS,s_rl,L1,1,0.0,0.047829945358383676,-0.010135034393369824
sensor_comm,9104,OOS,s_rl,L2,2,0.5,0.05884508027294043,0.0008801005211869287
sensor_comm,9104,OOS,s_rl,L2,2,0.0,0.09609731505577823,0.03813233530402473
sensor_comm,9104,OOS,s_rl,L3,3,0.5,0.07348469285295674,0.015519713101203238
sensor_comm,9104,OOS,s_rl,L3,3,0.0,0.13285948597998645,0.07489450622823296
sensor_comm,9104,OOS,s_rl,L4,4,0.5,0.06592578407306923,0.007960804321315733
sensor_comm,9104,OOS,s_rl,L4,4,0.0,0.1184909788033342,0.0605259990515807
sensor_comm,9104,OOS,sine,intact,0,1.0,0.049228532215558264,0.0
sensor_comm,9104,OOS,sine,L1,1,0.5,0.040049184488958674,-0.00917934772659959
sensor_comm,9104,OOS,sine,L1,1,0.0,0.04594413236460173,-0.0032843998509565347
sensor_comm,9104,OOS,sine,L2,2,0.5,0.049093170166810716,-0.00013536204874754765
sensor_comm,9104,OOS,sine,L2,2,0.0,0.07519390834604421,0.025965376130485947
sensor_comm,9104,OOS,sine,L3,3,0.5,0.05446320984840188,0.005234677632843618
sensor_comm,9104,OOS,sine,L3,3,0.0,0.1005936142229015,0.05136508200734324
sensor_comm,9104,OOS,sine,L4,4,0.5,0.062349394247234534,0.01312086203167627
sensor_comm,9104,OOS,sine,L4,4,0.0,0.13388059859028184,0.08465206637472358
sensor_comm,9104,OOS,chirp,intact,0,1.0,0.05611877312071172,0.0
sensor_comm,9104,OOS,chirp,L1,1,0.5,0.0513831924657216,-0.004735580654990121
sensor_comm,9104,OOS,chirp,L1,1,0.0,0.05751252435322683,0.00139375123251511
sensor_comm,9104,OOS,chirp,L2,2,0.5,0.056493430685945346,0.00037465756523362426
sensor_comm,9104,OOS,chirp,L2,2,0.0,0.0797253485432341,0.023606575422522376
sensor_comm,9104,OOS,chirp,L3,3,0.5,0.0693987783817179,0.01328000526100618
sensor_comm,9104,OOS,chirp,L3,3,0.0,0.12949071145678603,0.0733719383360743
sensor_comm,9104,OOS,chirp,L4,4,0.5,0.07051725744522976,0.014398484324518034
sensor_comm,9104,OOS,chirp,L4,4,0.0,0.1489575365834515,0.09283876346273978
sensor_comm,9104,OOS,left,intact,0,1.0,0.10072421640609573,0.0
sensor_comm,9104,OOS,left,L1,1,0.5,0.08569305590547485,-0.01503116050062088
sensor_comm,9104,OOS,left,L1,1,0.0,0.12529310566129248,0.02456888925519675
sensor_comm,9104,OOS,left,L2,2,0.5,0.10911708261887264,0.008392866212776906
sensor_comm,9104,OOS,left,L2,2,0.0,0.14613760387007518,0.04541338746397945
sensor_comm,9104,OOS,left,L3,3,0.5,0.15887511232343685,0.058150895917341114
sensor_comm,9104,OOS,left,L3,3,0.0,0.28832784755631885,0.1876036311502231
sensor_comm,9104,OOS,left,L4,4,0.5,0.11575444281847627,0.01503022641238054
sensor_comm,9104,OOS,left,L4,4,0.0,0.20791023321764984,0.10718601681155411
sensor_comm,9104,OOS,right,intact,0,1.0,0.10941338143238136,0.0
sensor_comm,9104,OOS,right,L1,1,0.5,0.08716044658766572,-0.022252934844715633
sensor_comm,9104,OOS,right,L1,1,0.0,0.1332716263289393,0.02385824489655794
sensor_comm,9104,OOS,right,L2,2,0.5,0.09338452393700804,-0.01602885749537332
sensor_comm,9104,OOS,right,L2,2,0.0,0.10174768190271921,-0.0076656995296621455
sensor_comm,9104,OOS,right,L3,3,0.5,0.08033403201125942,-0.029079349421121933
sensor_comm,9104,OOS,right,L3,3,0.0,0.07414222851094626,-0.035271152921435095
sensor_comm,9104,OOS,right,L4,4,0.5,0.11809951488047159,0.00868613344809023
sensor_comm,9104,OOS,right,L4,4,0.0,0.1609148892214319,0.05150150778905055
sensor_comm,9105,ID,straight,intact,0,1.0,0.007704050287951545,0.0
sensor_comm,9105,ID,straight,L1,1,0.5,0.015609300995704702,0.007905250707753157
sensor_comm,9105,ID,straight,L1,1,0.0,0.07573987606086631,0.06803582577291477
sensor_comm,9105,ID,straight,L2,2,0.5,0.03500720272878741,0.02730315244083586
sensor_comm,9105,ID,straight,L2,2,0.0,0.11528910785758119,0.10758505756962965
sensor_comm,9105,ID,straight,L3,3,0.5,0.008459785775189159,0.0007557354872376135
sensor_comm,9105,ID,straight,L3,3,0.0,0.011587457660170988,0.003883407372219443
sensor_comm,9105,ID,straight,L4,4,0.5,0.030235099731737873,0.022531049443786328
sensor_comm,9105,ID,straight,L4,4,0.0,0.19889391910252452,0.19118986881457298
sensor_comm,9105,ID,left,intact,0,1.0,0.03931269485157206,0.0
sensor_comm,9105,ID,left,L1,1,0.5,0.02179519321060758,-0.017517501640964477
sensor_comm,9105,ID,left,L1,1,0.0,0.038049938184634896,-0.001262756666937162
sensor_comm,9105,ID,left,L2,2,0.5,0.047230771229952145,0.007918076378380087
sensor_comm,9105,ID,left,L2,2,0.0,0.10799599555085057,0.06868330069927851
sensor_comm,9105,ID,left,L3,3,0.5,0.03061003655039058,-0.008702658301181478
sensor_comm,9105,ID,left,L3,3,0.0,0.024764062707437008,-0.01454863214413505
sensor_comm,9105,ID,left,L4,4,0.5,0.035056973759869596,-0.004255721091702462
sensor_comm,9105,ID,left,L4,4,0.0,0.09914334500442332,0.05983065015285126
sensor_comm,9105,ID,right,intact,0,1.0,0.02496462510789676,0.0
sensor_comm,9105,ID,right,L1,1,0.5,0.07284958750641006,0.047884962398513295
sensor_comm,9105,ID,right,L1,1,0.0,0.19192698498000355,0.16696235987210678
sensor_comm,9105,ID,right,L2,2,0.5,0.06668583359740343,0.04172120848950667
sensor_comm,9105,ID,right,L2,2,0.0,0.16907158999704047,0.1441069648891437
sensor_comm,9105,ID,right,L3,3,0.5,0.02252349607838079,-0.002441129029515973
sensor_comm,9105,ID,right,L3,3,0.0,0.04710123568635429,0.02213661057845753
sensor_comm,9105,ID,right,L4,4,0.5,0.10419972734274718,0.07923510223485042
sensor_comm,9105,ID,right,L4,4,0.0,0.43266147163126534,0.4076968465233686
sensor_comm,9105,OOS,s_lr,intact,0,1.0,0.030916617768778715,0.0
sensor_comm,9105,OOS,s_lr,L1,1,0.5,0.0439496145068475,0.013032996738068785
sensor_comm,9105,OOS,s_lr,L1,1,0.0,0.10966396938154581,0.0787473516127671
sensor_comm,9105,OOS,s_lr,L2,2,0.5,0.06833732715469452,0.03742070938591581
sensor_comm,9105,OOS,s_lr,L2,2,0.0,0.15825458195844766,0.12733796418966895
sensor_comm,9105,OOS,s_lr,L3,3,0.5,0.028151405675234324,-0.0027652120935443905
sensor_comm,9105,OOS,s_lr,L3,3,0.0,0.042238431116261126,0.011321813347482411
sensor_comm,9105,OOS,s_lr,L4,4,0.5,0.06288734129647021,0.031970723527691494
sensor_comm,9105,OOS,s_lr,L4,4,0.0,0.26536458652307565,0.23444796875429694
sensor_comm,9105,OOS,s_rl,intact,0,1.0,0.030022315010971072,0.0
sensor_comm,9105,OOS,s_rl,L1,1,0.5,0.04252062177272887,0.012498306761757796
sensor_comm,9105,OOS,s_rl,L1,1,0.0,0.10458586587835886,0.07456355086738778
sensor_comm,9105,OOS,s_rl,L2,2,0.5,0.04964080819418815,0.01961849318321708
sensor_comm,9105,OOS,s_rl,L2,2,0.0,0.12496457762898695,0.09494226261801589
sensor_comm,9105,OOS,s_rl,L3,3,0.5,0.026200105748449373,-0.003822209262521699
sensor_comm,9105,OOS,s_rl,L3,3,0.0,0.035957185332974755,0.0059348703220036825
sensor_comm,9105,OOS,s_rl,L4,4,0.5,0.056032281152478006,0.026009966141506934
sensor_comm,9105,OOS,s_rl,L4,4,0.0,0.20598939360097374,0.17596707859000266
sensor_comm,9105,OOS,sine,intact,0,1.0,0.022712996909020233,0.0
sensor_comm,9105,OOS,sine,L1,1,0.5,0.0347963153273332,0.012083318418312963
sensor_comm,9105,OOS,sine,L1,1,0.0,0.10208641197129421,0.07937341506227398
sensor_comm,9105,OOS,sine,L2,2,0.5,0.057953779152043826,0.03524078224302359
sensor_comm,9105,OOS,sine,L2,2,0.0,0.1483116146803775,0.12559861777135728
sensor_comm,9105,OOS,sine,L3,3,0.5,0.02142053886298195,-0.001292458046038284
sensor_comm,9105,OOS,sine,L3,3,0.0,0.03195733247658807,0.00924433556756784
sensor_comm,9105,OOS,sine,L4,4,0.5,0.048732230797881325,0.02601923388886109
sensor_comm,9105,OOS,sine,L4,4,0.0,0.23192853846562814,0.2092155415566079
sensor_comm,9105,OOS,chirp,intact,0,1.0,0.03611122803579841,0.0
sensor_comm,9105,OOS,chirp,L1,1,0.5,0.043256431449917636,0.007145203414119228
sensor_comm,9105,OOS,chirp,L1,1,0.0,0.10268687849120266,0.06657565045540426
sensor_comm,9105,OOS,chirp,L2,2,0.5,0.07226058245452069,0.03614935441872228
sensor_comm,9105,OOS,chirp,L2,2,0.0,0.1623074372308986,0.1261962091951002
sensor_comm,9105,OOS,chirp,L3,3,0.5,0.035489646353216504,-0.0006215816825819037
sensor_comm,9105,OOS,chirp,L3,3,0.0,0.0413176913840729,0.005206463348274494
sensor_comm,9105,OOS,chirp,L4,4,0.5,0.061527755643691076,0.025416527607892668
sensor_comm,9105,OOS,chirp,L4,4,0.0,0.24047154460080267,0.20436031656500425
sensor_comm,9105,OOS,left,intact,0,1.0,0.0678258201265467,0.0
sensor_comm,9105,OOS,left,L1,1,0.5,0.0501463328292203,-0.0176794872973264
sensor_comm,9105,OOS,left,L1,1,0.0,0.05679427527987342,-0.011031544846673277
sensor_comm,9105,OOS,left,L2,2,0.5,0.08542881077422254,0.017602990647675842
sensor_comm,9105,OOS,left,L2,2,0.0,0.15169775442439806,0.08387193429785136
sensor_comm,9105,OOS,left,L3,3,0.5,0.05096966426400962,-0.01685615586253708
sensor_comm,9105,OOS,left,L3,3,0.0,0.105771153038508,0.037945332911961296
sensor_comm,9105,OOS,left,L4,4,0.5,0.05888687199137735,-0.00893894813516935
sensor_comm,9105,OOS,left,L4,4,0.0,0.08260423416532833,0.014778414038781634
sensor_comm,9105,OOS,right,intact,0,1.0,0.056059102018906126,0.0
sensor_comm,9105,OOS,right,L1,1,0.5,0.1277116314899847,0.07165252947107859
sensor_comm,9105,OOS,right,L1,1,0.0,0.282381853104823,0.22632275108591687
sensor_comm,9105,OOS,right,L2,2,0.5,0.07954949905604894,0.023490397037142813
sensor_comm,9105,OOS,right,L2,2,0.0,0.18003596693606974,0.12397686491716362
sensor_comm,9105,OOS,right,L3,3,0.5,0.050395792601996885,-0.0056633094169092416
sensor_comm,9105,OOS,right,L3,3,0.0,0.14217448271059915,0.08611538069169303
sensor_comm,9105,OOS,right,L4,4,0.5,0.22055710005446336,0.16449799803555723
sensor_comm,9105,OOS,right,L4,4,0.0,0.7020844676533186,0.6460253656344124
sensor_comm,9106,ID,straight,intact,0,1.0,0.0031259482035384165,0.0
sensor_comm,9106,ID,straight,L1,1,0.5,0.0027177776138069963,-0.0004081705897314202
sensor_comm,9106,ID,straight,L1,1,0.0,0.017993855370641368,0.014867907167102951
sensor_comm,9106,ID,straight,L2,2,0.5,0.018712093712639762,0.015586145509101345
sensor_comm,9106,ID,straight,L2,2,0.0,0.10388982195698238,0.10076387375344396
sensor_comm,9106,ID,straight,L3,3,0.5,0.021644927332466726,0.01851897912892831
sensor_comm,9106,ID,straight,L3,3,0.0,0.34250994976382165,0.33938400156028325
sensor_comm,9106,ID,straight,L4,4,0.5,0.003496638042884187,0.0003706898393457704
sensor_comm,9106,ID,straight,L4,4,0.0,0.01577229805034134,0.012646349846802922
sensor_comm,9106,ID,left,intact,0,1.0,0.03045620979556405,0.0
sensor_comm,9106,ID,left,L1,1,0.5,0.024748838759136943,-0.005707371036427107
sensor_comm,9106,ID,left,L1,1,0.0,0.029656482090537124,-0.0007997277050269258
sensor_comm,9106,ID,left,L2,2,0.5,0.056194089012525726,0.025737879216961676
sensor_comm,9106,ID,left,L2,2,0.0,0.1657357937037952,0.13527958390823117
sensor_comm,9106,ID,left,L3,3,0.5,0.023325435001198942,-0.007130774794365108
sensor_comm,9106,ID,left,L3,3,0.0,0.3041925289943262,0.2737363191987621
sensor_comm,9106,ID,left,L4,4,0.5,0.02345528519805339,-0.007000924597510661
sensor_comm,9106,ID,left,L4,4,0.0,0.03498132636532117,0.004525116569757119
sensor_comm,9106,ID,right,intact,0,1.0,0.020504913323508664,0.0
sensor_comm,9106,ID,right,L1,1,0.5,0.02497072883726235,0.004465815513753687
sensor_comm,9106,ID,right,L1,1,0.0,0.05062144458588216,0.030116531262373493
sensor_comm,9106,ID,right,L2,2,0.5,0.024939428246556542,0.004434514923047878
sensor_comm,9106,ID,right,L2,2,0.0,0.08472840968174114,0.06422349635823248
sensor_comm,9106,ID,right,L3,3,0.5,0.06094910081577498,0.04044418749226632
sensor_comm,9106,ID,right,L3,3,0.0,0.4195283674427347,0.399023454119226
sensor_comm,9106,ID,right,L4,4,0.5,0.021962643004495165,0.0014577296809865012
sensor_comm,9106,ID,right,L4,4,0.0,0.02796133497614011,0.007456421652631447
sensor_comm,9106,OOS,s_lr,intact,0,1.0,0.022052311251698507,0.0
sensor_comm,9106,OOS,s_lr,L1,1,0.5,0.020811465722455947,-0.0012408455292425603
sensor_comm,9106,OOS,s_lr,L1,1,0.0,0.03639091382566171,0.014338602573963202
sensor_comm,9106,OOS,s_lr,L2,2,0.5,0.03987250253093502,0.017820191279236515
sensor_comm,9106,OOS,s_lr,L2,2,0.0,0.12634832005932325,0.10429600880762474
sensor_comm,9106,OOS,s_lr,L3,3,0.5,0.035418342047916225,0.013366030796217718
sensor_comm,9106,OOS,s_lr,L3,3,0.0,0.3661715916064824,0.3441192803547839
sensor_comm,9106,OOS,s_lr,L4,4,0.5,0.020254820134090464,-0.0017974911176080431
sensor_comm,9106,OOS,s_lr,L4,4,0.0,0.035625445459298924,0.013573134207600417
sensor_comm,9106,OOS,s_rl,intact,0,1.0,0.019172573750254232,0.0
sensor_comm,9106,OOS,s_rl,L1,1,0.5,0.019586949049343817,0.0004143752990895845
sensor_comm,9106,OOS,s_rl,L1,1,0.0,0.03508725247543239,0.015914678725178155
sensor_comm,9106,OOS,s_rl,L2,2,0.5,0.032747840226264965,0.013575266476010733
sensor_comm,9106,OOS,s_rl,L2,2,0.0,0.11749532795243506,0.09832275420218083
sensor_comm,9106,OOS,s_rl,L3,3,0.5,0.04150083843106106,0.022328264680806828
sensor_comm,9106,OOS,s_rl,L3,3,0.0,0.3589138474155657,0.3397412736653115
sensor_comm,9106,OOS,s_rl,L4,4,0.5,0.019784977637726076,0.0006124038874718435
sensor_comm,9106,OOS,s_rl,L4,4,0.0,0.03514696832357637,0.015974394573322136
sensor_comm,9106,OOS,sine,intact,0,1.0,0.014988380353264587,0.0
sensor_comm,9106,OOS,sine,L1,1,0.5,0.013945701269348788,-0.0010426790839157991
sensor_comm,9106,OOS,sine,L1,1,0.0,0.029086357588120795,0.014097977234856209
sensor_comm,9106,OOS,sine,L2,2,0.5,0.031898763530555097,0.01691038317729051
sensor_comm,9106,OOS,sine,L2,2,0.0,0.11664743524913188,0.1016590548958673
sensor_comm,9106,OOS,sine,L3,3,0.5,0.028047281437421176,0.01305890108415659
sensor_comm,9106,OOS,sine,L3,3,0.0,0.3336416714410707,0.3186532910878061
sensor_comm,9106,OOS,sine,L4,4,0.5,0.014369401893809437,-0.0006189784594551502
sensor_comm,9106,OOS,sine,L4,4,0.0,0.02550294079308466,0.010514560439820072
sensor_comm,9106,OOS,chirp,intact,0,1.0,0.021936835975133902,0.0
sensor_comm,9106,OOS,chirp,L1,1,0.5,0.02065750918423439,-0.0012793267908995133
sensor_comm,9106,OOS,chirp,L1,1,0.0,0.03522572218619699,0.013288886211063087
sensor_comm,9106,OOS,chirp,L2,2,0.5,0.04293371699520572,0.020996881020071818
sensor_comm,9106,OOS,chirp,L2,2,0.0,0.1353602272311396,0.1134233912560057
sensor_comm,9106,OOS,chirp,L3,3,0.5,0.03592912429874066,0.013992288323606755
sensor_comm,9106,OOS,chirp,L3,3,0.0,0.33692279817630655,0.31498596220117264
sensor_comm,9106,OOS,chirp,L4,4,0.5,0.025360739746831694,0.0034239037716977914
sensor_comm,9106,OOS,chirp,L4,4,0.0,0.036856499920051876,0.014919663944917973
sensor_comm,9106,OOS,left,intact,0,1.0,0.06674039606969966,0.0
sensor_comm,9106,OOS,left,L1,1,0.5,0.06476904615663932,-0.001971349913060333
sensor_comm,9106,OOS,left,L1,1,0.0,0.0796198110307208,0.012879414961021143
sensor_comm,9106,OOS,left,L2,2,0.5,0.11908344174563158,0.052343045675931926
sensor_comm,9106,OOS,left,L2,2,0.0,0.27448751587236564,0.20774711980266597
sensor_comm,9106,OOS,left,L3,3,0.5,0.060292216544049405,-0.006448179525650251
sensor_comm,9106,OOS,left,L3,3,0.0,0.3923907652833978,0.3256503692136981
sensor_comm,9106,OOS,left,L4,4,0.5,0.05352794935509509,-0.013212446714604566
sensor_comm,9106,OOS,left,L4,4,0.0,0.047885939682976365,-0.01885445638672329
sensor_comm,9106,OOS,right,intact,0,1.0,0.05044702039687393,0.0
sensor_comm,9106,OOS,right,L1,1,0.5,0.048869869169126064,-0.001577151227747868
sensor_comm,9106,OOS,right,L1,1,0.0,0.061291627423181935,0.010844607026308004
sensor_comm,9106,OOS,right,L2,2,0.5,0.034934821730687654,-0.015512198666186278
sensor_comm,9106,OOS,right,L2,2,0.0,0.05928499806063191,0.008837977663757976
sensor_comm,9106,OOS,right,L3,3,0.5,0.08537841344151587,0.034931393044641934
sensor_comm,9106,OOS,right,L3,3,0.0,0.39744427430702506,0.3469972539101511
sensor_comm,9106,OOS,right,L4,4,0.5,0.05317931032872843,0.002732289931854495
sensor_comm,9106,OOS,right,L4,4,0.0,0.06333115392419844,0.01288413352732451
